Price,Close,Dividends,High,Low,Open,Stock Splits,Volume
Ticker,CL=F,CL=F,CL=F,CL=F,CL=F,CL=F,CL=F
Date,,,,,,,
2015-11-18,40.75,0.0,41.54999923706055,39.90999984741211,41.11000061035156,0.0,251518
2015-11-19,40.540000915527344,0.0,41.04999923706055,39.88999938964844,40.720001220703125,0.0,131356
2015-11-20,40.38999938964844,0.0,40.9900016784668,38.9900016784668,40.540000915527344,0.0,432642
2015-11-23,41.75,0.0,42.75,40.40999984741211,41.4900016784668,0.0,516190
2015-11-24,42.869998931884766,0.0,43.459999084472656,41.86000061035156,42.040000915527344,0.0,430304
2015-11-25,43.040000915527344,0.0,43.25,41.720001220703125,42.689998626708984,0.0,383158
2015-11-27,41.709999084472656,0.0,43.29999923706055,41.66999816894531,43.25,0.0,316475
2015-11-30,41.650001525878906,0.0,42.61000061035156,41.5,41.77000045776367,0.0,369509
2015-12-01,41.849998474121094,0.0,42.22999954223633,41.16999816894531,41.72999954223633,0.0,415537
2015-12-02,39.939998626708984,0.0,41.970001220703125,39.84000015258789,41.689998626708984,0.0,545289
2015-12-03,41.08000183105469,0.0,41.779998779296875,40.06999969482422,40.150001525878906,0.0,496884
2015-12-04,39.970001220703125,0.0,42.0,39.599998474121094,41.310001373291016,0.0,510758
2015-12-07,37.650001525878906,0.0,40.150001525878906,37.5,40.099998474121094,0.0,635413
2015-12-08,37.5099983215332,0.0,38.58000183105469,36.63999938964844,37.68000030517578,0.0,767184
2015-12-09,37.15999984741211,0.0,38.9900016784668,36.869998931884766,37.86000061035156,0.0,646166
2015-12-10,36.7599983215332,0.0,37.540000915527344,36.380001068115234,37.27000045776367,0.0,513940
2015-12-11,35.619998931884766,0.0,36.84000015258789,35.15999984741211,36.630001068115234,0.0,505406
2015-12-14,36.310001373291016,0.0,36.70000076293945,34.529998779296875,35.400001525878906,0.0,550476
2015-12-15,37.349998474121094,0.0,37.880001068115234,36.029998779296875,36.31999969482422,0.0,474159
2015-12-16,35.52000045776367,0.0,37.349998474121094,35.290000915527344,36.790000915527344,0.0,402967
2015-12-17,34.95000076293945,0.0,35.84000015258789,34.630001068115234,35.79999923706055,0.0,196227
2015-12-18,34.72999954223633,0.0,35.56999969482422,34.290000915527344,34.869998931884766,0.0,116038
2015-12-21,34.7400016784668,0.0,34.86000061035156,33.97999954223633,34.58000183105469,0.0,298080
2015-12-22,36.13999938964844,0.0,36.540000915527344,35.65999984741211,35.79999923706055,0.0,302263
2015-12-23,37.5,0.0,37.95000076293945,36.279998779296875,36.470001220703125,0.0,374658
2015-12-24,38.099998474121094,0.0,38.279998779296875,37.380001068115234,37.86000061035156,0.0,205873
2015-12-28,36.810001373291016,0.0,38.09000015258789,36.599998474121094,38.0,0.0,220644
2015-12-29,37.869998931884766,0.0,37.939998626708984,36.65999984741211,36.70000076293945,0.0,241945
2015-12-30,36.599998474121094,0.0,37.400001525878906,36.400001525878906,37.36000061035156,0.0,267912
2015-12-31,37.040000915527344,0.0,37.790000915527344,36.220001220703125,36.810001373291016,0.0,283623
2016-01-04,36.7599983215332,0.0,38.38999938964844,36.33000183105469,37.599998474121094,0.0,431985
2016-01-05,35.970001220703125,0.0,37.099998474121094,35.7400016784668,36.900001525878906,0.0,410131
2016-01-06,33.970001220703125,0.0,36.38999938964844,33.77000045776367,36.18000030517578,0.0,563811
2016-01-07,33.27000045776367,0.0,34.2599983215332,32.099998474121094,34.09000015258789,0.0,617409
2016-01-08,33.15999984741211,0.0,34.34000015258789,32.63999938964844,33.29999923706055,0.0,596496
2016-01-11,31.40999984741211,0.0,33.20000076293945,30.8799991607666,32.939998626708984,0.0,648640
2016-01-12,30.440000534057617,0.0,32.209999084472656,29.93000030517578,31.110000610351562,0.0,627218
2016-01-13,30.479999542236328,0.0,31.709999084472656,30.100000381469727,30.540000915527344,0.0,637903
2016-01-14,31.200000762939453,0.0,31.770000457763672,30.280000686645508,30.600000381469727,0.0,537906
2016-01-15,29.420000076293945,0.0,31.18000030517578,29.1299991607666,31.18000030517578,0.0,329094
2016-01-19,28.459999084472656,0.0,30.209999084472656,28.209999084472656,29.200000762939453,0.0,188026
2016-01-20,26.549999237060547,0.0,28.579999923706055,26.190000534057617,28.329999923706055,0.0,690039
2016-01-21,29.530000686645508,0.0,30.25,27.8700008392334,28.350000381469727,0.0,694040
2016-01-22,32.189998626708984,0.0,32.349998474121094,29.530000686645508,29.84000015258789,0.0,636573
2016-01-25,30.34000015258789,0.0,32.7400016784668,29.68000030517578,32.04999923706055,0.0,606892
2016-01-26,31.450000762939453,0.0,32.40999984741211,29.25,29.809999465942383,0.0,642432
2016-01-27,32.29999923706055,0.0,32.84000015258789,30.139999389648438,30.549999237060547,0.0,738551
2016-01-28,33.220001220703125,0.0,34.81999969482422,31.739999771118164,32.189998626708984,0.0,833378
2016-01-29,33.619998931884766,0.0,34.400001525878906,32.650001525878906,33.70000076293945,0.0,618110
2016-02-01,31.6200008392334,0.0,34.18000030517578,31.290000915527344,33.83000183105469,0.0,595612
2016-02-02,29.8799991607666,0.0,31.530000686645508,29.56999969482422,31.3700008392334,0.0,602564
2016-02-03,32.279998779296875,0.0,32.75,29.399999618530273,29.75,0.0,811699
2016-02-04,31.719999313354492,0.0,33.599998474121094,31.530000686645508,32.709999084472656,0.0,696721
2016-02-05,30.889999389648438,0.0,32.45000076293945,30.6299991607666,31.639999389648438,0.0,616531
2016-02-08,29.690000534057617,0.0,31.3799991607666,29.56999969482422,30.969999313354492,0.0,603646
2016-02-09,27.940000534057617,0.0,30.610000610351562,27.739999771118164,30.170000076293945,0.0,738219
2016-02-10,27.450000762939453,0.0,29.219999313354492,27.239999771118164,28.360000610351562,0.0,781280
2016-02-11,26.209999084472656,0.0,27.479999542236328,26.049999237060547,27.34000015258789,0.0,795965
2016-02-12,29.440000534057617,0.0,29.65999984741211,26.950000762939453,27.299999237060547,0.0,675157
2016-02-16,29.040000915527344,0.0,31.530000686645508,28.700000762939453,29.079999923706055,0.0,651956
2016-02-17,30.65999984741211,0.0,31.489999771118164,28.729999542236328,29.139999389648438,0.0,578639
2016-02-18,30.770000457763672,0.0,31.979999542236328,30.270000457763672,31.350000381469727,0.0,225497
2016-02-19,29.639999389648438,0.0,30.729999542236328,29.049999237060547,30.600000381469727,0.0,103202
2016-02-22,31.479999542236328,0.0,32.04999923706055,29.479999542236328,29.719999313354492,0.0,521016
2016-02-23,31.8700008392334,0.0,33.529998779296875,31.219999313354492,33.34000015258789,0.0,539379
2016-02-24,32.150001525878906,0.0,32.400001525878906,30.559999465942383,31.280000686645508,0.0,652245
2016-02-25,33.06999969482422,0.0,33.4900016784668,31.06999969482422,32.189998626708984,0.0,611874
2016-02-26,32.779998779296875,0.0,34.689998626708984,32.63999938964844,33.040000915527344,0.0,646294
2016-02-29,33.75,0.0,33.97999954223633,32.31999969482422,32.720001220703125,0.0,512468
2016-03-01,34.400001525878906,0.0,34.7599983215332,33.369998931884766,33.900001525878906,0.0,566226
2016-03-02,34.65999984741211,0.0,35.16999816894531,33.54999923706055,33.88999938964844,0.0,597834
2016-03-03,34.56999969482422,0.0,35.31999969482422,34.189998626708984,34.72999954223633,0.0,512962
2016-03-04,35.91999816894531,0.0,36.34000015258789,34.400001525878906,34.65999984741211,0.0,578290
2016-03-07,37.900001525878906,0.0,38.11000061035156,36.09000015258789,36.20000076293945,0.0,709870
2016-03-08,36.5,0.0,38.38999938964844,36.119998931884766,37.939998626708984,0.0,706933
2016-03-09,38.290000915527344,0.0,38.5099983215332,36.2400016784668,36.36000061035156,0.0,740632
2016-03-10,37.84000015258789,0.0,38.47999954223633,37.209999084472656,38.16999816894531,0.0,701435
2016-03-11,38.5,0.0,39.02000045776367,37.91999816894531,37.9900016784668,0.0,564791
2016-03-14,37.18000030517578,0.0,38.77000045776367,36.68000030517578,38.16999816894531,0.0,489938
2016-03-15,36.34000015258789,0.0,37.400001525878906,35.959999084472656,37.369998931884766,0.0,446100
2016-03-16,38.459999084472656,0.0,38.630001068115234,36.61000061035156,36.7400016784668,0.0,494174
2016-03-17,40.20000076293945,0.0,40.36000061035156,38.470001220703125,38.59000015258789,0.0,298013
2016-03-18,39.439998626708984,0.0,41.20000076293945,39.150001525878906,40.25,0.0,130151
2016-03-21,39.90999984741211,0.0,40.29999923706055,38.61000061035156,39.060001373291016,0.0,479337
2016-03-22,41.45000076293945,0.0,41.900001525878906,40.77000045776367,41.59000015258789,0.0,463693
2016-03-23,39.790000915527344,0.0,41.34000015258789,39.66999816894531,41.189998626708984,0.0,492003
2016-03-24,39.459999084472656,0.0,39.77000045776367,38.33000183105469,39.72999954223633,0.0,495168
2016-03-28,39.38999938964844,0.0,40.13999938964844,38.86000061035156,39.54999923706055,0.0,299775
2016-03-29,38.279998779296875,0.0,39.47999954223633,37.90999984741211,39.31999969482422,0.0,488032
2016-03-30,38.31999969482422,0.0,39.849998474121094,38.13999938964844,38.52000045776367,0.0,542469
2016-03-31,38.34000015258789,0.0,39.040000915527344,37.56999969482422,38.29999923706055,0.0,532152
2016-04-01,36.790000915527344,0.0,38.560001373291016,36.630001068115234,38.13999938964844,0.0,547190
2016-04-04,35.70000076293945,0.0,37.209999084472656,35.459999084472656,36.61000061035156,0.0,549477
2016-04-05,35.88999938964844,0.0,36.58000183105469,35.2400016784668,35.5,0.0,485543
2016-04-06,37.75,0.0,37.900001525878906,36.43000030517578,36.52000045776367,0.0,751048
2016-04-07,37.2599983215332,0.0,38.29999923706055,36.689998626708984,37.7599983215332,0.0,626749
2016-04-08,39.720001220703125,0.0,39.84000015258789,37.45000076293945,37.52000045776367,0.0,817230
2016-04-11,40.36000061035156,0.0,40.75,39.25,39.720001220703125,0.0,679351
2016-04-12,42.16999816894531,0.0,42.25,40.09000015258789,40.349998474121094,0.0,796837
2016-04-13,41.7599983215332,0.0,42.41999816894531,41.2400016784668,41.630001068115234,0.0,730437
2016-04-14,41.5,0.0,42.15999984741211,40.84000015258789,41.540000915527344,0.0,488614
2016-04-15,40.36000061035156,0.0,41.72999954223633,39.97999954223633,41.43000030517578,0.0,520146
2016-04-18,39.779998779296875,0.0,40.2400016784668,37.61000061035156,38.75,0.0,342463
2016-04-19,41.08000183105469,0.0,41.529998779296875,39.58000183105469,40.040000915527344,0.0,101734
2016-04-20,42.630001068115234,0.0,42.90999984741211,39.849998474121094,40.79999923706055,0.0,796240
2016-04-21,43.18000030517578,0.0,44.4900016784668,43.04999923706055,43.970001220703125,0.0,671103
2016-04-22,43.72999954223633,0.0,44.45000076293945,43.11000061035156,43.41999816894531,0.0,575107
2016-04-25,42.63999938964844,0.0,44.040000915527344,42.58000183105469,43.75,0.0,606383
2016-04-26,44.040000915527344,0.0,44.83000183105469,42.5,42.959999084472656,0.0,564392
2016-04-27,45.33000183105469,0.0,45.619998931884766,43.77000045776367,44.63999938964844,0.0,648028
2016-04-28,46.029998779296875,0.0,46.13999938964844,44.939998626708984,45.29999923706055,0.0,487412
2016-04-29,45.91999816894531,0.0,46.779998779296875,45.2400016784668,45.900001525878906,0.0,598439
2016-05-02,44.779998779296875,0.0,46.150001525878906,44.540000915527344,45.900001525878906,0.0,464027
2016-05-03,43.650001525878906,0.0,45.349998474121094,43.31999969482422,44.91999816894531,0.0,625551
2016-05-04,43.779998779296875,0.0,44.880001068115234,43.220001220703125,43.849998474121094,0.0,711125
2016-05-05,44.31999969482422,0.0,46.06999969482422,43.959999084472656,44.040000915527344,0.0,746159
2016-05-06,44.65999984741211,0.0,45.34000015258789,43.540000915527344,44.52000045776367,0.0,695306
2016-05-09,43.439998626708984,0.0,45.939998626708984,43.2400016784668,45.0,0.0,767568
2016-05-10,44.65999984741211,0.0,44.790000915527344,43.029998779296875,43.25,0.0,709415
2016-05-11,46.22999954223633,0.0,46.36000061035156,43.959999084472656,44.599998474121094,0.0,869957
2016-05-12,46.70000076293945,0.0,47.02000045776367,45.61000061035156,46.0,0.0,715102
2016-05-13,46.209999084472656,0.0,46.4900016784668,45.75,46.40999984741211,0.0,519363
2016-05-16,47.720001220703125,0.0,47.97999954223633,46.150001525878906,46.279998779296875,0.0,550863
2016-05-17,48.310001373291016,0.0,48.7599983215332,47.529998779296875,47.900001525878906,0.0,470440
2016-05-18,48.189998626708984,0.0,48.95000076293945,47.75,48.529998779296875,0.0,343184
2016-05-19,48.15999984741211,0.0,48.279998779296875,46.72999954223633,47.869998931884766,0.0,108816
2016-05-20,47.75,0.0,48.790000915527344,47.439998626708984,48.20000076293945,0.0,538047
2016-05-23,48.08000183105469,0.0,48.5,47.400001525878906,48.459999084472656,0.0,475453
2016-05-24,48.619998931884766,0.0,49.27000045776367,47.63999938964844,48.08000183105469,0.0,475965
2016-05-25,49.560001373291016,0.0,49.75,48.650001525878906,49.09000015258789,0.0,550501
2016-05-26,49.47999954223633,0.0,50.209999084472656,49.220001220703125,49.70000076293945,0.0,488465
2016-05-27,49.33000183105469,0.0,49.599998474121094,48.689998626708984,49.310001373291016,0.0,406386
2016-05-31,49.099998474121094,0.0,50.099998474121094,48.810001373291016,49.540000915527344,0.0,476988
2016-06-01,49.0099983215332,0.0,49.25,47.75,48.81999969482422,0.0,568839
2016-06-02,49.16999816894531,0.0,49.470001220703125,47.970001220703125,48.900001525878906,0.0,564846
2016-06-03,48.619998931884766,0.0,49.40999984741211,48.33000183105469,49.040000915527344,0.0,481034
2016-06-06,49.689998626708984,0.0,49.900001525878906,48.709999084472656,48.880001068115234,0.0,450472
2016-06-07,50.36000061035156,0.0,50.529998779296875,49.439998626708984,49.709999084472656,0.0,542254
2016-06-08,51.22999954223633,0.0,51.619998931884766,50.31999969482422,50.40999984741211,0.0,656416
2016-06-09,50.560001373291016,0.0,51.66999816894531,50.22999954223633,51.45000076293945,0.0,560723
2016-06-10,49.06999969482422,0.0,50.72999954223633,48.79999923706055,50.470001220703125,0.0,596119
2016-06-13,48.880001068115234,0.0,49.279998779296875,48.15999984741211,48.849998474121094,0.0,506036
2016-06-14,48.4900016784668,0.0,48.689998626708984,47.84000015258789,48.52000045776367,0.0,456144
2016-06-15,48.0099983215332,0.0,48.720001220703125,47.279998779296875,47.900001525878906,0.0,527870
2016-06-16,46.209999084472656,0.0,47.75,45.90999984741211,47.45000076293945,0.0,507910
2016-06-17,47.97999954223633,0.0,48.290000915527344,45.83000183105469,45.9900016784668,0.0,226653
2016-06-20,49.369998931884766,0.0,49.41999816894531,48.13999938964844,48.290000915527344,0.0,98293
2016-06-21,48.849998474121094,0.0,49.31999969482422,48.15999984741211,49.13999938964844,0.0,475407
2016-06-22,49.130001068115234,0.0,50.540000915527344,48.400001525878906,50.220001220703125,0.0,569939
2016-06-23,50.11000061035156,0.0,50.22999954223633,49.08000183105469,49.08000183105469,0.0,401885
2016-06-24,47.63999938964844,0.0,50.45000076293945,46.70000076293945,50.29999923706055,0.0,649446
2016-06-27,46.33000183105469,0.0,47.959999084472656,45.83000183105469,47.810001373291016,0.0,504613
2016-06-28,47.849998474121094,0.0,48.18000030517578,46.540000915527344,46.59000015258789,0.0,498851
2016-06-29,49.880001068115234,0.0,50.0,47.97999954223633,48.060001373291016,0.0,511476
2016-06-30,48.33000183105469,0.0,49.619998931884766,48.16999816894531,49.54999923706055,0.0,508736
2016-07-01,48.9900016784668,0.0,49.29999923706055,47.900001525878906,48.380001068115234,0.0,405187
2016-07-05,46.599998474121094,0.0,49.349998474121094,46.33000183105469,49.11000061035156,0.0,609194
2016-07-06,47.43000030517578,0.0,47.95000076293945,45.91999816894531,46.83000183105469,0.0,607663
2016-07-07,45.13999938964844,0.0,48.25,44.869998931884766,47.880001068115234,0.0,710893
2016-07-08,45.40999984741211,0.0,45.970001220703125,44.77000045776367,45.189998626708984,0.0,583078
2016-07-11,44.7599983215332,0.0,45.77000045776367,44.41999816894531,45.06999969482422,0.0,533657
2016-07-12,46.79999923706055,0.0,46.93000030517578,44.5099983215332,44.58000183105469,0.0,658257
2016-07-13,44.75,0.0,46.709999084472656,44.560001373291016,46.58000183105469,0.0,686245
2016-07-14,45.68000030517578,0.0,45.79999923706055,44.95000076293945,45.13999938964844,0.0,573761
2016-07-15,45.95000076293945,0.0,46.33000183105469,45.04999923706055,45.52000045776367,0.0,430256
2016-07-18,45.2400016784668,0.0,46.13999938964844,44.86000061035156,46.119998931884766,0.0,211393
2016-07-19,44.650001525878906,0.0,45.66999816894531,44.529998779296875,45.22999954223633,0.0,128127
2016-07-20,44.939998626708984,0.0,45.25,43.689998626708984,44.59000015258789,0.0,541014
2016-07-21,44.75,0.0,46.09000015258789,44.52000045776367,45.650001525878906,0.0,432972
2016-07-22,44.189998626708984,0.0,44.970001220703125,43.7400016784668,44.599998474121094,0.0,428407
2016-07-25,43.130001068115234,0.0,44.369998931884766,42.970001220703125,44.20000076293945,0.0,389837
2016-07-26,42.91999816894531,0.0,43.38999938964844,42.36000061035156,43.06999969482422,0.0,461324
2016-07-27,41.91999816894531,0.0,43.20000076293945,41.68000030517578,42.65999984741211,0.0,537390
2016-07-28,41.13999938964844,0.0,42.220001220703125,41.040000915527344,41.93000030517578,0.0,447913
2016-07-29,41.599998474121094,0.0,41.66999816894531,40.56999969482422,41.119998931884766,0.0,478763
2016-08-01,40.060001373291016,0.0,41.880001068115234,39.81999969482422,41.349998474121094,0.0,533020
2016-08-02,39.5099983215332,0.0,40.90999984741211,39.2599983215332,40.08000183105469,0.0,534512
2016-08-03,40.83000183105469,0.0,41.20000076293945,39.189998626708984,39.70000076293945,0.0,655186
2016-08-04,41.93000030517578,0.0,42.08000183105469,40.43000030517578,41.15999984741211,0.0,598836
2016-08-05,41.79999923706055,0.0,42.099998474121094,41.060001373291016,41.84000015258789,0.0,550189
2016-08-08,43.02000045776367,0.0,43.38999938964844,41.810001373291016,41.9900016784668,0.0,562530
2016-08-09,42.77000045776367,0.0,43.52000045776367,42.470001220703125,42.83000183105469,0.0,624703
2016-08-10,41.709999084472656,0.0,43.38999938964844,41.41999816894531,42.7400016784668,0.0,676148
2016-08-11,43.4900016784668,0.0,43.86000061035156,41.099998474121094,41.47999954223633,0.0,682235
2016-08-12,44.4900016784668,0.0,44.779998779296875,43.310001373291016,43.459999084472656,0.0,536081
2016-08-15,45.7400016784668,0.0,45.93000030517578,44.380001068115234,44.7400016784668,0.0,522526
2016-08-16,46.58000183105469,0.0,46.72999954223633,45.34000015258789,45.59000015258789,0.0,550440
2016-08-17,46.790000915527344,0.0,46.95000076293945,45.84000015258789,46.369998931884766,0.0,563354
2016-08-18,48.220001220703125,0.0,48.380001068115234,46.630001068115234,46.900001525878906,0.0,229277
2016-08-19,48.52000045776367,0.0,48.75,47.93000030517578,48.33000183105469,0.0,162438
2016-08-22,47.04999923706055,0.0,48.400001525878906,46.75,48.400001525878906,0.0,515256
2016-08-23,48.099998474121094,0.0,48.31999969482422,46.59000015258789,47.38999938964844,0.0,623904
2016-08-24,46.77000045776367,0.0,47.7400016784668,46.45000076293945,47.59000015258789,0.0,603495
2016-08-25,47.33000183105469,0.0,47.459999084472656,46.41999816894531,46.79999923706055,0.0,458816
2016-08-26,47.63999938964844,0.0,48.459999084472656,46.939998626708984,47.369998931884766,0.0,558344
2016-08-29,46.97999954223633,0.0,47.279998779296875,46.619998931884766,47.220001220703125,0.0,309254
2016-08-30,46.349998474121094,0.0,47.4900016784668,46.209999084472656,46.97999954223633,0.0,464449
2016-08-31,44.70000076293945,0.0,46.40999984741211,44.5099983215332,46.2400016784668,0.0,549007
2016-09-01,43.15999984741211,0.0,45.08000183105469,43.0,44.849998474121094,0.0,605003
2016-09-02,44.439998626708984,0.0,44.66999816894531,43.15999984741211,43.54999923706055,0.0,576915
2016-09-06,44.83000183105469,0.0,46.529998779296875,43.84000015258789,44.150001525878906,0.0,932145
2016-09-07,45.5,0.0,46.16999816894531,44.54999923706055,44.849998474121094,0.0,572884
2016-09-08,47.619998931884766,0.0,47.75,45.77000045776367,46.119998931884766,0.0,761943
2016-09-09,45.880001068115234,0.0,47.36000061035156,45.560001373291016,47.36000061035156,0.0,688191
2016-09-12,46.290000915527344,0.0,46.5099983215332,44.720001220703125,45.56999969482422,0.0,745016
2016-09-13,44.900001525878906,0.0,46.130001068115234,44.77000045776367,46.060001373291016,0.0,657775
2016-09-14,43.58000183105469,0.0,45.33000183105469,43.41999816894531,45.0,0.0,705861
2016-09-15,43.90999984741211,0.0,44.34000015258789,43.2599983215332,43.70000076293945,0.0,537185
2016-09-16,43.029998779296875,0.0,43.75,42.7400016784668,43.709999084472656,0.0,231191
2016-09-19,43.29999923706055,0.0,44.150001525878906,43.119998931884766,43.18000030517578,0.0,129857
2016-09-20,43.439998626708984,0.0,44.04999923706055,42.54999923706055,43.130001068115234,0.0,694130
2016-09-21,45.34000015258789,0.0,45.650001525878906,44.5,44.5,0.0,585987
2016-09-22,46.31999969482422,0.0,46.52000045776367,45.52000045776367,45.619998931884766,0.0,521680
2016-09-23,44.47999954223633,0.0,46.54999923706055,44.220001220703125,46.06999969482422,0.0,718395
2016-09-26,45.93000030517578,0.0,46.20000076293945,44.43000030517578,44.619998931884766,0.0,527119
2016-09-27,44.66999816894531,0.0,45.959999084472656,44.189998626708984,45.619998931884766,0.0,630757
2016-09-28,47.04999923706055,0.0,47.45000076293945,44.349998474121094,44.959999084472656,0.0,1008434
2016-09-29,47.83000183105469,0.0,48.31999969482422,46.599998474121094,47.20000076293945,0.0,702649
2016-09-30,48.2400016784668,0.0,48.29999923706055,47.040000915527344,47.7599983215332,0.0,496515
2016-10-03,48.810001373291016,0.0,49.02000045776367,47.779998779296875,48.040000915527344,0.0,458021
2016-10-04,48.689998626708984,0.0,49.2599983215332,48.2599983215332,48.650001525878906,0.0,513710
2016-10-05,49.83000183105469,0.0,49.970001220703125,49.099998474121094,49.2599983215332,0.0,520070
2016-10-06,50.439998626708984,0.0,50.630001068115234,49.33000183105469,49.650001525878906,0.0,547915
2016-10-07,49.810001373291016,0.0,50.7400016784668,49.400001525878906,50.59000015258789,0.0,618809
2016-10-11,50.790000915527344,0.0,51.540000915527344,50.38999938964844,51.099998474121094,0.0,765608
2016-10-12,50.18000030517578,0.0,51.16999816894531,49.88999938964844,50.84000015258789,0.0,533884
2016-10-13,50.439998626708984,0.0,50.59000015258789,49.36000061035156,50.0,0.0,740676
2016-10-14,50.349998474121094,0.0,51.13999938964844,49.900001525878906,50.58000183105469,0.0,519431
2016-10-17,49.939998626708984,0.0,50.58000183105469,49.470001220703125,50.22999954223633,0.0,418723
2016-10-18,50.290000915527344,0.0,50.779998779296875,49.7599983215332,50.040000915527344,0.0,192803
2016-10-19,51.599998474121094,0.0,51.93000030517578,50.689998626708984,50.77000045776367,0.0,132427
2016-10-20,50.43000030517578,0.0,51.58000183105469,50.25,51.400001525878906,0.0,548947
2016-10-21,50.849998474121094,0.0,51.02000045776367,50.209999084472656,50.65999984741211,0.0,551300
2016-10-24,50.52000045776367,0.0,50.97999954223633,49.619998931884766,50.849998474121094,0.0,623398
2016-10-25,49.959999084472656,0.0,50.93000030517578,49.27000045776367,50.4900016784668,0.0,553778
2016-10-26,49.18000030517578,0.0,50.099998474121094,48.869998931884766,49.310001373291016,0.0,679320
2016-10-27,49.720001220703125,0.0,50.060001373291016,49.0,49.220001220703125,0.0,543173
2016-10-28,48.70000076293945,0.0,49.810001373291016,48.41999816894531,49.61000061035156,0.0,550081
2016-10-31,46.86000061035156,0.0,48.7400016784668,46.630001068115234,48.25,0.0,649237
2016-11-01,46.66999816894531,0.0,47.349998474121094,46.20000076293945,46.77000045776367,0.0,834989
2016-11-02,45.34000015258789,0.0,46.470001220703125,44.959999084472656,46.31999969482422,0.0,674322
2016-11-03,44.65999984741211,0.0,45.900001525878906,44.369998931884766,45.47999954223633,0.0,540439
2016-11-04,44.06999969482422,0.0,44.869998931884766,43.56999969482422,44.630001068115234,0.0,736685
2016-11-07,44.88999938964844,0.0,45.0099983215332,44.11000061035156,44.45000076293945,0.0,605733
2016-11-08,44.97999954223633,0.0,45.38999938964844,44.40999984741211,44.970001220703125,0.0,669639
2016-11-09,45.27000045776367,0.0,45.95000076293945,43.06999969482422,44.81999969482422,0.0,946512
2016-11-10,44.65999984741211,0.0,45.63999938964844,44.25,45.310001373291016,0.0,686338
2016-11-14,43.31999969482422,0.0,43.810001373291016,42.20000076293945,43.20000076293945,0.0,704766
2016-11-15,45.810001373291016,0.0,46.09000015258789,43.54999923706055,43.7599983215332,0.0,706177
2016-11-16,45.56999969482422,0.0,46.40999984741211,45.029998779296875,45.77000045776367,0.0,658169
2016-11-17,45.41999816894531,0.0,46.58000183105469,44.880001068115234,45.369998931884766,0.0,284874
2016-11-18,45.689998626708984,0.0,45.77000045776367,44.54999923706055,44.93000030517578,0.0,155651
2016-11-21,47.4900016784668,0.0,47.79999923706055,45.77000045776367,45.83000183105469,0.0,665326
2016-11-22,48.029998779296875,0.0,49.20000076293945,47.16999816894531,48.369998931884766,0.0,826208
2016-11-23,47.959999084472656,0.0,48.43000030517578,47.400001525878906,47.939998626708984,0.0,556861
2016-11-25,46.060001373291016,0.0,48.2599983215332,45.880001068115234,47.970001220703125,0.0,465977
2016-11-28,47.08000183105469,0.0,47.650001525878906,45.13999938964844,45.43000030517578,0.0,734381
2016-11-29,45.22999954223633,0.0,46.97999954223633,44.81999969482422,46.880001068115234,0.0,732818
2016-11-30,49.439998626708984,0.0,49.900001525878906,45.220001220703125,45.2400016784668,0.0,1311000
2016-12-01,51.060001373291016,0.0,51.79999923706055,48.97999954223633,49.06999969482422,0.0,974805
2016-12-02,51.68000030517578,0.0,51.72999954223633,50.18000030517578,51.0099983215332,0.0,667099
2016-12-05,51.790000915527344,0.0,52.41999816894531,50.93000030517578,51.459999084472656,0.0,600782
2016-12-06,50.93000030517578,0.0,51.599998474121094,50.279998779296875,50.970001220703125,0.0,642746
2016-12-07,49.77000045776367,0.0,51.20000076293945,49.720001220703125,50.93000030517578,0.0,816879
2016-12-08,50.84000015258789,0.0,50.97999954223633,49.61000061035156,49.880001068115234,0.0,780062
2016-12-09,51.5,0.0,51.65999984741211,50.86000061035156,50.91999816894531,0.0,652040
2016-12-12,52.83000183105469,0.0,54.5099983215332,52.18000030517578,52.58000183105469,0.0,847025
2016-12-13,52.97999954223633,0.0,53.40999984741211,52.349998474121094,52.5099983215332,0.0,638396
2016-12-14,51.040000915527344,0.0,52.779998779296875,50.66999816894531,52.45000076293945,0.0,677957
2016-12-15,50.900001525878906,0.0,51.47999954223633,49.95000076293945,50.790000915527344,0.0,551759
2016-12-16,51.900001525878906,0.0,52.08000183105469,50.5,51.099998474121094,0.0,252567
2016-12-19,52.119998931884766,0.0,52.52000045776367,51.5099983215332,52.150001525878906,0.0,129990
2016-12-20,52.22999954223633,0.0,52.70000076293945,51.849998474121094,52.11000061035156,0.0,416592
2016-12-21,52.4900016784668,0.0,53.790000915527344,52.31999969482422,53.560001373291016,0.0,471993
2016-12-22,52.95000076293945,0.0,53.189998626708984,52.08000183105469,52.52000045776367,0.0,393487
2016-12-23,53.02000045776367,0.0,53.279998779296875,52.2599983215332,52.68000030517578,0.0,285166
2016-12-27,53.900001525878906,0.0,54.099998474121094,53.029998779296875,53.290000915527344,0.0,277306
2016-12-28,54.060001373291016,0.0,54.369998931884766,53.560001373291016,53.93000030517578,0.0,322535
2016-12-29,53.77000045776367,0.0,54.209999084472656,53.459999084472656,53.65999984741211,0.0,360194
2016-12-30,53.720001220703125,0.0,54.09000015258789,53.40999984741211,53.869998931884766,0.0,271094
2017-01-03,52.33000183105469,0.0,55.2400016784668,52.11000061035156,54.20000076293945,0.0,727793
2017-01-04,53.2599983215332,0.0,53.43000030517578,52.150001525878906,52.4900016784668,0.0,512641
2017-01-05,53.7599983215332,0.0,54.119998931884766,52.790000915527344,53.38999938964844,0.0,517362
2017-01-06,53.9900016784668,0.0,54.31999969482422,53.31999969482422,53.72999954223633,0.0,528333
2017-01-09,51.959999084472656,0.0,53.83000183105469,51.7599983215332,53.75,0.0,564893
2017-01-10,50.81999969482422,0.0,52.369998931884766,50.709999084472656,51.83000183105469,0.0,632573
2017-01-11,52.25,0.0,52.779998779296875,50.75,50.810001373291016,0.0,815846
2017-01-12,53.0099983215332,0.0,53.5,52.119998931884766,52.369998931884766,0.0,660703
2017-01-13,52.369998931884766,0.0,53.16999816894531,52.27000045776367,53.04999923706055,0.0,477986
2017-01-17,52.47999954223633,0.0,53.52000045776367,52.119998931884766,52.54999923706055,0.0,606023
2017-01-18,51.08000183105469,0.0,52.790000915527344,50.90999984741211,52.52000045776367,0.0,236238
2017-01-19,51.369998931884766,0.0,51.869998931884766,51.02000045776367,51.38999938964844,0.0,122593
2017-01-20,52.41999816894531,0.0,52.900001525878906,51.38999938964844,51.45000076293945,0.0,567231
2017-01-23,52.75,0.0,53.470001220703125,52.209999084472656,53.33000183105469,0.0,455333
2017-01-24,53.18000030517578,0.0,53.560001373291016,52.66999816894531,52.86000061035156,0.0,520285
2017-01-25,52.75,0.0,53.470001220703125,52.560001373291016,52.95000076293945,0.0,589709
2017-01-26,53.779998779296875,0.0,54.060001373291016,52.790000915527344,52.959999084472656,0.0,578065
2017-01-27,53.16999816894531,0.0,54.08000183105469,52.58000183105469,53.7400016784668,0.0,495556
2017-01-30,52.630001068115234,0.0,53.459999084472656,52.40999984741211,53.150001525878906,0.0,486309
2017-01-31,52.810001373291016,0.0,53.560001373291016,52.2400016784668,52.599998474121094,0.0,586676
2017-02-01,53.880001068115234,0.0,53.90999984741211,52.63999938964844,52.7599983215332,0.0,577243
2017-02-02,53.540000915527344,0.0,54.34000015258789,53.349998474121094,53.56999969482422,0.0,492553
2017-02-03,53.83000183105469,0.0,54.220001220703125,53.400001525878906,53.68000030517578,0.0,462616
2017-02-06,53.0099983215332,0.0,54.130001068115234,52.90999984741211,53.810001373291016,0.0,425085
2017-02-07,52.16999816894531,0.0,53.2400016784668,51.630001068115234,53.13999938964844,0.0,624057
2017-02-08,52.34000015258789,0.0,52.66999816894531,51.220001220703125,51.63999938964844,0.0,767379
2017-02-09,53.0,0.0,53.209999084472656,52.369998931884766,52.369998931884766,0.0,610196
2017-02-10,53.86000061035156,0.0,54.130001068115234,52.900001525878906,53.150001525878906,0.0,596449
2017-02-13,52.93000030517578,0.0,53.95000076293945,52.77000045776367,53.79999923706055,0.0,586034
2017-02-14,53.20000076293945,0.0,53.720001220703125,52.86000061035156,52.90999984741211,0.0,493022
2017-02-15,53.11000061035156,0.0,53.5099983215332,52.72999954223633,53.0,0.0,463638
2017-02-16,53.36000061035156,0.0,53.59000015258789,52.68000030517578,53.0099983215332,0.0,343363
2017-02-17,53.400001525878906,0.0,53.52000045776367,52.880001068115234,53.470001220703125,0.0,195352
2017-02-21,54.060001373291016,0.0,54.68000030517578,53.349998474121094,53.47999954223633,0.0,665310
2017-02-22,53.59000015258789,0.0,54.599998474121094,53.349998474121094,54.2599983215332,0.0,499480
2017-02-23,54.45000076293945,0.0,54.939998626708984,53.869998931884766,53.90999984741211,0.0,529880
2017-02-24,53.9900016784668,0.0,54.5099983215332,53.7599983215332,54.33000183105469,0.0,395258
2017-02-27,54.04999923706055,0.0,54.61000061035156,53.939998626708984,54.02000045776367,0.0,394380
2017-02-28,54.0099983215332,0.0,54.22999954223633,53.18000030517578,54.040000915527344,0.0,593909
2017-03-01,53.83000183105469,0.0,54.439998626708984,53.630001068115234,53.95000076293945,0.0,491289
2017-03-02,52.61000061035156,0.0,53.79999923706055,52.540000915527344,53.689998626708984,0.0,638390
2017-03-03,53.33000183105469,0.0,53.38999938964844,52.54999923706055,52.58000183105469,0.0,436360
2017-03-06,53.20000076293945,0.0,53.560001373291016,52.7599983215332,53.189998626708984,0.0,503692
2017-03-07,53.13999938964844,0.0,53.79999923706055,52.709999084472656,53.16999816894531,0.0,494677
2017-03-08,50.279998779296875,0.0,52.91999816894531,50.04999923706055,52.790000915527344,0.0,963392
2017-03-09,49.279998779296875,0.0,50.84000015258789,48.59000015258789,50.220001220703125,0.0,1073506
2017-03-10,48.4900016784668,0.0,50.11000061035156,48.310001373291016,49.61000061035156,0.0,796960
2017-03-13,48.400001525878906,0.0,48.68000030517578,47.900001525878906,48.45000076293945,0.0,601362
2017-03-14,47.720001220703125,0.0,48.790000915527344,47.09000015258789,48.45000076293945,0.0,857711
2017-03-15,48.86000061035156,0.0,49.040000915527344,48.15999984741211,48.7599983215332,0.0,655788
2017-03-16,48.75,0.0,49.619998931884766,48.45000076293945,49.0099983215332,0.0,516853
2017-03-17,48.779998779296875,0.0,49.20000076293945,48.599998474121094,48.790000915527344,0.0,172340
2017-03-20,48.220001220703125,0.0,48.7400016784668,47.84000015258789,48.70000076293945,0.0,142258
2017-03-21,47.34000015258789,0.0,48.72999954223633,47.22999954223633,47.93000030517578,0.0,628119
2017-03-22,48.040000915527344,0.0,48.31999969482422,47.0099983215332,48.15999984741211,0.0,680849
2017-03-23,47.70000076293945,0.0,48.47999954223633,47.58000183105469,48.150001525878906,0.0,499878
2017-03-24,47.970001220703125,0.0,48.20000076293945,47.540000915527344,47.66999816894531,0.0,421027
2017-03-27,47.72999954223633,0.0,48.279998779296875,47.08000183105469,48.119998931884766,0.0,466176
2017-03-28,48.369998931884766,0.0,48.7400016784668,47.79999923706055,47.88999938964844,0.0,502377
2017-03-29,49.5099983215332,0.0,49.630001068115234,48.380001068115234,48.470001220703125,0.0,548615
2017-03-30,50.349998474121094,0.0,50.470001220703125,49.27000045776367,49.599998474121094,0.0,580668
2017-03-31,50.599998474121094,0.0,50.849998474121094,49.900001525878906,50.31999969482422,0.0,527607
2017-04-03,50.2400016784668,0.0,50.83000183105469,50.119998931884766,50.689998626708984,0.0,440724
2017-04-04,51.029998779296875,0.0,51.29999923706055,49.880001068115234,50.2400016784668,0.0,532054
2017-04-05,51.150001525878906,0.0,51.880001068115234,50.7400016784668,51.18000030517578,0.0,651398
2017-04-06,51.70000076293945,0.0,51.81999969482422,50.77000045776367,50.79999923706055,0.0,473019
2017-04-07,52.2400016784668,0.0,52.939998626708984,51.4900016784668,51.70000076293945,0.0,796437
2017-04-10,53.08000183105469,0.0,53.18000030517578,52.290000915527344,52.310001373291016,0.0,565439
2017-04-11,53.400001525878906,0.0,53.45000076293945,52.70000076293945,53.130001068115234,0.0,598003
2017-04-12,53.11000061035156,0.0,53.7599983215332,52.709999084472656,53.400001525878906,0.0,629805
2017-04-13,53.18000030517578,0.0,53.38999938964844,52.81999969482422,52.849998474121094,0.0,480835
2017-04-17,52.650001525878906,0.0,53.209999084472656,52.54999923706055,52.970001220703125,0.0,326340
2017-04-18,52.40999984741211,0.0,52.849998474121094,52.099998474121094,52.75,0.0,202043
2017-04-19,50.439998626708984,0.0,52.650001525878906,50.09000015258789,52.36000061035156,0.0,133173
2017-04-20,50.27000045776367,0.0,50.970001220703125,50.18000030517578,50.630001068115234,0.0,606263
2017-04-21,49.619998931884766,0.0,50.93000030517578,49.20000076293945,50.709999084472656,0.0,687474
2017-04-24,49.22999954223633,0.0,50.220001220703125,49.029998779296875,49.68000030517578,0.0,517897
2017-04-25,49.560001373291016,0.0,49.83000183105469,48.869998931884766,49.220001220703125,0.0,587240
2017-04-26,49.619998931884766,0.0,50.20000076293945,48.939998626708984,49.36000061035156,0.0,655717
2017-04-27,48.970001220703125,0.0,49.43000030517578,48.20000076293945,49.220001220703125,0.0,771189
2017-04-28,49.33000183105469,0.0,49.7599983215332,48.79999923706055,49.27000045776367,0.0,633992
2017-05-01,48.84000015258789,0.0,49.31999969482422,48.59000015258789,49.16999816894531,0.0,364386
2017-05-02,47.65999984741211,0.0,49.279998779296875,47.349998474121094,48.779998779296875,0.0,702375
2017-05-03,47.81999969482422,0.0,48.22999954223633,47.29999923706055,48.119998931884766,0.0,691319
2017-05-04,45.52000045776367,0.0,47.75,45.290000915527344,47.599998474121094,0.0,943959
2017-05-05,46.220001220703125,0.0,46.68000030517578,43.7599983215332,45.5099983215332,0.0,1021610
2017-05-08,46.43000030517578,0.0,46.97999954223633,45.72999954223633,46.349998474121094,0.0,785055
2017-05-09,45.880001068115234,0.0,46.779998779296875,45.529998779296875,46.4900016784668,0.0,701944
2017-05-10,47.33000183105469,0.0,47.779998779296875,46.0099983215332,46.18000030517578,0.0,819796
2017-05-11,47.83000183105469,0.0,48.220001220703125,47.34000015258789,47.38999938964844,0.0,661783
2017-05-12,47.84000015258789,0.0,48.06999969482422,47.349998474121094,47.810001373291016,0.0,537490
2017-05-15,48.849998474121094,0.0,49.65999984741211,47.75,47.849998474121094,0.0,687153
2017-05-16,48.65999984741211,0.0,49.380001068115234,48.16999816894531,48.81999969482422,0.0,589212
2017-05-17,49.06999969482422,0.0,49.5,48.029998779296875,48.22999954223633,0.0,650107
2017-05-18,49.349998474121094,0.0,49.599998474121094,48.04999923706055,48.93000030517578,0.0,242754
2017-05-19,50.33000183105469,0.0,50.529998779296875,49.279998779296875,49.279998779296875,0.0,146452
2017-05-22,50.72999954223633,0.0,51.060001373291016,50.439998626708984,50.599998474121094,0.0,564310
2017-05-23,51.470001220703125,0.0,51.790000915527344,50.56999969482422,51.040000915527344,0.0,584139
2017-05-24,51.36000061035156,0.0,51.880001068115234,51.029998779296875,51.439998626708984,0.0,736341
2017-05-25,48.900001525878906,0.0,52.0,48.45000076293945,51.25,0.0,1147389
2017-05-26,49.79999923706055,0.0,49.939998626708984,48.18000030517578,48.75,0.0,763920
2017-05-30,49.65999984741211,0.0,50.279998779296875,49.029998779296875,49.93000030517578,0.0,663486
2017-05-31,48.31999969482422,0.0,49.709999084472656,47.72999954223633,49.650001525878906,0.0,779144
2017-06-01,48.36000061035156,0.0,49.16999816894531,47.900001525878906,48.630001068115234,0.0,774478
2017-06-02,47.65999984741211,0.0,48.189998626708984,46.7400016784668,48.040000915527344,0.0,802662
2017-06-05,47.400001525878906,0.0,48.41999816894531,46.86000061035156,47.709999084472656,0.0,710199
2017-06-06,48.189998626708984,0.0,48.400001525878906,46.939998626708984,47.400001525878906,0.0,825056
2017-06-07,45.720001220703125,0.0,48.22999954223633,45.650001525878906,47.97999954223633,0.0,1182327
2017-06-08,45.63999938964844,0.0,46.18000030517578,45.20000076293945,45.849998474121094,0.0,927695
2017-06-09,45.83000183105469,0.0,46.18000030517578,45.27000045776367,45.709999084472656,0.0,735933
2017-06-12,46.08000183105469,0.0,46.709999084472656,45.65999984741211,45.79999923706055,0.0,666765
2017-06-13,46.459999084472656,0.0,46.56999969482422,45.560001373291016,46.0099983215332,0.0,783320
2017-06-14,44.72999954223633,0.0,46.4900016784668,44.540000915527344,45.939998626708984,0.0,924408
2017-06-15,44.459999084472656,0.0,44.810001373291016,44.220001220703125,44.689998626708984,0.0,500938
2017-06-16,44.7400016784668,0.0,44.939998626708984,44.2400016784668,44.25,0.0,191824
2017-06-19,44.20000076293945,0.0,45.060001373291016,44.04999923706055,44.68000030517578,0.0,123943
2017-06-20,43.22999954223633,0.0,44.400001525878906,42.75,44.11000061035156,0.0,894104
2017-06-21,42.529998779296875,0.0,44.20000076293945,42.04999923706055,43.380001068115234,0.0,1071747
2017-06-22,42.7400016784668,0.0,43.31999969482422,42.2599983215332,42.54999923706055,0.0,668830
2017-06-23,43.0099983215332,0.0,43.20000076293945,42.529998779296875,42.79999923706055,0.0,690906
2017-06-26,43.380001068115234,0.0,43.650001525878906,42.630001068115234,43.15999984741211,0.0,661354
2017-06-27,44.2400016784668,0.0,44.439998626708984,43.31999969482422,43.4900016784668,0.0,759115
2017-06-28,44.7400016784668,0.0,44.900001525878906,43.66999816894531,43.70000076293945,0.0,753375
2017-06-29,44.93000030517578,0.0,45.45000076293945,44.650001525878906,44.88999938964844,0.0,768946
2017-06-30,46.040000915527344,0.0,46.349998474121094,44.880001068115234,44.88999938964844,0.0,677408
2017-07-03,47.06999969482422,0.0,47.099998474121094,45.91999816894531,46.279998779296875,0.0,517621
2017-07-05,45.130001068115234,0.0,47.31999969482422,44.5099983215332,47.040000915527344,0.0,1173581
2017-07-06,45.52000045776367,0.0,46.529998779296875,45.18000030517578,45.650001525878906,0.0,969676
2017-07-07,44.22999954223633,0.0,45.41999816894531,43.779998779296875,45.349998474121094,0.0,975914
2017-07-10,44.400001525878906,0.0,44.84000015258789,43.650001525878906,44.349998474121094,0.0,848570
2017-07-11,45.040000915527344,0.0,45.810001373291016,43.83000183105469,44.58000183105469,0.0,1010691
2017-07-12,45.4900016784668,0.0,46.47999954223633,45.11000061035156,45.7400016784668,0.0,963505
2017-07-13,46.08000183105469,0.0,46.279998779296875,44.9900016784668,45.439998626708984,0.0,748971
2017-07-14,46.540000915527344,0.0,46.7400016784668,45.79999923706055,46.08000183105469,0.0,742895
2017-07-17,46.02000045776367,0.0,46.880001068115234,45.88999938964844,46.68000030517578,0.0,560633
2017-07-18,46.400001525878906,0.0,46.91999816894531,45.810001373291016,45.9900016784668,0.0,208420
2017-07-19,47.119998931884766,0.0,47.2599983215332,46.13999938964844,46.25,0.0,140677
2017-07-20,46.790000915527344,0.0,47.54999923706055,46.65999984741211,47.09000015258789,0.0,720621
2017-07-21,45.77000045776367,0.0,47.209999084472656,45.540000915527344,46.90999984741211,0.0,769438
2017-07-24,46.34000015258789,0.0,46.529998779296875,45.400001525878906,45.619998931884766,0.0,707910
2017-07-25,47.88999938964844,0.0,48.65999984741211,46.380001068115234,46.459999084472656,0.0,885700
2017-07-26,48.75,0.0,48.869998931884766,47.86000061035156,48.5099983215332,0.0,887864
2017-07-27,49.040000915527344,0.0,49.2400016784668,48.25,48.70000076293945,0.0,880757
2017-07-28,49.709999084472656,0.0,49.810001373291016,48.86000061035156,49.16999816894531,0.0,771225
2017-07-31,50.16999816894531,0.0,50.40999984741211,49.18000030517578,49.849998474121094,0.0,781539
2017-08-01,49.15999984741211,0.0,50.43000030517578,48.369998931884766,50.209999084472656,0.0,1008583
2017-08-02,49.59000015258789,0.0,49.650001525878906,48.54999923706055,48.79999923706055,0.0,847722
2017-08-03,49.029998779296875,0.0,49.959999084472656,48.779998779296875,49.59000015258789,0.0,837763
2017-08-04,49.58000183105469,0.0,49.63999938964844,48.5,48.95000076293945,0.0,745664
2017-08-07,49.38999938964844,0.0,49.72999954223633,48.540000915527344,49.59000015258789,0.0,831374
2017-08-08,49.16999816894531,0.0,49.790000915527344,48.86000061035156,49.310001373291016,0.0,924240
2017-08-09,49.560001373291016,0.0,49.720001220703125,48.900001525878906,49.0,0.0,858250
2017-08-10,48.59000015258789,0.0,50.220001220703125,48.349998474121094,49.68000030517578,0.0,1135440
2017-08-11,48.81999969482422,0.0,48.97999954223633,47.97999954223633,48.52000045776367,0.0,804237
2017-08-14,47.59000015258789,0.0,49.15999984741211,47.43000030517578,48.790000915527344,0.0,763241
2017-08-15,47.54999923706055,0.0,47.900001525878906,47.02000045776367,47.4900016784668,0.0,770358
2017-08-16,46.779998779296875,0.0,47.9900016784668,46.66999816894531,47.720001220703125,0.0,815544
2017-08-17,47.09000015258789,0.0,47.189998626708984,46.459999084472656,46.79999923706055,0.0,608314
2017-08-18,48.5099983215332,0.0,48.7400016784668,46.779998779296875,46.93000030517578,0.0,253069
2017-08-21,47.369998931884766,0.0,48.75,47.029998779296875,48.720001220703125,0.0,129192
2017-08-22,47.63999938964844,0.0,48.029998779296875,47.20000076293945,47.45000076293945,0.0,864387
2017-08-23,48.40999984741211,0.0,48.5,47.529998779296875,47.63999938964844,0.0,701693
2017-08-24,47.43000030517578,0.0,48.43000030517578,47.060001373291016,48.36000061035156,0.0,831358
2017-08-25,47.869998931884766,0.0,47.90999984741211,47.38999938964844,47.619998931884766,0.0,646518
2017-08-28,46.56999969482422,0.0,48.20000076293945,46.150001525878906,47.88999938964844,0.0,921285
2017-08-29,46.439998626708984,0.0,46.959999084472656,45.7599983215332,46.86000061035156,0.0,895643
2017-08-30,45.959999084472656,0.0,46.720001220703125,45.84000015258789,46.310001373291016,0.0,895643
2017-08-31,47.22999954223633,0.0,47.470001220703125,45.58000183105469,45.95000076293945,0.0,882983
2017-09-01,47.290000915527344,0.0,47.349998474121094,46.560001373291016,47.08000183105469,0.0,915708
2017-09-05,48.65999984741211,0.0,48.97999954223633,47.150001525878906,47.279998779296875,0.0,742808
2017-09-06,49.15999984741211,0.0,49.41999816894531,48.52000045776367,48.59000015258789,0.0,788963
2017-09-07,49.09000015258789,0.0,49.33000183105469,48.630001068115234,49.13999938964844,0.0,702514
2017-09-08,47.47999954223633,0.0,49.2599983215332,47.27000045776367,49.09000015258789,0.0,843760
2017-09-11,48.06999969482422,0.0,48.27000045776367,47.0,47.58000183105469,0.0,774468
2017-09-12,48.22999954223633,0.0,48.439998626708984,47.72999954223633,48.119998931884766,0.0,676040
2017-09-13,49.29999923706055,0.0,49.400001525878906,48.119998931884766,48.34000015258789,0.0,706925
2017-09-14,49.88999938964844,0.0,50.5,49.150001525878906,49.310001373291016,0.0,709035
2017-09-15,49.88999938964844,0.0,50.130001068115234,49.40999984741211,49.720001220703125,0.0,433597
2017-09-18,49.90999984741211,0.0,50.33000183105469,49.189998626708984,49.849998474121094,0.0,189605
2017-09-19,49.47999954223633,0.0,50.41999816894531,49.33000183105469,49.90999984741211,0.0,143379
2017-09-20,50.40999984741211,0.0,50.650001525878906,49.75,49.84000015258789,0.0,754413
2017-09-21,50.54999923706055,0.0,50.810001373291016,50.06999969482422,50.720001220703125,0.0,580569
2017-09-22,50.65999984741211,0.0,50.779998779296875,50.290000915527344,50.72999954223633,0.0,473795
2017-09-25,52.220001220703125,0.0,52.279998779296875,50.38999938964844,50.68000030517578,0.0,701244
2017-09-26,51.880001068115234,0.0,52.43000030517578,51.43000030517578,52.119998931884766,0.0,709515
2017-09-27,52.13999938964844,0.0,52.34000015258789,51.630001068115234,52.09000015258789,0.0,637035
2017-09-28,51.560001373291016,0.0,52.86000061035156,51.220001220703125,52.04999923706055,0.0,801816
2017-09-29,51.66999816894531,0.0,51.77000045776367,51.25,51.58000183105469,0.0,551982
2017-10-02,50.58000183105469,0.0,51.709999084472656,50.06999969482422,51.63999938964844,0.0,600933
2017-10-03,50.41999816894531,0.0,50.72999954223633,50.13999938964844,50.59000015258789,0.0,462735
2017-10-04,49.97999954223633,0.0,50.66999816894531,49.7599983215332,50.15999984741211,0.0,598836
2017-10-05,50.790000915527344,0.0,51.220001220703125,49.849998474121094,49.880001068115234,0.0,654385
2017-10-06,49.290000915527344,0.0,50.81999969482422,49.099998474121094,50.75,0.0,743114
2017-10-09,49.58000183105469,0.0,49.790000915527344,49.130001068115234,49.25,0.0,505079
2017-10-10,50.91999816894531,0.0,51.060001373291016,49.540000915527344,49.54999923706055,0.0,664839
2017-10-11,51.29999923706055,0.0,51.41999816894531,50.61000061035156,50.939998626708984,0.0,651948
2017-10-12,50.599998474121094,0.0,51.130001068115234,50.150001525878906,51.0,0.0,729273
2017-10-13,51.45000076293945,0.0,51.720001220703125,50.70000076293945,50.72999954223633,0.0,667497
2017-10-16,51.869998931884766,0.0,52.369998931884766,51.349998474121094,51.43000030517578,0.0,520725
2017-10-17,51.880001068115234,0.0,52.25,51.209999084472656,51.93000030517578,0.0,471612
2017-10-18,52.040000915527344,0.0,52.33000183105469,51.689998626708984,51.939998626708984,0.0,152620
2017-10-19,51.290000915527344,0.0,52.16999816894531,51.06999969482422,52.04999923706055,0.0,127413
2017-10-20,51.470001220703125,0.0,51.72999954223633,50.70000076293945,51.41999816894531,0.0,674142
2017-10-23,51.900001525878906,0.0,52.29999923706055,51.68000030517578,52.06999969482422,0.0,583563
2017-10-24,52.470001220703125,0.0,52.619998931884766,51.54999923706055,51.88999938964844,0.0,709553
2017-10-25,52.18000030517578,0.0,52.56999969482422,51.88999938964844,52.560001373291016,0.0,681739
2017-10-26,52.63999938964844,0.0,52.86000061035156,51.90999984741211,52.189998626708984,0.0,594647
2017-10-27,53.900001525878906,0.0,54.20000076293945,52.25,52.79999923706055,0.0,730915
2017-10-30,54.150001525878906,0.0,54.459999084472656,53.75,54.15999984741211,0.0,565043
2017-10-31,54.380001068115234,0.0,54.849998474121094,53.93000030517578,54.08000183105469,0.0,497295
2017-11-01,54.29999923706055,0.0,55.220001220703125,53.88999938964844,54.650001525878906,0.0,671038
2017-11-02,54.540000915527344,0.0,54.84000015258789,53.9900016784668,54.279998779296875,0.0,482846
2017-11-03,55.63999938964844,0.0,55.7599983215332,54.400001525878906,54.72999954223633,0.0,614159
2017-11-06,57.349998474121094,0.0,57.61000061035156,55.65999984741211,55.970001220703125,0.0,861713
2017-11-07,57.20000076293945,0.0,57.689998626708984,56.83000183105469,57.27000045776367,0.0,750187
2017-11-08,56.810001373291016,0.0,57.91999816894531,56.40999984741211,56.959999084472656,0.0,919147
2017-11-09,57.16999816894531,0.0,57.529998779296875,56.689998626708984,56.849998474121094,0.0,666949
2017-11-10,56.7400016784668,0.0,57.349998474121094,56.54999923706055,57.02000045776367,0.0,541296
2017-11-13,56.7599983215332,0.0,57.150001525878906,56.29999923706055,56.900001525878906,0.0,631619
2017-11-14,55.70000076293945,0.0,56.77000045776367,54.810001373291016,56.720001220703125,0.0,707338
2017-11-15,55.33000183105469,0.0,55.560001373291016,54.880001068115234,55.060001373291016,0.0,501385
2017-11-16,55.13999938964844,0.0,55.619998931884766,54.93000030517578,55.29999923706055,0.0,213923
2017-11-17,56.54999923706055,0.0,56.68000030517578,55.18000030517578,55.25,0.0,184944
2017-11-20,56.09000015258789,0.0,56.7599983215332,55.56999969482422,56.689998626708984,0.0,593241
2017-11-21,56.83000183105469,0.0,57.220001220703125,56.31999969482422,56.380001068115234,0.0,619066
2017-11-22,58.02000045776367,0.0,58.150001525878906,57.029998779296875,57.119998931884766,0.0,837411
2017-11-24,58.95000076293945,0.0,59.04999923706055,57.75,58.04999923706055,0.0,577826
2017-11-27,58.11000061035156,0.0,58.9900016784668,57.54999923706055,58.95000076293945,0.0,690078
2017-11-28,57.9900016784668,0.0,58.11000061035156,57.41999816894531,57.86000061035156,0.0,546526
2017-11-29,57.29999923706055,0.0,58.29999923706055,56.75,57.72999954223633,0.0,741564
2017-11-30,57.400001525878906,0.0,57.97999954223633,56.81999969482422,57.40999984741211,0.0,735128
2017-12-01,58.36000061035156,0.0,58.880001068115234,57.290000915527344,57.41999816894531,0.0,685215
2017-12-04,57.470001220703125,0.0,58.34000015258789,57.349998474121094,58.31999969482422,0.0,529965
2017-12-05,57.619998931884766,0.0,57.91999816894531,57.08000183105469,57.47999954223633,0.0,499245
2017-12-06,55.959999084472656,0.0,57.56999969482422,55.869998931884766,57.45000076293945,0.0,678992
2017-12-07,56.689998626708984,0.0,56.779998779296875,55.81999969482422,56.0,0.0,557325
2017-12-08,57.36000061035156,0.0,57.790000915527344,56.540000915527344,56.650001525878906,0.0,681599
2017-12-11,57.9900016784668,0.0,58.08000183105469,56.90999984741211,57.25,0.0,606724
2017-12-12,57.13999938964844,0.0,58.560001373291016,56.849998474121094,58.02000045776367,0.0,826488
2017-12-13,56.599998474121094,0.0,57.83000183105469,56.54999923706055,57.45000076293945,0.0,658143
2017-12-14,57.040000915527344,0.0,57.220001220703125,56.09000015258789,56.70000076293945,0.0,580571
2017-12-15,57.29999923706055,0.0,57.4900016784668,56.939998626708984,57.150001525878906,0.0,210054
2017-12-18,57.15999984741211,0.0,57.779998779296875,56.81999969482422,57.369998931884766,0.0,137151
2017-12-19,57.459999084472656,0.0,57.63999938964844,57.15999984741211,57.29999923706055,0.0,420784
2017-12-20,58.09000015258789,0.0,58.119998931884766,57.439998626708984,57.65999984741211,0.0,420844
2017-12-21,58.36000061035156,0.0,58.380001068115234,57.630001068115234,58.02000045776367,0.0,405320
2017-12-22,58.470001220703125,0.0,58.5,57.869998931884766,58.209999084472656,0.0,324554
2017-12-26,59.970001220703125,0.0,60.0099983215332,58.31999969482422,58.400001525878906,0.0,437785
2017-12-27,59.63999938964844,0.0,59.93000030517578,59.33000183105469,59.790000915527344,0.0,402396
2017-12-28,59.84000015258789,0.0,59.939998626708984,59.439998626708984,59.529998779296875,0.0,345962
2017-12-29,60.41999816894531,0.0,60.5099983215332,59.81999969482422,59.90999984741211,0.0,464478
2018-01-02,60.369998931884766,0.0,60.7400016784668,60.099998474121094,60.20000076293945,0.0,510313
2018-01-03,61.630001068115234,0.0,61.970001220703125,60.279998779296875,60.38999938964844,0.0,673859
2018-01-04,62.0099983215332,0.0,62.209999084472656,61.59000015258789,61.959999084472656,0.0,654363
2018-01-05,61.439998626708984,0.0,62.040000915527344,61.09000015258789,61.900001525878906,0.0,563036
2018-01-08,61.72999954223633,0.0,61.970001220703125,61.34000015258789,61.61000061035156,0.0,616474
2018-01-09,62.959999084472656,0.0,63.47999954223633,61.79999923706055,61.91999816894531,0.0,844720
2018-01-10,63.56999969482422,0.0,63.66999816894531,63.09000015258789,63.40999984741211,0.0,697844
2018-01-11,63.79999923706055,0.0,64.7699966430664,63.43000030517578,63.5,0.0,876642
2018-01-12,64.30000305175781,0.0,64.5,63.060001373291016,63.56999969482422,0.0,678727
2018-01-16,63.72999954223633,0.0,64.88999938964844,63.38999938964844,64.43000030517578,0.0,867771
2018-01-17,63.970001220703125,0.0,64.16999816894531,63.310001373291016,63.88999938964844,0.0,444384
2018-01-18,63.95000076293945,0.0,64.3499984741211,63.470001220703125,64.06999969482422,0.0,204504
2018-01-19,63.369998931884766,0.0,63.77000045776367,62.849998474121094,63.7400016784668,0.0,142711
2018-01-22,63.4900016784668,0.0,64.13999938964844,63.16999816894531,63.61000061035156,0.0,625662
2018-01-23,64.47000122070312,0.0,64.87999725341797,63.70000076293945,63.880001068115234,0.0,662456
2018-01-24,65.61000061035156,0.0,66.05000305175781,64.33999633789062,64.41999816894531,0.0,887018
2018-01-25,65.51000213623047,0.0,66.66000366210938,65.08000183105469,65.87999725341797,0.0,771758
2018-01-26,66.13999938964844,0.0,66.3499984741211,64.91000366210938,65.25,0.0,678186
2018-01-29,65.55999755859375,0.0,66.45999908447266,64.9800033569336,66.18000030517578,0.0,656168
2018-01-30,64.5,0.0,65.55999755859375,63.88999938964844,65.52999877929688,0.0,688380
2018-01-31,64.7300033569336,0.0,64.94000244140625,63.66999816894531,64.02999877929688,0.0,613258
2018-02-01,65.80000305175781,0.0,66.25,64.62999725341797,64.76000213623047,0.0,685750
2018-02-02,65.44999694824219,0.0,66.30000305175781,64.47000122070312,65.98999786376953,0.0,857572
2018-02-05,64.1500015258789,0.0,65.4000015258789,63.41999816894531,65.0999984741211,0.0,891063
2018-02-06,63.38999938964844,0.0,64.29000091552734,63.119998931884766,63.43000030517578,0.0,797814
2018-02-07,61.790000915527344,0.0,64.18000030517578,61.25,63.91999816894531,0.0,1029408
2018-02-08,61.150001525878906,0.0,62.09000015258789,60.27000045776367,61.70000076293945,0.0,929578
2018-02-09,59.20000076293945,0.0,60.77000045776367,58.06999969482422,60.43000030517578,0.0,933307
2018-02-12,59.290000915527344,0.0,60.83000183105469,59.099998474121094,59.119998931884766,0.0,736917
2018-02-13,59.189998626708984,0.0,59.72999954223633,58.38999938964844,59.349998474121094,0.0,580600
2018-02-14,60.599998474121094,0.0,60.900001525878906,58.20000076293945,58.97999954223633,0.0,650324
2018-02-15,61.34000015258789,0.0,61.63999938964844,59.720001220703125,60.709999084472656,0.0,340401
2018-02-16,61.68000030517578,0.0,61.9900016784668,60.880001068115234,61.45000076293945,0.0,181179
2018-02-20,61.900001525878906,0.0,62.7400016784668,61.58000183105469,61.630001068115234,0.0,794481
2018-02-21,61.68000030517578,0.0,61.86000061035156,60.91999816894531,61.630001068115234,0.0,466924
2018-02-22,62.77000045776367,0.0,63.09000015258789,60.75,61.34000015258789,0.0,592603
2018-02-23,63.54999923706055,0.0,63.72999954223633,62.33000183105469,62.599998474121094,0.0,460597
2018-02-26,63.90999984741211,0.0,64.23999786376953,63.060001373291016,63.599998474121094,0.0,469853
2018-02-27,63.0099983215332,0.0,64.08000183105469,62.63999938964844,64.05999755859375,0.0,562670
2018-02-28,61.63999938964844,0.0,63.439998626708984,61.36000061035156,62.790000915527344,0.0,768409
2018-03-01,60.9900016784668,0.0,61.83000183105469,60.18000030517578,61.54999923706055,0.0,812505
2018-03-02,61.25,0.0,61.599998474121094,60.130001068115234,61.34000015258789,0.0,613514
2018-03-05,62.56999969482422,0.0,62.790000915527344,61.099998474121094,61.54999923706055,0.0,599266
2018-03-06,62.599998474121094,0.0,63.279998779296875,62.16999816894531,62.58000183105469,0.0,634953
2018-03-07,61.150001525878906,0.0,62.58000183105469,60.58000183105469,62.29999923706055,0.0,879119
2018-03-08,60.119998931884766,0.0,61.400001525878906,59.95000076293945,61.33000183105469,0.0,720510
2018-03-09,62.040000915527344,0.0,62.18000030517578,60.13999938964844,60.27000045776367,0.0,659722
2018-03-12,61.36000061035156,0.0,62.33000183105469,60.66999816894531,62.099998474121094,0.0,537990
2018-03-13,60.709999084472656,0.0,61.970001220703125,60.27000045776367,61.369998931884766,0.0,747738
2018-03-14,60.959999084472656,0.0,61.33000183105469,60.11000061035156,60.869998931884766,0.0,665017
2018-03-15,61.189998626708984,0.0,61.540000915527344,60.81999969482422,60.95000076293945,0.0,430201
2018-03-16,62.34000015258789,0.0,62.540000915527344,61.08000183105469,61.189998626708984,0.0,202493
2018-03-19,62.060001373291016,0.0,62.349998474121094,61.36000061035156,62.22999954223633,0.0,115962
2018-03-20,63.400001525878906,0.0,63.810001373291016,62.08000183105469,62.099998474121094,0.0,717709
2018-03-21,65.16999816894531,0.0,65.55000305175781,63.58000183105469,63.720001220703125,0.0,763768
2018-03-22,64.30000305175781,0.0,65.73999786376953,64.13999938964844,65.5,0.0,689172
2018-03-23,65.87999725341797,0.0,66.0,64.11000061035156,64.27999877929688,0.0,752994
2018-03-26,65.55000305175781,0.0,66.55000305175781,65.08000183105469,65.9000015258789,0.0,585899
2018-03-27,65.25,0.0,66.41000366210938,64.52999877929688,65.52999877929688,0.0,670811
2018-03-28,64.37999725341797,0.0,65.12999725341797,63.720001220703125,64.69999694824219,0.0,697678
2018-03-29,64.94000244140625,0.0,65.26000213623047,64.16000366210938,64.69000244140625,0.0,562819
2018-04-02,63.0099983215332,0.0,65.41999816894531,62.79999923706055,64.91000366210938,0.0,582742
2018-04-03,63.5099983215332,0.0,63.86000061035156,62.86000061035156,62.88999938964844,0.0,527289
2018-04-04,63.369998931884766,0.0,63.63999938964844,62.060001373291016,63.59000015258789,0.0,760596
2018-04-05,63.540000915527344,0.0,64.12000274658203,63.06999969482422,63.599998474121094,0.0,588597
2018-04-06,62.060001373291016,0.0,63.790000915527344,61.810001373291016,63.70000076293945,0.0,753262
2018-04-09,63.41999816894531,0.0,63.61000061035156,61.93000030517578,62.0,0.0,655831
2018-04-10,65.51000213623047,0.0,65.86000061035156,63.20000076293945,63.29999923706055,0.0,840280
2018-04-11,66.81999969482422,0.0,67.44999694824219,65.1500015258789,65.58999633789062,0.0,963017
2018-04-12,67.06999969482422,0.0,67.33000183105469,66.0,66.75,0.0,687468
2018-04-13,67.38999938964844,0.0,67.76000213623047,66.69999694824219,67.18000030517578,0.0,624203
2018-04-16,66.22000122070312,0.0,67.73999786376953,66.12999725341797,67.23999786376953,0.0,560076
2018-04-17,66.5199966430664,0.0,66.75,65.55999755859375,66.41999816894531,0.0,486076
2018-04-18,68.47000122070312,0.0,68.91000366210938,66.55999755859375,66.68000030517578,0.0,221664
2018-04-19,68.29000091552734,0.0,69.55999755859375,67.9800033569336,68.75,0.0,125993
2018-04-20,68.37999725341797,0.0,68.62000274658203,67.5,68.26000213623047,0.0,724906
2018-04-23,68.63999938964844,0.0,69.02999877929688,67.13999938964844,68.22000122070312,0.0,740941
2018-04-24,67.69999694824219,0.0,69.37999725341797,67.54000091552734,68.94999694824219,0.0,832296
2018-04-25,68.05000305175781,0.0,68.18000030517578,67.11000061035156,67.75,0.0,764049
2018-04-26,68.19000244140625,0.0,68.77999877929688,67.70999908447266,68.02999877929688,0.0,660549
2018-04-27,68.0999984741211,0.0,68.36000061035156,67.63999938964844,68.20999908447266,0.0,542549
2018-04-30,68.56999969482422,0.0,69.33999633789062,67.16999816894531,68.1500015258789,0.0,755186
2018-05-01,67.25,0.0,68.9000015258789,66.8499984741211,68.55999755859375,0.0,694771
2018-05-02,67.93000030517578,0.0,68.13999938964844,66.91999816894531,67.48999786376953,0.0,789367
2018-05-03,68.43000030517578,0.0,68.5999984741211,67.20999908447266,67.68000030517578,0.0,691219
2018-05-04,69.72000122070312,0.0,69.97000122070312,68.12000274658203,68.5,0.0,690876
2018-05-07,70.7300033569336,0.0,70.83999633789062,69.51000213623047,69.8499984741211,0.0,758916
2018-05-08,69.05999755859375,0.0,70.4000015258789,67.62999725341797,70.02999877929688,0.0,1253566
2018-05-09,71.13999938964844,0.0,71.36000061035156,69.8499984741211,70.05000305175781,0.0,863386
2018-05-10,71.36000061035156,0.0,71.88999938964844,70.55999755859375,71.2300033569336,0.0,749808
2018-05-11,70.69999694824219,0.0,71.62999725341797,70.44999694824219,71.44999694824219,0.0,634145
2018-05-14,70.95999908447266,0.0,71.26000213623047,70.26000213623047,70.54000091552734,0.0,592826
2018-05-15,71.30999755859375,0.0,71.91999816894531,70.41999816894531,71.1500015258789,0.0,815289
2018-05-16,71.48999786376953,0.0,71.58999633789062,70.66000366210938,71.0199966430664,0.0,574279
2018-05-17,71.48999786376953,0.0,72.30000305175781,71.08999633789062,71.55999755859375,0.0,562639
2018-05-18,71.27999877929688,0.0,71.75,70.98999786376953,71.5999984741211,0.0,211785
2018-05-21,72.23999786376953,0.0,72.58999633789062,71.25,71.47000122070312,0.0,119892
2018-05-22,72.12999725341797,0.0,72.83000183105469,71.9000015258789,72.52999877929688,0.0,723458
2018-05-23,71.83999633789062,0.0,72.26000213623047,71.19000244140625,72.11000061035156,0.0,702791
2018-05-24,70.70999908447266,0.0,72.0,70.5199966430664,71.83000183105469,0.0,640725
2018-05-25,67.87999725341797,0.0,70.80000305175781,67.41999816894531,70.6500015258789,0.0,955354
2018-05-29,66.7300033569336,0.0,67.3499984741211,65.91999816894531,66.48999786376953,0.0,1059750
2018-05-30,68.20999908447266,0.0,68.66999816894531,66.3499984741211,66.8499984741211,0.0,726886
2018-05-31,67.04000091552734,0.0,68.30000305175781,66.55999755859375,68.23999786376953,0.0,917563
2018-06-01,65.80999755859375,0.0,67.33999633789062,65.51000213623047,67.06999969482422,0.0,781103
2018-06-04,64.75,0.0,66.04000091552734,64.56999969482422,65.70999908447266,0.0,696050
2018-06-05,65.5199966430664,0.0,65.56999969482422,64.22000122070312,64.94000244140625,0.0,714674
2018-06-06,64.7300033569336,0.0,65.95999908447266,64.2699966430664,65.51000213623047,0.0,708829
2018-06-07,65.94999694824219,0.0,66.06999969482422,64.80999755859375,65.06999969482422,0.0,675041
2018-06-08,65.73999786376953,0.0,66.23999786376953,65.1500015258789,65.9800033569336,0.0,571224
2018-06-11,66.0999984741211,0.0,66.3499984741211,64.8499984741211,65.55999755859375,0.0,558281
2018-06-12,66.36000061035156,0.0,66.69999694824219,65.87000274658203,66.05000305175781,0.0,524411
2018-06-13,66.63999938964844,0.0,66.88999938964844,65.5199966430664,66.01000213623047,0.0,626398
2018-06-14,66.88999938964844,0.0,67.16000366210938,66.36000061035156,66.62000274658203,0.0,460168
2018-06-15,65.05999755859375,0.0,67.16000366210938,64.29000091552734,66.62000274658203,0.0,512591
2018-06-18,65.8499984741211,0.0,65.9800033569336,63.59000015258789,64.4000015258789,0.0,218933
2018-06-19,65.06999969482422,0.0,65.9000015258789,64.38999938964844,65.81999969482422,0.0,122646
2018-06-20,66.22000122070312,0.0,66.52999877929688,65.01000213623047,65.11000061035156,0.0,801625
2018-06-21,65.54000091552734,0.0,66.22000122070312,64.33999633789062,65.33999633789062,0.0,760719
2018-06-22,68.58000183105469,0.0,69.37999725341797,65.70999908447266,65.93000030517578,0.0,1136232
2018-06-25,68.08000183105469,0.0,69.44000244140625,67.77999877929688,68.75,0.0,816207
2018-06-26,70.52999877929688,0.0,70.91000366210938,67.72000122070312,68.20999908447266,0.0,848537
2018-06-27,72.76000213623047,0.0,73.05999755859375,70.55999755859375,70.68000030517578,0.0,775155
2018-06-28,73.44999694824219,0.0,74.02999877929688,72.19999694824219,72.2699966430664,0.0,717347
2018-06-29,74.1500015258789,0.0,74.45999908447266,72.93000030517578,73.33000183105469,0.0,602399
2018-07-02,73.94000244140625,0.0,74.3499984741211,72.51000213623047,73.62000274658203,0.0,652167
2018-07-03,74.13999938964844,0.0,75.2699966430664,72.7300033569336,74.08000183105469,0.0,667235
2018-07-05,72.94000244140625,0.0,74.80000305175781,72.52999877929688,74.3499984741211,0.0,841632
2018-07-06,73.80000305175781,0.0,74.01000213623047,72.13999938964844,73.16000366210938,0.0,611419
2018-07-09,73.8499984741211,0.0,74.27999877929688,72.98999786376953,73.87000274658203,0.0,533003
2018-07-10,74.11000061035156,0.0,74.69999694824219,73.6500015258789,74.04000091552734,0.0,586829
2018-07-11,70.37999725341797,0.0,74.26000213623047,70.0199966430664,74.19999694824219,0.0,861726
2018-07-12,70.33000183105469,0.0,71.23999786376953,69.2300033569336,70.5999984741211,0.0,707887
2018-07-13,71.01000213623047,0.0,71.66000366210938,69.83999633789062,70.37999725341797,0.0,530277
2018-07-16,68.05999755859375,0.0,70.87000274658203,67.58000183105469,70.5199966430664,0.0,530480
2018-07-17,68.08000183105469,0.0,68.44000244140625,67.02999877929688,68.02999877929688,0.0,440727
2018-07-18,68.76000213623047,0.0,69.05999755859375,67.04000091552734,67.61000061035156,0.0,187313
2018-07-19,69.45999908447266,0.0,70.16999816894531,67.80000305175781,69.0,0.0,103220
2018-07-20,70.45999908447266,0.0,71.0999984741211,69.37000274658203,69.38999938964844,0.0,500967
2018-07-23,67.88999938964844,0.0,69.30999755859375,67.5999984741211,68.16999816894531,0.0,555915
2018-07-24,68.5199966430664,0.0,69.05000305175781,67.55999755859375,67.80000305175781,0.0,524591
2018-07-25,69.30000305175781,0.0,69.69999694824219,68.19999694824219,68.7699966430664,0.0,622913
2018-07-26,69.61000061035156,0.0,69.91999816894531,68.91999816894531,69.37999725341797,0.0,489059
2018-07-27,68.69000244140625,0.0,69.7699966430664,68.26000213623047,69.58000183105469,0.0,460450
2018-07-30,70.12999725341797,0.0,70.43000030517578,68.80000305175781,69.01000213623047,0.0,463011
2018-07-31,68.76000213623047,0.0,70.22000122070312,67.9800033569336,70.05000305175781,0.0,519070
2018-08-01,67.66000366210938,0.0,68.5199966430664,67.30999755859375,68.43000030517578,0.0,576561
2018-08-02,68.95999908447266,0.0,69.36000061035156,66.91999816894531,67.86000061035156,0.0,531071
2018-08-03,68.48999786376953,0.0,69.23999786376953,67.87000274658203,68.98999786376953,0.0,476615
2018-08-06,69.01000213623047,0.0,69.91999816894531,68.5,68.6500015258789,0.0,495605
2018-08-07,69.16999816894531,0.0,69.83000183105469,68.80999755859375,68.9000015258789,0.0,485027
2018-08-08,66.94000244140625,0.0,69.37000274658203,66.31999969482422,69.08999633789062,0.0,760313
2018-08-09,66.80999755859375,0.0,67.41000366210938,66.48999786376953,66.79000091552734,0.0,509401
2018-08-10,67.62999725341797,0.0,67.87000274658203,66.13999938964844,66.73999786376953,0.0,524490
2018-08-13,67.19999694824219,0.0,67.94999694824219,65.70999908447266,67.77999877929688,0.0,578219
2018-08-14,67.04000091552734,0.0,68.37000274658203,66.58000183105469,67.41999816894531,0.0,538484
2018-08-15,65.01000213623047,0.0,66.9000015258789,64.51000213623047,66.62000274658203,0.0,573473
2018-08-16,65.45999908447266,0.0,65.5199966430664,64.43000030517578,64.94999694824219,0.0,383380
2018-08-17,65.91000366210938,0.0,66.38999938964844,65.30000305175781,65.47000122070312,0.0,171403
2018-08-20,66.43000030517578,0.0,66.68000030517578,65.58999633789062,65.91000366210938,0.0,112709
2018-08-21,67.3499984741211,0.0,68.0999984741211,66.5199966430664,66.62000274658203,0.0,437164
2018-08-22,67.86000061035156,0.0,68.1500015258789,65.9800033569336,66.08000183105469,0.0,581899
2018-08-23,67.83000183105469,0.0,68.12000274658203,67.31999969482422,68.06999969482422,0.0,450690
2018-08-24,68.72000122070312,0.0,69.30999755859375,67.77999877929688,67.9000015258789,0.0,517796
2018-08-27,68.87000274658203,0.0,68.97000122070312,68.33999633789062,68.56999969482422,0.0,332612
2018-08-28,68.52999877929688,0.0,69.19999694824219,68.20999908447266,68.93000030517578,0.0,426833
2018-08-29,69.51000213623047,0.0,69.76000213623047,68.37000274658203,68.54000091552734,0.0,497095
2018-08-30,70.25,0.0,70.5,69.55000305175781,69.70999908447266,0.0,445584
2018-08-31,69.80000305175781,0.0,70.36000061035156,69.63999938964844,70.05999755859375,0.0,419739
2018-09-04,69.87000274658203,0.0,71.4000015258789,69.08000183105469,70.12000274658203,0.0,785981
2018-09-05,68.72000122070312,0.0,69.58999633789062,68.55999755859375,69.43000030517578,0.0,542104
2018-09-06,67.7699966430664,0.0,69.0199966430664,67.0,68.63999938964844,0.0,633824
2018-09-07,67.75,0.0,68.08000183105469,66.86000061035156,67.87999725341797,0.0,530895
2018-09-10,67.54000091552734,0.0,68.5199966430664,67.33000183105469,67.81999969482422,0.0,571174
2018-09-11,69.25,0.0,70.01000213623047,67.4800033569336,67.52999877929688,0.0,676869
2018-09-12,70.37000274658203,0.0,71.26000213623047,69.5,69.88999938964844,0.0,800543
2018-09-13,68.58999633789062,0.0,70.27999877929688,68.3499984741211,70.23999786376953,0.0,684937
2018-09-14,68.98999786376953,0.0,69.91000366210938,67.94000244140625,68.79000091552734,0.0,611075
2018-09-17,68.91000366210938,0.0,69.72000122070312,68.52999877929688,68.93000030517578,0.0,422294
2018-09-18,69.8499984741211,0.0,70.41999816894531,68.52999877929688,68.80000305175781,0.0,234202
2018-09-19,71.12000274658203,0.0,71.5,69.6500015258789,69.70999908447266,0.0,125208
2018-09-20,70.80000305175781,0.0,71.80999755859375,70.7300033569336,71.38999938964844,0.0,607520
2018-09-21,70.77999877929688,0.0,71.80000305175781,69.9800033569336,70.19999694824219,0.0,855943
2018-09-24,72.08000183105469,0.0,72.73999786376953,71.13999938964844,71.13999938964844,0.0,576894
2018-09-25,72.27999877929688,0.0,72.77999877929688,71.88999938964844,72.25,0.0,551280
2018-09-26,71.56999969482422,0.0,72.37999725341797,71.47000122070312,72.08999633789062,0.0,464463
2018-09-27,72.12000274658203,0.0,72.5999984741211,71.70999908447266,72.01000213623047,0.0,454549
2018-09-28,73.25,0.0,73.7300033569336,71.87999725341797,72.18000030517578,0.0,544047
2018-10-01,75.30000305175781,0.0,75.7699966430664,72.94999694824219,73.29000091552734,0.0,601451
2018-10-02,75.2300033569336,0.0,75.91000366210938,74.93000030517578,75.41999816894531,0.0,463615
2018-10-03,76.41000366210938,0.0,76.9000015258789,74.30000305175781,75.12000274658203,0.0,698817
2018-10-04,74.33000183105469,0.0,76.47000122070312,73.87999725341797,76.18000030517578,0.0,687949
2018-10-05,74.33999633789062,0.0,75.22000122070312,73.83999633789062,74.66999816894531,0.0,613218
2018-10-08,74.29000091552734,0.0,74.58000183105469,73.06999969482422,74.4000015258789,0.0,554938
2018-10-09,74.95999908447266,0.0,75.27999877929688,74.0,74.20999908447266,0.0,623537
2018-10-10,73.16999816894531,0.0,75.08000183105469,72.37999725341797,74.66000366210938,0.0,652737
2018-10-11,70.97000122070312,0.0,72.76000213623047,70.51000213623047,72.68000030517578,0.0,783962
2018-10-12,71.33999633789062,0.0,72.01000213623047,70.63999938964844,70.98999786376953,0.0,626668
2018-10-15,71.77999877929688,0.0,72.69999694824219,70.8499984741211,71.8499984741211,0.0,568610
2018-10-16,71.91999816894531,0.0,72.29000091552734,71.0199966430664,71.72000122070312,0.0,535003
2018-10-17,69.75,0.0,72.43000030517578,69.43000030517578,72.16999816894531,0.0,651584
2018-10-18,68.6500015258789,0.0,70.02999877929688,68.47000122070312,70.02999877929688,0.0,215337
2018-10-19,69.12000274658203,0.0,69.7699966430664,68.55999755859375,68.68000030517578,0.0,108311
2018-10-22,69.16999816894531,0.0,69.6500015258789,68.2699966430664,69.41000366210938,0.0,513770
2018-10-23,66.43000030517578,0.0,69.66000366210938,65.73999786376953,69.55000305175781,0.0,853265
2018-10-24,66.81999969482422,0.0,67.72000122070312,66.05000305175781,66.16999816894531,0.0,775963
2018-10-25,67.33000183105469,0.0,67.6500015258789,65.98999786376953,66.36000061035156,0.0,573096
2018-10-26,67.58999633789062,0.0,67.87999725341797,66.19999694824219,66.94999694824219,0.0,595211
2018-10-29,67.04000091552734,0.0,67.94999694824219,66.29000091552734,67.55000305175781,0.0,477487
2018-10-30,66.18000030517578,0.0,67.26000213623047,65.33000183105469,66.68000030517578,0.0,680441
2018-10-31,65.30999755859375,0.0,67.0,64.80999755859375,66.31999969482422,0.0,666487
2018-11-01,63.689998626708984,0.0,65.38999938964844,63.11000061035156,64.87999725341797,0.0,790286
2018-11-02,63.13999938964844,0.0,63.95000076293945,62.630001068115234,63.5,0.0,708906
2018-11-05,63.099998474121094,0.0,64.13999938964844,62.52000045776367,62.9900016784668,0.0,609129
2018-11-06,62.209999084472656,0.0,63.31999969482422,61.310001373291016,62.70000076293945,0.0,761240
2018-11-07,61.66999816894531,0.0,63.18000030517578,61.20000076293945,61.7400016784668,0.0,866628
2018-11-08,60.66999816894531,0.0,62.41999816894531,60.400001525878906,61.63999938964844,0.0,764546
2018-11-09,60.189998626708984,0.0,60.790000915527344,59.2599983215332,60.75,0.0,821729
2018-11-12,59.93000030517578,0.0,61.279998779296875,58.68000030517578,60.70000076293945,0.0,806219
2018-11-13,55.689998626708984,0.0,59.349998474121094,54.75,58.880001068115234,0.0,1095643
2018-11-14,56.25,0.0,57.369998931884766,55.130001068115234,55.27000045776367,0.0,844696
2018-11-15,56.459999084472656,0.0,57.2599983215332,55.59000015258789,56.02000045776367,0.0,256499
2018-11-16,56.459999084472656,0.0,57.959999084472656,55.88999938964844,56.58000183105469,0.0,159001
2018-11-19,56.7599983215332,0.0,57.33000183105469,55.08000183105469,56.720001220703125,0.0,699684
2018-11-20,53.43000030517578,0.0,57.439998626708984,52.77000045776367,57.38999938964844,0.0,983120
2018-11-21,54.630001068115234,0.0,55.86000061035156,53.38999938964844,53.38999938964844,0.0,734277
2018-11-23,50.41999816894531,0.0,54.119998931884766,50.150001525878906,53.869998931884766,0.0,1014667
2018-11-26,51.630001068115234,0.0,52.25,50.099998474121094,50.619998931884766,0.0,663108
2018-11-27,51.560001373291016,0.0,52.380001068115234,50.29999923706055,51.540000915527344,0.0,764010
2018-11-28,50.290000915527344,0.0,52.560001373291016,50.060001373291016,52.09000015258789,0.0,831688
2018-11-29,51.45000076293945,0.0,52.20000076293945,49.40999984741211,50.310001373291016,0.0,812721
2018-11-30,50.93000030517578,0.0,51.790000915527344,49.650001525878906,51.27000045776367,0.0,796714
2018-12-03,52.95000076293945,0.0,53.849998474121094,52.029998779296875,52.45000076293945,0.0,758010
2018-12-04,53.25,0.0,54.54999923706055,52.43000030517578,53.130001068115234,0.0,738130
2018-12-06,51.4900016784668,0.0,53.29999923706055,50.08000183105469,52.93000030517578,0.0,987266
2018-12-07,52.61000061035156,0.0,54.220001220703125,50.599998474121094,51.7599983215332,0.0,987717
2018-12-10,51.0,0.0,52.810001373291016,50.529998779296875,52.029998779296875,0.0,733225
2018-12-11,51.650001525878906,0.0,52.43000030517578,50.70000076293945,50.88999938964844,0.0,665262
2018-12-12,51.150001525878906,0.0,52.880001068115234,50.939998626708984,51.95000076293945,0.0,730810
2018-12-13,52.58000183105469,0.0,53.27000045776367,50.349998474121094,51.20000076293945,0.0,733627
2018-12-14,51.20000076293945,0.0,52.95000076293945,50.84000015258789,52.83000183105469,0.0,526839
2018-12-17,49.880001068115234,0.0,51.869998931884766,49.0099983215332,51.25,0.0,211257
2018-12-18,46.2400016784668,0.0,49.59000015258789,45.790000915527344,49.15999984741211,0.0,120101
2018-12-19,47.20000076293945,0.0,48.0,45.93000030517578,45.93000030517578,0.0,817721
2018-12-20,45.880001068115234,0.0,47.5099983215332,45.66999816894531,47.38999938964844,0.0,794130
2018-12-21,45.59000015258789,0.0,46.77000045776367,45.130001068115234,46.25,0.0,694003
2018-12-24,42.529998779296875,0.0,46.2400016784668,42.36000061035156,45.45000076293945,0.0,415859
2018-12-26,46.220001220703125,0.0,47.0,42.52000045776367,42.849998474121094,0.0,698408
2018-12-27,44.61000061035156,0.0,46.70000076293945,44.369998931884766,46.58000183105469,0.0,665590
2018-12-28,45.33000183105469,0.0,46.220001220703125,44.41999816894531,45.439998626708984,0.0,564385
2018-12-31,45.40999984741211,0.0,46.529998779296875,44.72999954223633,45.220001220703125,0.0,476970
2019-01-02,46.540000915527344,0.0,47.779998779296875,44.349998474121094,45.79999923706055,0.0,850480
2019-01-03,47.09000015258789,0.0,47.4900016784668,45.349998474121094,46.2599983215332,0.0,788718
2019-01-04,47.959999084472656,0.0,49.220001220703125,46.650001525878906,46.900001525878906,0.0,817277
2019-01-07,48.52000045776367,0.0,49.790000915527344,48.11000061035156,48.29999923706055,0.0,819939
2019-01-08,49.779998779296875,0.0,49.95000076293945,48.310001373291016,48.72999954223633,0.0,765981
2019-01-09,52.36000061035156,0.0,52.58000183105469,49.709999084472656,49.79999923706055,0.0,891922
2019-01-10,52.59000015258789,0.0,52.779998779296875,51.369998931884766,52.18000030517578,0.0,821782
2019-01-11,51.59000015258789,0.0,53.310001373291016,51.18000030517578,52.279998779296875,0.0,812339
2019-01-14,50.5099983215332,0.0,52.11000061035156,50.380001068115234,51.72999954223633,0.0,791527
2019-01-15,52.11000061035156,0.0,52.29999923706055,50.63999938964844,50.779998779296875,0.0,664183
2019-01-16,52.310001373291016,0.0,52.52000045776367,51.2599983215332,52.0,0.0,694182
2019-01-17,52.06999969482422,0.0,52.58000183105469,50.97999954223633,52.29999923706055,0.0,288560
2019-01-18,53.79999923706055,0.0,53.91999816894531,52.09000015258789,52.22999954223633,0.0,193099
2019-01-22,52.56999969482422,0.0,54.2400016784668,51.79999923706055,53.72999954223633,0.0,951158
2019-01-23,52.619998931884766,0.0,53.63999938964844,51.86000061035156,52.95000076293945,0.0,702866
2019-01-24,53.130001068115234,0.0,53.470001220703125,52.06999969482422,52.45000076293945,0.0,714415
2019-01-25,53.689998626708984,0.0,53.939998626708984,52.90999984741211,53.16999816894531,0.0,593385
2019-01-28,51.9900016784668,0.0,53.63999938964844,51.33000183105469,53.560001373291016,0.0,650667
2019-01-29,53.310001373291016,0.0,53.93000030517578,51.84000015258789,52.119998931884766,0.0,660527
2019-01-30,54.22999954223633,0.0,54.93000030517578,53.09000015258789,53.2400016784668,0.0,731312
2019-01-31,53.790000915527344,0.0,55.369998931884766,53.619998931884766,54.279998779296875,0.0,718650
2019-02-01,55.2599983215332,0.0,55.65999984741211,53.369998931884766,54.0099983215332,0.0,689566
2019-02-04,54.560001373291016,0.0,55.75,53.290000915527344,55.31999969482422,0.0,622472
2019-02-05,53.65999984741211,0.0,55.209999084472656,53.470001220703125,54.86000061035156,0.0,609756
2019-02-06,54.0099983215332,0.0,54.29999923706055,52.86000061035156,53.72999954223633,0.0,606720
2019-02-07,52.63999938964844,0.0,54.209999084472656,51.79999923706055,53.939998626708984,0.0,749010
2019-02-08,52.720001220703125,0.0,52.9900016784668,52.08000183105469,52.59000015258789,0.0,621003
2019-02-11,52.40999984741211,0.0,52.779998779296875,51.22999954223633,52.65999984741211,0.0,750242
2019-02-12,53.099998474121094,0.0,54.04999923706055,52.290000915527344,52.470001220703125,0.0,708312
2019-02-13,53.900001525878906,0.0,54.599998474121094,53.27000045776367,53.349998474121094,0.0,706552
2019-02-14,54.40999984741211,0.0,54.68000030517578,53.08000183105469,53.959999084472656,0.0,623546
2019-02-15,55.59000015258789,0.0,55.869998931884766,54.2400016784668,54.47999954223633,0.0,276907
2019-02-19,56.09000015258789,0.0,56.33000183105469,55.290000915527344,55.779998779296875,0.0,153728
2019-02-20,56.91999816894531,0.0,57.54999923706055,55.47999954223633,55.939998626708984,0.0,685111
2019-02-21,56.959999084472656,0.0,57.61000061035156,56.63999938964844,57.2400016784668,0.0,546202
2019-02-22,57.2599983215332,0.0,57.810001373291016,56.709999084472656,56.84000015258789,0.0,513439
2019-02-25,55.47999954223633,0.0,57.529998779296875,55.08000183105469,57.16999816894531,0.0,723012
2019-02-26,55.5,0.0,56.08000183105469,55.02000045776367,55.459999084472656,0.0,538919
2019-02-27,56.939998626708984,0.0,57.38999938964844,55.720001220703125,55.95000076293945,0.0,577227
2019-02-28,57.220001220703125,0.0,57.43000030517578,56.43000030517578,57.0,0.0,496678
2019-03-01,55.79999923706055,0.0,57.880001068115234,55.56999969482422,57.220001220703125,0.0,684186
2019-03-04,56.59000015258789,0.0,57.0,55.810001373291016,55.83000183105469,0.0,549396
2019-03-05,56.560001373291016,0.0,57.189998626708984,56.09000015258789,56.45000076293945,0.0,538399
2019-03-06,56.220001220703125,0.0,56.400001525878906,55.41999816894531,56.279998779296875,0.0,637677
2019-03-07,56.65999984741211,0.0,56.9900016784668,56.08000183105469,56.20000076293945,0.0,628824
2019-03-08,56.06999969482422,0.0,56.5099983215332,54.52000045776367,56.43000030517578,0.0,747358
2019-03-11,56.790000915527344,0.0,57.0099983215332,55.959999084472656,56.06999969482422,0.0,597156
2019-03-12,56.869998931884766,0.0,57.54999923706055,56.7400016784668,56.7599983215332,0.0,652798
2019-03-13,58.2599983215332,0.0,58.47999954223633,57.0099983215332,57.09000015258789,0.0,610616
2019-03-14,58.61000061035156,0.0,58.7400016784668,58.0,58.349998474121094,0.0,567604
2019-03-15,58.52000045776367,0.0,58.95000076293945,57.7400016784668,58.5099983215332,0.0,507393
2019-03-18,59.09000015258789,0.0,59.22999954223633,58.04999923706055,58.45000076293945,0.0,157241
2019-03-19,59.029998779296875,0.0,59.56999969482422,58.619998931884766,59.0099983215332,0.0,114822
2019-03-20,59.83000183105469,0.0,60.119998931884766,58.38999938964844,59.02000045776367,0.0,786342
2019-03-21,59.97999954223633,0.0,60.38999938964844,59.65999984741211,59.9900016784668,0.0,655380
2019-03-22,59.040000915527344,0.0,60.06999969482422,58.279998779296875,59.869998931884766,0.0,738840
2019-03-25,58.81999969482422,0.0,59.349998474121094,58.16999816894531,58.97999954223633,0.0,705399
2019-03-26,59.939998626708984,0.0,60.380001068115234,59.040000915527344,59.119998931884766,0.0,685988
2019-03-27,59.40999984741211,0.0,60.220001220703125,58.810001373291016,60.029998779296875,0.0,732150
2019-03-28,59.29999923706055,0.0,59.560001373291016,58.20000076293945,59.400001525878906,0.0,712209
2019-03-29,60.13999938964844,0.0,60.72999954223633,59.40999984741211,59.529998779296875,0.0,705559
2019-04-01,61.59000015258789,0.0,61.79999923706055,60.130001068115234,60.2400016784668,0.0,670808
2019-04-02,62.58000183105469,0.0,62.75,61.599998474121094,61.810001373291016,0.0,793227
2019-04-03,62.459999084472656,0.0,62.9900016784668,62.04999923706055,62.63999938964844,0.0,799672
2019-04-04,62.099998474121094,0.0,62.77000045776367,61.88999938964844,62.5,0.0,684973
2019-04-05,63.08000183105469,0.0,63.34000015258789,61.81999969482422,62.18000030517578,0.0,686862
2019-04-08,64.4000015258789,0.0,64.4800033569336,63.130001068115234,63.33000183105469,0.0,895767
2019-04-09,63.97999954223633,0.0,64.79000091552734,63.68000030517578,64.4000015258789,0.0,790677
2019-04-10,64.61000061035156,0.0,64.69999694824219,64.05000305175781,64.22000122070312,0.0,722216
2019-04-11,63.58000183105469,0.0,64.48999786376953,63.310001373291016,64.4800033569336,0.0,760504
2019-04-12,63.88999938964844,0.0,64.6500015258789,63.65999984741211,63.709999084472656,0.0,625588
2019-04-15,63.400001525878906,0.0,63.84000015258789,63.029998779296875,63.7599983215332,0.0,555858
2019-04-16,64.05000305175781,0.0,64.37000274658203,62.9900016784668,63.56999969482422,0.0,547469
2019-04-17,63.7599983215332,0.0,64.61000061035156,63.65999984741211,64.31999969482422,0.0,235376
2019-04-18,64.0,0.0,64.16000366210938,63.459999084472656,63.75,0.0,148238
2019-04-22,65.69999694824219,0.0,65.91999816894531,64.0,64.0,0.0,763527
2019-04-23,66.30000305175781,0.0,66.5999984741211,65.58000183105469,65.75,0.0,700598
2019-04-24,65.88999938964844,0.0,66.43000030517578,65.66000366210938,66.16999816894531,0.0,678386
2019-04-25,65.20999908447266,0.0,66.27999877929688,64.9000015258789,65.80999755859375,0.0,603001
2019-04-26,63.29999923706055,0.0,65.18000030517578,62.279998779296875,65.12999725341797,0.0,1000836
2019-04-29,63.5,0.0,63.689998626708984,62.459999084472656,62.95000076293945,0.0,654076
2019-04-30,63.90999984741211,0.0,64.75,63.29999923706055,63.58000183105469,0.0,750494
2019-05-01,63.599998474121094,0.0,63.93000030517578,62.77000045776367,63.400001525878906,0.0,676872
2019-05-02,61.810001373291016,0.0,63.68000030517578,60.95000076293945,63.61000061035156,0.0,914661
2019-05-03,61.939998626708984,0.0,62.52000045776367,61.29999923706055,61.54999923706055,0.0,646866
2019-05-06,62.25,0.0,62.95000076293945,60.040000915527344,61.43000030517578,0.0,768810
2019-05-07,61.400001525878906,0.0,62.4900016784668,60.65999984741211,62.16999816894531,0.0,842810
2019-05-08,62.119998931884766,0.0,62.369998931884766,61.06999969482422,61.439998626708984,0.0,791769
2019-05-09,61.70000076293945,0.0,62.209999084472656,60.91999816894531,62.02000045776367,0.0,769583
2019-05-10,61.65999984741211,0.0,62.4900016784668,61.41999816894531,61.63999938964844,0.0,786494
2019-05-13,61.040000915527344,0.0,63.33000183105469,60.63999938964844,61.650001525878906,0.0,1003106
2019-05-14,61.779998779296875,0.0,62.11000061035156,60.689998626708984,60.86000061035156,0.0,751668
2019-05-15,62.02000045776367,0.0,62.34000015258789,60.849998474121094,61.369998931884766,0.0,723001
2019-05-16,62.869998931884766,0.0,63.47999954223633,62.08000183105469,62.119998931884766,0.0,545679
2019-05-17,62.7599983215332,0.0,63.63999938964844,62.52000045776367,63.119998931884766,0.0,215802
2019-05-20,63.099998474121094,0.0,63.810001373291016,62.45000076293945,63.529998779296875,0.0,131888
2019-05-21,62.9900016784668,0.0,63.599998474121094,62.75,63.279998779296875,0.0,641680
2019-05-22,61.41999816894531,0.0,62.779998779296875,61.029998779296875,62.63999938964844,0.0,766728
2019-05-23,57.90999984741211,0.0,61.290000915527344,57.33000183105469,61.27000045776367,0.0,1108052
2019-05-24,58.630001068115234,0.0,59.099998474121094,57.5,58.209999084472656,0.0,758099
2019-05-28,59.13999938964844,0.0,59.56999969482422,58.130001068115234,58.939998626708984,0.0,1020323
2019-05-29,58.810001373291016,0.0,59.13999938964844,56.880001068115234,59.06999969482422,0.0,1124959
2019-05-30,56.59000015258789,0.0,59.70000076293945,56.33000183105469,59.119998931884766,0.0,842281
2019-05-31,53.5,0.0,56.61000061035156,53.04999923706055,56.459999084472656,0.0,1031488
2019-06-03,53.25,0.0,54.630001068115234,52.11000061035156,53.41999816894531,0.0,984308
2019-06-04,53.47999954223633,0.0,53.779998779296875,52.43000030517578,52.88999938964844,0.0,831625
2019-06-05,51.68000030517578,0.0,53.40999984741211,50.599998474121094,52.86000061035156,0.0,943186
2019-06-06,52.59000015258789,0.0,53.29999923706055,51.16999816894531,51.65999984741211,0.0,790067
2019-06-07,53.9900016784668,0.0,54.31999969482422,52.619998931884766,53.099998474121094,0.0,828133
2019-06-10,53.2599983215332,0.0,54.84000015258789,53.04999923706055,54.2400016784668,0.0,687146
2019-06-11,53.27000045776367,0.0,54.040000915527344,52.90999984741211,53.43000030517578,0.0,642940
2019-06-12,51.13999938964844,0.0,53.04999923706055,50.720001220703125,53.040000915527344,0.0,786105
2019-06-13,52.279998779296875,0.0,53.45000076293945,50.91999816894531,51.06999969482422,0.0,945024
2019-06-14,52.5099983215332,0.0,52.97999954223633,51.70000076293945,52.18000030517578,0.0,574229
2019-06-17,51.93000030517578,0.0,52.7400016784668,51.58000183105469,52.5,0.0,397868
2019-06-18,53.900001525878906,0.0,54.310001373291016,51.5,51.95000076293945,0.0,181640
2019-06-19,53.7599983215332,0.0,54.41999816894531,53.279998779296875,54.09000015258789,0.0,122838
2019-06-20,56.650001525878906,0.0,57.02000045776367,54.11000061035156,54.119998931884766,0.0,854514
2019-06-21,57.43000030517578,0.0,57.97999954223633,56.65999984741211,57.2599983215332,0.0,676047
2019-06-24,57.900001525878906,0.0,58.220001220703125,56.75,57.720001220703125,0.0,597164
2019-06-25,57.83000183105469,0.0,58.84000015258789,57.20000076293945,57.7400016784668,0.0,673140
2019-06-26,59.380001068115234,0.0,59.93000030517578,58.650001525878906,58.84000015258789,0.0,686817
2019-06-27,59.43000030517578,0.0,59.72999954223633,58.61000061035156,59.27000045776367,0.0,531405
2019-06-28,58.470001220703125,0.0,59.79999923706055,57.75,59.220001220703125,0.0,556101
2019-07-01,59.09000015258789,0.0,60.279998779296875,58.34000015258789,59.27000045776367,0.0,674887
2019-07-02,56.25,0.0,59.43000030517578,56.09000015258789,59.13999938964844,0.0,878938
2019-07-03,57.34000015258789,0.0,57.47999954223633,56.040000915527344,56.4900016784668,0.0,600131
2019-07-05,57.5099983215332,0.0,57.81999969482422,56.290000915527344,57.380001068115234,0.0,698015
2019-07-08,57.65999984741211,0.0,58.459999084472656,57.29999923706055,57.77000045776367,0.0,540861
2019-07-09,57.83000183105469,0.0,59.099998474121094,57.290000915527344,57.560001373291016,0.0,551872
2019-07-10,60.43000030517578,0.0,60.529998779296875,58.349998474121094,58.400001525878906,0.0,690656
2019-07-11,60.20000076293945,0.0,60.939998626708984,60.13999938964844,60.439998626708984,0.0,573019
2019-07-12,60.209999084472656,0.0,60.7400016784668,59.93000030517578,60.459999084472656,0.0,469029
2019-07-15,59.58000183105469,0.0,60.91999816894531,59.20000076293945,60.25,0.0,566818
2019-07-16,57.619998931884766,0.0,60.060001373291016,57.06999969482422,59.2599983215332,0.0,712540
2019-07-17,56.779998779296875,0.0,58.36000061035156,56.209999084472656,57.52000045776367,0.0,504432
2019-07-18,55.29999923706055,0.0,57.31999969482422,54.720001220703125,56.599998474121094,0.0,215361
2019-07-19,55.630001068115234,0.0,56.36000061035156,54.9900016784668,55.720001220703125,0.0,105217
2019-07-22,56.220001220703125,0.0,56.84000015258789,55.720001220703125,56.220001220703125,0.0,619483
2019-07-23,56.77000045776367,0.0,57.470001220703125,55.7400016784668,56.16999816894531,0.0,521876
2019-07-24,55.880001068115234,0.0,57.63999938964844,55.33000183105469,57.22999954223633,0.0,745248
2019-07-25,56.02000045776367,0.0,56.9900016784668,55.810001373291016,55.900001525878906,0.0,559282
2019-07-26,56.20000076293945,0.0,56.56999969482422,55.68000030517578,55.93000030517578,0.0,476785
2019-07-29,56.869998931884766,0.0,57.099998474121094,55.810001373291016,56.20000076293945,0.0,529742
2019-07-30,58.04999923706055,0.0,58.470001220703125,56.959999084472656,57.06999969482422,0.0,547401
2019-07-31,58.58000183105469,0.0,58.81999969482422,57.810001373291016,58.34000015258789,0.0,614001
2019-08-01,53.95000076293945,0.0,57.9900016784668,53.59000015258789,57.849998474121094,0.0,886748
2019-08-02,55.65999984741211,0.0,56.04999923706055,54.150001525878906,54.540000915527344,0.0,739810
2019-08-05,54.689998626708984,0.0,55.61000061035156,54.220001220703125,55.380001068115234,0.0,823844
2019-08-06,53.630001068115234,0.0,55.41999816894531,53.290000915527344,54.95000076293945,0.0,682794
2019-08-07,51.09000015258789,0.0,53.77000045776367,50.52000045776367,53.41999816894531,0.0,1063214
2019-08-08,52.540000915527344,0.0,53.060001373291016,51.939998626708984,52.33000183105469,0.0,724762
2019-08-09,54.5,0.0,54.91999816894531,52.369998931884766,52.880001068115234,0.0,726386
2019-08-12,54.93000030517578,0.0,55.18000030517578,53.540000915527344,54.31999969482422,0.0,611027
2019-08-13,57.099998474121094,0.0,57.470001220703125,54.209999084472656,54.72999954223633,0.0,783486
2019-08-14,55.22999954223633,0.0,56.849998474121094,53.970001220703125,56.7400016784668,0.0,718293
2019-08-15,54.470001220703125,0.0,55.33000183105469,53.77000045776367,54.900001525878906,0.0,527866
2019-08-16,54.869998931884766,0.0,55.66999816894531,54.2599983215332,54.7400016784668,0.0,168345
2019-08-19,56.209999084472656,0.0,56.40999984741211,54.84000015258789,54.959999084472656,0.0,113571
2019-08-20,56.34000015258789,0.0,56.599998474121094,55.279998779296875,56.099998474121094,0.0,659258
2019-08-21,55.68000030517578,0.0,57.130001068115234,55.54999923706055,56.04999923706055,0.0,704035
2019-08-22,55.349998474121094,0.0,56.459999084472656,54.849998474121094,55.939998626708984,0.0,621573
2019-08-23,54.16999816894531,0.0,55.599998474121094,53.2400016784668,55.349998474121094,0.0,807151
2019-08-26,53.63999938964844,0.0,55.2599983215332,52.959999084472656,53.25,0.0,679022
2019-08-27,54.93000030517578,0.0,55.720001220703125,53.689998626708984,53.7599983215332,0.0,596624
2019-08-28,55.779998779296875,0.0,56.75,55.34000015258789,55.709999084472656,0.0,674048
2019-08-29,56.709999084472656,0.0,56.88999938964844,55.43000030517578,55.880001068115234,0.0,630760
2019-08-30,55.099998474121094,0.0,56.720001220703125,54.54999923706055,56.630001068115234,0.0,708268
2019-09-03,53.939998626708984,0.0,55.2400016784668,52.84000015258789,55.0,0.0,970804
2019-09-04,56.2599983215332,0.0,56.58000183105469,53.84000015258789,53.91999816894531,0.0,682298
2019-09-05,56.29999923706055,0.0,57.7599983215332,55.75,55.95000076293945,0.0,712466
2019-09-06,56.52000045776367,0.0,56.95000076293945,54.83000183105469,56.189998626708984,0.0,714294
2019-09-09,57.849998474121094,0.0,58.15999984741211,56.58000183105469,56.79999923706055,0.0,646993
2019-09-10,57.400001525878906,0.0,58.7599983215332,57.20000076293945,58.029998779296875,0.0,755472
2019-09-11,55.75,0.0,58.29999923706055,55.61000061035156,57.88999938964844,0.0,858772
2019-09-12,55.09000015258789,0.0,56.34000015258789,54.0,55.93000030517578,0.0,845977
2019-09-13,54.849998474121094,0.0,55.68000030517578,54.439998626708984,55.150001525878906,0.0,599470
2019-09-16,62.900001525878906,0.0,63.380001068115234,58.77000045776367,61.47999954223633,0.0,1404916
2019-09-17,59.34000015258789,0.0,62.59000015258789,58.459999084472656,61.959999084472656,0.0,993237
2019-09-18,58.11000061035156,0.0,59.43000030517578,57.66999816894531,58.810001373291016,0.0,216961
2019-09-19,58.130001068115234,0.0,59.540000915527344,58.0099983215332,58.20000076293945,0.0,112327
2019-09-20,58.09000015258789,0.0,59.099998474121094,57.790000915527344,58.650001525878906,0.0,576019
2019-09-23,58.63999938964844,0.0,59.38999938964844,57.369998931884766,59.25,0.0,526785
2019-09-24,57.290000915527344,0.0,58.4900016784668,56.689998626708984,58.439998626708984,0.0,591529
2019-09-25,56.4900016784668,0.0,57.02000045776367,55.54999923706055,56.70000076293945,0.0,563550
2019-09-26,56.40999984741211,0.0,56.84000015258789,55.40999984741211,56.689998626708984,0.0,599653
2019-09-27,55.90999984741211,0.0,56.7599983215332,54.75,56.5099983215332,0.0,712966
2019-09-30,54.06999969482422,0.0,56.56999969482422,53.97999954223633,56.540000915527344,0.0,532522
2019-10-01,53.619998931884766,0.0,54.84000015258789,53.04999923706055,54.279998779296875,0.0,589176
2019-10-02,52.63999938964844,0.0,54.41999816894531,52.16999816894531,54.0,0.0,590306
2019-10-03,52.45000076293945,0.0,52.90999984741211,50.9900016784668,52.470001220703125,0.0,642466
2019-10-04,52.810001373291016,0.0,53.349998474121094,52.040000915527344,52.290000915527344,0.0,541104
2019-10-07,52.75,0.0,54.060001373291016,52.59000015258789,52.689998626708984,0.0,549019
2019-10-08,52.630001068115234,0.0,53.27000045776367,51.810001373291016,52.810001373291016,0.0,658324
2019-10-09,52.59000015258789,0.0,53.7400016784668,52.310001373291016,52.56999969482422,0.0,632666
2019-10-10,53.54999923706055,0.0,53.970001220703125,51.380001068115234,52.689998626708984,0.0,613944
2019-10-11,54.70000076293945,0.0,54.93000030517578,53.63999938964844,53.880001068115234,0.0,467643
2019-10-14,53.59000015258789,0.0,54.900001525878906,52.77000045776367,54.900001525878906,0.0,467643
2019-10-15,52.810001373291016,0.0,53.790000915527344,52.38999938964844,53.5099983215332,0.0,511249
2019-10-16,53.36000061035156,0.0,53.7400016784668,52.52000045776367,52.91999816894531,0.0,451643
2019-10-17,53.93000030517578,0.0,54.15999984741211,52.619998931884766,52.9900016784668,0.0,418422
2019-10-18,53.779998779296875,0.0,54.619998931884766,53.349998474121094,54.09000015258789,0.0,174477
2019-10-21,53.310001373291016,0.0,54.029998779296875,52.709999084472656,53.709999084472656,0.0,95979
2019-10-22,54.15999984741211,0.0,54.619998931884766,53.099998474121094,53.38999938964844,0.0,506573
2019-10-23,55.970001220703125,0.0,56.06999969482422,53.619998931884766,54.29999923706055,0.0,620202
2019-10-24,56.22999954223633,0.0,56.5099983215332,55.40999984741211,55.900001525878906,0.0,480764
2019-10-25,56.65999984741211,0.0,56.7400016784668,55.599998474121094,56.06999969482422,0.0,445020
2019-10-28,55.810001373291016,0.0,56.91999816894531,55.58000183105469,56.650001525878906,0.0,437020
2019-10-29,55.540000915527344,0.0,55.90999984741211,54.61000061035156,55.79999923706055,0.0,521457
2019-10-30,55.060001373291016,0.0,55.72999954223633,54.41999816894531,55.529998779296875,0.0,659328
2019-10-31,54.18000030517578,0.0,55.59000015258789,53.709999084472656,54.900001525878906,0.0,677419
2019-11-01,56.20000076293945,0.0,56.33000183105469,54.06999969482422,54.150001525878906,0.0,538117
2019-11-04,56.540000915527344,0.0,57.43000030517578,55.83000183105469,56.40999984741211,0.0,580350
2019-11-05,57.22999954223633,0.0,57.5,56.29999923706055,56.560001373291016,0.0,435319
2019-11-06,56.349998474121094,0.0,57.849998474121094,56.11000061035156,57.2599983215332,0.0,623258
2019-11-07,57.150001525878906,0.0,57.880001068115234,56.27000045776367,56.349998474121094,0.0,678165
2019-11-08,57.2400016784668,0.0,57.47999954223633,55.7599983215332,57.08000183105469,0.0,636941
2019-11-11,56.86000061035156,0.0,57.400001525878906,56.25,57.400001525878906,0.0,498981
2019-11-12,56.79999923706055,0.0,57.54999923706055,56.540000915527344,56.88999938964844,0.0,586568
2019-11-13,57.119998931884766,0.0,57.529998779296875,56.20000076293945,56.790000915527344,0.0,547635
2019-11-14,56.77000045776367,0.0,57.790000915527344,56.630001068115234,57.38999938964844,0.0,516832
2019-11-15,57.720001220703125,0.0,57.970001220703125,56.43000030517578,56.90999984741211,0.0,375993
2019-11-18,57.04999923706055,0.0,58.09000015258789,56.54999923706055,57.880001068115234,0.0,159328
2019-11-19,55.209999084472656,0.0,57.11000061035156,55.040000915527344,56.900001525878906,0.0,121214
2019-11-20,57.11000061035156,0.0,57.25,54.7599983215332,55.15999984741211,0.0,674891
2019-11-21,58.58000183105469,0.0,58.66999816894531,56.599998474121094,57.0,0.0,593533
2019-11-22,57.77000045776367,0.0,58.7400016784668,57.5,58.310001373291016,0.0,508244
2019-11-25,58.0099983215332,0.0,58.150001525878906,57.209999084472656,57.91999816894531,0.0,420642
2019-11-26,58.40999984741211,0.0,58.560001373291016,57.7599983215332,57.91999816894531,0.0,443816
2019-11-27,58.11000061035156,0.0,58.68000030517578,57.5099983215332,58.27000045776367,0.0,454256
2019-11-29,55.16999816894531,0.0,58.29999923706055,55.02000045776367,58.130001068115234,0.0,718724
2019-12-02,55.959999084472656,0.0,56.66999816894531,55.41999816894531,55.470001220703125,0.0,616423
2019-12-03,56.099998474121094,0.0,56.79999923706055,55.349998474121094,55.959999084472656,0.0,560554
2019-12-04,58.43000030517578,0.0,58.65999984741211,56.279998779296875,56.43000030517578,0.0,760541
2019-12-05,58.43000030517578,0.0,59.119998931884766,58.099998474121094,58.36000061035156,0.0,649461
2019-12-06,59.20000076293945,0.0,59.849998474121094,57.70000076293945,58.31999969482422,0.0,679609
2019-12-09,59.02000045776367,0.0,59.25,58.22999954223633,59.11000061035156,0.0,511561
2019-12-10,59.2400016784668,0.0,59.52000045776367,58.52000045776367,58.91999816894531,0.0,566822
2019-12-11,58.7599983215332,0.0,59.220001220703125,58.11000061035156,59.060001373291016,0.0,589650
2019-12-12,59.18000030517578,0.0,59.720001220703125,58.75,58.880001068115234,0.0,530851
2019-12-13,60.06999969482422,0.0,60.47999954223633,59.27000045776367,59.36000061035156,0.0,512288
2019-12-16,60.209999084472656,0.0,60.34000015258789,59.709999084472656,59.869998931884766,0.0,347395
2019-12-17,60.939998626708984,0.0,61.060001373291016,60.029998779296875,60.22999954223633,0.0,163744
2019-12-18,60.93000030517578,0.0,61.18000030517578,60.31999969482422,60.54999923706055,0.0,131071
2019-12-19,61.220001220703125,0.0,61.470001220703125,60.790000915527344,60.86000061035156,0.0,426341
2019-12-20,60.439998626708984,0.0,61.20000076293945,60.02000045776367,61.11000061035156,0.0,552517
2019-12-23,60.52000045776367,0.0,60.77000045776367,60.099998474121094,60.40999984741211,0.0,314711
2019-12-24,61.11000061035156,0.0,61.15999984741211,60.470001220703125,60.630001068115234,0.0,204535
2019-12-26,61.68000030517578,0.0,61.83000183105469,61.060001373291016,61.20000076293945,0.0,265091
2019-12-27,61.720001220703125,0.0,61.970001220703125,61.2400016784668,61.72999954223633,0.0,351899
2019-12-30,61.68000030517578,0.0,62.34000015258789,61.09000015258789,61.709999084472656,0.0,427149
2019-12-31,61.060001373291016,0.0,61.880001068115234,60.630001068115234,61.68000030517578,0.0,494535
2020-01-02,61.18000030517578,0.0,61.599998474121094,60.63999938964844,61.599998474121094,0.0,486873
2020-01-03,63.04999923706055,0.0,64.08999633789062,61.130001068115234,61.18000030517578,0.0,885861
2020-01-06,63.27000045776367,0.0,64.72000122070312,62.63999938964844,63.709999084472656,0.0,724236
2020-01-07,62.70000076293945,0.0,63.150001525878906,62.11000061035156,62.90999984741211,0.0,582649
2020-01-08,59.61000061035156,0.0,65.6500015258789,59.150001525878906,62.84000015258789,0.0,1205710
2020-01-09,59.560001373291016,0.0,60.310001373291016,58.65999984741211,59.9900016784668,0.0,750933
2020-01-10,59.040000915527344,0.0,59.779998779296875,58.849998474121094,59.61000061035156,0.0,596186
2020-01-13,58.08000183105469,0.0,59.27000045776367,57.90999984741211,59.040000915527344,0.0,584002
2020-01-14,58.22999954223633,0.0,58.720001220703125,57.720001220703125,58.029998779296875,0.0,507714
2020-01-15,57.810001373291016,0.0,58.36000061035156,57.36000061035156,58.20000076293945,0.0,433169
2020-01-16,58.52000045776367,0.0,58.869998931884766,57.560001373291016,58.099998474121094,0.0,182871
2020-01-17,58.540000915527344,0.0,58.97999954223633,58.27000045776367,58.59000015258789,0.0,122561
2020-01-21,58.34000015258789,0.0,59.72999954223633,57.68000030517578,59.16999816894531,0.0,648335
2020-01-22,56.7400016784668,0.0,58.380001068115234,56.029998779296875,58.2599983215332,0.0,620119
2020-01-23,55.59000015258789,0.0,56.27000045776367,54.77000045776367,56.11000061035156,0.0,703995
2020-01-24,54.189998626708984,0.0,55.95000076293945,53.849998474121094,55.689998626708984,0.0,586195
2020-01-27,53.13999938964844,0.0,53.709999084472656,52.130001068115234,53.70000076293945,0.0,712880
2020-01-28,53.47999954223633,0.0,54.060001373291016,52.68000030517578,52.77000045776367,0.0,633963
2020-01-29,53.33000183105469,0.0,54.369998931884766,52.810001373291016,53.970001220703125,0.0,624979
2020-01-30,52.13999938964844,0.0,53.20000076293945,51.65999984741211,53.09000015258789,0.0,720123
2020-01-31,51.560001373291016,0.0,53.36000061035156,50.970001220703125,52.91999816894531,0.0,827907
2020-02-03,50.11000061035156,0.0,51.970001220703125,49.79999923706055,51.0099983215332,0.0,876044
2020-02-04,49.61000061035156,0.0,51.54999923706055,49.310001373291016,49.939998626708984,0.0,859357
2020-02-05,50.75,0.0,51.880001068115234,49.470001220703125,49.5099983215332,0.0,887946
2020-02-06,50.95000076293945,0.0,52.20000076293945,50.2400016784668,51.16999816894531,0.0,750659
2020-02-07,50.31999969482422,0.0,51.47999954223633,50.09000015258789,51.11000061035156,0.0,768345
2020-02-10,49.56999969482422,0.0,50.4900016784668,49.41999816894531,50.119998931884766,0.0,715894
2020-02-11,49.939998626708984,0.0,50.689998626708984,49.58000183105469,49.61000061035156,0.0,725733
2020-02-12,51.16999816894531,0.0,51.72999954223633,49.95000076293945,49.959999084472656,0.0,795256
2020-02-13,51.41999816894531,0.0,51.959999084472656,50.599998474121094,51.720001220703125,0.0,745400
2020-02-14,52.04999923706055,0.0,52.34000015258789,51.31999969482422,51.5099983215332,0.0,607343
2020-02-18,52.04999923706055,0.0,52.40999984741211,50.880001068115234,52.22999954223633,0.0,221774
2020-02-19,53.290000915527344,0.0,53.65999984741211,51.93000030517578,52.119998931884766,0.0,113683
2020-02-20,53.779998779296875,0.0,54.5,53.220001220703125,53.5,0.0,676179
2020-02-21,53.380001068115234,0.0,53.86000061035156,52.54999923706055,53.7400016784668,0.0,707555
2020-02-24,51.43000030517578,0.0,52.63999938964844,50.45000076293945,52.599998474121094,0.0,765515
2020-02-25,49.900001525878906,0.0,52.02000045776367,49.689998626708984,51.369998931884766,0.0,764989
2020-02-26,48.72999954223633,0.0,50.439998626708984,48.29999923706055,50.08000183105469,0.0,884482
2020-02-27,47.09000015258789,0.0,48.779998779296875,45.880001068115234,48.630001068115234,0.0,1011915
2020-02-28,44.7599983215332,0.0,47.029998779296875,43.849998474121094,46.4900016784668,0.0,1101659
2020-03-02,46.75,0.0,47.560001373291016,43.31999969482422,43.70000076293945,0.0,949471
2020-03-03,47.18000030517578,0.0,48.65999984741211,46.470001220703125,47.720001220703125,0.0,1011933
2020-03-04,46.779998779296875,0.0,48.40999984741211,46.650001525878906,46.939998626708984,0.0,745856
2020-03-05,45.900001525878906,0.0,47.56999969482422,45.650001525878906,47.130001068115234,0.0,704591
2020-03-06,41.279998779296875,0.0,46.380001068115234,41.04999923706055,46.09000015258789,0.0,1276180
2020-03-09,31.1299991607666,0.0,34.880001068115234,27.34000015258789,32.869998931884766,0.0,1774383
2020-03-10,34.36000061035156,0.0,35.02000045776367,30.200000762939453,30.3700008392334,0.0,1064632
2020-03-11,32.97999954223633,0.0,36.349998474121094,32.560001373291016,34.619998931884766,0.0,874646
2020-03-12,31.5,0.0,33.630001068115234,30.020000457763672,33.06999969482422,0.0,1025036
2020-03-13,31.729999542236328,0.0,33.869998931884766,30.329999923706055,30.770000457763672,0.0,743129
2020-03-16,28.700000762939453,0.0,33.75,28.100000381469727,33.75,0.0,698829
2020-03-17,26.950000762939453,0.0,30.299999237060547,26.6299991607666,28.690000534057617,0.0,545820
2020-03-18,20.3700008392334,0.0,27.219999313354492,20.059999465942383,26.940000534057617,0.0,309481
2020-03-19,25.219999313354492,0.0,27.709999084472656,21.360000610351562,22.299999237060547,0.0,136722
2020-03-20,22.43000030517578,0.0,27.889999389648438,19.459999084472656,24.729999542236328,0.0,1133808
2020-03-23,23.360000610351562,0.0,24.06999969482422,20.799999237060547,22.520000457763672,0.0,852951
2020-03-24,24.010000228881836,0.0,25.15999984741211,23.09000015258789,23.8700008392334,0.0,659697
2020-03-25,24.489999771118164,0.0,25.239999771118164,22.90999984741211,24.3700008392334,0.0,618725
2020-03-26,22.600000381469727,0.0,24.649999618530273,22.3799991607666,24.25,0.0,633877
2020-03-27,21.510000228881836,0.0,23.440000534057617,20.8799991607666,23.290000915527344,0.0,603124
2020-03-30,20.09000015258789,0.0,20.93000030517578,19.270000457763672,20.93000030517578,0.0,758711
2020-03-31,20.479999542236328,0.0,21.889999389648438,20.010000228881836,20.229999542236328,0.0,660082
2020-04-01,20.309999465942383,0.0,21.549999237060547,19.899999618530273,20.100000381469727,0.0,703286
2020-04-02,25.31999969482422,0.0,27.389999389648438,20.760000228881836,21.219999313354492,0.0,1095972
2020-04-03,28.34000015258789,0.0,29.1299991607666,23.520000457763672,24.809999465942383,0.0,1007577
2020-04-06,26.079999923706055,0.0,28.239999771118164,25.280000686645508,26.09000015258789,0.0,752710
2020-04-07,23.6299991607666,0.0,27.239999771118164,23.540000915527344,26.34000015258789,0.0,797707
2020-04-08,25.09000015258789,0.0,26.450000762939453,23.739999771118164,24.299999237060547,0.0,823554
2020-04-09,22.760000228881836,0.0,28.360000610351562,22.56999969482422,26.280000686645508,0.0,1122149
2020-04-13,22.40999984741211,0.0,24.739999771118164,22.030000686645508,24.600000381469727,0.0,775120
2020-04-14,20.110000610351562,0.0,23.079999923706055,19.950000762939453,22.360000610351562,0.0,785478
2020-04-15,19.8700008392334,0.0,20.889999389648438,19.200000762939453,20.719999313354492,0.0,544797
2020-04-16,19.8700008392334,0.0,20.530000686645508,19.420000076293945,20.149999618530273,0.0,350942
2020-04-17,18.270000457763672,0.0,20.219999313354492,17.309999465942383,20.0,0.0,240628
2020-04-20,-37.630001068115234,0.0,17.850000381469727,-40.31999969482422,17.729999542236328,0.0,247947
2020-04-21,10.010000228881836,0.0,13.859999656677246,-16.739999771118164,-14.0,0.0,2288230
2020-04-22,13.779999732971191,0.0,16.18000030517578,10.260000228881836,13.119999885559082,0.0,1235218
2020-04-23,16.5,0.0,18.260000228881836,13.350000381469727,14.199999809265137,0.0,833584
2020-04-24,16.940000534057617,0.0,17.969999313354492,15.640000343322754,16.780000686645508,0.0,600220
2020-04-27,12.779999732971191,0.0,16.979999542236328,11.880000114440918,16.84000015258789,0.0,623201
2020-04-28,12.34000015258789,0.0,13.6899995803833,10.069999694824219,12.960000038146973,0.0,897087
2020-04-29,15.0600004196167,0.0,16.780000686645508,12.670000076293945,13.350000381469727,0.0,554134
2020-04-30,18.84000015258789,0.0,19.440000534057617,15.449999809265137,15.640000343322754,0.0,545344
2020-05-01,19.780000686645508,0.0,20.479999542236328,18.06999969482422,19.040000915527344,0.0,403201
2020-05-04,20.389999389648438,0.0,21.420000076293945,18.049999237060547,19.110000610351562,0.0,311488
2020-05-05,24.559999465942383,0.0,25.489999771118164,21.1299991607666,21.239999771118164,0.0,387240
2020-05-06,23.989999771118164,0.0,26.079999923706055,22.579999923706055,25.520000457763672,0.0,381165
2020-05-07,23.549999237060547,0.0,26.739999771118164,22.940000534057617,24.09000015258789,0.0,310261
2020-05-08,24.739999771118164,0.0,24.989999771118164,23.260000228881836,23.350000381469727,0.0,205181
2020-05-11,24.139999389648438,0.0,25.579999923706055,23.670000076293945,24.489999771118164,0.0,179591
2020-05-12,25.780000686645508,0.0,26.229999542236328,24.219999313354492,24.489999771118164,0.0,212335
2020-05-13,25.290000915527344,0.0,26.450000762939453,24.790000915527344,25.299999237060547,0.0,150864
2020-05-14,27.559999465942383,0.0,27.959999084472656,25.18000030517578,25.559999465942383,0.0,160507
2020-05-15,29.43000030517578,0.0,29.920000076293945,27.239999771118164,27.639999389648438,0.0,108016
2020-05-18,31.81999969482422,0.0,33.31999969482422,29.530000686645508,29.530000686645508,0.0,89376
2020-05-19,32.5,0.0,33.439998626708984,31.34000015258789,32.83000183105469,0.0,430823
2020-05-20,33.4900016784668,0.0,33.779998779296875,31.559999465942383,31.889999389648438,0.0,406431
2020-05-21,33.91999816894531,0.0,34.65999984741211,33.2599983215332,33.529998779296875,0.0,372814
2020-05-22,33.25,0.0,34.0,30.719999313354492,33.95000076293945,0.0,429036
2020-05-26,34.349998474121094,0.0,34.810001373291016,32.47999954223633,33.29999923706055,0.0,466737
2020-05-27,32.810001373291016,0.0,34.31999969482422,31.75,34.13999938964844,0.0,415246
2020-05-28,33.709999084472656,0.0,34.209999084472656,31.139999389648438,32.099998474121094,0.0,440168
2020-05-29,35.4900016784668,0.0,35.77000045776367,32.36000061035156,33.68000030517578,0.0,443647
2020-06-01,35.439998626708984,0.0,35.900001525878906,34.27000045776367,35.209999084472656,0.0,385710
2020-06-02,36.810001373291016,0.0,37.060001373291016,35.279998779296875,35.560001373291016,0.0,343483
2020-06-03,37.290000915527344,0.0,38.18000030517578,35.880001068115234,36.86000061035156,0.0,494253
2020-06-04,37.40999984741211,0.0,37.619998931884766,36.380001068115234,36.7599983215332,0.0,307612
2020-06-05,39.54999923706055,0.0,39.68000030517578,37.04999923706055,37.33000183105469,0.0,396856
2020-06-08,38.189998626708984,0.0,40.439998626708984,37.959999084472656,39.40999984741211,0.0,416639
2020-06-09,38.939998626708984,0.0,39.099998474121094,37.06999969482422,38.220001220703125,0.0,396033
2020-06-10,39.599998474121094,0.0,39.90999984741211,37.72999954223633,38.5,0.0,385868
2020-06-11,36.34000015258789,0.0,39.09000015258789,35.40999984741211,39.09000015258789,0.0,513912
2020-06-12,36.2599983215332,0.0,36.9900016784668,34.47999954223633,36.2599983215332,0.0,406508
2020-06-15,37.119998931884766,0.0,37.2599983215332,34.36000061035156,36.029998779296875,0.0,387546
2020-06-16,38.380001068115234,0.0,39.060001373291016,36.380001068115234,37.04999923706055,0.0,366323
2020-06-17,37.959999084472656,0.0,38.75,37.209999084472656,37.93000030517578,0.0,239516
2020-06-18,38.84000015258789,0.0,38.970001220703125,37.11000061035156,37.7400016784668,0.0,113384
2020-06-19,39.75,0.0,40.4900016784668,38.400001525878906,38.849998474121094,0.0,64113
2020-06-22,40.459999084472656,0.0,40.70000076293945,39.119998931884766,39.18000030517578,0.0,315264
2020-06-23,40.369998931884766,0.0,41.630001068115234,39.7599983215332,40.68000030517578,0.0,368730
2020-06-24,38.0099983215332,0.0,40.540000915527344,37.310001373291016,39.9900016784668,0.0,499490
2020-06-25,38.720001220703125,0.0,39.22999954223633,37.08000183105469,38.04999923706055,0.0,451640
2020-06-26,38.4900016784668,0.0,39.349998474121094,37.790000915527344,39.09000015258789,0.0,356712
2020-06-29,39.70000076293945,0.0,39.88999938964844,37.5,37.959999084472656,0.0,343913
2020-06-30,39.27000045776367,0.0,40.08000183105469,38.849998474121094,39.63999938964844,0.0,370059
2020-07-01,39.81999969482422,0.0,40.58000183105469,39.04999923706055,39.84000015258789,0.0,407170
2020-07-02,40.650001525878906,0.0,40.7400016784668,39.459999084472656,39.779998779296875,0.0,347096
2020-07-06,40.630001068115234,0.0,41.08000183105469,39.84000015258789,40.380001068115234,0.0,373236
2020-07-07,40.619998931884766,0.0,40.95000076293945,39.900001525878906,40.68000030517578,0.0,256596
2020-07-08,40.900001525878906,0.0,41.08000183105469,40.29999923706055,40.47999954223633,0.0,286740
2020-07-09,39.619998931884766,0.0,40.9900016784668,39.27000045776367,40.869998931884766,0.0,367386
2020-07-10,40.54999923706055,0.0,40.77000045776367,38.540000915527344,39.58000183105469,0.0,393149
2020-07-13,40.099998474121094,0.0,40.720001220703125,39.470001220703125,40.349998474121094,0.0,370715
2020-07-14,40.290000915527344,0.0,40.56999969482422,39.06999969482422,39.599998474121094,0.0,426971
2020-07-15,41.20000076293945,0.0,41.2599983215332,40.08000183105469,40.54999923706055,0.0,352542
2020-07-16,40.75,0.0,41.18000030517578,40.52000045776367,40.970001220703125,0.0,200101
2020-07-17,40.59000015258789,0.0,40.900001525878906,40.02000045776367,40.720001220703125,0.0,88220
2020-07-20,40.810001373291016,0.0,40.90999984741211,39.83000183105469,40.63999938964844,0.0,60179
2020-07-21,41.959999084472656,0.0,42.400001525878906,40.63999938964844,40.650001525878906,0.0,389117
2020-07-22,41.900001525878906,0.0,42.029998779296875,41.13999938964844,41.540000915527344,0.0,333647
2020-07-23,41.06999969482422,0.0,42.36000061035156,40.83000183105469,41.95000076293945,0.0,389412
2020-07-24,41.290000915527344,0.0,41.66999816894531,40.65999984741211,41.060001373291016,0.0,353159
2020-07-27,41.599998474121094,0.0,41.81999969482422,40.47999954223633,41.2599983215332,0.0,377714
2020-07-28,41.040000915527344,0.0,41.93000030517578,40.849998474121094,41.650001525878906,0.0,276804
2020-07-29,41.27000045776367,0.0,41.56999969482422,40.93000030517578,41.130001068115234,0.0,295855
2020-07-30,39.91999816894531,0.0,41.38999938964844,38.720001220703125,41.31999969482422,0.0,487325
2020-07-31,40.27000045776367,0.0,40.54999923706055,39.65999984741211,40.34000015258789,0.0,318788
2020-08-03,41.0099983215332,0.0,41.2400016784668,39.58000183105469,40.38999938964844,0.0,338326
2020-08-04,41.70000076293945,0.0,42.08000183105469,40.13999938964844,40.779998779296875,0.0,451575
2020-08-05,42.189998626708984,0.0,43.52000045776367,41.470001220703125,41.560001373291016,0.0,491268
2020-08-06,41.95000076293945,0.0,42.650001525878906,41.61000061035156,42.189998626708984,0.0,359610
2020-08-07,41.220001220703125,0.0,42.220001220703125,41.060001373291016,41.970001220703125,0.0,398997
2020-08-10,41.939998626708984,0.0,42.33000183105469,41.16999816894531,41.5,0.0,367796
2020-08-11,41.61000061035156,0.0,42.939998626708984,41.47999954223633,41.97999954223633,0.0,432843
2020-08-12,42.66999816894531,0.0,42.900001525878906,41.529998779296875,41.619998931884766,0.0,397831
2020-08-13,42.2400016784668,0.0,42.84000015258789,42.09000015258789,42.56999969482422,0.0,329507
2020-08-14,42.0099983215332,0.0,42.56999969482422,41.619998931884766,42.33000183105469,0.0,310866
2020-08-17,42.88999938964844,0.0,42.970001220703125,41.79999923706055,42.2400016784668,0.0,208429
2020-08-18,42.88999938964844,0.0,42.9900016784668,42.11000061035156,42.790000915527344,0.0,111628
2020-08-19,42.93000030517578,0.0,43.029998779296875,42.36000061035156,42.599998474121094,0.0,81299
2020-08-20,42.58000183105469,0.0,42.790000915527344,41.5,42.7400016784668,0.0,377070
2020-08-21,42.34000015258789,0.0,42.959999084472656,41.459999084472656,42.75,0.0,345368
2020-08-24,42.619998931884766,0.0,42.88999938964844,42.22999954223633,42.47999954223633,0.0,294731
2020-08-25,43.349998474121094,0.0,43.56999969482422,42.310001373291016,42.36000061035156,0.0,330800
2020-08-26,43.38999938964844,0.0,43.779998779296875,43.0,43.38999938964844,0.0,262243
2020-08-27,43.040000915527344,0.0,43.5,42.36000061035156,43.45000076293945,0.0,320968
2020-08-28,42.970001220703125,0.0,43.41999816894531,42.689998626708984,42.97999954223633,0.0,272800
2020-08-31,42.61000061035156,0.0,43.56999969482422,42.560001373291016,42.90999984741211,0.0,236877
2020-09-01,42.7599983215332,0.0,43.43000030517578,42.720001220703125,42.83000183105469,0.0,285146
2020-09-02,41.5099983215332,0.0,43.209999084472656,41.22999954223633,43.02000045776367,0.0,421771
2020-09-03,41.369998931884766,0.0,41.790000915527344,40.220001220703125,41.630001068115234,0.0,417634
2020-09-04,39.77000045776367,0.0,41.869998931884766,39.349998474121094,41.25,0.0,444184
2020-09-08,36.7599983215332,0.0,39.59000015258789,36.130001068115234,39.47999954223633,0.0,720975
2020-09-09,38.04999923706055,0.0,38.45000076293945,36.15999984741211,36.790000915527344,0.0,455356
2020-09-10,37.29999923706055,0.0,38.18000030517578,36.93000030517578,37.79999923706055,0.0,367555
2020-09-11,37.33000183105469,0.0,37.81999969482422,36.66999816894531,37.0099983215332,0.0,363787
2020-09-14,37.2599983215332,0.0,37.68000030517578,36.81999969482422,37.31999969482422,0.0,347563
2020-09-15,38.279998779296875,0.0,38.56999969482422,37.060001373291016,37.279998779296875,0.0,348861
2020-09-16,40.15999984741211,0.0,40.34000015258789,38.349998474121094,38.349998474121094,0.0,367612
2020-09-17,40.970001220703125,0.0,41.220001220703125,39.41999816894531,40.189998626708984,0.0,280669
2020-09-18,41.11000061035156,0.0,41.4900016784668,40.29999923706055,40.970001220703125,0.0,85906
2020-09-21,39.310001373291016,0.0,41.27000045776367,38.65999984741211,40.97999954223633,0.0,66195
2020-09-22,39.599998474121094,0.0,40.02000045776367,39.0,39.630001068115234,0.0,287807
2020-09-23,39.93000030517578,0.0,40.75,39.2599983215332,39.7599983215332,0.0,318754
2020-09-24,40.310001373291016,0.0,40.369998931884766,39.119998931884766,39.599998474121094,0.0,269992
2020-09-25,40.25,0.0,40.63999938964844,39.709999084472656,40.150001525878906,0.0,229025
2020-09-28,40.599998474121094,0.0,40.79999923706055,39.779998779296875,40.06999969482422,0.0,226425
2020-09-29,39.290000915527344,0.0,40.70000076293945,38.40999984741211,40.58000183105469,0.0,379599
2020-09-30,40.220001220703125,0.0,40.369998931884766,38.68000030517578,39.15999984741211,0.0,340294
2020-10-01,38.720001220703125,0.0,40.470001220703125,37.61000061035156,39.900001525878906,0.0,443442
2020-10-02,37.04999923706055,0.0,38.650001525878906,36.630001068115234,38.599998474121094,0.0,391428
2020-10-05,39.220001220703125,0.0,39.720001220703125,37.0,37.0,0.0,378579
2020-10-06,40.66999816894531,0.0,40.86000061035156,39.099998474121094,39.349998474121094,0.0,400531
2020-10-07,39.95000076293945,0.0,40.349998474121094,39.279998779296875,39.83000183105469,0.0,433065
2020-10-08,41.189998626708984,0.0,41.33000183105469,39.7599983215332,39.9900016784668,0.0,409787
2020-10-09,40.599998474121094,0.0,41.470001220703125,40.380001068115234,41.310001373291016,0.0,331703
2020-10-12,39.43000030517578,0.0,40.45000076293945,39.040000915527344,40.400001525878906,0.0,322035
2020-10-13,40.20000076293945,0.0,40.529998779296875,39.349998474121094,39.529998779296875,0.0,375470
2020-10-14,41.040000915527344,0.0,41.15999984741211,39.81999969482422,40.189998626708984,0.0,328295
2020-10-15,40.959999084472656,0.0,41.290000915527344,39.220001220703125,41.130001068115234,0.0,248251
2020-10-16,40.880001068115234,0.0,41.04999923706055,40.08000183105469,40.880001068115234,0.0,96488
2020-10-19,40.83000183105469,0.0,41.220001220703125,40.540000915527344,40.689998626708984,0.0,75335
2020-10-20,41.459999084472656,0.0,41.70000076293945,40.25,40.650001525878906,0.0,360574
2020-10-21,40.029998779296875,0.0,41.59000015258789,39.779998779296875,41.220001220703125,0.0,366899
2020-10-22,40.63999938964844,0.0,41.02000045776367,39.709999084472656,40.040000915527344,0.0,307494
2020-10-23,39.849998474121094,0.0,40.91999816894531,39.56999969482422,40.61000061035156,0.0,268931
2020-10-26,38.560001373291016,0.0,39.7400016784668,38.279998779296875,39.689998626708984,0.0,360184
2020-10-27,39.56999969482422,0.0,39.83000183105469,38.5099983215332,38.59000015258789,0.0,339535
2020-10-28,37.38999938964844,0.0,39.0099983215332,36.970001220703125,38.970001220703125,0.0,489954
2020-10-29,36.16999816894531,0.0,37.7599983215332,34.91999816894531,37.38999938964844,0.0,568816
2020-10-30,35.790000915527344,0.0,36.599998474121094,35.209999084472656,36.06999969482422,0.0,388971
2020-11-02,36.810001373291016,0.0,37.150001525878906,33.63999938964844,35.2400016784668,0.0,489204
2020-11-03,37.65999984741211,0.0,38.31999969482422,36.56999969482422,37.029998779296875,0.0,410611
2020-11-04,39.150001525878906,0.0,39.25,37.2599983215332,38.150001525878906,0.0,437000
2020-11-05,38.790000915527344,0.0,39.349998474121094,38.27000045776367,39.16999816894531,0.0,298366
2020-11-06,37.13999938964844,0.0,38.61000061035156,37.060001373291016,38.540000915527344,0.0,411026
2020-11-09,40.290000915527344,0.0,41.33000183105469,37.15999984741211,37.34000015258789,0.0,622921
2020-11-10,41.36000061035156,0.0,41.84000015258789,39.40999984741211,39.90999984741211,0.0,457045
2020-11-11,41.45000076293945,0.0,43.060001373291016,41.31999969482422,41.790000915527344,0.0,443772
2020-11-12,41.119998931884766,0.0,42.189998626708984,40.869998931884766,41.470001220703125,0.0,401031
2020-11-13,40.130001068115234,0.0,40.939998626708984,40.060001373291016,40.939998626708984,0.0,338187
2020-11-16,41.34000015258789,0.0,42.09000015258789,40.150001525878906,40.16999816894531,0.0,378785
2020-11-17,41.43000030517578,0.0,41.689998626708984,40.56999969482422,41.439998626708984,0.0,243677
2020-11-18,41.81999969482422,0.0,42.459999084472656,41.08000183105469,41.349998474121094,0.0,107013
2020-11-19,41.7400016784668,0.0,41.97999954223633,41.08000183105469,41.61000061035156,0.0,88144
2020-11-20,42.150001525878906,0.0,42.31999969482422,41.5099983215332,41.70000076293945,0.0,276340
2020-11-23,43.060001373291016,0.0,43.36000061035156,42.290000915527344,42.459999084472656,0.0,300717
2020-11-24,44.90999984741211,0.0,45.20000076293945,42.81999969482422,42.84000015258789,0.0,418527
2020-11-25,45.709999084472656,0.0,46.2599983215332,44.72999954223633,44.81999969482422,0.0,417182
2020-11-27,45.529998779296875,0.0,46.09000015258789,44.54999923706055,45.900001525878906,0.0,365128
2020-11-30,45.34000015258789,0.0,45.79999923706055,44.41999816894531,45.34000015258789,0.0,370755
2020-12-01,44.54999923706055,0.0,45.70000076293945,44.119998931884766,45.08000183105469,0.0,314919
2020-12-02,45.279998779296875,0.0,45.91999816894531,43.91999816894531,44.380001068115234,0.0,368854
2020-12-03,45.63999938964844,0.0,45.84000015258789,44.65999984741211,44.9900016784668,0.0,350768
2020-12-04,46.2599983215332,0.0,46.68000030517578,45.61000061035156,45.63999938964844,0.0,335453
2020-12-07,45.7599983215332,0.0,46.540000915527344,45.36000061035156,46.150001525878906,0.0,348871
2020-12-08,45.599998474121094,0.0,45.93000030517578,45.13999938964844,45.65999984741211,0.0,332641
2020-12-09,45.52000045776367,0.0,46.2400016784668,44.95000076293945,45.599998474121094,0.0,434976
2020-12-10,46.779998779296875,0.0,47.7400016784668,45.52000045776367,45.689998626708984,0.0,447529
2020-12-11,46.56999969482422,0.0,47.290000915527344,46.34000015258789,46.970001220703125,0.0,367305
2020-12-14,46.9900016784668,0.0,47.439998626708984,45.689998626708984,46.72999954223633,0.0,403543
2020-12-15,47.619998931884766,0.0,47.72999954223633,46.540000915527344,46.9900016784668,0.0,311169
2020-12-16,47.81999969482422,0.0,47.939998626708984,47.16999816894531,47.599998474121094,0.0,275331
2020-12-17,48.36000061035156,0.0,48.59000015258789,47.810001373291016,47.849998474121094,0.0,96536
2020-12-18,49.099998474121094,0.0,49.279998779296875,48.099998474121094,48.43000030517578,0.0,83711
2020-12-21,47.7400016784668,0.0,48.61000061035156,46.18000030517578,48.540000915527344,0.0,478098
2020-12-22,47.02000045776367,0.0,47.959999084472656,46.599998474121094,47.93000030517578,0.0,295737
2020-12-23,48.119998931884766,0.0,48.5,46.15999984741211,46.790000915527344,0.0,344306
2020-12-24,48.22999954223633,0.0,48.619998931884766,47.560001373291016,48.09000015258789,0.0,167390
2020-12-28,47.619998931884766,0.0,48.959999084472656,47.5,48.22999954223633,0.0,238462
2020-12-29,48.0,0.0,48.349998474121094,47.68000030517578,47.720001220703125,0.0,213778
2020-12-30,48.400001525878906,0.0,48.65999984741211,47.61000061035156,48.130001068115234,0.0,266957
2020-12-31,48.52000045776367,0.0,48.58000183105469,47.77000045776367,48.349998474121094,0.0,181894
2021-01-04,47.619998931884766,0.0,49.83000183105469,47.18000030517578,48.400001525878906,0.0,528525
2021-01-05,49.93000030517578,0.0,50.20000076293945,47.2400016784668,47.380001068115234,0.0,643191
2021-01-06,50.630001068115234,0.0,50.939998626708984,49.47999954223633,49.81999969482422,0.0,509365
2021-01-07,50.83000183105469,0.0,51.279998779296875,50.38999938964844,50.529998779296875,0.0,369292
2021-01-08,52.2400016784668,0.0,52.75,50.810001373291016,50.93000030517578,0.0,499416
2021-01-11,52.25,0.0,52.70000076293945,51.5,52.58000183105469,0.0,394822
2021-01-12,53.209999084472656,0.0,53.45000076293945,52.06999969482422,52.18000030517578,0.0,400200
2021-01-13,52.90999984741211,0.0,53.93000030517578,52.58000183105469,53.310001373291016,0.0,429898
2021-01-14,53.56999969482422,0.0,53.75,52.2400016784668,52.84000015258789,0.0,390087
2021-01-15,52.36000061035156,0.0,53.83000183105469,51.83000183105469,53.79999923706055,0.0,165668
2021-01-19,52.97999954223633,0.0,53.130001068115234,51.7599983215332,52.0,0.0,125964
2021-01-20,53.2400016784668,0.0,53.790000915527344,53.04999923706055,53.130001068115234,0.0,400301
2021-01-21,53.130001068115234,0.0,53.40999984741211,52.75,52.93000030517578,0.0,352397
2021-01-22,52.27000045776367,0.0,53.15999984741211,51.439998626708984,53.099998474121094,0.0,437484
2021-01-25,52.77000045776367,0.0,52.95000076293945,51.81999969482422,52.16999816894531,0.0,349076
2021-01-26,52.61000061035156,0.0,53.25,52.290000915527344,52.90999984741211,0.0,314538
2021-01-27,52.849998474121094,0.0,53.29999923706055,51.849998474121094,52.7599983215332,0.0,442376
2021-01-28,52.34000015258789,0.0,53.58000183105469,52.040000915527344,52.650001525878906,0.0,411406
2021-01-29,52.20000076293945,0.0,53.25,51.93000030517578,52.150001525878906,0.0,410914
2021-02-01,53.54999923706055,0.0,53.7400016784668,51.63999938964844,51.9900016784668,0.0,416067
2021-02-02,54.7599983215332,0.0,55.2599983215332,53.45000076293945,53.47999954223633,0.0,463718
2021-02-03,55.689998626708984,0.0,56.33000183105469,54.810001373291016,55.04999923706055,0.0,448693
2021-02-04,56.22999954223633,0.0,56.58000183105469,55.29999923706055,55.959999084472656,0.0,381404
2021-02-05,56.849998474121094,0.0,57.290000915527344,56.43000030517578,56.459999084472656,0.0,400833
2021-02-08,57.970001220703125,0.0,58.13999938964844,57.0,57.060001373291016,0.0,399724
2021-02-09,58.36000061035156,0.0,58.619998931884766,57.27000045776367,58.11000061035156,0.0,514698
2021-02-10,58.68000030517578,0.0,58.90999984741211,58.08000183105469,58.45000076293945,0.0,457535
2021-02-11,58.2400016784668,0.0,58.709999084472656,57.84000015258789,58.400001525878906,0.0,380445
2021-02-12,59.470001220703125,0.0,59.81999969482422,57.40999984741211,57.939998626708984,0.0,480822
2021-02-16,60.04999923706055,0.0,60.95000076293945,59.33000183105469,59.97999954223633,0.0,602332
2021-02-17,61.13999938964844,0.0,61.72999954223633,59.43000030517578,60.2400016784668,0.0,335419
2021-02-18,60.52000045776367,0.0,62.2599983215332,59.790000915527344,61.68000030517578,0.0,132035
2021-02-19,59.2400016784668,0.0,60.290000915527344,58.59000015258789,60.20000076293945,0.0,102427
2021-02-22,61.4900016784668,0.0,61.84000015258789,58.81999969482422,58.880001068115234,0.0,505773
2021-02-23,61.66999816894531,0.0,63.0,60.66999816894531,62.15999984741211,0.0,570677
2021-02-24,63.220001220703125,0.0,63.5099983215332,60.970001220703125,61.290000915527344,0.0,489933
2021-02-25,63.529998779296875,0.0,63.810001373291016,62.650001525878906,63.38999938964844,0.0,510357
2021-02-26,61.5,0.0,63.56999969482422,61.34000015258789,63.459999084472656,0.0,472723
2021-03-01,60.63999938964844,0.0,62.91999816894531,59.959999084472656,61.95000076293945,0.0,456679
2021-03-02,59.75,0.0,61.209999084472656,59.380001068115234,60.22999954223633,0.0,464133
2021-03-03,61.279998779296875,0.0,61.9900016784668,59.2400016784668,59.54999923706055,0.0,465311
2021-03-04,63.83000183105469,0.0,64.86000061035156,60.52000045776367,61.08000183105469,0.0,694628
2021-03-05,66.08999633789062,0.0,66.41999816894531,63.81999969482422,64.16000366210938,0.0,573168
2021-03-08,65.05000305175781,0.0,67.9800033569336,64.56999969482422,66.68000030517578,0.0,533376
2021-03-09,64.01000213623047,0.0,65.9800033569336,63.630001068115234,64.7300033569336,0.0,554564
2021-03-10,64.44000244140625,0.0,64.95999908447266,63.130001068115234,63.84000015258789,0.0,498488
2021-03-11,66.0199966430664,0.0,66.20999908447266,64.54000091552734,64.69999694824219,0.0,441063
2021-03-12,65.61000061035156,0.0,66.23999786376953,65.41000366210938,65.95999908447266,0.0,321714
2021-03-15,65.38999938964844,0.0,66.4000015258789,64.12999725341797,65.55999755859375,0.0,378009
2021-03-16,64.80000305175781,0.0,65.43000030517578,63.79999923706055,65.33000183105469,0.0,317537
2021-03-17,64.5999984741211,0.0,65.33999633789062,63.599998474121094,64.75,0.0,254724
2021-03-18,60.0,0.0,64.81999969482422,58.20000076293945,64.41999816894531,0.0,143597
2021-03-19,61.41999816894531,0.0,61.720001220703125,58.939998626708984,59.560001373291016,0.0,84171
2021-03-22,61.54999923706055,0.0,61.900001525878906,60.38999938964844,61.54999923706055,0.0,404370
2021-03-23,57.7599983215332,0.0,61.349998474121094,57.25,61.279998779296875,0.0,712317
2021-03-24,61.18000030517578,0.0,61.34000015258789,57.290000915527344,57.400001525878906,0.0,566291
2021-03-25,58.560001373291016,0.0,60.86000061035156,57.439998626708984,60.79999923706055,0.0,580105
2021-03-26,60.970001220703125,0.0,61.36000061035156,58.31999969482422,58.47999954223633,0.0,471996
2021-03-29,61.560001373291016,0.0,61.77000045776367,59.40999984741211,60.93000030517578,0.0,449360
2021-03-30,60.54999923706055,0.0,62.27000045776367,59.939998626708984,61.959999084472656,0.0,388188
2021-03-31,59.15999984741211,0.0,61.16999816894531,58.849998474121094,60.45000076293945,0.0,414162
2021-04-01,61.45000076293945,0.0,61.75,58.86000061035156,59.4900016784668,0.0,605567
2021-04-05,58.650001525878906,0.0,61.5,57.630001068115234,61.5,0.0,438864
2021-04-06,59.33000183105469,0.0,60.900001525878906,58.619998931884766,58.79999923706055,0.0,457348
2021-04-07,59.77000045776367,0.0,60.040000915527344,58.119998931884766,59.2599983215332,0.0,475537
2021-04-08,59.599998474121094,0.0,59.93000030517578,58.81999969482422,59.52000045776367,0.0,419913
2021-04-09,59.31999969482422,0.0,59.95000076293945,59.099998474121094,59.7599983215332,0.0,351436
2021-04-12,59.70000076293945,0.0,60.77000045776367,58.72999954223633,59.349998474121094,0.0,410218
2021-04-13,60.18000030517578,0.0,60.59000015258789,59.63999938964844,59.63999938964844,0.0,349733
2021-04-14,63.150001525878906,0.0,63.439998626708984,60.380001068115234,60.439998626708984,0.0,419813
2021-04-15,63.459999084472656,0.0,63.56999969482422,62.529998779296875,62.83000183105469,0.0,243370
2021-04-16,63.130001068115234,0.0,63.880001068115234,62.83000183105469,63.31999969482422,0.0,87795
2021-04-19,63.380001068115234,0.0,63.630001068115234,62.630001068115234,62.97999954223633,0.0,74384
2021-04-20,62.439998626708984,0.0,64.25,61.5,63.470001220703125,0.0,476046
2021-04-21,61.349998474121094,0.0,62.560001373291016,60.86000061035156,62.38999938964844,0.0,431486
2021-04-22,61.43000030517578,0.0,61.869998931884766,60.61000061035156,61.11000061035156,0.0,344700
2021-04-23,62.13999938964844,0.0,62.43000030517578,61.25,61.650001525878906,0.0,345407
2021-04-26,61.90999984741211,0.0,62.310001373291016,60.65999984741211,62.060001373291016,0.0,366865
2021-04-27,62.939998626708984,0.0,63.29999923706055,61.90999984741211,61.970001220703125,0.0,361536
2021-04-28,63.86000061035156,0.0,64.52999877929688,62.66999816894531,63.040000915527344,0.0,387683
2021-04-29,65.01000213623047,0.0,65.47000122070312,63.650001525878906,63.70000076293945,0.0,384489
2021-04-30,63.58000183105469,0.0,64.94999694824219,63.08000183105469,64.87999725341797,0.0,400515
2021-05-03,64.48999786376953,0.0,64.68000030517578,62.90999984741211,63.63999938964844,0.0,285969
2021-05-04,65.69000244140625,0.0,66.19000244140625,64.29000091552734,64.52999877929688,0.0,370208
2021-05-05,65.62999725341797,0.0,66.76000213623047,64.91999816894531,66.44999694824219,0.0,460066
2021-05-06,64.70999908447266,0.0,65.9800033569336,64.5,65.2699966430664,0.0,389214
2021-05-07,64.9000015258789,0.0,65.23999786376953,63.900001525878906,64.9000015258789,0.0,431417
2021-05-10,64.91999816894531,0.0,65.75,63.95000076293945,65.56999969482422,0.0,448337
2021-05-11,65.27999877929688,0.0,65.5,63.68000030517578,64.9000015258789,0.0,514949
2021-05-12,66.08000183105469,0.0,66.62999725341797,64.97000122070312,65.45999908447266,0.0,508519
2021-05-13,63.81999969482422,0.0,65.80999755859375,63.09000015258789,65.75,0.0,547691
2021-05-14,65.37000274658203,0.0,65.62000274658203,63.33000183105469,63.83000183105469,0.0,383749
2021-05-17,66.2699966430664,0.0,66.43000030517578,64.83000183105469,65.5,0.0,268476
2021-05-18,65.48999786376953,0.0,67.01000213623047,64.11000061035156,66.33000183105469,0.0,167348
2021-05-19,63.36000061035156,0.0,65.3499984741211,61.95000076293945,65.27999877929688,0.0,101902
2021-05-20,62.04999923706055,0.0,63.959999084472656,61.88999938964844,63.38999938964844,0.0,524168
2021-05-21,63.58000183105469,0.0,64.06999969482422,61.560001373291016,61.88999938964844,0.0,530831
2021-05-24,66.05000305175781,0.0,66.13999938964844,63.630001068115234,63.869998931884766,0.0,466647
2021-05-25,66.06999969482422,0.0,66.51000213623047,65.41000366210938,66.0199966430664,0.0,497394
2021-05-26,66.20999908447266,0.0,66.43000030517578,65.25,66.04000091552734,0.0,376207
2021-05-27,66.8499984741211,0.0,66.91999816894531,65.47000122070312,66.16000366210938,0.0,337542
2021-05-28,66.31999969482422,0.0,67.5199966430664,66.16999816894531,66.94999694824219,0.0,390461
2021-06-01,67.72000122070312,0.0,68.87000274658203,66.41000366210938,66.68000030517578,0.0,570985
2021-06-02,68.83000183105469,0.0,69.0,67.77999877929688,67.98999786376953,0.0,332995
2021-06-03,68.80999755859375,0.0,69.4000015258789,68.19000244140625,68.76000213623047,0.0,351367
2021-06-04,69.62000274658203,0.0,69.76000213623047,68.33000183105469,68.91000366210938,0.0,326250
2021-06-07,69.2300033569336,0.0,70.0,68.93000030517578,69.5199966430664,0.0,365621
2021-06-08,70.05000305175781,0.0,70.2699966430664,68.47000122070312,69.29000091552734,0.0,441302
2021-06-09,69.95999908447266,0.0,70.62000274658203,69.45999908447266,70.01000213623047,0.0,410820
2021-06-10,70.29000091552734,0.0,70.6500015258789,68.68000030517578,69.76000213623047,0.0,492464
2021-06-11,70.91000366210938,0.0,71.23999786376953,69.68000030517578,70.0999984741211,0.0,563575
2021-06-14,70.87999725341797,0.0,71.77999877929688,70.6500015258789,70.6500015258789,0.0,319639
2021-06-15,72.12000274658203,0.0,72.48999786376953,70.80999755859375,71.16000366210938,0.0,336035
2021-06-16,72.1500015258789,0.0,72.98999786376953,71.61000061035156,72.44999694824219,0.0,426775
2021-06-17,71.04000091552734,0.0,72.30000305175781,69.7699966430664,71.6500015258789,0.0,373780
2021-06-18,71.63999938964844,0.0,72.16999816894531,70.16000366210938,71.0999984741211,0.0,139584
2021-06-21,73.66000366210938,0.0,73.95999908447266,71.1500015258789,71.5199966430664,0.0,123662
2021-06-22,73.05999755859375,0.0,73.94999694824219,72.94000244140625,73.41000366210938,0.0,498555
2021-06-23,73.08000183105469,0.0,74.25,72.81999969482422,72.91000366210938,0.0,429207
2021-06-24,73.30000305175781,0.0,73.61000061035156,72.31999969482422,73.27999877929688,0.0,334833
2021-06-25,74.05000305175781,0.0,74.18000030517578,72.8499984741211,73.31999969482422,0.0,364721
2021-06-28,72.91000366210938,0.0,74.44999694824219,72.62000274658203,73.98999786376953,0.0,354701
2021-06-29,72.9800033569336,0.0,73.80999755859375,71.97000122070312,72.77999877929688,0.0,321448
2021-06-30,73.47000122070312,0.0,74.13999938964844,72.81999969482422,73.47000122070312,0.0,383626
2021-07-01,75.2300033569336,0.0,76.22000122070312,73.38999938964844,73.5,0.0,615678
2021-07-02,75.16000366210938,0.0,75.62000274658203,74.41000366210938,75.0199966430664,0.0,377531
2021-07-06,73.37000274658203,0.0,76.9800033569336,72.94000244140625,75.3499984741211,0.0,714044
2021-07-07,72.19999694824219,0.0,74.86000061035156,71.06999969482422,73.8499984741211,0.0,607971
2021-07-08,72.94000244140625,0.0,73.26000213623047,70.76000213623047,72.16999816894531,0.0,529690
2021-07-09,74.55999755859375,0.0,74.76000213623047,72.72000122070312,73.26000213623047,0.0,422154
2021-07-12,74.0999984741211,0.0,74.93000030517578,73.16000366210938,74.73999786376953,0.0,397931
2021-07-13,75.25,0.0,75.5199966430664,73.68000030517578,74.18000030517578,0.0,444078
2021-07-14,73.12999725341797,0.0,75.44000244140625,72.20999908447266,75.16999816894531,0.0,528360
2021-07-15,71.6500015258789,0.0,72.95999908447266,71.4000015258789,72.95999908447266,0.0,368679
2021-07-16,71.80999755859375,0.0,72.30000305175781,70.41000366210938,71.4800033569336,0.0,133926
2021-07-19,66.41999816894531,0.0,71.66999816894531,65.62999725341797,71.48999786376953,0.0,82565
2021-07-20,67.41999816894531,0.0,67.6500015258789,65.20999908447266,66.5999984741211,0.0,561629
2021-07-21,70.30000305175781,0.0,70.51000213623047,66.44000244140625,66.44999694824219,0.0,503030
2021-07-22,71.91000366210938,0.0,72.02999877929688,69.86000061035156,70.22000122070312,0.0,435181
2021-07-23,72.06999969482422,0.0,72.20999908447266,71.38999938964844,71.70999908447266,0.0,274778
2021-07-26,71.91000366210938,0.0,72.43000030517578,70.55999755859375,72.18000030517578,0.0,395743
2021-07-27,71.6500015258789,0.0,72.33000183105469,71.08000183105469,72.22000122070312,0.0,333123
2021-07-28,72.38999938964844,0.0,72.5999984741211,71.69999694824219,71.9000015258789,0.0,318911
2021-07-29,73.62000274658203,0.0,73.68000030517578,72.26000213623047,72.4000015258789,0.0,294462
2021-07-30,73.94999694824219,0.0,74.2300033569336,72.93000030517578,73.41000366210938,0.0,303700
2021-08-02,71.26000213623047,0.0,73.94999694824219,70.55000305175781,73.91000366210938,0.0,448200
2021-08-03,70.55999755859375,0.0,71.95999908447266,69.19000244140625,71.5199966430664,0.0,509938
2021-08-04,68.1500015258789,0.0,70.80999755859375,67.8499984741211,70.31999969482422,0.0,582924
2021-08-05,69.08999633789062,0.0,69.3499984741211,67.61000061035156,68.05999755859375,0.0,416331
2021-08-06,68.27999877929688,0.0,70.18000030517578,67.80000305175781,69.13999938964844,0.0,537136
2021-08-09,66.4800033569336,0.0,67.9000015258789,65.1500015258789,67.87999725341797,0.0,598381
2021-08-10,68.29000091552734,0.0,68.9000015258789,66.55999755859375,66.8499984741211,0.0,452126
2021-08-11,69.25,0.0,69.44999694824219,66.66999816894531,68.51000213623047,0.0,513292
2021-08-12,69.08999633789062,0.0,69.62000274658203,68.45999908447266,69.36000061035156,0.0,352465
2021-08-13,68.44000244140625,0.0,69.22000122070312,67.7699966430664,68.91000366210938,0.0,272033
2021-08-16,67.29000091552734,0.0,68.13999938964844,65.7300033569336,68.12999725341797,0.0,334844
2021-08-17,66.58999633789062,0.0,67.72000122070312,66.33000183105469,67.43000030517578,0.0,235303
2021-08-18,65.45999908447266,0.0,67.4800033569336,64.33999633789062,66.58000183105469,0.0,121197
2021-08-19,63.689998626708984,0.0,64.76000213623047,62.630001068115234,64.58000183105469,0.0,88237
2021-08-20,62.31999969482422,0.0,64.0999984741211,62.11000061035156,64.05000305175781,0.0,365009
2021-08-23,65.63999938964844,0.0,66.0,61.7400016784668,61.959999084472656,0.0,397290
2021-08-24,67.54000091552734,0.0,67.80000305175781,65.41000366210938,65.54000091552734,0.0,335888
2021-08-25,68.36000061035156,0.0,68.54000091552734,66.91999816894531,67.62999725341797,0.0,353742
2021-08-26,67.41999816894531,0.0,68.30999755859375,67.0199966430664,68.0,0.0,344286
2021-08-27,68.73999786376953,0.0,69.05000305175781,67.5199966430664,67.75,0.0,326056
2021-08-30,69.20999908447266,0.0,69.63999938964844,67.66999816894531,69.30000305175781,0.0,360797
2021-08-31,68.5,0.0,69.33999633789062,68.16000366210938,69.18000030517578,0.0,325853
2021-09-01,68.58999633789062,0.0,69.23999786376953,67.12000274658203,68.55000305175781,0.0,399497
2021-09-02,69.98999786376953,0.0,70.61000061035156,67.83999633789062,68.29000091552734,0.0,403314
2021-09-03,69.29000091552734,0.0,70.52999877929688,69.05000305175781,69.76000213623047,0.0,313086
2021-09-07,68.3499984741211,0.0,69.4800033569336,67.63999938964844,69.11000061035156,0.0,481704
2021-09-08,69.30000305175781,0.0,69.75,68.30999755859375,68.37000274658203,0.0,389325
2021-09-09,68.13999938964844,0.0,69.88999938964844,67.55999755859375,69.36000061035156,0.0,556451
2021-09-10,69.72000122070312,0.0,69.95999908447266,67.68000030517578,67.97000122070312,0.0,411079
2021-09-13,70.44999694824219,0.0,70.97000122070312,69.51000213623047,69.73999786376953,0.0,390939
2021-09-14,70.45999908447266,0.0,71.22000122070312,69.9800033569336,70.63999938964844,0.0,414231
2021-09-15,72.61000061035156,0.0,73.13999938964844,70.6500015258789,70.76000213623047,0.0,418665
2021-09-16,72.61000061035156,0.0,72.98999786376953,71.52999877929688,72.6500015258789,0.0,298412
2021-09-17,71.97000122070312,0.0,72.72000122070312,71.20999908447266,72.62000274658203,0.0,119933
2021-09-20,70.29000091552734,0.0,72.08000183105469,69.86000061035156,71.91999816894531,0.0,75837
2021-09-21,70.55999755859375,0.0,71.62999725341797,69.66999816894531,70.58999633789062,0.0,393403
2021-09-22,72.2300033569336,0.0,72.30000305175781,70.63999938964844,70.8499984741211,0.0,381061
2021-09-23,73.30000305175781,0.0,73.5,71.61000061035156,71.97000122070312,0.0,403405
2021-09-24,73.9800033569336,0.0,74.2699966430664,72.80999755859375,73.23999786376953,0.0,350382
2021-09-27,75.44999694824219,0.0,75.75,74.16000366210938,74.19000244140625,0.0,417829
2021-09-28,75.29000091552734,0.0,76.66999816894531,74.23999786376953,75.43000030517578,0.0,476143
2021-09-29,74.83000183105469,0.0,75.79000091552734,73.73999786376953,74.37999725341797,0.0,424193
2021-09-30,75.02999877929688,0.0,76.06999969482422,73.13999938964844,74.77999877929688,0.0,583189
2021-10-01,75.87999725341797,0.0,75.98999786376953,74.2300033569336,75.12000274658203,0.0,388996
2021-10-04,77.62000274658203,0.0,78.37999725341797,75.31999969482422,75.9000015258789,0.0,458006
2021-10-05,78.93000030517578,0.0,79.4800033569336,77.47000122070312,77.58000183105469,0.0,449617
2021-10-06,77.43000030517578,0.0,79.77999877929688,76.83000183105469,79.04000091552734,0.0,459055
2021-10-07,78.30000305175781,0.0,78.88999938964844,74.95999908447266,77.0,0.0,545008
2021-10-08,79.3499984741211,0.0,80.11000061035156,78.62999725341797,78.86000061035156,0.0,662010
2021-10-11,80.5199966430664,0.0,82.18000030517578,79.55000305175781,79.58999633789062,0.0,653756
2021-10-12,80.63999938964844,0.0,81.62000274658203,79.47000122070312,80.5,0.0,598181
2021-10-13,80.44000244140625,0.0,81.04000091552734,79.41999816894531,80.58000183105469,0.0,487220
2021-10-14,81.30999755859375,0.0,81.68000030517578,80.37999725341797,80.58999633789062,0.0,399813
2021-10-15,82.27999877929688,0.0,82.66000366210938,81.38999938964844,81.4800033569336,0.0,277953
2021-10-18,82.44000244140625,0.0,83.87000274658203,81.83999633789062,82.5999984741211,0.0,134098
2021-10-19,82.95999908447266,0.0,83.73999786376953,81.80000305175781,82.37000274658203,0.0,82607
2021-10-20,83.87000274658203,0.0,84.25,81.30000305175781,83.33999633789062,0.0,530693
2021-10-21,82.5,0.0,83.95999908447266,80.79000091552734,83.58000183105469,0.0,567503
2021-10-22,83.76000213623047,0.0,84.22000122070312,81.76000213623047,82.61000061035156,0.0,465355
2021-10-25,83.76000213623047,0.0,85.41000366210938,83.38999938964844,83.9800033569336,0.0,568725
2021-10-26,84.6500015258789,0.0,84.87999725341797,82.97000122070312,83.72000122070312,0.0,467716
2021-10-27,82.66000366210938,0.0,84.51000213623047,82.01000213623047,84.38999938964844,0.0,529952
2021-10-28,82.80999755859375,0.0,83.20999908447266,80.58000183105469,82.25,0.0,491585
2021-10-29,83.56999969482422,0.0,83.73999786376953,81.41000366210938,83.08999633789062,0.0,507309
2021-11-01,84.05000305175781,0.0,84.87999725341797,82.73999786376953,83.36000061035156,0.0,412309
2021-11-02,83.91000366210938,0.0,84.41000366210938,82.91999816894531,83.87000274658203,0.0,429608
2021-11-03,80.86000061035156,0.0,83.08000183105469,79.69000244140625,83.06999969482422,0.0,546577
2021-11-04,78.80999755859375,0.0,83.41999816894531,78.25,80.18000030517578,0.0,701119
2021-11-05,81.2699966430664,0.0,81.80000305175781,78.95999908447266,79.37000274658203,0.0,531054
2021-11-08,81.93000030517578,0.0,82.66999816894531,81.05000305175781,81.12999725341797,0.0,393953
2021-11-09,84.1500015258789,0.0,84.62999725341797,81.77999877929688,82.16000366210938,0.0,504832
2021-11-10,81.33999633789062,0.0,84.97000122070312,80.80999755859375,84.52999877929688,0.0,555215
2021-11-11,81.58999633789062,0.0,82.33000183105469,80.19999694824219,81.41000366210938,0.0,475436
2021-11-12,80.79000091552734,0.0,81.62000274658203,79.77999877929688,81.20999908447266,0.0,390304
2021-11-15,80.87999725341797,0.0,81.19999694824219,79.30000305175781,80.66000366210938,0.0,343484
2021-11-16,80.76000213623047,0.0,81.80999755859375,80.02999877929688,80.93000030517578,0.0,325668
2021-11-17,78.36000061035156,0.0,80.69000244140625,77.69000244140625,80.54000091552734,0.0,174471
2021-11-18,79.01000213623047,0.0,79.36000061035156,77.08000183105469,78.33999633789062,0.0,83984
2021-11-19,76.0999984741211,0.0,79.91999816894531,75.37000274658203,78.76000213623047,0.0,623448
2021-11-22,76.75,0.0,77.16000366210938,74.76000213623047,75.75,0.0,465768
2021-11-23,78.5,0.0,78.86000061035156,75.30000305175781,76.45999908447266,0.0,506987
2021-11-24,78.38999938964844,0.0,79.2300033569336,77.9800033569336,78.4800033569336,0.0,328848
2021-11-26,68.1500015258789,0.0,78.6500015258789,67.4000015258789,78.33999633789062,0.0,844630
2021-11-29,69.94999694824219,0.0,72.93000030517578,68.86000061035156,69.2300033569336,0.0,675090
2021-11-30,66.18000030517578,0.0,71.22000122070312,64.43000030517578,70.04000091552734,0.0,722475
2021-12-01,65.56999969482422,0.0,69.48999786376953,64.83999633789062,67.01000213623047,0.0,602447
2021-12-02,66.5,0.0,67.48999786376953,62.43000030517578,65.62999725341797,0.0,668293
2021-12-03,66.26000213623047,0.0,69.22000122070312,65.5999984741211,67.5,0.0,449974
2021-12-06,69.48999786376953,0.0,70.1500015258789,66.72000122070312,67.0199966430664,0.0,401060
2021-12-07,72.05000305175781,0.0,73.02999877929688,69.5199966430664,69.72000122070312,0.0,496528
2021-12-08,72.36000061035156,0.0,73.0,70.91000366210938,71.86000061035156,0.0,464846
2021-12-09,70.94000244140625,0.0,73.33999633789062,70.38999938964844,72.5199966430664,0.0,393205
2021-12-10,71.66999816894531,0.0,72.33000183105469,70.31999969482422,70.68000030517578,0.0,397883
2021-12-13,71.29000091552734,0.0,73.0,70.70999908447266,72.04000091552734,0.0,406604
2021-12-14,70.7300033569336,0.0,72.02999877929688,69.51000213623047,71.12000274658203,0.0,359454
2021-12-15,70.87000274658203,0.0,71.66000366210938,69.38999938964844,70.3499984741211,0.0,294337
2021-12-16,72.37999725341797,0.0,72.98999786376953,71.02999877929688,71.4800033569336,0.0,142541
2021-12-17,70.86000061035156,0.0,72.26000213623047,69.88999938964844,71.91999816894531,0.0,78125
2021-12-20,68.2300033569336,0.0,70.06999969482422,66.04000091552734,70.06999969482422,0.0,492217
2021-12-21,71.12000274658203,0.0,71.55000305175781,68.55999755859375,69.20999908447266,0.0,358779
2021-12-22,72.76000213623047,0.0,73.16000366210938,70.80000305175781,71.2699966430664,0.0,306709
2021-12-23,73.79000091552734,0.0,73.94999694824219,72.2699966430664,73.02999877929688,0.0,270223
2021-12-27,75.56999969482422,0.0,76.08999633789062,72.56999969482422,73.37999725341797,0.0,268490
2021-12-28,75.9800033569336,0.0,76.91999816894531,75.52999877929688,75.97000122070312,0.0,249728
2021-12-29,76.55999755859375,0.0,77.37000274658203,75.36000061035156,76.04000091552734,0.0,283557
2021-12-30,76.98999786376953,0.0,77.44000244140625,75.77999877929688,76.58000183105469,0.0,231163
2021-12-31,75.20999908447266,0.0,77.08000183105469,74.94999694824219,76.66000366210938,0.0,237118
2022-01-03,76.08000183105469,0.0,76.45999908447266,74.2699966430664,75.69000244140625,0.0,317628
2022-01-04,76.98999786376953,0.0,77.63999938964844,75.69999694824219,76.0199966430664,0.0,372848
2022-01-05,77.8499984741211,0.0,78.58000183105469,76.51000213623047,77.18000030517578,0.0,397898
2022-01-06,79.45999908447266,0.0,80.23999786376953,76.7300033569336,77.23999786376953,0.0,476665
2022-01-07,78.9000015258789,0.0,80.47000122070312,78.5199966430664,79.62000274658203,0.0,414434
2022-01-10,78.2300033569336,0.0,79.44999694824219,77.83000183105469,78.87999725341797,0.0,389956
2022-01-11,81.22000122070312,0.0,81.58999633789062,78.36000061035156,78.41999816894531,0.0,481815
2022-01-12,82.63999938964844,0.0,83.0999984741211,81.16999816894531,81.37999725341797,0.0,420619
2022-01-13,82.12000274658203,0.0,82.94000244140625,81.38999938964844,82.81999969482422,0.0,364769
2022-01-14,83.81999969482422,0.0,84.44999694824219,81.58000183105469,81.7300033569336,0.0,364442
2022-01-18,85.43000030517578,0.0,86.62999725341797,83.5,84.31999969482422,0.0,163643
2022-01-19,86.95999908447266,0.0,87.91000366210938,85.7699966430664,86.61000061035156,0.0,113153
2022-01-20,86.9000015258789,0.0,87.81999969482422,86.0,86.2300033569336,0.0,532202
2022-01-21,85.13999938964844,0.0,85.55999755859375,82.77999877929688,84.56999969482422,0.0,509103
2022-01-24,83.30999755859375,0.0,86.08999633789062,81.9000015258789,84.91000366210938,0.0,511695
2022-01-25,85.5999984741211,0.0,85.70999908447266,82.98999786376953,84.1500015258789,0.0,507219
2022-01-26,87.3499984741211,0.0,87.94999694824219,85.01000213623047,85.26000213623047,0.0,459642
2022-01-27,86.61000061035156,0.0,88.54000091552734,86.19999694824219,87.1500015258789,0.0,427804
2022-01-28,86.81999969482422,0.0,88.83999633789062,86.44000244140625,87.5,0.0,436172
2022-01-31,88.1500015258789,0.0,88.38999938964844,86.33999633789062,87.44999694824219,0.0,359080
2022-02-01,88.19999694824219,0.0,88.87000274658203,86.55000305175781,88.1500015258789,0.0,376841
2022-02-02,88.26000213623047,0.0,89.72000122070312,87.0999984741211,88.3499984741211,0.0,456863
2022-02-03,90.2699966430664,0.0,90.44999694824219,86.75,87.9800033569336,0.0,465771
2022-02-04,92.30999755859375,0.0,93.16999816894531,90.06999969482422,90.19000244140625,0.0,410926
2022-02-07,91.31999969482422,0.0,92.7300033569336,90.7300033569336,91.81999969482422,0.0,497754
2022-02-08,89.36000061035156,0.0,91.68000030517578,88.51000213623047,91.63999938964844,0.0,467386
2022-02-09,89.66000366210938,0.0,90.58000183105469,88.41000366210938,89.86000061035156,0.0,445618
2022-02-10,89.87999725341797,0.0,91.73999786376953,89.02999877929688,90.01000213623047,0.0,492091
2022-02-11,93.0999984741211,0.0,94.66000366210938,89.19000244140625,90.0,0.0,554423
2022-02-14,95.45999908447266,0.0,95.81999969482422,92.08999633789062,93.91000366210938,0.0,467071
2022-02-15,92.06999969482422,0.0,95.16999816894531,90.66000366210938,94.83000183105469,0.0,442641
2022-02-16,93.66000366210938,0.0,95.01000213623047,90.0,92.20999908447266,0.0,401453
2022-02-17,91.76000213623047,0.0,93.36000061035156,90.62000274658203,90.9000015258789,0.0,212552
2022-02-18,91.06999969482422,0.0,92.66000366210938,89.02999877929688,91.62999725341797,0.0,150382
2022-02-22,92.3499984741211,0.0,96.0,90.3499984741211,91.75,0.0,789041
2022-02-23,92.0999984741211,0.0,93.9000015258789,90.63999938964844,91.73999786376953,0.0,440574
2022-02-24,92.80999755859375,0.0,100.54000091552734,91.44999694824219,92.5199966430664,0.0,872244
2022-02-25,91.58999633789062,0.0,95.63999938964844,90.05999755859375,93.31999969482422,0.0,523793
2022-02-28,95.72000122070312,0.0,99.0999984741211,94.43000030517578,94.98999786376953,0.0,490796
2022-03-01,103.41000366210938,0.0,106.77999877929688,95.31999969482422,96.08999633789062,0.0,698814
2022-03-02,110.5999984741211,0.0,112.51000213623047,105.18000030517578,107.12000274658203,0.0,651853
2022-03-03,107.66999816894531,0.0,116.56999969482422,106.43000030517578,111.33000183105469,0.0,592031
2022-03-04,115.68000030517578,0.0,116.0199966430664,107.25,107.95999908447266,0.0,493875
2022-03-07,119.4000015258789,0.0,130.5,115.54000091552734,121.33000183105469,0.0,576022
2022-03-08,123.69999694824219,0.0,129.44000244140625,117.06999969482422,120.66999816894531,0.0,583106
2022-03-09,108.69999694824219,0.0,126.83999633789062,103.62999725341797,124.66000366210938,0.0,594773
2022-03-10,106.0199966430664,0.0,114.87999725341797,105.52999877929688,110.41000366210938,0.0,437924
2022-03-11,109.33000183105469,0.0,110.29000091552734,104.4800033569336,105.98999786376953,0.0,368194
2022-03-14,103.01000213623047,0.0,109.72000122070312,99.76000213623047,109.41999816894531,0.0,344184
2022-03-15,96.44000244140625,0.0,102.58000183105469,93.52999877929688,102.27999877929688,0.0,401690
2022-03-16,95.04000091552734,0.0,99.22000122070312,94.06999969482422,95.2300033569336,0.0,293947
2022-03-17,102.9800033569336,0.0,104.23999786376953,94.8499984741211,95.33999633789062,0.0,210763
2022-03-18,104.69999694824219,0.0,106.27999877929688,102.30000305175781,103.62000274658203,0.0,74247
2022-03-21,112.12000274658203,0.0,112.69000244140625,104.08000183105469,105.12999725341797,0.0,77217
2022-03-22,111.76000213623047,0.0,115.01000213623047,109.30000305175781,112.9000015258789,0.0,318629
2022-03-23,114.93000030517578,0.0,115.4000015258789,108.37999725341797,108.8499984741211,0.0,289182
2022-03-24,112.33999633789062,0.0,116.63999938964844,110.61000061035156,114.47000122070312,0.0,307238
2022-03-25,113.9000015258789,0.0,114.12000274658203,108.68000030517578,111.75,0.0,320304
2022-03-28,105.95999908447266,0.0,112.93000030517578,102.83000183105469,112.91999816894531,0.0,372251
2022-03-29,104.23999786376953,0.0,107.83999633789062,98.44000244140625,103.47000122070312,0.0,387200
2022-03-30,107.81999969482422,0.0,108.75,104.55000305175781,105.23999786376953,0.0,284544
2022-03-31,100.27999877929688,0.0,107.80000305175781,99.66000366210938,107.44999694824219,0.0,450845
2022-04-01,99.2699966430664,0.0,101.75,97.77999877929688,101.2300033569336,0.0,324777
2022-04-04,103.27999877929688,0.0,103.94000244140625,98.05000305175781,98.94999694824219,0.0,288131
2022-04-05,101.95999908447266,0.0,105.58999633789062,99.87999725341797,103.66000366210938,0.0,280283
2022-04-06,96.2300033569336,0.0,104.0199966430664,95.7300033569336,101.23999786376953,0.0,366036
2022-04-07,96.02999877929688,0.0,98.81999969482422,93.80999755859375,97.16000366210938,0.0,367318
2022-04-08,98.26000213623047,0.0,98.76000213623047,95.29000091552734,97.16999816894531,0.0,310082
2022-04-11,94.29000091552734,0.0,98.5199966430664,92.93000030517578,98.4000015258789,0.0,315873
2022-04-12,100.5999984741211,0.0,101.3499984741211,94.83999633789062,95.16999816894531,0.0,329037
2022-04-13,104.25,0.0,104.47000122070312,99.87000274658203,100.91000366210938,0.0,312502
2022-04-14,106.94999694824219,0.0,107.63999938964844,102.12000274658203,104.19999694824219,0.0,244952
2022-04-18,108.20999908447266,0.0,109.80999755859375,106.0,107.02999877929688,0.0,68489
2022-04-19,102.55999755859375,0.0,108.91999816894531,102.0999984741211,107.75,0.0,71792
2022-04-20,102.75,0.0,104.16000366210938,100.69999694824219,103.05000305175781,0.0,299028
2022-04-21,103.79000091552734,0.0,105.41999816894531,102.01000213623047,102.5,0.0,280321
2022-04-22,102.06999969482422,0.0,104.22000122070312,101.05999755859375,104.06999969482422,0.0,246116
2022-04-25,98.54000091552734,0.0,101.55000305175781,95.27999877929688,101.37999725341797,0.0,328153
2022-04-26,101.69999694824219,0.0,102.77999877929688,97.05999755859375,98.63999938964844,0.0,351850
2022-04-27,102.0199966430664,0.0,102.98999786376953,99.80000305175781,101.76000213623047,0.0,278781
2022-04-28,105.36000061035156,0.0,105.68000030517578,100.12999725341797,102.11000061035156,0.0,312064
2022-04-29,104.69000244140625,0.0,107.98999786376953,103.77999877929688,105.16999816894531,0.0,294386
2022-05-02,105.16999816894531,0.0,105.94000244140625,100.27999877929688,104.0,0.0,261878
2022-05-03,102.41000366210938,0.0,105.80000305175781,102.0999984741211,105.08000183105469,0.0,239266
2022-05-04,107.80999755859375,0.0,108.61000061035156,102.94999694824219,103.5,0.0,272909
2022-05-05,108.26000213623047,0.0,111.37000274658203,106.44999694824219,107.58000183105469,0.0,286916
2022-05-06,109.7699966430664,0.0,111.18000030517578,107.23999786376953,108.69999694824219,0.0,294278
2022-05-09,103.08999633789062,0.0,110.48999786376953,102.12999725341797,110.43000030517578,0.0,368183
2022-05-10,99.76000213623047,0.0,104.16000366210938,98.86000061035156,102.6500015258789,0.0,389750
2022-05-11,105.70999908447266,0.0,106.44000244140625,98.19999694824219,99.0,0.0,382701
2022-05-12,106.12999725341797,0.0,107.37000274658203,102.66000366210938,105.62999725341797,0.0,323547
2022-05-13,110.48999786376953,0.0,110.63999938964844,106.29000091552734,106.6500015258789,0.0,240989
2022-05-16,114.19999694824219,0.0,114.9000015258789,108.11000061035156,110.9800033569336,0.0,289127
2022-05-17,112.4000015258789,0.0,115.55999755859375,111.75,113.87000274658203,0.0,252630
2022-05-18,109.58999633789062,0.0,115.41999816894531,108.45999908447266,113.66000366210938,0.0,103669
2022-05-19,112.20999908447266,0.0,112.62000274658203,105.12999725341797,109.08999633789062,0.0,68511
2022-05-20,113.2300033569336,0.0,114.04000091552734,110.8499984741211,111.44999694824219,0.0,229930
2022-05-23,110.29000091552734,0.0,111.95999908447266,109.1500015258789,110.55999755859375,0.0,215623
2022-05-24,109.7699966430664,0.0,111.43000030517578,108.61000061035156,110.41000366210938,0.0,224794
2022-05-25,110.33000183105469,0.0,111.68000030517578,109.2300033569336,110.38999938964844,0.0,191370
2022-05-26,114.08999633789062,0.0,114.83000183105469,110.2699966430664,110.69000244140625,0.0,234752
2022-05-27,115.06999969482422,0.0,115.30000305175781,112.8499984741211,114.19999694824219,0.0,217281
2022-05-31,114.66999816894531,0.0,119.9800033569336,114.1500015258789,114.95999908447266,0.0,440796
2022-06-01,115.26000213623047,0.0,117.87000274658203,114.58000183105469,115.4000015258789,0.0,290530
2022-06-02,116.87000274658203,0.0,117.7699966430664,111.19999694824219,114.80000305175781,0.0,327600
2022-06-03,118.87000274658203,0.0,120.45999908447266,115.2300033569336,117.55000305175781,0.0,240831
2022-06-06,118.5,0.0,120.98999786376953,117.62999725341797,120.81999969482422,0.0,246825
2022-06-07,119.41000366210938,0.0,120.36000061035156,117.13999938964844,119.0999984741211,0.0,341694
2022-06-08,122.11000061035156,0.0,123.18000030517578,119.30000305175781,119.79000091552734,0.0,340591
2022-06-09,121.51000213623047,0.0,122.72000122070312,120.79000091552734,122.43000030517578,0.0,293295
2022-06-10,120.66999816894531,0.0,122.75,118.33000183105469,121.45999908447266,0.0,352906
2022-06-13,120.93000030517578,0.0,122.25,117.47000122070312,120.19000244140625,0.0,372403
2022-06-14,118.93000030517578,0.0,123.68000030517578,116.62000274658203,121.08999633789062,0.0,366320
2022-06-15,115.30999755859375,0.0,119.61000061035156,114.5999984741211,119.06999969482422,0.0,301750
2022-06-16,117.58999633789062,0.0,118.08000183105469,112.30999755859375,115.9800033569336,0.0,162543
2022-06-17,109.55999755859375,0.0,118.97000122070312,108.25,117.08000183105469,0.0,103149
2022-06-21,110.6500015258789,0.0,112.47000122070312,108.72000122070312,110.58000183105469,0.0,427262
2022-06-22,106.19000244140625,0.0,109.76000213623047,101.52999877929688,109.54000091552734,0.0,432724
2022-06-23,104.2699966430664,0.0,107.05000305175781,102.31999969482422,104.41999816894531,0.0,346362
2022-06-24,107.62000274658203,0.0,108.58000183105469,103.63999938964844,103.98999786376953,0.0,321591
2022-06-27,109.56999969482422,0.0,110.54000091552734,105.5999984741211,107.22000122070312,0.0,282914
2022-06-28,111.76000213623047,0.0,112.22000122070312,109.62000274658203,110.18000030517578,0.0,306748
2022-06-29,109.77999877929688,0.0,114.05000305175781,109.22000122070312,111.86000061035156,0.0,322060
2022-06-30,105.76000213623047,0.0,110.44999694824219,105.0999984741211,109.69999694824219,0.0,362890
2022-07-01,108.43000030517578,0.0,109.33999633789062,104.55999755859375,106.01000213623047,0.0,305338
2022-07-05,99.5,0.0,111.44999694824219,97.43000030517578,108.80000305175781,0.0,594215
2022-07-06,98.52999877929688,0.0,102.13999938964844,95.0999984741211,100.36000061035156,0.0,444106
2022-07-07,102.7300033569336,0.0,104.4800033569336,96.56999969482422,98.22000122070312,0.0,379861
2022-07-08,104.79000091552734,0.0,105.23999786376953,101.51000213623047,102.22000122070312,0.0,327461
2022-07-11,104.08999633789062,0.0,105.05000305175781,100.88999938964844,104.79000091552734,0.0,348566
2022-07-12,95.83999633789062,0.0,103.48999786376953,95.3499984741211,103.45999908447266,0.0,398552
2022-07-13,96.30000305175781,0.0,97.95999908447266,93.66999816894531,95.88999938964844,0.0,347193
2022-07-14,95.77999877929688,0.0,97.0,90.55999755859375,96.56999969482422,0.0,387528
2022-07-15,97.58999633789062,0.0,99.02999877929688,94.56999969482422,96.38999938964844,0.0,240766
2022-07-18,102.5999984741211,0.0,102.80000305175781,95.8499984741211,97.2699966430664,0.0,84669
2022-07-19,104.22000122070312,0.0,104.45999908447266,99.8499984741211,102.0,0.0,63149
2022-07-20,102.26000213623047,0.0,104.38999938964844,101.51000213623047,103.5999984741211,0.0,315620
2022-07-21,96.3499984741211,0.0,99.98999786376953,94.58999633789062,99.91000366210938,0.0,318911
2022-07-22,94.69999694824219,0.0,97.94999694824219,94.2300033569336,96.51000213623047,0.0,307568
2022-07-25,96.69999694824219,0.0,96.94000244140625,93.01000213623047,95.0999984741211,0.0,278998
2022-07-26,94.9800033569336,0.0,99.0,94.76000213623047,96.33000183105469,0.0,310043
2022-07-27,97.26000213623047,0.0,98.58999633789062,94.30000305175781,95.5999984741211,0.0,321903
2022-07-28,96.41999816894531,0.0,99.83999633789062,96.04000091552734,98.16999816894531,0.0,318403
2022-07-29,98.62000274658203,0.0,101.87999725341797,96.41000366210938,97.30000305175781,0.0,349374
2022-08-01,93.88999938964844,0.0,98.6500015258789,92.41999816894531,98.45999908447266,0.0,365293
2022-08-02,94.41999816894531,0.0,96.47000122070312,92.58999633789062,93.75,0.0,328538
2022-08-03,90.66000366210938,0.0,96.56999969482422,90.37999725341797,93.83000183105469,0.0,395099
2022-08-04,88.54000091552734,0.0,91.9000015258789,87.55000305175781,90.94999694824219,0.0,334931
2022-08-05,89.01000213623047,0.0,90.76000213623047,87.01000213623047,88.05999755859375,0.0,350016
2022-08-08,90.76000213623047,0.0,90.88999938964844,87.22000122070312,88.45999908447266,0.0,340157
2022-08-09,90.5,0.0,92.6500015258789,89.05000305175781,90.69000244140625,0.0,347045
2022-08-10,91.93000030517578,0.0,92.43000030517578,87.66000366210938,90.51000213623047,0.0,383766
2022-08-11,94.33999633789062,0.0,95.05000305175781,91.23999786376953,91.55000305175781,0.0,341234
2022-08-12,92.08999633789062,0.0,94.80999755859375,91.16000366210938,94.08999633789062,0.0,264953
2022-08-15,89.41000366210938,0.0,92.0999984741211,86.81999969482422,91.94000244140625,0.0,275443
2022-08-16,86.52999877929688,0.0,90.6500015258789,85.7300033569336,87.93000030517578,0.0,305366
2022-08-17,88.11000061035156,0.0,89.16000366210938,85.87999725341797,87.0999984741211,0.0,230346
2022-08-18,90.5,0.0,91.45999908447266,87.31999969482422,87.38999938964844,0.0,80029
2022-08-19,90.7699966430664,0.0,92.08999633789062,88.37999725341797,90.38999938964844,0.0,58714
2022-08-22,90.2300033569336,0.0,91.26000213623047,86.5999984741211,89.6500015258789,0.0,352665
2022-08-23,93.73999786376953,0.0,94.22000122070312,90.41999816894531,90.55000305175781,0.0,285607
2022-08-24,94.88999938964844,0.0,95.4000015258789,92.79000091552734,93.77999877929688,0.0,320388
2022-08-25,92.5199966430664,0.0,95.76000213623047,92.29000091552734,95.3499984741211,0.0,279877
2022-08-26,93.05999755859375,0.0,94.0199966430664,91.08000183105469,93.05999755859375,0.0,288392
2022-08-29,97.01000213623047,0.0,97.37000274658203,92.29000091552734,92.95999908447266,0.0,283463
2022-08-30,91.63999938964844,0.0,97.66000366210938,90.54000091552734,96.9000015258789,0.0,386272
2022-08-31,89.55000305175781,0.0,92.7300033569336,88.2699966430664,92.30999755859375,0.0,344147
2022-09-01,86.61000061035156,0.0,89.62999725341797,85.9800033569336,88.83000183105469,0.0,305106
2022-09-02,86.87000274658203,0.0,89.66000366210938,86.3499984741211,86.55999755859375,0.0,277533
2022-09-06,86.87999725341797,0.0,90.38999938964844,86.18000030517578,86.83999633789062,0.0,420255
2022-09-07,81.94000244140625,0.0,87.76000213623047,81.5,86.93000030517578,0.0,380781
2022-09-08,83.54000091552734,0.0,84.25,81.19999694824219,81.91000366210938,0.0,342763
2022-09-09,86.79000091552734,0.0,87.19999694824219,82.70999908447266,82.80000305175781,0.0,305188
2022-09-12,87.77999877929688,0.0,89.0999984741211,85.16000366210938,86.25,0.0,275104
2022-09-13,87.30999755859375,0.0,89.30999755859375,85.05999755859375,88.08999633789062,0.0,347998
2022-09-14,88.4800033569336,0.0,90.19000244140625,86.18000030517578,87.94000244140625,0.0,335381
2022-09-15,85.0999984741211,0.0,89.1500015258789,84.52999877929688,88.91000366210938,0.0,235358
2022-09-16,85.11000061035156,0.0,86.58999633789062,84.2699966430664,85.16000366210938,0.0,87829
2022-09-19,85.7300033569336,0.0,86.22000122070312,82.0999984741211,85.20999908447266,0.0,59626
2022-09-20,84.44999694824219,0.0,86.44999694824219,83.5199966430664,85.61000061035156,0.0,279813
2022-09-21,82.94000244140625,0.0,86.68000030517578,82.48999786376953,84.25,0.0,339683
2022-09-22,83.48999786376953,0.0,86.0,82.4000015258789,83.06999969482422,0.0,303492
2022-09-23,78.73999786376953,0.0,83.91999816894531,78.04000091552734,83.54000091552734,0.0,334271
2022-09-26,76.70999908447266,0.0,80.30999755859375,76.25,79.2300033569336,0.0,280927
2022-09-27,78.5,0.0,79.51000213623047,76.41999816894531,76.47000122070312,0.0,283614
2022-09-28,82.1500015258789,0.0,82.33999633789062,76.55000305175781,78.08000183105469,0.0,324678
2022-09-29,81.2300033569336,0.0,82.94000244140625,80.33999633789062,81.9000015258789,0.0,286126
2022-09-30,79.48999786376953,0.0,82.55999755859375,79.13999938964844,81.73999786376953,0.0,253154
2022-10-03,83.62999725341797,0.0,84.55999755859375,80.87000274658203,81.0199966430664,0.0,287168
2022-10-04,86.5199966430664,0.0,86.9800033569336,83.22000122070312,83.22000122070312,0.0,302549
2022-10-05,87.76000213623047,0.0,88.41999816894531,85.41999816894531,86.37000274658203,0.0,329790
2022-10-06,88.44999694824219,0.0,89.06999969482422,87.04000091552734,88.08000183105469,0.0,235296
2022-10-07,92.63999938964844,0.0,93.30999755859375,88.0,88.93000030517578,0.0,429162
2022-10-10,91.12999725341797,0.0,93.63999938964844,90.54000091552734,93.4800033569336,0.0,289508
2022-10-11,89.3499984741211,0.0,91.3499984741211,87.91000366210938,91.13999938964844,0.0,333158
2022-10-12,87.2699966430664,0.0,90.06999969482422,86.27999877929688,88.66999816894531,0.0,332271
2022-10-13,89.11000061035156,0.0,89.66000366210938,85.55999755859375,87.08000183105469,0.0,298032
2022-10-14,85.61000061035156,0.0,89.7300033569336,85.19999694824219,89.2699966430664,0.0,237026
2022-10-17,85.45999908447266,0.0,87.12000274658203,84.61000061035156,85.58999633789062,0.0,172020
2022-10-18,82.81999969482422,0.0,86.51000213623047,82.08999633789062,85.69999694824219,0.0,97304
2022-10-19,85.55000305175781,0.0,86.19999694824219,82.58999633789062,83.69000244140625,0.0,71309
2022-10-20,85.9800033569336,0.0,88.16999816894531,85.22000122070312,85.94000244140625,0.0,338344
2022-10-21,85.05000305175781,0.0,85.9000015258789,83.1500015258789,85.06999969482422,0.0,272803
2022-10-24,84.58000183105469,0.0,85.91999816894531,82.62999725341797,85.23999786376953,0.0,250726
2022-10-25,85.31999969482422,0.0,86.02999877929688,83.05999755859375,84.87999725341797,0.0,240441
2022-10-26,87.91000366210938,0.0,88.41000366210938,84.13999938964844,85.06999969482422,0.0,287182
2022-10-27,89.08000183105469,0.0,89.79000091552734,87.33000183105469,88.26000213623047,0.0,292556
2022-10-28,87.9000015258789,0.0,88.76000213623047,87.08000183105469,88.66999816894531,0.0,263404
2022-10-31,86.52999877929688,0.0,88.6500015258789,85.30000305175781,88.38999938964844,0.0,285342
2022-11-01,88.37000274658203,0.0,89.44999694824219,85.91999816894531,86.43000030517578,0.0,274321
2022-11-02,90.0,0.0,90.36000061035156,87.72000122070312,88.62000274658203,0.0,280961
2022-11-03,88.16999816894531,0.0,89.66999816894531,87.5999984741211,89.3499984741211,0.0,239816
2022-11-04,92.61000061035156,0.0,92.87000274658203,87.81999969482422,87.9000015258789,0.0,354060
2022-11-07,91.79000091552734,0.0,93.73999786376953,90.4000015258789,91.0,0.0,322419
2022-11-08,88.91000366210938,0.0,92.16999816894531,88.5199966430664,91.87000274658203,0.0,344223
2022-11-09,85.83000183105469,0.0,89.23999786376953,85.5,88.56999969482422,0.0,388301
2022-11-10,86.47000122070312,0.0,87.3499984741211,84.69999694824219,85.8499984741211,0.0,340007
2022-11-11,88.95999908447266,0.0,90.0999984741211,86.18000030517578,86.2699966430664,0.0,301664
2022-11-14,85.87000274658203,0.0,89.83999633789062,85.1500015258789,89.0199966430664,0.0,315450
2022-11-15,86.91999816894531,0.0,88.68000030517578,84.05999755859375,85.25,0.0,331709
2022-11-16,85.58999633789062,0.0,87.51000213623047,84.19999694824219,86.88999938964844,0.0,225668
2022-11-17,81.63999938964844,0.0,85.44999694824219,81.4000015258789,85.22000122070312,0.0,138476
2022-11-18,80.08000183105469,0.0,82.63999938964844,77.23999786376953,82.08999633789062,0.0,96583
2022-11-21,79.7300033569336,0.0,80.30000305175781,75.08000183105469,80.30000305175781,0.0,475104
2022-11-22,80.94999694824219,0.0,82.36000061035156,79.8499984741211,80.22000122070312,0.0,269615
2022-11-23,77.94000244140625,0.0,81.94999694824219,76.83000183105469,81.08000183105469,0.0,379145
2022-11-25,76.27999877929688,0.0,79.9000015258789,76.22000122070312,77.51000213623047,0.0,266451
2022-11-28,77.23999786376953,0.0,77.83999633789062,73.5999984741211,75.93000030517578,0.0,405033
2022-11-29,78.19999694824219,0.0,79.6500015258789,76.29000091552734,76.54000091552734,0.0,381869
2022-11-30,80.55000305175781,0.0,81.37999725341797,78.4000015258789,79.0,0.0,287534
2022-12-01,81.22000122070312,0.0,83.33999633789062,79.93000030517578,80.4000015258789,0.0,321432
2022-12-02,79.9800033569336,0.0,82.22000122070312,79.6500015258789,81.47000122070312,0.0,280235
2022-12-05,76.93000030517578,0.0,82.72000122070312,76.7699966430664,79.98999786376953,0.0,346657
2022-12-06,74.25,0.0,77.87999725341797,73.41000366210938,77.3499984741211,0.0,380598
2022-12-07,72.01000213623047,0.0,75.37999725341797,71.75,74.55000305175781,0.0,392236
2022-12-08,71.45999908447266,0.0,75.44000244140625,71.12000274658203,72.37999725341797,0.0,474459
2022-12-09,71.0199966430664,0.0,72.91999816894531,70.08000183105469,71.8499984741211,0.0,356722
2022-12-12,73.16999816894531,0.0,73.98999786376953,70.25,71.79000091552734,0.0,323553
2022-12-13,75.38999938964844,0.0,76.37000274658203,73.20999908447266,73.29000091552734,0.0,352858
2022-12-14,77.27999877929688,0.0,77.75,74.9000015258789,75.2699966430664,0.0,292488
2022-12-15,76.11000061035156,0.0,77.7699966430664,75.33000183105469,77.37000274658203,0.0,224663
2022-12-16,74.29000091552734,0.0,76.56999969482422,73.33000183105469,76.37000274658203,0.0,99205
2022-12-19,75.19000244140625,0.0,76.41000366210938,73.80999755859375,74.5,0.0,69348
2022-12-20,76.08999633789062,0.0,76.75,74.30999755859375,75.69999694824219,0.0,254792
2022-12-21,78.29000091552734,0.0,78.61000061035156,75.80000305175781,75.98999786376953,0.0,234624
2022-12-22,77.48999786376953,0.0,79.9000015258789,77.02999877929688,78.43000030517578,0.0,219142
2022-12-23,79.55999755859375,0.0,80.33000183105469,77.9800033569336,78.18000030517578,0.0,237711
2022-12-27,79.52999877929688,0.0,81.18000030517578,79.16000366210938,79.9000015258789,0.0,199601
2022-12-28,78.95999908447266,0.0,79.91999816894531,77.30000305175781,79.88999938964844,0.0,207717
2022-12-29,78.4000015258789,0.0,78.81999969482422,76.79000091552734,78.81999969482422,0.0,199858
2022-12-30,80.26000213623047,0.0,80.66999816894531,77.70999908447266,78.7300033569336,0.0,205909
2023-01-03,76.93000030517578,0.0,81.5,76.5999984741211,80.56999969482422,0.0,338520
2023-01-04,72.83999633789062,0.0,77.41999816894531,72.7300033569336,77.25,0.0,352434
2023-01-05,73.66999816894531,0.0,74.91999816894531,72.45999908447266,73.25,0.0,300731
2023-01-06,73.7699966430664,0.0,75.47000122070312,73.23999786376953,73.97000122070312,0.0,258128
2023-01-09,74.62999725341797,0.0,76.73999786376953,73.47000122070312,73.47000122070312,0.0,329290
2023-01-10,75.12000274658203,0.0,75.91999816894531,73.83999633789062,74.86000061035156,0.0,307430
2023-01-11,77.41000366210938,0.0,77.83999633789062,74.30999755859375,74.77999877929688,0.0,350891
2023-01-12,78.38999938964844,0.0,79.16000366210938,77.0999984741211,77.69999694824219,0.0,307705
2023-01-13,79.86000061035156,0.0,80.11000061035156,77.97000122070312,78.31999969482422,0.0,283539
2023-01-17,80.18000030517578,0.0,81.2300033569336,78.52999877929688,80.0999984741211,0.0,312275
2023-01-18,79.4800033569336,0.0,82.37999725341797,78.94000244140625,80.97000122070312,0.0,92549
2023-01-19,80.33000183105469,0.0,81.18000030517578,78.12999725341797,79.13999938964844,0.0,58863
2023-01-20,81.30999755859375,0.0,81.63999938964844,79.69000244140625,80.5999984741211,0.0,300145
2023-01-23,81.62000274658203,0.0,82.63999938964844,81.05000305175781,81.79000091552734,0.0,297076
2023-01-24,80.12999725341797,0.0,82.22000122070312,79.66000366210938,81.62000274658203,0.0,288207
2023-01-25,80.1500015258789,0.0,81.2300033569336,79.44999694824219,80.26000213623047,0.0,297234
2023-01-26,81.01000213623047,0.0,82.13999938964844,79.91999816894531,80.4800033569336,0.0,291060
2023-01-27,79.68000030517578,0.0,82.4800033569336,79.04000091552734,81.22000122070312,0.0,367588
2023-01-30,77.9000015258789,0.0,80.48999786376953,77.66000366210938,80.04000091552734,0.0,327426
2023-01-31,78.87000274658203,0.0,79.25,76.55000305175781,77.91000366210938,0.0,312734
2023-02-01,76.41000366210938,0.0,79.7300033569336,76.05000305175781,79.05999755859375,0.0,360859
2023-02-02,75.87999725341797,0.0,77.23999786376953,74.97000122070312,76.79000091552734,0.0,339755
2023-02-03,73.38999938964844,0.0,78.0,73.0999984741211,75.91999816894531,0.0,413414
2023-02-06,74.11000061035156,0.0,74.51000213623047,72.25,73.2300033569336,0.0,380028
2023-02-07,77.13999938964844,0.0,77.5999984741211,74.3499984741211,74.56999969482422,0.0,408279
2023-02-08,78.47000122070312,0.0,78.56999969482422,77.08000183105469,77.48999786376953,0.0,353468
2023-02-09,78.05999755859375,0.0,78.83999633789062,76.5199966430664,78.44999694824219,0.0,324156
2023-02-10,79.72000122070312,0.0,80.33000183105469,77.47000122070312,77.68000030517578,0.0,356062
2023-02-13,80.13999938964844,0.0,80.62000274658203,78.44999694824219,79.94000244140625,0.0,301299
2023-02-14,79.05999755859375,0.0,79.61000061035156,77.45999908447266,79.05999755859375,0.0,299938
2023-02-15,78.58999633789062,0.0,79.1500015258789,77.25,78.83000183105469,0.0,264486
2023-02-16,78.48999786376953,0.0,79.54000091552734,77.91999816894531,78.54000091552734,0.0,117600
2023-02-17,76.33999633789062,0.0,78.25,75.05999755859375,78.06999969482422,0.0,93267
2023-02-21,76.16000366210938,0.0,77.51000213623047,75.69000244140625,76.52999877929688,0.0,402351
2023-02-22,73.94999694824219,0.0,76.55000305175781,73.80000305175781,76.11000061035156,0.0,332018
2023-02-23,75.38999938964844,0.0,75.98999786376953,73.83000183105469,73.91999816894531,0.0,333838
2023-02-24,76.31999969482422,0.0,76.62999725341797,74.08999633789062,75.5999984741211,0.0,329254
2023-02-27,75.68000030517578,0.0,76.81999969482422,74.98999786376953,76.41999816894531,0.0,266091
2023-02-28,77.05000305175781,0.0,77.83000183105469,75.55000305175781,75.76000213623047,0.0,300093
2023-03-01,77.69000244140625,0.0,77.8499984741211,76.12000274658203,76.8499984741211,0.0,342121
2023-03-02,78.16000366210938,0.0,78.58999633789062,77.2300033569336,77.73999786376953,0.0,260331
2023-03-03,79.68000030517578,0.0,79.9000015258789,75.83000183105469,77.88999938964844,0.0,374201
2023-03-06,80.45999908447266,0.0,80.62999725341797,78.31999969482422,79.91999816894531,0.0,292351
2023-03-07,77.58000183105469,0.0,80.94000244140625,77.05999755859375,80.5,0.0,398241
2023-03-08,76.66000366210938,0.0,77.7300033569336,76.11000061035156,77.31999969482422,0.0,335930
2023-03-09,75.72000122070312,0.0,78.05999755859375,75.43000030517578,76.5,0.0,349960
2023-03-10,76.68000030517578,0.0,77.11000061035156,74.7699966430664,75.6500015258789,0.0,371834
2023-03-13,74.80000305175781,0.0,77.47000122070312,72.30000305175781,76.5999984741211,0.0,457423
2023-03-14,71.33000183105469,0.0,74.9000015258789,70.77999877929688,74.69999694824219,0.0,432858
2023-03-15,67.61000061035156,0.0,72.55999755859375,65.6500015258789,71.55999755859375,0.0,555164
2023-03-16,68.3499984741211,0.0,69.37999725341797,65.70999908447266,68.22000122070312,0.0,327120
2023-03-17,66.73999786376953,0.0,69.63999938964844,65.16999816894531,68.26000213623047,0.0,152255
2023-03-20,67.63999938964844,0.0,67.69999694824219,64.12000274658203,66.62000274658203,0.0,76873
2023-03-21,69.33000183105469,0.0,69.5999984741211,66.7699966430664,67.62000274658203,0.0,409495
2023-03-22,70.9000015258789,0.0,71.30999755859375,68.88999938964844,69.4800033569336,0.0,337639
2023-03-23,69.95999908447266,0.0,71.66999816894531,69.13999938964844,69.94999694824219,0.0,335241
2023-03-24,69.26000213623047,0.0,70.37999725341797,66.81999969482422,69.51000213623047,0.0,380852
2023-03-27,72.80999755859375,0.0,73.0999984741211,69.12999725341797,69.41999816894531,0.0,353598
2023-03-28,73.19999694824219,0.0,73.93000030517578,72.19000244140625,72.86000061035156,0.0,328472
2023-03-29,72.97000122070312,0.0,74.37000274658203,72.76000213623047,73.61000061035156,0.0,312669
2023-03-30,74.37000274658203,0.0,74.62999725341797,72.61000061035156,72.9800033569336,0.0,269743
2023-03-31,75.66999816894531,0.0,75.72000122070312,73.7699966430664,74.37000274658203,0.0,304361
2023-04-03,80.41999816894531,0.0,81.69000244140625,79.0,80.0999984741211,0.0,547126
2023-04-04,80.70999908447266,0.0,81.80999755859375,79.61000061035156,80.44000244140625,0.0,343570
2023-04-05,80.61000061035156,0.0,81.23999786376953,79.72000122070312,81.01000213623047,0.0,254974
2023-04-06,80.69999694824219,0.0,80.95999908447266,79.6500015258789,80.37000274658203,0.0,0
2023-04-10,79.73999786376953,0.0,81.22000122070312,79.61000061035156,80.5,0.0,264906
2023-04-11,81.52999877929688,0.0,81.58999633789062,79.37000274658203,79.87999725341797,0.0,309683
2023-04-12,83.26000213623047,0.0,83.52999877929688,81.27999877929688,81.44000244140625,0.0,356133
2023-04-13,82.16000366210938,0.0,83.44000244140625,82.11000061035156,83.22000122070312,0.0,261230
2023-04-14,82.5199966430664,0.0,83.12000274658203,81.76000213623047,82.4000015258789,0.0,275129
2023-04-17,80.83000183105469,0.0,82.70999908447266,80.47000122070312,82.4800033569336,0.0,217048
2023-04-18,80.86000061035156,0.0,81.4800033569336,79.87000274658203,81.0,0.0,96290
2023-04-19,79.16000366210938,0.0,81.18000030517578,78.45999908447266,80.91999816894531,0.0,78310
2023-04-20,77.29000091552734,0.0,78.88999938964844,76.97000122070312,78.87000274658203,0.0,361413
2023-04-21,77.87000274658203,0.0,78.38999938964844,76.72000122070312,77.12999725341797,0.0,291114
2023-04-24,78.76000213623047,0.0,79.18000030517578,76.72000122070312,77.97000122070312,0.0,306720
2023-04-25,77.06999969482422,0.0,79.06999969482422,76.5,78.73999786376953,0.0,361646
2023-04-26,74.30000305175781,0.0,77.93000030517578,74.05000305175781,77.08000183105469,0.0,497778
2023-04-27,74.76000213623047,0.0,75.27999877929688,74.02999877929688,74.37999725341797,0.0,345880
2023-04-28,76.77999877929688,0.0,76.91999816894531,73.93000030517578,74.91000366210938,0.0,328399
2023-05-01,75.66000366210938,0.0,76.69000244140625,74.52999877929688,76.66000366210938,0.0,215017
2023-05-02,71.66000366210938,0.0,76.11000061035156,71.41999816894531,75.76000213623047,0.0,417820
2023-05-03,68.5999984741211,0.0,71.79000091552734,67.94999694824219,71.55999755859375,0.0,490523
2023-05-04,68.55999755859375,0.0,69.83999633789062,63.63999938964844,68.16000366210938,0.0,412495
2023-05-05,71.33999633789062,0.0,71.80999755859375,68.4800033569336,68.69999694824219,0.0,330585
2023-05-08,73.16000366210938,0.0,73.69000244140625,71.04000091552734,71.3499984741211,0.0,290076
2023-05-09,73.70999908447266,0.0,73.77999877929688,71.33999633789062,72.83999633789062,0.0,317493
2023-05-10,72.55999755859375,0.0,73.88999938964844,71.80000305175781,73.58000183105469,0.0,351506
2023-05-11,70.87000274658203,0.0,73.5,70.62999725341797,72.7699966430664,0.0,365892
2023-05-12,70.04000091552734,0.0,71.77999877929688,69.93000030517578,71.41999816894531,0.0,275435
2023-05-15,71.11000061035156,0.0,71.69000244140625,69.41000366210938,70.04000091552734,0.0,259013
2023-05-16,70.86000061035156,0.0,71.79000091552734,70.44999694824219,71.31999969482422,0.0,232328
2023-05-17,72.83000183105469,0.0,73.26000213623047,70.04000091552734,70.5999984741211,0.0,273708
2023-05-18,71.86000061035156,0.0,72.87000274658203,71.41999816894531,72.75,0.0,80864
2023-05-19,71.55000305175781,0.0,73.4000015258789,71.02999877929688,71.94000244140625,0.0,69949
2023-05-22,71.98999786376953,0.0,72.36000061035156,70.55000305175781,71.69999694824219,0.0,263977
2023-05-23,72.91000366210938,0.0,73.79000091552734,71.70999908447266,72.0999984741211,0.0,317586
2023-05-24,74.33999633789062,0.0,74.7300033569336,73.12999725341797,73.7699966430664,0.0,386611
2023-05-25,71.83000183105469,0.0,74.37000274658203,70.9800033569336,74.20999908447266,0.0,422637
2023-05-26,72.66999816894531,0.0,73.05000305175781,71.48999786376953,71.88999938964844,0.0,261498
2023-05-30,69.45999908447266,0.0,73.55000305175781,69.0199966430664,73.2300033569336,0.0,440862
2023-05-31,68.08999633789062,0.0,69.69000244140625,67.02999877929688,69.62000274658203,0.0,444787
2023-06-01,70.0999984741211,0.0,71.06999969482422,67.51000213623047,67.5999984741211,0.0,395393
2023-06-02,71.73999786376953,0.0,72.16999816894531,70.0,70.20999908447266,0.0,322596
2023-06-05,72.1500015258789,0.0,75.05999755859375,71.7300033569336,75.02999877929688,0.0,383943
2023-06-06,71.73999786376953,0.0,72.33000183105469,70.12999725341797,71.98999786376953,0.0,314962
2023-06-07,72.52999877929688,0.0,73.19000244140625,71.01000213623047,71.55999755859375,0.0,299127
2023-06-08,71.29000091552734,0.0,73.27999877929688,69.02999877929688,72.47000122070312,0.0,485396
2023-06-09,70.16999816894531,0.0,71.7699966430664,70.0999984741211,70.94000244140625,0.0,300724
2023-06-12,67.12000274658203,0.0,70.33000183105469,66.80000305175781,70.2699966430664,0.0,404769
2023-06-13,69.41999816894531,0.0,69.83000183105469,67.1500015258789,67.30999755859375,0.0,366354
2023-06-14,68.2699966430664,0.0,70.48999786376953,68.06999969482422,69.3499984741211,0.0,304449
2023-06-15,70.62000274658203,0.0,70.95999908447266,67.97000122070312,68.69999694824219,0.0,115613
2023-06-16,71.77999877929688,0.0,71.88999938964844,69.94999694824219,70.55000305175781,0.0,99185
2023-06-20,70.5,0.0,72.08999633789062,69.6500015258789,71.44999694824219,0.0,430492
2023-06-21,72.52999877929688,0.0,72.72000122070312,70.80000305175781,70.9000015258789,0.0,264656
2023-06-22,69.51000213623047,0.0,72.6500015258789,68.93000030517578,72.43000030517578,0.0,421348
2023-06-23,69.16000366210938,0.0,69.6500015258789,67.3499984741211,69.52999877929688,0.0,322475
2023-06-26,69.37000274658203,0.0,70.11000061035156,68.70999908447266,69.83999633789062,0.0,280116
2023-06-27,67.69999694824219,0.0,70.1500015258789,67.5,69.48999786376953,0.0,384752
2023-06-28,69.55999755859375,0.0,69.7300033569336,67.05000305175781,68.01000213623047,0.0,368295
2023-06-29,69.86000061035156,0.0,70.5999984741211,68.93000030517578,69.25,0.0,292865
2023-06-30,70.63999938964844,0.0,71.04000091552734,69.52999877929688,69.81999969482422,0.0,299873
2023-07-03,69.79000091552734,0.0,71.7699966430664,69.69000244140625,70.44999694824219,0.0,303479
2023-07-05,71.79000091552734,0.0,72.16999816894531,69.9000015258789,70.1500015258789,0.0,456809
2023-07-06,71.80000305175781,0.0,72.33999633789062,70.22000122070312,71.80000305175781,0.0,395381
2023-07-07,73.86000061035156,0.0,73.91999816894531,71.19000244140625,71.88999938964844,0.0,362632
2023-07-10,72.98999786376953,0.0,74.1500015258789,72.66999816894531,73.86000061035156,0.0,301014
2023-07-11,74.83000183105469,0.0,74.95999908447266,72.9800033569336,73.19000244140625,0.0,326883
2023-07-12,75.75,0.0,76.1500015258789,74.66999816894531,74.83000183105469,0.0,352887
2023-07-13,76.88999938964844,0.0,77.33000183105469,75.31999969482422,75.8499984741211,0.0,379728
2023-07-14,75.41999816894531,0.0,77.30000305175781,75.11000061035156,77.16000366210938,0.0,299576
2023-07-17,74.1500015258789,0.0,76.08999633789062,73.83999633789062,75.0199966430664,0.0,244785
2023-07-18,75.75,0.0,75.95999908447266,73.87999725341797,74.18000030517578,0.0,125092
2023-07-19,75.3499984741211,0.0,76.97000122070312,75.06999969482422,75.83999633789062,0.0,92920
2023-07-20,75.62999725341797,0.0,76.1500015258789,74.72000122070312,75.3499984741211,0.0,340962
2023-07-21,77.06999969482422,0.0,77.29000091552734,75.69000244140625,75.69999694824219,0.0,308106
2023-07-24,78.73999786376953,0.0,79.27999877929688,76.44000244140625,77.01000213623047,0.0,368285
2023-07-25,79.62999725341797,0.0,79.9000015258789,78.29000091552734,78.8499984741211,0.0,349600
2023-07-26,78.77999877929688,0.0,79.7699966430664,78.55000305175781,79.33999633789062,0.0,322031
2023-07-27,80.08999633789062,0.0,80.5999984741211,78.87000274658203,78.9000015258789,0.0,374358
2023-07-28,80.58000183105469,0.0,80.70999908447266,79.06999969482422,79.83999633789062,0.0,299547
2023-07-31,81.80000305175781,0.0,82.0,80.12999725341797,80.6500015258789,0.0,297270
2023-08-01,81.37000274658203,0.0,82.22000122070312,80.58999633789062,81.7300033569336,0.0,307859
2023-08-02,79.48999786376953,0.0,82.43000030517578,79.05000305175781,82.05000305175781,0.0,414825
2023-08-03,81.55000305175781,0.0,81.86000061035156,78.69000244140625,79.7699966430664,0.0,402641
2023-08-04,82.81999969482422,0.0,83.23999786376953,81.51000213623047,81.7300033569336,0.0,320873
2023-08-07,81.94000244140625,0.0,83.30000305175781,81.5199966430664,82.81999969482422,0.0,293036
2023-08-08,82.91999816894531,0.0,83.08000183105469,79.9000015258789,82.52999877929688,0.0,424545
2023-08-09,84.4000015258789,0.0,84.6500015258789,82.66999816894531,82.87999725341797,0.0,478140
2023-08-10,82.81999969482422,0.0,84.88999938964844,82.58000183105469,84.25,0.0,362188
2023-08-11,83.19000244140625,0.0,83.80999755859375,82.2300033569336,82.83000183105469,0.0,331254
2023-08-14,82.51000213623047,0.0,83.19999694824219,81.76000213623047,83.08999633789062,0.0,277352
2023-08-15,80.98999786376953,0.0,82.91000366210938,80.4000015258789,82.5199966430664,0.0,303207
2023-08-16,79.37999725341797,0.0,81.43000030517578,79.05000305175781,81.2300033569336,0.0,325403
2023-08-17,80.38999938964844,0.0,81.08000183105469,78.94999694824219,79.25,0.0,235581
2023-08-18,81.25,0.0,81.61000061035156,79.58999633789062,80.04000091552734,0.0,128090
2023-08-21,80.72000122070312,0.0,82.47000122070312,80.61000061035156,81.43000030517578,0.0,115874
2023-08-22,80.3499984741211,0.0,80.98999786376953,80.0999984741211,80.80000305175781,0.0,287489
2023-08-23,78.88999938964844,0.0,79.91000366210938,77.62000274658203,79.63999938964844,0.0,378146
2023-08-24,79.05000305175781,0.0,79.27999877929688,77.58999633789062,78.56999969482422,0.0,349230
2023-08-25,79.83000183105469,0.0,80.44999694824219,78.13999938964844,78.87999725341797,0.0,411409
2023-08-28,80.0999984741211,0.0,80.87000274658203,79.61000061035156,80.1500015258789,0.0,246584
2023-08-29,81.16000366210938,0.0,81.41000366210938,79.33999633789062,79.9800033569336,0.0,284168
2023-08-30,81.62999725341797,0.0,82.05000305175781,80.87999725341797,81.29000091552734,0.0,299418
2023-08-31,83.62999725341797,0.0,83.69000244140625,81.4800033569336,81.69999694824219,0.0,368848
2023-09-01,85.55000305175781,0.0,86.05999755859375,83.45999908447266,83.62999725341797,0.0,420461
2023-09-05,86.69000244140625,0.0,88.06999969482422,85.0199966430664,86.05999755859375,0.0,452908
2023-09-06,87.54000091552734,0.0,88.08000183105469,85.93000030517578,86.72000122070312,0.0,307115
2023-09-07,86.87000274658203,0.0,87.73999786376953,86.38999938964844,87.54000091552734,0.0,270736
2023-09-08,87.51000213623047,0.0,87.94999694824219,86.1500015258789,86.77999877929688,0.0,294437
2023-09-11,87.29000091552734,0.0,88.1500015258789,86.70999908447266,87.4000015258789,0.0,292388
2023-09-12,88.83999633789062,0.0,89.37000274658203,87.22000122070312,87.2699966430664,0.0,341137
2023-09-13,88.5199966430664,0.0,89.63999938964844,88.29000091552734,88.75,0.0,345972
2023-09-14,90.16000366210938,0.0,90.79000091552734,88.68000030517578,88.80999755859375,0.0,325270
2023-09-15,90.7699966430664,0.0,91.2300033569336,89.22000122070312,90.66999816894531,0.0,315003
2023-09-18,91.4800033569336,0.0,92.43000030517578,90.75,91.19999694824219,0.0,119258
2023-09-19,91.19999694824219,0.0,93.73999786376953,91.06999969482422,92.22000122070312,0.0,94597
2023-09-20,90.27999877929688,0.0,91.9800033569336,89.87000274658203,91.55000305175781,0.0,457854
2023-09-21,89.62999725341797,0.0,90.9800033569336,88.37000274658203,89.30000305175781,0.0,351032
2023-09-22,90.02999877929688,0.0,91.33000183105469,89.30999755859375,89.62000274658203,0.0,402087
2023-09-25,89.68000030517578,0.0,90.83000183105469,89.02999877929688,90.55000305175781,0.0,328369
2023-09-26,90.38999938964844,0.0,90.73999786376953,88.19000244140625,89.87999725341797,0.0,318016
2023-09-27,93.68000030517578,0.0,94.16999816894531,90.4000015258789,90.52999877929688,0.0,504630
2023-09-28,91.70999908447266,0.0,95.02999877929688,91.38999938964844,93.77999877929688,0.0,406709
2023-09-29,90.79000091552734,0.0,93.0999984741211,90.3499984741211,91.76000213623047,0.0,355782
2023-10-02,88.81999969482422,0.0,91.87999725341797,88.45999908447266,90.81999969482422,0.0,334493
2023-10-03,89.2300033569336,0.0,90.2699966430664,87.76000213623047,88.66999816894531,0.0,350659
2023-10-04,84.22000122070312,0.0,89.58999633789062,84.16000366210938,89.41999816894531,0.0,459995
2023-10-05,82.30999755859375,0.0,84.91999816894531,82.1500015258789,84.44999694824219,0.0,465997
2023-10-06,82.79000091552734,0.0,83.27999877929688,81.5,82.27999877929688,0.0,461139
2023-10-09,86.37999725341797,0.0,87.23999786376953,84.66999816894531,85.25,0.0,435037
2023-10-10,85.97000122070312,0.0,86.73999786376953,85.12000274658203,86.43000030517578,0.0,337654
2023-10-11,83.48999786376953,0.0,86.51000213623047,83.11000061035156,85.95999908447266,0.0,425395
2023-10-12,82.91000366210938,0.0,85.19999694824219,82.30999755859375,83.19999694824219,0.0,373492
2023-10-13,87.69000244140625,0.0,87.83000183105469,83.3499984741211,83.51000213623047,0.0,356863
2023-10-16,86.66000366210938,0.0,88.33000183105469,86.31999969482422,87.72000122070312,0.0,235780
2023-10-17,86.66000366210938,0.0,87.75,85.5999984741211,87.05999755859375,0.0,197124
2023-10-18,88.31999969482422,0.0,89.87999725341797,87.19999694824219,87.80999755859375,0.0,92797
2023-10-19,89.37000274658203,0.0,90.68000030517578,86.5999984741211,88.23999786376953,0.0,72058
2023-10-20,88.75,0.0,90.77999877929688,88.33000183105469,90.27999877929688,0.0,311917
2023-10-23,85.48999786376953,0.0,88.29000091552734,85.3499984741211,88.0,0.0,315517
2023-10-24,83.73999786376953,0.0,86.30000305175781,82.94000244140625,86.1500015258789,0.0,370591
2023-10-25,85.38999938964844,0.0,85.55999755859375,82.08000183105469,83.69000244140625,0.0,429459
2023-10-26,83.20999908447266,0.0,85.58999633789062,82.55999755859375,85.37000274658203,0.0,341792
2023-10-27,85.54000091552734,0.0,85.9000015258789,83.0999984741211,83.52999877929688,0.0,333760
2023-10-30,82.30999755859375,0.0,85.30000305175781,81.81999969482422,85.0,0.0,356928
2023-10-31,81.0199966430664,0.0,83.37000274658203,80.73999786376953,82.58999633789062,0.0,346007
2023-11-01,80.44000244140625,0.0,83.41999816894531,80.30000305175781,81.4800033569336,0.0,321592
2023-11-02,82.45999908447266,0.0,82.83000183105469,80.22000122070312,80.81999969482422,0.0,307122
2023-11-03,80.51000213623047,0.0,83.5999984741211,80.0999984741211,82.58000183105469,0.0,457281
2023-11-06,80.81999969482422,0.0,82.23999786376953,80.66000366210938,81.12999725341797,0.0,271131
2023-11-07,77.37000274658203,0.0,81.05000305175781,77.08999633789062,80.93000030517578,0.0,396289
2023-11-08,75.33000183105469,0.0,77.52999877929688,74.91000366210938,77.12000274658203,0.0,429647
2023-11-09,75.73999786376953,0.0,77.16000366210938,75.20999908447266,75.6500015258789,0.0,303430
2023-11-10,77.16999816894531,0.0,77.7300033569336,75.30999755859375,75.58999633789062,0.0,266998
2023-11-13,78.26000213623047,0.0,78.63999938964844,76.20999908447266,77.1500015258789,0.0,262903
2023-11-14,78.26000213623047,0.0,79.7699966430664,77.79000091552734,78.52999877929688,0.0,263002
2023-11-15,76.66000366210938,0.0,78.7699966430664,76.30999755859375,78.16999816894531,0.0,282301
2023-11-16,72.9000015258789,0.0,76.62999725341797,72.16000366210938,76.5999984741211,0.0,125165
2023-11-17,75.88999938964844,0.0,75.98999786376953,72.75,72.97000122070312,0.0,101484
2023-11-20,77.5999984741211,0.0,78.22000122070312,75.6500015258789,75.6500015258789,0.0,270638
2023-11-21,77.7699966430664,0.0,77.91999816894531,76.91999816894531,77.6500015258789,0.0,238629
2023-11-22,77.0999984741211,0.0,77.97000122070312,73.79000091552734,77.7699966430664,0.0,389325
2023-11-24,75.54000091552734,0.0,77.08999633789062,75.06999969482422,76.79000091552734,0.0,281147
2023-11-27,74.86000061035156,0.0,76.2300033569336,74.05999755859375,75.30999755859375,0.0,289562
2023-11-28,76.41000366210938,0.0,77.0199966430664,74.63999938964844,75.06999969482422,0.0,286618
2023-11-29,77.86000061035156,0.0,78.08999633789062,75.66999816894531,76.55999755859375,0.0,322170
2023-11-30,75.95999908447266,0.0,79.5999984741211,75.05000305175781,77.75,0.0,559169
2023-12-01,74.06999969482422,0.0,76.76000213623047,73.93000030517578,75.58999633789062,0.0,358976
2023-12-04,73.04000091552734,0.0,75.02999877929688,72.62999725341797,74.58000183105469,0.0,388832
2023-12-05,72.31999969482422,0.0,74.12000274658203,72.0199966430664,73.30000305175781,0.0,358703
2023-12-06,69.37999725341797,0.0,72.5999984741211,69.11000061035156,72.0999984741211,0.0,436803
2023-12-07,69.33999633789062,0.0,70.4800033569336,68.80000305175781,69.27999877929688,0.0,339000
2023-12-08,71.2300033569336,0.0,71.62999725341797,69.5,69.76000213623047,0.0,302250
2023-12-11,71.31999969482422,0.0,71.80999755859375,70.3499984741211,71.1500015258789,0.0,274414
2023-12-12,68.61000061035156,0.0,71.95999908447266,68.22000122070312,71.43000030517578,0.0,324530
2023-12-13,69.47000122070312,0.0,69.88999938964844,67.70999908447266,68.7300033569336,0.0,306996
2023-12-14,71.58000183105469,0.0,72.45999908447266,69.54000091552734,69.8499984741211,0.0,275688
2023-12-15,71.43000030517578,0.0,72.22000122070312,70.30000305175781,71.61000061035156,0.0,95513
2023-12-18,72.47000122070312,0.0,74.26000213623047,70.63999938964844,71.68000030517578,0.0,73941
2023-12-19,73.44000244140625,0.0,74.01000213623047,71.8499984741211,72.4800033569336,0.0,230042
2023-12-20,74.22000122070312,0.0,75.37000274658203,73.5999984741211,74.05999755859375,0.0,273364
2023-12-21,73.88999938964844,0.0,74.58000183105469,72.44000244140625,73.80999755859375,0.0,251982
2023-12-22,73.55999755859375,0.0,74.9800033569336,73.38999938964844,73.91000366210938,0.0,222600
2023-12-26,75.56999969482422,0.0,76.18000030517578,73.12999725341797,73.55999755859375,0.0,208715
2023-12-27,74.11000061035156,0.0,75.66000366210938,73.7699966430664,75.31999969482422,0.0,253323
2023-12-28,71.7699966430664,0.0,74.4000015258789,71.72000122070312,73.80000305175781,0.0,262748
2023-12-29,71.6500015258789,0.0,72.62000274658203,71.25,71.98999786376953,0.0,214486
2024-01-02,70.37999725341797,0.0,73.63999938964844,70.05999755859375,71.70999908447266,0.0,330992
2024-01-03,72.69999694824219,0.0,73.2300033569336,69.27999877929688,70.5,0.0,334861
2024-01-04,72.19000244140625,0.0,74.0,71.05999755859375,73.04000091552734,0.0,344467
2024-01-05,73.80999755859375,0.0,74.23999786376953,72.20999908447266,72.4000015258789,0.0,325525
2024-01-08,70.7699966430664,0.0,73.94999694824219,70.12999725341797,73.51000213623047,0.0,392249
2024-01-09,72.23999786376953,0.0,72.93000030517578,70.47000122070312,70.91000366210938,0.0,363445
2024-01-10,71.37000274658203,0.0,73.58999633789062,71.01000213623047,72.16999816894531,0.0,352772
2024-01-11,72.0199966430664,0.0,73.80999755859375,71.16999816894531,71.33000183105469,0.0,373645
2024-01-12,72.68000030517578,0.0,75.25,72.36000061035156,73.01000213623047,0.0,403636
2024-01-16,72.4000015258789,0.0,73.55999755859375,71.2300033569336,72.62999725341797,0.0,430437
2024-01-17,72.55999755859375,0.0,72.94999694824219,70.5,72.0,0.0,315679
2024-01-18,74.08000183105469,0.0,74.37999725341797,72.18000030517578,72.77999877929688,0.0,86646
2024-01-19,73.41000366210938,0.0,74.91000366210938,73.19999694824219,74.08000183105469,0.0,78234
2024-01-22,75.19000244140625,0.0,75.75,72.88999938964844,73.41000366210938,0.0,372284
2024-01-23,74.37000274658203,0.0,75.25,73.41000366210938,74.68000030517578,0.0,306060
2024-01-24,75.08999633789062,0.0,75.83000183105469,73.94000244140625,74.56999969482422,0.0,323726
2024-01-25,77.36000061035156,0.0,77.51000213623047,75.16000366210938,75.30000305175781,0.0,320177
2024-01-26,78.01000213623047,0.0,78.26000213623047,76.05999755859375,77.1500015258789,0.0,365456
2024-01-29,76.77999877929688,0.0,79.29000091552734,76.41000366210938,78.9000015258789,0.0,331925
2024-01-30,77.81999969482422,0.0,78.13999938964844,75.8499984741211,77.0199966430664,0.0,347242
2024-01-31,75.8499984741211,0.0,78.11000061035156,75.5199966430664,77.83999633789062,0.0,344493
2024-02-01,73.81999969482422,0.0,76.94999694824219,73.69999694824219,75.95999908447266,0.0,577936
2024-02-02,72.27999877929688,0.0,74.5199966430664,71.79000091552734,73.91000366210938,0.0,467768
2024-02-05,72.77999877929688,0.0,73.27999877929688,71.41000366210938,72.75,0.0,350843
2024-02-06,73.30999755859375,0.0,73.81999969482422,72.37999725341797,72.76000213623047,0.0,310955
2024-02-07,73.86000061035156,0.0,74.22000122070312,73.2300033569336,73.5,0.0,294955
2024-02-08,76.22000122070312,0.0,76.58999633789062,73.55999755859375,74.08000183105469,0.0,377906
2024-02-09,76.83999633789062,0.0,77.29000091552734,75.93000030517578,76.41999816894531,0.0,302612
2024-02-12,76.91999816894531,0.0,77.08999633789062,75.54000091552734,76.5999984741211,0.0,248476
2024-02-13,77.87000274658203,0.0,78.47000122070312,76.87000274658203,77.02999877929688,0.0,338174
2024-02-14,76.63999938964844,0.0,78.7699966430664,76.37999725341797,77.80999755859375,0.0,296131
2024-02-15,78.02999877929688,0.0,78.44000244140625,75.77999877929688,76.5999984741211,0.0,122432
2024-02-16,79.19000244140625,0.0,79.3499984741211,77.22000122070312,78.11000061035156,0.0,113713
2024-02-20,78.18000030517578,0.0,79.80000305175781,77.66999816894531,78.9800033569336,0.0,435235
2024-02-21,77.91000366210938,0.0,78.08000183105469,76.31999969482422,77.1500015258789,0.0,323243
2024-02-22,78.61000061035156,0.0,78.91999816894531,77.2300033569336,78.08999633789062,0.0,330511
2024-02-23,76.48999786376953,0.0,78.38999938964844,76.3499984741211,78.37000274658203,0.0,353437
2024-02-26,77.58000183105469,0.0,78.02999877929688,75.83999633789062,76.4000015258789,0.0,274710
2024-02-27,78.87000274658203,0.0,79.0,77.16999816894531,77.62000274658203,0.0,269236
2024-02-28,78.54000091552734,0.0,79.62000274658203,77.77999877929688,78.4800033569336,0.0,330043
2024-02-29,78.26000213623047,0.0,79.27999877929688,77.94000244140625,78.19999694824219,0.0,317939
2024-03-01,79.97000122070312,0.0,80.8499984741211,78.05000305175781,78.27999877929688,0.0,363417
2024-03-04,78.73999786376953,0.0,80.41000366210938,78.55999755859375,80.13999938964844,0.0,347214
2024-03-05,78.1500015258789,0.0,79.48999786376953,77.5199966430664,78.73999786376953,0.0,436521
2024-03-06,79.12999725341797,0.0,80.66999816894531,77.98999786376953,78.1500015258789,0.0,371049
2024-03-07,78.93000030517578,0.0,79.52999877929688,78.0199966430664,79.12999725341797,0.0,432923
2024-03-08,78.01000213623047,0.0,79.98999786376953,77.55999755859375,79.51000213623047,0.0,347533
2024-03-11,77.93000030517578,0.0,78.47000122070312,76.79000091552734,77.80000305175781,0.0,329873
2024-03-12,77.55999755859375,0.0,78.7300033569336,77.33999633789062,78.08999633789062,0.0,309922
2024-03-13,79.72000122070312,0.0,79.9000015258789,77.56999969482422,78.05999755859375,0.0,316390
2024-03-14,81.26000213623047,0.0,81.62000274658203,79.56999969482422,79.62999725341797,0.0,297450
2024-03-15,81.04000091552734,0.0,81.44999694824219,80.48999786376953,81.13999938964844,0.0,185078
2024-03-18,82.72000122070312,0.0,83.08999633789062,81.01000213623047,81.02999877929688,0.0,84718
2024-03-19,83.47000122070312,0.0,83.8499984741211,82.38999938964844,82.8499984741211,0.0,76814
2024-03-20,81.68000030517578,0.0,83.20999908447266,81.44000244140625,83.19999694824219,0.0,351161
2024-03-21,81.06999969482422,0.0,81.91999816894531,80.30000305175781,81.48999786376953,0.0,266860
2024-03-22,80.62999725341797,0.0,81.44999694824219,80.41999816894531,80.83999633789062,0.0,231101
2024-03-25,81.94999694824219,0.0,82.4800033569336,80.58999633789062,80.8499984741211,0.0,300360
2024-03-26,81.62000274658203,0.0,82.36000061035156,81.22000122070312,81.94000244140625,0.0,235845
2024-03-27,81.3499984741211,0.0,81.73999786376953,80.55000305175781,81.29000091552734,0.0,249964
2024-03-28,83.16999816894531,0.0,83.20999908447266,81.5199966430664,81.70999908447266,0.0,293774
2024-04-01,83.70999908447266,0.0,84.48999786376953,82.5999984741211,83.13999938964844,0.0,321059
2024-04-02,85.1500015258789,0.0,85.5,83.8499984741211,84.04000091552734,0.0,344040
2024-04-03,85.43000030517578,0.0,86.19999694824219,84.8499984741211,85.45999908447266,0.0,322549
2024-04-04,86.58999633789062,0.0,87.22000122070312,84.63999938964844,85.66000366210938,0.0,359534
2024-04-05,86.91000366210938,0.0,87.62999725341797,86.31999969482422,86.86000061035156,0.0,353206
2024-04-08,86.43000030517578,0.0,87.0999984741211,84.69000244140625,86.0999984741211,0.0,393734
2024-04-09,85.2300033569336,0.0,86.9800033569336,85.08999633789062,86.58999633789062,0.0,314994
2024-04-10,86.20999908447266,0.0,86.37999725341797,84.55000305175781,85.33999633789062,0.0,373939
2024-04-11,85.0199966430664,0.0,86.62999725341797,84.83999633789062,86.31999969482422,0.0,388128
2024-04-12,85.66000366210938,0.0,87.66999816894531,85.23999786376953,85.5999984741211,0.0,369958
2024-04-15,85.41000366210938,0.0,86.11000061035156,84.05000305175781,85.93000030517578,0.0,343894
2024-04-16,85.36000061035156,0.0,86.18000030517578,84.75,85.69999694824219,0.0,241343
2024-04-17,82.69000244140625,0.0,85.51000213623047,82.55000305175781,85.36000061035156,0.0,259540
2024-04-18,82.7300033569336,0.0,83.47000122070312,81.55999755859375,82.79000091552734,0.0,84468
2024-04-19,83.13999938964844,0.0,86.27999877929688,81.80000305175781,82.62000274658203,0.0,76901
2024-04-22,82.8499984741211,0.0,83.3499984741211,81.8499984741211,83.05000305175781,0.0,313914
2024-04-23,83.36000061035156,0.0,83.43000030517578,80.87999725341797,82.12999725341797,0.0,355814
2024-04-24,82.80999755859375,0.0,83.70999908447266,82.44000244140625,83.4000015258789,0.0,329077
2024-04-25,83.56999969482422,0.0,83.83000183105469,81.98999786376953,82.83000183105469,0.0,314116
2024-04-26,83.8499984741211,0.0,84.45999908447266,83.3499984741211,83.80999755859375,0.0,244090
2024-04-29,82.62999725341797,0.0,83.91000366210938,82.4000015258789,83.69000244140625,0.0,336984
2024-04-30,81.93000030517578,0.0,83.30000305175781,80.94999694824219,82.76000213623047,0.0,400680
2024-05-01,79.0,0.0,81.56999969482422,78.83000183105469,81.4800033569336,0.0,441978
2024-05-02,78.94999694824219,0.0,79.9000015258789,78.41000366210938,79.1500015258789,0.0,359652
2024-05-03,78.11000061035156,0.0,79.62999725341797,77.95999908447266,79.06999969482422,0.0,324438
2024-05-06,78.4800033569336,0.0,79.08999633789062,77.91000366210938,78.16000366210938,0.0,297369
2024-05-07,78.37999725341797,0.0,79.16999816894531,77.55000305175781,78.72000122070312,0.0,327593
2024-05-08,78.98999786376953,0.0,79.2699966430664,76.88999938964844,78.33999633789062,0.0,355449
2024-05-09,79.26000213623047,0.0,79.80000305175781,78.91000366210938,79.2300033569336,0.0,272712
2024-05-10,78.26000213623047,0.0,79.95999908447266,78.13999938964844,79.58999633789062,0.0,281169
2024-05-13,79.12000274658203,0.0,79.48999786376953,77.77999877929688,78.18000030517578,0.0,287701
2024-05-14,78.0199966430664,0.0,79.37999725341797,77.68000030517578,79.2300033569336,0.0,307410
2024-05-15,78.62999725341797,0.0,78.91999816894531,76.69999694824219,78.44000244140625,0.0,321267
2024-05-16,79.2300033569336,0.0,79.8499984741211,78.19999694824219,78.83999633789062,0.0,230277
2024-05-17,80.05999755859375,0.0,80.13999938964844,79.0,79.37999725341797,0.0,94152
2024-05-20,79.80000305175781,0.0,80.5999984741211,79.16999816894531,80.01000213623047,0.0,85072
2024-05-21,79.26000213623047,0.0,79.72000122070312,78.08000183105469,79.69999694824219,0.0,371672
2024-05-22,77.56999969482422,0.0,78.41000366210938,77.25,78.20999908447266,0.0,314145
2024-05-23,76.87000274658203,0.0,78.66000366210938,76.43000030517578,77.29000091552734,0.0,330273
2024-05-24,77.72000122070312,0.0,78.05000305175781,76.1500015258789,77.04000091552734,0.0,299075
2024-05-28,79.83000183105469,0.0,80.29000091552734,77.69000244140625,77.80999755859375,0.0,334074
2024-05-29,79.2300033569336,0.0,80.62000274658203,78.98999786376953,80.26000213623047,0.0,259594
2024-05-30,77.91000366210938,0.0,79.41999816894531,77.62999725341797,79.27999877929688,0.0,373779
2024-05-31,76.98999786376953,0.0,78.62000274658203,76.66999816894531,77.91000366210938,0.0,345120
2024-06-03,74.22000122070312,0.0,77.5199966430664,73.9800033569336,76.97000122070312,0.0,443271
2024-06-04,73.25,0.0,74.12999725341797,72.4800033569336,74.0199966430664,0.0,408721
2024-06-05,74.06999969482422,0.0,74.33000183105469,72.81999969482422,72.9000015258789,0.0,307701
2024-06-06,75.55000305175781,0.0,75.79000091552734,74.05999755859375,74.30000305175781,0.0,291082
2024-06-07,75.52999877929688,0.0,76.25,75.20999908447266,75.66999816894531,0.0,280253
2024-06-10,77.73999786376953,0.0,78.29000091552734,75.2300033569336,75.3499984741211,0.0,317031
2024-06-11,77.9000015258789,0.0,78.36000061035156,77.22000122070312,78.12000274658203,0.0,314874
2024-06-12,78.5,0.0,79.31999969482422,77.87999725341797,78.22000122070312,0.0,322285
2024-06-13,78.62000274658203,0.0,78.88999938964844,77.66999816894531,78.37000274658203,0.0,307638
2024-06-14,78.44999694824219,0.0,79.1500015258789,77.7300033569336,77.95999908447266,0.0,245827
2024-06-17,80.33000183105469,0.0,80.66000366210938,77.9800033569336,78.4800033569336,0.0,126733
2024-06-18,81.56999969482422,0.0,81.66999816894531,79.7699966430664,80.43000030517578,0.0,140709
2024-06-20,82.16999816894531,0.0,82.41000366210938,81.12999725341797,81.5199966430664,0.0,420499
2024-06-21,80.7300033569336,0.0,81.79000091552734,80.3499984741211,81.2699966430664,0.0,290500
2024-06-24,81.62999725341797,0.0,81.77999877929688,80.2300033569336,80.44999694824219,0.0,271745
2024-06-25,80.83000183105469,0.0,81.9000015258789,80.55000305175781,81.69999694824219,0.0,286038
2024-06-26,80.9000015258789,0.0,81.62999725341797,80.18000030517578,80.72000122070312,0.0,308410
2024-06-27,81.73999786376953,0.0,82.04000091552734,80.51000213623047,80.86000061035156,0.0,306342
2024-06-28,81.54000091552734,0.0,82.72000122070312,80.97000122070312,81.86000061035156,0.0,260252
2024-07-01,83.37999725341797,0.0,83.63999938964844,81.37999725341797,81.44999694824219,0.0,345780
2024-07-02,82.80999755859375,0.0,84.37999725341797,82.72000122070312,83.43000030517578,0.0,367787
2024-07-03,83.87999725341797,0.0,83.93000030517578,82.45999908447266,83.19999694824219,0.0,289685
2024-07-05,83.16000366210938,0.0,84.5199966430664,83.0199966430664,83.5999984741211,0.0,361357
2024-07-08,82.33000183105469,0.0,83.31999969482422,82.08000183105469,83.1500015258789,0.0,251774
2024-07-09,81.41000366210938,0.0,82.4800033569336,81.25,82.22000122070312,0.0,297325
2024-07-10,82.0999984741211,0.0,82.66000366210938,80.80999755859375,81.80999755859375,0.0,334380
2024-07-11,82.62000274658203,0.0,83.12999725341797,81.62999725341797,82.4000015258789,0.0,324170
2024-07-12,82.20999908447266,0.0,83.73999786376953,82.0999984741211,82.86000061035156,0.0,370062
2024-07-15,81.91000366210938,0.0,82.58000183105469,81.47000122070312,82.16000366210938,0.0,296520
2024-07-16,80.76000213623047,0.0,81.93000030517578,80.22000122070312,81.91999816894531,0.0,308186
2024-07-17,82.8499984741211,0.0,83.0999984741211,80.44999694824219,80.8499984741211,0.0,257437
2024-07-18,82.81999969482422,0.0,83.81999969482422,82.04000091552734,83.11000061035156,0.0,95704
2024-07-19,80.12999725341797,0.0,82.87999725341797,80.06999969482422,82.47000122070312,0.0,83795
2024-07-22,79.77999877929688,0.0,80.69000244140625,79.16999816894531,80.38999938964844,0.0,345235
2024-07-23,76.95999908447266,0.0,78.7300033569336,76.4000015258789,78.2699966430664,0.0,417941
2024-07-24,77.58999633789062,0.0,78.19000244140625,76.9800033569336,77.44999694824219,0.0,355971
2024-07-25,78.27999877929688,0.0,78.47000122070312,76.04000091552734,77.5,0.0,457288
2024-07-26,77.16000366210938,0.0,78.5999984741211,76.19000244140625,78.3499984741211,0.0,365121
2024-07-29,75.80999755859375,0.0,77.69000244140625,75.3499984741211,77.30000305175781,0.0,362635
2024-07-30,74.7300033569336,0.0,75.97000122070312,74.58999633789062,75.91000366210938,0.0,419478
2024-07-31,77.91000366210938,0.0,78.66000366210938,75.18000030517578,75.23999786376953,0.0,460315
2024-08-01,76.30999755859375,0.0,78.87999725341797,76.23999786376953,78.58999633789062,0.0,383014
2024-08-02,73.5199966430664,0.0,77.29000091552734,72.97000122070312,76.87000274658203,0.0,467786
2024-08-05,72.94000244140625,0.0,74.45999908447266,71.66999816894531,74.20999908447266,0.0,500151
2024-08-06,73.19999694824219,0.0,74.55999755859375,72.19999694824219,73.86000061035156,0.0,352250
2024-08-07,75.2300033569336,0.0,75.83999633789062,72.58000183105469,72.83999633789062,0.0,427995
2024-08-08,76.19000244140625,0.0,76.5199966430664,74.5999984741211,75.47000122070312,0.0,327301
2024-08-09,76.83999633789062,0.0,77.08999633789062,75.8499984741211,76.0199966430664,0.0,263007
2024-08-12,80.05999755859375,0.0,80.16000366210938,76.69999694824219,76.98999786376953,0.0,376747
2024-08-13,78.3499984741211,0.0,80.1500015258789,78.16000366210938,79.73999786376953,0.0,370763
2024-08-14,76.9800033569336,0.0,79.0999984741211,76.83000183105469,78.7300033569336,0.0,357636
2024-08-15,78.16000366210938,0.0,78.5999984741211,76.93000030517578,77.5199966430664,0.0,195122
2024-08-16,76.6500015258789,0.0,78.16000366210938,75.54000091552734,78.16000366210938,0.0,100810
2024-08-19,74.37000274658203,0.0,76.87000274658203,74.16999816894531,76.58000183105469,0.0,118172
2024-08-20,74.04000091552734,0.0,75.02999877929688,73.5,74.33999633789062,0.0,329276
2024-08-21,71.93000030517578,0.0,74.16000366210938,71.45999908447266,73.12000274658203,0.0,390527
2024-08-22,73.01000213623047,0.0,73.5199966430664,71.58000183105469,71.93000030517578,0.0,334117
2024-08-23,74.83000183105469,0.0,75.06999969482422,72.83000183105469,72.95999908447266,0.0,313764
2024-08-26,77.41999816894531,0.0,77.5999984741211,75.04000091552734,75.0999984741211,0.0,409675
2024-08-27,75.52999877929688,0.0,77.4800033569336,75.4000015258789,77.19999694824219,0.0,331162
2024-08-28,74.5199966430664,0.0,75.94999694824219,73.81999969482422,75.75,0.0,337361
2024-08-29,75.91000366210938,0.0,76.91000366210938,74.05000305175781,74.41999816894531,0.0,408147
2024-08-30,73.55000305175781,0.0,76.58999633789062,73.36000061035156,75.87000274658203,0.0,427273
2024-09-03,70.33999633789062,0.0,74.41000366210938,70.0999984741211,73.52999877929688,0.0,546617
2024-09-04,69.19999694824219,0.0,71.45999908447266,68.81999969482422,70.27999877929688,0.0,482025
2024-09-05,69.1500015258789,0.0,70.81999969482422,68.75,69.2699966430664,0.0,405596
2024-09-06,67.66999816894531,0.0,70.12999725341797,67.16999816894531,69.33000183105469,0.0,351074
2024-09-09,68.70999908447266,0.0,68.95999908447266,67.30999755859375,68.12999725341797,0.0,351074
2024-09-10,65.75,0.0,69.08000183105469,65.2699966430664,68.77999877929688,0.0,442855
2024-09-11,67.30999755859375,0.0,67.97000122070312,65.62999725341797,66.27999877929688,0.0,393311
2024-09-12,68.97000122070312,0.0,69.80999755859375,67.23999786376953,67.38999938964844,0.0,351976
2024-09-13,68.6500015258789,0.0,70.31999969482422,68.47000122070312,69.30999755859375,0.0,308983
2024-09-16,70.08999633789062,0.0,70.69999694824219,68.6500015258789,69.16000366210938,0.0,295176
2024-09-17,71.19000244140625,0.0,71.91999816894531,69.61000061035156,70.5,0.0,251629
2024-09-18,70.91000366210938,0.0,71.4800033569336,69.7300033569336,71.13999938964844,0.0,102907
2024-09-19,71.94999694824219,0.0,72.48999786376953,70.12999725341797,70.12999725341797,0.0,86630
2024-09-20,71.91999816894531,0.0,72.4000015258789,71.36000061035156,72.0999984741211,0.0,306997
2024-09-23,70.37000274658203,0.0,71.80999755859375,69.48999786376953,71.30999755859375,0.0,338267
2024-09-24,71.55999755859375,0.0,72.4000015258789,70.44000244140625,70.76000213623047,0.0,318516
2024-09-25,69.69000244140625,0.0,71.72000122070312,69.2300033569336,71.54000091552734,0.0,476237
2024-09-26,67.66999816894531,0.0,70.01000213623047,66.94999694824219,69.88999938964844,0.0,478069
2024-09-27,68.18000030517578,0.0,68.6500015258789,67.05999755859375,67.44999694824219,0.0,341133
2024-09-30,68.16999816894531,0.0,69.31999969482422,67.56999969482422,68.62999725341797,0.0,350115
2024-10-01,69.83000183105469,0.0,71.94000244140625,66.33000183105469,68.41000366210938,0.0,668216
2024-10-02,70.0999984741211,0.0,72.48999786376953,69.87000274658203,70.80000305175781,0.0,429225
2024-10-03,73.70999908447266,0.0,74.08999633789062,70.5199966430664,70.9800033569336,0.0,460554
2024-10-04,74.37999725341797,0.0,75.56999969482422,73.45999908447266,73.94999694824219,0.0,428815
2024-10-07,77.13999938964844,0.0,77.4000015258789,73.62000274658203,74.4000015258789,0.0,419018
2024-10-08,73.56999969482422,0.0,78.45999908447266,72.69000244140625,77.33000183105469,0.0,496760
2024-10-09,73.23999786376953,0.0,74.44999694824219,71.52999877929688,73.83999633789062,0.0,401159
2024-10-10,75.8499984741211,0.0,76.23999786376953,73.26000213623047,73.38999938964844,0.0,321453
2024-10-11,75.55999755859375,0.0,76.04000091552734,74.52999877929688,75.73999786376953,0.0,315302
2024-10-14,73.83000183105469,0.0,75.08000183105469,71.80999755859375,75.05000305175781,0.0,273455
2024-10-15,70.58000183105469,0.0,72.12000274658203,69.70999908447266,71.51000213623047,0.0,328738
2024-10-16,70.38999938964844,0.0,71.30999755859375,69.63999938964844,70.98999786376953,0.0,222437
2024-10-17,70.66999816894531,0.0,71.11000061035156,69.44000244140625,70.68000030517578,0.0,188161
2024-10-18,69.22000122070312,0.0,71.2300033569336,68.69000244140625,70.75,0.0,95768
2024-10-21,70.55999755859375,0.0,71.02999877929688,69.0,69.45999908447266,0.0,92584
2024-10-22,72.08999633789062,0.0,72.66000366210938,70.05000305175781,70.48999786376953,0.0,330456
2024-10-23,70.7699966430664,0.0,71.72000122070312,70.12999725341797,71.3499984741211,0.0,293835
2024-10-24,70.19000244140625,0.0,72.33999633789062,69.7699966430664,71.0199966430664,0.0,286571
2024-10-25,71.77999877929688,0.0,71.91999816894531,69.95999908447266,70.33000183105469,0.0,287189
2024-10-28,67.37999725341797,0.0,69.0,66.91999816894531,68.9800033569336,0.0,419623
2024-10-29,67.20999908447266,0.0,68.5199966430664,66.72000122070312,68.0199966430664,0.0,291929
2024-10-30,68.61000061035156,0.0,69.16999816894531,67.27999877929688,67.47000122070312,0.0,284795
2024-10-31,69.26000213623047,0.0,70.80999755859375,68.30000305175781,69.0999984741211,0.0,311055
2024-11-01,69.48999786376953,0.0,71.44999694824219,69.31999969482422,70.44000244140625,0.0,320572
2024-11-04,71.47000122070312,0.0,71.80999755859375,70.25,70.29000091552734,0.0,286947
2024-11-05,71.98999786376953,0.0,72.66999816894531,71.29000091552734,71.62000274658203,0.0,247311
2024-11-06,71.69000244140625,0.0,72.62999725341797,69.73999786376953,72.0199966430664,0.0,388265
2024-11-07,72.36000061035156,0.0,72.87999725341797,70.66000366210938,71.87000274658203,0.0,353595
2024-11-08,70.37999725341797,0.0,72.25,69.98999786376953,72.20999908447266,0.0,362038
2024-11-11,68.04000091552734,0.0,70.55999755859375,67.91999816894531,70.25,0.0,364506
2024-11-12,68.12000274658203,0.0,69.12999725341797,67.75,68.1500015258789,0.0,286926
2024-11-13,68.43000030517578,0.0,68.86000061035156,66.94000244140625,67.9800033569336,0.0,386027
2024-11-14,68.69999694824219,0.0,69.38999938964844,67.91999816894531,68.12999725341797,0.0,232270
2024-11-15,67.0199966430664,0.0,68.69000244140625,66.81999969482422,68.62000274658203,0.0,205235
2024-11-18,69.16000366210938,0.0,69.38999938964844,66.61000061035156,66.86000061035156,0.0,110375
2024-11-19,69.38999938964844,0.0,69.69000244140625,68.44999694824219,69.01000213623047,0.0,89360
2024-11-20,68.87000274658203,0.0,70.1500015258789,68.75,69.55000305175781,0.0,235637
2024-11-21,70.0999984741211,0.0,70.37999725341797,68.86000061035156,69.04000091552734,0.0,283850
2024-11-22,71.23999786376953,0.0,71.51000213623047,69.29000091552734,70.18000030517578,0.0,408207
2024-11-25,68.94000244140625,0.0,71.4800033569336,68.73999786376953,71.44000244140625,0.0,380922
2024-11-26,68.7699966430664,0.0,70.30000305175781,68.05000305175781,69.08000183105469,0.0,292138
2024-11-27,68.72000122070312,0.0,69.37000274658203,68.18000030517578,68.91000366210938,0.0,227215
2024-11-29,68.0,0.0,69.69000244140625,67.87000274658203,68.7699966430664,0.0,291408
2024-12-02,68.0999984741211,0.0,69.11000061035156,67.70999908447266,68.0,0.0,264883
2024-12-03,69.94000244140625,0.0,70.2300033569336,67.91000366210938,68.16000366210938,0.0,303752
2024-12-04,68.54000091552734,0.0,70.51000213623047,68.48999786376953,70.0199966430664,0.0,325636
2024-12-05,68.30000305175781,0.0,69.16000366210938,67.9800033569336,68.73999786376953,0.0,286701
2024-12-06,67.19999694824219,0.0,68.48999786376953,66.9800033569336,68.44000244140625,0.0,341593
2024-12-09,68.37000274658203,0.0,68.87999725341797,67.08000183105469,67.1500015258789,0.0,297085
2024-12-10,68.58999633789062,0.0,69.05999755859375,67.72000122070312,68.19000244140625,0.0,286003
2024-12-11,70.29000091552734,0.0,70.52999877929688,68.44000244140625,68.5,0.0,335892
2024-12-12,70.0199966430664,0.0,70.72000122070312,69.13999938964844,70.43000030517578,0.0,326046
2024-12-13,71.29000091552734,0.0,71.41999816894531,69.87000274658203,70.05999755859375,0.0,230429
2024-12-16,70.70999908447266,0.0,71.44000244140625,70.37000274658203,71.44000244140625,0.0,204296
2024-12-17,70.08000183105469,0.0,70.91999816894531,69.18000030517578,70.61000061035156,0.0,99604
2024-12-18,70.58000183105469,0.0,71.37999725341797,69.98999786376953,70.22000122070312,0.0,99386
2024-12-19,69.91000366210938,0.0,71.26000213623047,69.69999694824219,70.13999938964844,0.0,291660
2024-12-20,69.45999908447266,0.0,69.8499984741211,68.41999816894531,69.2300033569336,0.0,231592
2024-12-23,69.23999786376953,0.0,69.94000244140625,68.58999633789062,69.4000015258789,0.0,188843
2024-12-24,70.0999984741211,0.0,70.43000030517578,69.36000061035156,69.55999755859375,0.0,122602
2024-12-26,69.62000274658203,0.0,70.75,69.33000183105469,70.19999694824219,0.0,144877
2024-12-27,70.5999984741211,0.0,70.75,69.44000244140625,69.68000030517578,0.0,172641
2024-12-30,70.98999786376953,0.0,71.55999755859375,70.12000274658203,70.41999816894531,0.0,199296
2024-12-31,71.72000122070312,0.0,72.0199966430664,70.87000274658203,71.1500015258789,0.0,151155
2025-01-02,73.12999725341797,0.0,73.7300033569336,71.79000091552734,71.8499984741211,0.0,306498
2025-01-03,73.95999908447266,0.0,74.3499984741211,72.69999694824219,73.12999725341797,0.0,296040
2025-01-06,73.55999755859375,0.0,74.98999786376953,73.19999694824219,74.05000305175781,0.0,306042
2025-01-07,74.25,0.0,74.52999877929688,73.11000061035156,73.44000244140625,0.0,277328
2025-01-08,73.31999969482422,0.0,75.29000091552734,73.16000366210938,74.5199966430664,0.0,328617
2025-01-09,73.91999816894531,0.0,74.31999969482422,72.83999633789062,73.31999969482422,0.0,213421
2025-01-10,76.56999969482422,0.0,77.86000061035156,74.0199966430664,74.29000091552734,0.0,478432
2025-01-13,78.81999969482422,0.0,79.2699966430664,76.54000091552734,76.54000091552734,0.0,460942
2025-01-14,77.5,0.0,79.08999633789062,77.41000366210938,78.81999969482422,0.0,326729
2025-01-15,80.04000091552734,0.0,80.7699966430664,77.23999786376953,78.02999877929688,0.0,321422
2025-01-16,78.68000030517578,0.0,80.58999633789062,77.87000274658203,80.4000015258789,0.0,159948
2025-01-17,77.87999725341797,0.0,79.44000244140625,77.76000213623047,78.75,0.0,112409
2025-01-21,75.88999938964844,0.0,78.47000122070312,75.48999786376953,78.19000244140625,0.0,568807
2025-01-22,75.44000244140625,0.0,76.44999694824219,75.27999877929688,75.87999725341797,0.0,315333
2025-01-23,74.62000274658203,0.0,76.0,74.13999938964844,75.38999938964844,0.0,350688
2025-01-24,74.66000366210938,0.0,75.20999908447266,74.01000213623047,74.30000305175781,0.0,319679
2025-01-27,73.16999816894531,0.0,75.1500015258789,72.37999725341797,74.54000091552734,0.0,334418
2025-01-28,73.7699966430664,0.0,74.30999755859375,72.93000030517578,73.1500015258789,0.0,326075
2025-01-29,72.62000274658203,0.0,74.08000183105469,72.33000183105469,73.94999694824219,0.0,312733
2025-01-30,72.7300033569336,0.0,73.83999633789062,72.0199966430664,73.0,0.0,336475
2025-01-31,72.52999877929688,0.0,73.83999633789062,71.94000244140625,73.19999694824219,0.0,376335
2025-02-03,73.16000366210938,0.0,75.18000030517578,72.05000305175781,74.13999938964844,0.0,517853
2025-02-04,72.69999694824219,0.0,73.3499984741211,70.66999816894531,72.3499984741211,0.0,452961
2025-02-05,71.02999877929688,0.0,72.97000122070312,70.95999908447266,72.76000213623047,0.0,289902
2025-02-06,70.61000061035156,0.0,71.8499984741211,70.43000030517578,71.18000030517578,0.0,299037
2025-02-07,71.0,0.0,71.41000366210938,70.47000122070312,70.55999755859375,0.0,273766
2025-02-10,72.31999969482422,0.0,72.54000091552734,70.83999633789062,71.0,0.0,255941
2025-02-11,73.31999969482422,0.0,73.68000030517578,72.30999755859375,72.48999786376953,0.0,266819
2025-02-12,71.37000274658203,0.0,73.22000122070312,71.16999816894531,73.19999694824219,0.0,318123
2025-02-13,71.29000091552734,0.0,71.5999984741211,70.22000122070312,71.23999786376953,0.0,278197
2025-02-14,70.73999786376953,0.0,72.0199966430664,70.5199966430664,71.5199966430664,0.0,207719
2025-02-18,71.8499984741211,0.0,72.06999969482422,70.12000274658203,70.69999694824219,0.0,130937
2025-02-19,72.25,0.0,73.04000091552734,71.70999908447266,71.77999877929688,0.0,69012
2025-02-20,72.56999969482422,0.0,73.25,71.8499984741211,72.18000030517578,0.0,240060
2025-02-21,70.4000015258789,0.0,72.7699966430664,70.16999816894531,72.58000183105469,0.0,268470
2025-02-24,70.69999694824219,0.0,70.94000244140625,69.80000305175781,69.80000305175781,0.0,205468
2025-02-25,68.93000030517578,0.0,71.26000213623047,68.68000030517578,70.91999816894531,0.0,267310
2025-02-26,68.62000274658203,0.0,69.27999877929688,68.36000061035156,69.11000061035156,0.0,255601
2025-02-27,70.3499984741211,0.0,70.54000091552734,68.61000061035156,68.81999969482422,0.0,265933
2025-02-28,69.76000213623047,0.0,70.29000091552734,69.13999938964844,70.16999816894531,0.0,250074
2025-03-03,68.37000274658203,0.0,70.5999984741211,67.88999938964844,69.94999694824219,0.0,332751
2025-03-04,68.26000213623047,0.0,68.55999755859375,66.7699966430664,68.45999908447266,0.0,386750
2025-03-05,66.30999755859375,0.0,68.0999984741211,65.22000122070312,68.08000183105469,0.0,382493
2025-03-06,66.36000061035156,0.0,67.08999633789062,65.58999633789062,66.38999938964844,0.0,341632
2025-03-07,67.04000091552734,0.0,68.22000122070312,66.12000274658203,66.33999633789062,0.0,329710
2025-03-10,66.02999877929688,0.0,67.5999984741211,65.80000305175781,67.11000061035156,0.0,249633
2025-03-11,66.25,0.0,67.16999816894531,65.29000091552734,65.94999694824219,0.0,222511
2025-03-12,67.68000030517578,0.0,67.87999725341797,66.1500015258789,66.62000274658203,0.0,246675
2025-03-13,66.55000305175781,0.0,67.94000244140625,66.37000274658203,67.69000244140625,0.0,268590
2025-03-14,67.18000030517578,0.0,67.4800033569336,66.58999633789062,66.77999877929688,0.0,180495
2025-03-17,67.58000183105469,0.0,68.37000274658203,67.25,67.3499984741211,0.0,161298
2025-03-18,66.9000015258789,0.0,68.72000122070312,66.55999755859375,67.4000015258789,0.0,110338
2025-03-19,67.16000366210938,0.0,67.62999725341797,66.20999908447266,66.72000122070312,0.0,73077
2025-03-20,68.26000213623047,0.0,68.47000122070312,66.87999725341797,67.29000091552734,0.0,283376
2025-03-21,68.27999877929688,0.0,68.6500015258789,67.6500015258789,68.3499984741211,0.0,198964
2025-03-24,69.11000061035156,0.0,69.33000183105469,67.94999694824219,68.3499984741211,0.0,247024
2025-03-25,69.0,0.0,69.68000030517578,68.5199966430664,69.16000366210938,0.0,258411
2025-03-26,69.6500015258789,0.0,70.22000122070312,69.05999755859375,69.16000366210938,0.0,262413
2025-03-27,69.91999816894531,0.0,69.97000122070312,69.12000274658203,69.95999908447266,0.0,211825
2025-03-28,69.36000061035156,0.0,70.08999633789062,68.87000274658203,69.91000366210938,0.0,246650
2025-03-31,71.4800033569336,0.0,71.83000183105469,68.80999755859375,69.43000030517578,0.0,313087
2025-04-01,71.19999694824219,0.0,72.0999984741211,71.02999877929688,71.38999938964844,0.0,272832
2025-04-02,71.70999908447266,0.0,72.27999877929688,70.58999633789062,71.19999694824219,0.0,286501
2025-04-03,66.94999694824219,0.0,70.41000366210938,65.9800033569336,70.37999725341797,0.0,459238
2025-04-04,61.9900016784668,0.0,66.9000015258789,60.45000076293945,66.63999938964844,0.0,559638
2025-04-07,60.70000076293945,0.0,63.900001525878906,58.95000076293945,61.119998931884766,0.0,597617
2025-04-08,59.58000183105469,0.0,61.75,57.880001068115234,61.029998779296875,0.0,557655
2025-04-09,62.349998474121094,0.0,62.93000030517578,55.119998931884766,58.31999969482422,0.0,592250
2025-04-10,60.06999969482422,0.0,63.34000015258789,58.7599983215332,62.709999084472656,0.0,391826
2025-04-11,61.5,0.0,61.869998931884766,59.43000030517578,60.20000076293945,0.0,306231
2025-04-14,61.529998779296875,0.0,62.68000030517578,60.59000015258789,61.70000076293945,0.0,238068
2025-04-15,61.33000183105469,0.0,62.060001373291016,60.880001068115234,61.58000183105469,0.0,197404
2025-04-16,62.470001220703125,0.0,62.97999954223633,60.439998626708984,61.540000915527344,0.0,213194
2025-04-17,64.68000030517578,0.0,64.86000061035156,62.61000061035156,62.630001068115234,0.0,111479
2025-04-21,63.08000183105469,0.0,64.41999816894531,62.45000076293945,64.30000305175781,0.0,82671
2025-04-22,64.30999755859375,0.0,65.08999633789062,63.43000030517578,63.43000030517578,0.0,297928
2025-04-23,62.27000045776367,0.0,64.87000274658203,61.529998779296875,64.0,0.0,397841
2025-04-24,62.790000915527344,0.0,63.310001373291016,61.9900016784668,62.34000015258789,0.0,264908
2025-04-25,63.02000045776367,0.0,63.40999984741211,61.79999923706055,62.86000061035156,0.0,283758
2025-04-28,62.04999923706055,0.0,63.91999816894531,61.47999954223633,63.4900016784668,0.0,276116
2025-04-29,60.41999816894531,0.0,62.06999969482422,60.119998931884766,61.869998931884766,0.0,312373
2025-04-30,58.209999084472656,0.0,60.43000030517578,57.90999984741211,60.15999984741211,0.0,419549
2025-05-01,59.2400016784668,0.0,59.5,56.38999938964844,58.15999984741211,0.0,364216
2025-05-02,58.290000915527344,0.0,59.869998931884766,57.7400016784668,58.9900016784668,0.0,322096
2025-05-05,57.130001068115234,0.0,57.70000076293945,55.29999923706055,56.7599983215332,0.0,308387
2025-05-06,59.09000015258789,0.0,59.84000015258789,57.029998779296875,57.25,0.0,343893
2025-05-07,58.06999969482422,0.0,60.2599983215332,57.810001373291016,58.97999954223633,0.0,295238
2025-05-08,59.90999984741211,0.0,60.290000915527344,57.7400016784668,57.93000030517578,0.0,281000
2025-05-09,61.02000045776367,0.0,61.45000076293945,59.88999938964844,60.25,0.0,239640
2025-05-12,61.95000076293945,0.0,63.61000061035156,61.02000045776367,61.38999938964844,0.0,325865
2025-05-13,63.66999816894531,0.0,63.900001525878906,61.650001525878906,62.0,0.0,258795
2025-05-14,63.150001525878906,0.0,63.68000030517578,62.75,63.619998931884766,0.0,225626
2025-05-15,61.619998931884766,0.0,62.90999984741211,60.470001220703125,62.880001068115234,0.0,258404
2025-05-16,62.4900016784668,0.0,62.709999084472656,61.25,61.70000076293945,0.0,121556
2025-05-19,62.689998626708984,0.0,63.400001525878906,61.56999969482422,62.75,0.0,95570
2025-05-20,62.560001373291016,0.0,63.16999816894531,62.189998626708984,62.68000030517578,0.0,250414
2025-05-21,61.56999969482422,0.0,64.19000244140625,61.279998779296875,62.27000045776367,0.0,302702
2025-05-22,61.20000076293945,0.0,61.75,60.25,61.33000183105469,0.0,258549
2025-05-23,61.529998779296875,0.0,61.880001068115234,60.02000045776367,60.810001373291016,0.0,273392
2025-05-27,60.88999938964844,0.0,62.13999938964844,60.2599983215332,61.70000076293945,0.0,291317
2025-05-28,61.84000015258789,0.0,62.540000915527344,60.849998474121094,61.040000915527344,0.0,260374
2025-05-29,60.939998626708984,0.0,63.06999969482422,60.54999923706055,61.83000183105469,0.0,299859
2025-05-30,60.790000915527344,0.0,61.720001220703125,59.7400016784668,60.939998626708984,0.0,384927
2025-06-02,62.52000045776367,0.0,63.880001068115234,61.060001373291016,61.11000061035156,0.0,403580
2025-06-03,63.40999984741211,0.0,63.88999938964844,62.400001525878906,63.02000045776367,0.0,291260
2025-06-04,62.849998474121094,0.0,63.959999084472656,62.16999816894531,63.36000061035156,0.0,321128
2025-06-05,63.369998931884766,0.0,63.97999954223633,62.5,62.7599983215332,0.0,232423
2025-06-06,64.58000183105469,0.0,64.80000305175781,62.81999969482422,63.33000183105469,0.0,310133
2025-06-09,65.29000091552734,0.0,65.43000030517578,64.19999694824219,64.80000305175781,0.0,235900
2025-06-10,64.9800033569336,0.0,66.27999877929688,64.56999969482422,65.45999908447266,0.0,279021
2025-06-11,68.1500015258789,0.0,68.37000274658203,64.5999984741211,64.76000213623047,0.0,378473
2025-06-12,68.04000091552734,0.0,69.29000091552734,66.72000122070312,69.02999877929688,0.0,379394
2025-06-13,72.9800033569336,0.0,77.62000274658203,68.48999786376953,68.9000015258789,0.0,715652
2025-06-16,71.7699966430664,0.0,77.48999786376953,69.37999725341797,76.54000091552734,0.0,367312
2025-06-17,74.83999633789062,0.0,75.54000091552734,71.0,71.11000061035156,0.0,154264
2025-06-18,75.13999938964844,0.0,76.06999969482422,72.94000244140625,75.61000061035156,0.0,0
2025-06-20,74.93000030517578,0.0,77.58000183105469,74.30000305175781,74.5999984741211,0.0,678377
2025-06-23,68.51000213623047,0.0,78.4000015258789,66.5999984741211,78.0,0.0,728868
2025-06-24,64.37000274658203,0.0,67.83000183105469,64.0,67.73999786376953,0.0,541475
2025-06-25,64.91999816894531,0.0,66.02999877929688,64.51000213623047,65.12000274658203,0.0,278504
2025-06-26,65.23999786376953,0.0,66.41999816894531,64.66000366210938,64.9800033569336,0.0,233771
2025-06-27,65.5199966430664,0.0,66.08999633789062,64.80000305175781,65.30000305175781,0.0,236284
2025-06-30,65.11000061035156,0.0,65.81999969482422,64.5,65.1500015258789,0.0,193289
2025-07-01,65.44999694824219,0.0,65.9800033569336,64.66999816894531,64.95999908447266,0.0,193162
2025-07-02,67.44999694824219,0.0,67.58000183105469,65.2300033569336,65.55999755859375,0.0,265200
2025-07-03,67.0,0.0,67.58000183105469,66.52999877929688,67.5,0.0,0
2025-07-04,66.5,0.0,67.18000030517578,66.04000091552734,67.12999725341797,0.0,0
2025-07-07,67.93000030517578,0.0,68.31999969482422,65.4000015258789,65.69999694824219,0.0,332949
2025-07-08,68.33000183105469,0.0,68.91000366210938,67.33000183105469,67.95999908447266,0.0,219882
2025-07-09,68.37999725341797,0.0,68.94000244140625,67.69999694824219,68.18000030517578,0.0,223945
2025-07-10,66.56999969482422,0.0,68.6500015258789,66.44999694824219,68.29000091552734,0.0,258654
2025-07-11,68.44999694824219,0.0,68.7699966430664,66.5,66.8499984741211,0.0,226297
2025-07-14,66.9800033569336,0.0,69.6500015258789,66.80000305175781,68.68000030517578,0.0,263877
2025-07-15,66.5199966430664,0.0,67.12999725341797,66.22000122070312,66.86000061035156,0.0,252724
2025-07-16,66.37999725341797,0.0,67.01000213623047,65.41999816894531,66.7300033569336,0.0,248346
2025-07-17,67.54000091552734,0.0,67.69000244140625,66.29000091552734,66.5999984741211,0.0,188802
2025-07-18,67.33999633789062,0.0,68.95999908447266,67.19999694824219,67.5999984741211,0.0,107628
2025-07-21,67.19999694824219,0.0,67.76000213623047,66.45999908447266,67.31999969482422,0.0,81194
2025-07-22,66.20999908447266,0.0,67.12999725341797,65.98999786376953,67.12000274658203,0.0,269991
2025-07-23,65.25,0.0,65.77999877929688,64.70999908447266,65.48999786376953,0.0,251825
2025-07-24,66.02999877929688,0.0,66.38999938964844,65.33000183105469,65.41999816894531,0.0,281209
2025-07-25,65.16000366210938,0.0,66.73999786376953,65.0,66.1500015258789,0.0,234283
2025-07-28,66.70999908447266,0.0,67.13999938964844,65.05000305175781,65.1500015258789,0.0,262038
2025-07-29,69.20999908447266,0.0,69.76000213623047,66.52999877929688,67.04000091552734,0.0,329112
2025-07-30,70.0,0.0,70.51000213623047,68.44999694824219,69.33999633789062,0.0,345336
2025-07-31,69.26000213623047,0.0,70.41000366210938,68.55999755859375,70.30000305175781,0.0,247031
2025-08-01,67.33000183105469,0.0,69.58000183105469,67.05000305175781,69.3499984741211,0.0,355819
2025-08-04,66.29000091552734,0.0,67.73999786376953,65.45999908447266,66.8499984741211,0.0,277375
2025-08-05,65.16000366210938,0.0,66.38999938964844,65.02999877929688,66.20999908447266,0.0,279030
2025-08-06,64.3499984741211,0.0,66.75,63.63999938964844,65.1500015258789,0.0,353827
2025-08-07,63.880001068115234,0.0,65.11000061035156,63.70000076293945,64.36000061035156,0.0,300518
2025-08-08,63.880001068115234,0.0,64.58000183105469,62.77000045776367,63.849998474121094,0.0,322939
2025-08-11,63.959999084472656,0.0,64.44000244140625,63.02000045776367,63.47999954223633,0.0,234807
2025-08-12,63.16999816894531,0.0,64.33999633789062,63.060001373291016,64.0,0.0,304441
2025-08-13,62.650001525878906,0.0,63.380001068115234,61.939998626708984,63.06999969482422,0.0,298939
2025-08-14,63.959999084472656,0.0,64.0999984741211,62.58000183105469,62.790000915527344,0.0,251652
2025-08-15,62.79999923706055,0.0,64.1500015258789,62.68000030517578,63.90999984741211,0.0,197390
2025-08-18,63.41999816894531,0.0,63.790000915527344,62.18000030517578,63.0,0.0,95113
2025-08-19,62.349998474121094,0.0,63.38999938964844,62.25,63.27000045776367,0.0,99484
2025-08-20,63.209999084472656,0.0,63.54999923706055,62.38999938964844,62.599998474121094,0.0,280663
2025-08-21,63.52000045776367,0.0,63.66999816894531,62.52000045776367,62.849998474121094,0.0,250166
2025-08-22,63.65999984741211,0.0,63.93000030517578,63.310001373291016,63.5,0.0,223169
2025-08-25,64.80000305175781,0.0,65.0999984741211,63.529998779296875,63.880001068115234,0.0,185270
2025-08-26,63.25,0.0,64.76000213623047,63.130001068115234,64.75,0.0,199101
2025-08-27,64.1500015258789,0.0,64.2300033569336,62.95000076293945,63.310001373291016,0.0,193476
2025-08-28,64.5999984741211,0.0,64.69999694824219,63.349998474121094,63.869998931884766,0.0,208931
2025-08-29,64.01000213623047,0.0,64.55000305175781,63.880001068115234,64.26000213623047,0.0,0
2025-09-02,65.58999633789062,0.0,66.02999877929688,63.65999984741211,63.95000076293945,0.0,320218
2025-09-03,63.970001220703125,0.0,65.72000122070312,63.720001220703125,65.62000274658203,0.0,298737
2025-09-04,63.47999954223633,0.0,63.84000015258789,62.720001220703125,63.81999969482422,0.0,251689
2025-09-05,61.869998931884766,0.0,63.4900016784668,61.45000076293945,63.33000183105469,0.0,294540
2025-09-08,62.2599983215332,0.0,63.34000015258789,61.849998474121094,62.0,0.0,237288
2025-09-09,62.630001068115234,0.0,63.66999816894531,62.369998931884766,62.43000030517578,0.0,268529
2025-09-10,63.66999816894531,0.0,64.08000183105469,62.720001220703125,62.7400016784668,0.0,260684
2025-09-11,62.369998931884766,0.0,63.79999923706055,62.209999084472656,63.79999923706055,0.0,222661
2025-09-12,62.689998626708984,0.0,63.97999954223633,61.689998626708984,62.27000045776367,0.0,313265
2025-09-15,63.29999923706055,0.0,63.66999816894531,62.52000045776367,62.970001220703125,0.0,205560
2025-09-16,64.5199966430664,0.0,64.76000213623047,62.88999938964844,63.310001373291016,0.0,234250
2025-09-17,64.05000305175781,0.0,64.66999816894531,63.689998626708984,64.58999633789062,0.0,165427
2025-09-18,63.56999969482422,0.0,64.55000305175781,63.33000183105469,63.9900016784668,0.0,82321
2025-09-19,62.68000030517578,0.0,63.650001525878906,62.599998474121094,63.59000015258789,0.0,87165
2025-09-22,62.63999938964844,0.0,63.18000030517578,61.97999954223633,62.7400016784668,0.0,223779
2025-09-23,63.40999984741211,0.0,63.88999938964844,61.849998474121094,62.33000183105469,0.0,265948
2025-09-24,64.98999786376953,0.0,65.05000305175781,63.25,63.63999938964844,0.0,282721
2025-09-25,64.9800033569336,0.0,65.33999633789062,64.05999755859375,64.80000305175781,0.0,258353
2025-09-26,65.72000122070312,0.0,66.41999816894531,64.66000366210938,65.19999694824219,0.0,284990
2025-09-29,63.45000076293945,0.0,65.4000015258789,62.97999954223633,65.06999969482422,0.0,294292
2025-09-30,62.369998931884766,0.0,63.2599983215332,62.029998779296875,63.13999938964844,0.0,271649
2025-10-01,61.779998779296875,0.0,62.88999938964844,61.400001525878906,62.459999084472656,0.0,274339
2025-10-02,60.47999954223633,0.0,62.540000915527344,60.400001525878906,61.779998779296875,0.0,290507
2025-10-03,60.880001068115234,0.0,61.380001068115234,60.54999923706055,60.70000076293945,0.0,240044
2025-10-06,61.689998626708984,0.0,62.119998931884766,61.040000915527344,61.13999938964844,0.0,224682
2025-10-07,61.72999954223633,0.0,62.11000061035156,60.720001220703125,61.72999954223633,0.0,245121
2025-10-08,62.54999923706055,0.0,62.91999816894531,62.04999923706055,62.04999923706055,0.0,273318
2025-10-09,61.5099983215332,0.0,62.869998931884766,61.25,62.310001373291016,0.0,259171
2025-10-10,58.900001525878906,0.0,61.66999816894531,58.220001220703125,61.4900016784668,0.0,339103
2025-10-13,59.4900016784668,0.0,60.16999816894531,59.0,59.0,0.0,339103
2025-10-14,58.70000076293945,0.0,59.81999969482422,57.68000030517578,59.58000183105469,0.0,259200
2025-10-15,58.27000045776367,0.0,59.41999816894531,58.20000076293945,58.599998474121094,0.0,224919
2025-10-16,57.459999084472656,0.0,59.11000061035156,57.2599983215332,58.77000045776367,0.0,203866
2025-10-17,57.540000915527344,0.0,57.720001220703125,56.599998474121094,57.5,0.0,108748
2025-10-20,57.52000045776367,0.0,57.810001373291016,56.349998474121094,57.72999954223633,0.0,108146
2025-10-21,57.81999969482422,0.0,58.279998779296875,56.9900016784668,57.369998931884766,0.0,314207
2025-10-22,58.5,0.0,59.83000183105469,57.34000015258789,57.59000015258789,0.0,378637
2025-10-23,61.790000915527344,0.0,62.20000076293945,59.63999938964844,59.939998626708984,0.0,735186
2025-10-24,61.5,0.0,62.59000015258789,61.209999084472656,61.790000915527344,0.0,373744
2025-10-27,61.310001373291016,0.0,62.16999816894531,60.66999816894531,61.81999969482422,0.0,272191
2025-10-28,60.150001525878906,0.0,61.5,59.7599983215332,61.5,0.0,307568
2025-10-29,60.47999954223633,0.0,61.02000045776367,59.70000076293945,60.18000030517578,0.0,276875
2025-10-30,60.56999969482422,0.0,60.790000915527344,59.63999938964844,60.38999938964844,0.0,247917
2025-10-31,60.97999954223633,0.0,61.380001068115234,59.9900016784668,60.29999923706055,0.0,278598
2025-11-03,61.04999923706055,0.0,61.5,60.5099983215332,61.400001525878906,0.0,0
2025-11-04,60.560001373291016,0.0,61.029998779296875,59.939998626708984,61.029998779296875,0.0,219300
2025-11-05,59.599998474121094,0.0,61.09000015258789,59.52000045776367,60.43000030517578,0.0,292518
2025-11-06,59.43000030517578,0.0,60.5099983215332,58.83000183105469,59.68000030517578,0.0,277768
2025-11-07,59.75,0.0,60.459999084472656,59.31999969482422,59.650001525878906,0.0,259446
2025-11-10,60.130001068115234,0.0,60.47999954223633,59.40999984741211,59.869998931884766,0.0,222879
2025-11-11,61.040000915527344,0.0,61.279998779296875,59.65999984741211,60.06999969482422,0.0,264427
2025-11-12,58.4900016784668,0.0,61.060001373291016,58.29999923706055,61.04999923706055,0.0,329517
2025-11-13,58.689998626708984,0.0,59.209999084472656,58.119998931884766,58.470001220703125,0.0,247349
2025-11-14,60.09000015258789,0.0,60.650001525878906,58.709999084472656,58.709999084472656,0.0,334116
2025-11-17,59.90999984741211,0.0,60.439998626708984,59.31999969482422,59.79999923706055,0.0,334116
2025-11-18,59.61000061035156,0.0,60.15999984741211,59.310001373291016,59.709999084472656,0.0,76575
