Price,Capital Gains,Close,Dividends,High,Low,Open,Stock Splits,Volume
Ticker,DAX,DAX,DAX,DAX,DAX,DAX,DAX,DAX
Date,,,,,,,,
2015-11-18,0.0,19.894893646240234,0.0,19.894893646240234,19.745071904667114,19.745071904667114,0.0,4700
2015-11-19,0.0,20.1866512298584,0.0,20.19690264856312,20.052599190871742,20.052599190871742,0.0,1000
2015-11-20,0.0,20.077835083007812,0.0,20.328591799451125,20.077835083007812,20.328591799451125,0.0,1200
2015-11-23,0.0,19.952457427978516,0.0,20.005290746790834,19.952457427978516,20.005290746790834,0.0,1100
2015-11-24,0.0,19.82392692565918,0.0,19.82392692565918,19.82392692565918,19.82392692565918,0.0,200
2015-11-25,0.0,20.155113220214844,0.0,20.155113220214844,20.123572353415828,20.123572353415828,0.0,1400
2015-11-27,0.0,20.368019104003906,0.0,20.423216747273955,20.29705027579299,20.423216747273955,0.0,4100
2015-11-30,0.0,20.431102752685547,0.0,20.431102752685547,20.431102752685547,20.431102752685547,0.0,200
2015-12-01,0.0,20.383790969848633,0.0,20.478415074608705,20.304936546533217,20.478415074608705,0.0,4700
2015-12-02,0.0,20.107799530029297,0.0,20.31282041160254,20.107799530029297,20.31282041160254,0.0,2800
2015-12-03,0.0,19.868085861206055,0.0,20.170886333136252,19.868085861206055,20.170886333136252,0.0,40000
2015-12-04,0.0,20.061277389526367,0.0,20.061277389526367,19.823926010406428,19.950092486690433,0.0,1400
2015-12-07,0.0,20.05260467529297,0.0,20.15511437830866,20.028947895817144,20.15511437830866,0.0,1700
2015-12-08,0.0,19.768726348876953,0.0,19.82392398861887,19.768726348876953,19.82392398861887,0.0,2100
2015-12-09,0.0,19.68987464904785,0.0,19.83969790902871,19.60707817801491,19.729302614318126,0.0,3900
2015-12-10,0.0,19.68987464904785,0.0,19.68987464904785,19.68987464904785,19.68987464904785,0.0,0
2015-12-11,0.0,19.319259643554688,0.0,19.43754052424124,19.319259643554688,19.43754052424124,0.0,1500
2015-12-14,0.0,19.098466873168945,0.0,19.248290118770072,19.098466873168945,19.24040452647286,0.0,12700
2015-12-15,0.0,19.439117431640625,0.0,19.439117431640625,19.439117431640625,19.439117431640625,0.0,200
2015-12-16,0.0,19.729299545288086,0.0,19.729299545288086,19.555819533131086,19.555819533131086,0.0,12100
2015-12-17,0.0,19.68987464904785,0.0,19.847583502082767,19.68987464904785,19.847583502082767,0.0,1200
2015-12-18,0.0,19.48484992980957,0.0,19.48484992980957,19.48484992980957,19.48484992980957,0.0,100
2015-12-21,0.0,19.47696876525879,0.0,19.851524642110558,19.47696876525879,19.524280817404367,0.0,2500
2015-12-22,0.0,19.587366104125977,0.0,19.599193742393997,19.56370932356676,19.599193742393997,0.0,1300
2015-12-23,0.0,19.934640884399414,0.079,19.934640884399414,19.82389185684021,19.895087121406206,0.0,3500
2015-12-24,0.0,19.910905838012695,0.0,19.926727340994123,19.871353589380696,19.87926283204984,0.0,1100
2015-12-28,0.0,19.926729202270508,0.0,19.926729202270508,19.79224943201029,19.79224943201029,0.0,11600
2015-12-29,0.0,20.20122528076172,0.0,20.20122528076172,20.092849639413867,20.092849639413867,0.0,2700
2015-12-30,0.0,19.831796646118164,0.0,20.11657761874995,19.831796646118164,20.11657761874995,0.0,800
2015-12-31,0.0,19.689409255981445,0.0,19.79224751619049,19.554929498738396,19.79224751619049,0.0,5600
2016-01-04,0.0,18.977460861206055,0.0,19.32552642992861,18.8145035830814,19.32552642992861,0.0,5600
2016-01-05,0.0,18.86670684814453,0.0,18.96163282859522,18.74013786832944,18.96163282859522,0.0,5100
2016-01-06,0.0,18.653125762939453,0.0,18.693470144505536,18.52655675168052,18.57401975369721,0.0,2400
2016-01-07,0.0,18.320877075195312,0.0,18.50677592334785,18.320877075195312,18.439535304492598,0.0,4200
2016-01-08,0.0,18.1468505859375,0.0,18.392077868379147,18.131029081567924,18.392077868379147,0.0,4600
2016-01-11,0.0,18.289236068725586,0.0,18.41422229763802,18.16741232922972,18.344609809941304,0.0,10100
2016-01-12,0.0,18.510732650756836,0.0,18.542375653542436,18.447448154007056,18.494911149364036,0.0,1800
2016-01-13,0.0,18.1254940032959,0.0,18.581933749577082,18.075657616154587,18.581933749577082,0.0,7900
2016-01-14,0.0,18.24968719482422,0.0,18.360434706846227,18.059833670434337,18.090684547523082,0.0,6400
2016-01-15,0.0,17.60892677307129,0.0,17.84149799653843,17.482357789791276,17.80669099804897,0.0,2600
2016-01-19,0.0,17.8620662689209,0.0,17.97281376156741,17.752109398701453,17.97281376156741,0.0,3200
2016-01-20,0.0,17.53773307800293,0.0,17.557509200480467,17.42698558507157,17.521911576492325,0.0,2800
2016-01-21,0.0,17.735496520996094,0.0,17.80669176576326,17.45862629232615,17.67221202662765,0.0,900
2016-01-22,0.0,18.050336837768555,0.0,18.050336837768555,18.03688871365105,18.03688871365105,0.0,600
2016-01-25,0.0,17.87788963317871,0.0,18.051921641016712,17.87788963317871,18.051921641016712,0.0,1000
2016-01-26,0.0,18.16187858581543,0.0,18.2259552210213,18.145266460129815,18.170579959914335,0.0,2400
2016-01-27,0.0,18.260759353637695,0.0,18.265506105999535,18.260759353637695,18.265506105999535,0.0,700
2016-01-28,0.0,17.996540069580078,0.0,18.02818306206833,17.90161260093625,17.956987837790688,0.0,5400
2016-01-29,0.0,18.067739486694336,0.0,18.067739486694336,18.067739486694336,18.067739486694336,0.0,500
2016-02-01,0.0,18.075654983520508,0.0,18.154760995051827,17.98072746791859,18.044011975379313,0.0,14000
2016-02-02,0.0,17.817771911621094,0.0,17.839130793285197,17.817771911621094,17.82251866506241,0.0,400
2016-02-03,0.0,17.775047302246094,0.0,17.814601050986592,17.713345566560648,17.814601050986592,0.0,800
2016-02-04,0.0,17.884212493896484,0.0,17.884212493896484,17.703851031324582,17.703851031324582,0.0,1000
2016-02-05,0.0,17.56147003173828,0.0,17.69515768147521,17.56147003173828,17.69515768147521,0.0,500
2016-02-08,0.0,17.05518913269043,0.0,17.252953390055463,16.984786010643695,17.252953390055463,0.0,3900
2016-02-09,0.0,17.110565185546875,0.0,17.205492705735953,16.841607147458273,16.841607147458273,0.0,8500
2016-02-10,0.0,17.30990982055664,0.0,17.30990982055664,17.221311819893916,17.221311819893916,0.0,900
2016-02-11,0.0,16.978452682495117,0.0,17.027498424551972,16.92861631812737,17.015633054603807,0.0,3200
2016-02-12,0.0,17.181760787963867,0.0,17.181760787963867,17.153283285755354,17.153283285755354,0.0,1000
2016-02-16,0.0,17.181760787963867,0.0,17.181760787963867,17.181760787963867,17.181760787963867,0.0,100
2016-02-17,0.0,17.782958984375,0.0,17.803527236562722,17.695943750226068,17.695943750226068,0.0,2300
2016-02-18,0.0,17.90953254699707,0.0,18.012370816578418,17.846248038339976,18.012370816578418,0.0,1600
2016-02-19,0.0,17.74262237548828,0.0,17.80669751293064,17.656396224487366,17.80669751293064,0.0,900
2016-02-22,0.0,17.93326187133789,0.0,17.969650118381107,17.901618867772346,17.901618867772346,0.0,4300
2016-02-23,0.0,17.759231567382812,0.0,17.767140810205042,17.759231567382812,17.767140810205042,0.0,5000
2016-02-24,0.0,17.41907501220703,0.0,17.41907501220703,17.177802392581366,17.292506016472494,0.0,500
2016-02-25,0.0,17.41907501220703,0.0,17.41907501220703,17.41907501220703,17.41907501220703,0.0,0
2016-02-26,0.0,17.680124282836914,0.0,17.767139526991233,17.680124282836914,17.767139526991233,0.0,2900
2016-02-29,0.0,17.514005661010742,0.0,17.727591463906446,17.466542652196758,17.727591463906446,0.0,1000
2016-03-01,0.0,18.028188705444336,0.0,18.028188705444336,17.94908270828203,17.94908270828203,0.0,3400
2016-03-02,0.0,17.885799407958984,0.0,17.91744090364626,17.885799407958984,17.901619401391873,0.0,2900
2016-03-03,0.0,18.225955963134766,0.0,18.225955963134766,18.075654694510575,18.09543081987179,0.0,600
2016-03-04,0.0,18.36833953857422,0.0,18.41580403598944,18.320876549980202,18.39207178728183,0.0,900
2016-03-07,0.0,18.23386001586914,0.0,18.23386001586914,18.178486277091476,18.19430777640544,0.0,2500
2016-03-08,0.0,18.131031036376953,0.0,18.256017313200008,18.131031036376953,18.256017313200008,0.0,5100
2016-03-09,0.0,18.186399459838867,0.0,18.225953213415533,18.186399459838867,18.1943102105542,0.0,2100
2016-03-10,0.0,18.099382400512695,0.0,18.510732377729695,18.079606278474095,18.411850258715305,0.0,3600
2016-03-11,0.0,18.763870239257812,0.0,18.763870239257812,18.550286010276693,18.550286010276693,0.0,3600
2016-03-14,0.0,18.835065841674805,0.0,18.835065841674805,18.748050601858335,18.748050601858335,0.0,2300
2016-03-15,0.0,18.744890213012695,0.0,18.744890213012695,18.605665187760966,18.605665187760966,0.0,1900
2016-03-16,0.0,18.961637496948242,0.0,19.024922002436426,18.668947224873506,18.668947224873506,0.0,2800
2016-03-17,0.0,19.056568145751953,0.0,19.056568145751953,18.835071585680566,18.977462123667753,0.0,3000
2016-03-18,0.0,19.02729606628418,0.0,19.064476450152302,19.02729606628418,19.064476450152302,0.0,2200
2016-03-21,0.0,18.977460861206055,0.0,19.024923867770383,18.977460861206055,19.024923867770383,0.0,1800
2016-03-22,0.0,18.977460861206055,0.0,19.056566878027787,18.819250336384368,18.819250336384368,0.0,6500
2016-03-23,0.0,19.062103271484375,0.0,19.062103271484375,19.057356518426054,19.057356518426054,0.0,1100
2016-03-24,0.0,18.70849609375,0.0,18.771780587800578,18.70849609375,18.771780587800578,0.0,1200
2016-03-28,0.0,18.740140914916992,0.0,18.740140914916992,18.672109662280686,18.672109662280686,0.0,2100
2016-03-29,0.0,18.78523063659668,0.0,18.78523063659668,18.78523063659668,18.78523063659668,0.0,200
2016-03-30,0.0,19.33343505859375,0.0,19.40621156007598,19.25432905046231,19.27015055385292,0.0,2400
2016-03-31,0.0,19.22268295288086,0.0,19.30178894829291,19.22268295288086,19.30178894829291,0.0,3500
2016-04-01,0.0,18.977460861206055,0.0,18.977460861206055,18.842981085255644,18.842981085255644,0.0,2300
2016-04-04,0.0,18.98853302001953,0.0,19.055773653223465,18.969547518222043,19.055773653223465,0.0,1200
2016-04-05,0.0,18.400781631469727,0.0,18.506783913918444,18.399991008795137,18.506783913918444,0.0,3800
2016-04-06,0.0,18.661033630371094,0.0,18.73222887680253,18.431626389909482,18.431626389909482,0.0,4300
2016-04-07,0.0,18.510732650756836,0.0,18.510732650756836,18.494911149364036,18.494911149364036,0.0,800
2016-04-08,0.0,18.63730239868164,0.0,18.724319151042998,18.59933139733045,18.724319151042998,0.0,1200
2016-04-11,0.0,18.779695510864258,0.0,18.779695510864258,18.779695510864258,18.779695510864258,0.0,1200
2016-04-12,0.0,18.629392623901367,0.0,18.716409380822665,18.629392623901367,18.716409380822665,0.0,1200
2016-04-13,0.0,19.167308807373047,0.0,19.167308807373047,19.080293572181134,19.080293572181134,0.0,4700
2016-04-14,0.0,19.262237548828125,0.0,19.262237548828125,19.254326798058234,19.262237548828125,0.0,400
2016-04-15,0.0,19.167308807373047,0.0,19.22742930227442,19.159398057115357,19.206862558661495,0.0,1800
2016-04-18,0.0,19.420452117919922,0.0,19.420452117919922,19.285972344220973,19.29942047247304,0.0,3100
2016-04-19,0.0,19.89508628845215,0.0,19.916445168692064,19.82389102686691,19.82389102686691,0.0,2400
2016-04-20,0.0,19.98210334777832,0.0,19.98210334777832,19.934640342298955,19.934640342298955,0.0,1600
2016-04-21,0.0,19.90299415588379,0.0,19.942546402666377,19.77642515559371,19.77642515559371,0.0,400
2016-04-22,0.0,19.7131404876709,0.0,19.76060348517035,19.7131404876709,19.76060348517035,0.0,800
2016-04-25,0.0,19.657764434814453,0.0,19.657764434814453,19.52328470031196,19.62612143430972,0.0,3400
2016-04-26,0.0,19.634037017822266,0.0,19.68941077351581,19.634037017822266,19.634037017822266,0.0,1200
2016-04-27,0.0,19.69731903076172,0.0,19.69731903076172,19.657766784225004,19.657766784225004,0.0,500
2016-04-28,0.0,19.69731903076172,0.0,19.69731903076172,19.69731903076172,19.69731903076172,0.0,0
2016-04-29,0.0,19.524866104125977,0.0,19.524866104125977,19.49955260880873,19.49955260880873,0.0,600
2016-05-02,0.0,19.760608673095703,0.0,19.800162438747545,19.689413403744272,19.689413403744272,0.0,5800
2016-05-03,0.0,19.412540435791016,0.0,19.428360429845846,19.380897430038235,19.428360429845846,0.0,2400
2016-05-04,0.0,19.092954635620117,0.0,19.225061031479232,19.080298638904114,19.198956906636177,0.0,1400
2016-05-05,0.0,18.937908172607422,0.0,19.04786506573152,18.922086667841803,18.9537281685513,0.0,2000
2016-05-06,0.0,19.104026794433594,0.0,19.104026794433594,19.062101170563782,19.062101170563782,0.0,500
2016-05-09,0.0,19.17522621154785,0.0,19.333438253959486,19.17522621154785,19.301795241948415,0.0,4600
2016-05-10,0.0,19.33343505859375,0.0,19.3405536789444,19.278061305548224,19.293881300117224,0.0,3200
2016-05-11,0.0,19.270151138305664,0.0,19.278061890240895,19.26224038637043,19.278061890240895,0.0,2400
2016-05-12,0.0,18.998029708862305,0.0,18.998029708862305,18.922087688946615,18.922087688946615,0.0,1000
2016-05-13,0.0,18.842979431152344,0.0,18.903890560846897,18.83586081064457,18.882533190501928,0.0,2700
2016-05-16,0.0,18.914173126220703,0.0,18.914173126220703,18.914173126220703,18.914173126220703,0.0,200
2016-05-17,0.0,18.763870239257812,0.0,18.976665354653893,18.763870239257812,18.923664985817172,0.0,1800
2016-05-18,0.0,18.763870239257812,0.0,18.763870239257812,18.763870239257812,18.763870239257812,0.0,0
2016-05-19,0.0,18.50677490234375,0.0,18.550283269410723,18.502818773253388,18.550283269410723,0.0,700
2016-05-20,0.0,18.700586318969727,0.0,18.724318571284773,18.700586318969727,18.70849706974141,0.0,700
2016-05-23,0.0,18.621484756469727,0.0,18.621484756469727,18.589841748408247,18.589841748408247,0.0,700
2016-05-24,0.0,18.960847854614258,0.0,18.960847854614258,18.73223269874162,18.73223269874162,0.0,2500
2016-05-25,0.0,19.19183921813965,0.0,19.192629840829532,19.183137842085117,19.192629840829532,0.0,900
2016-05-26,0.0,19.35321044921875,0.0,19.35321044921875,19.35321044921875,19.35321044921875,0.0,300
2016-05-27,0.0,19.301794052124023,0.0,19.301794052124023,19.278063303400415,19.301794052124023,0.0,1300
2016-05-31,0.0,19.2305965423584,0.0,19.40463005972212,19.2305965423584,19.357165550174784,0.0,1100
2016-06-01,0.0,19.2305965423584,0.0,19.23850729394962,19.2305965423584,19.23850729394962,0.0,500
2016-06-02,0.0,19.2305965423584,0.0,19.2305965423584,19.2305965423584,19.2305965423584,0.0,0
2016-06-03,0.0,19.2305965423584,0.0,19.2305965423584,19.2305965423584,19.2305965423584,0.0,0
2016-06-06,0.0,19.409378051757812,0.0,19.409378051757812,19.380900549054605,19.380900549054605,0.0,1400
2016-06-07,0.0,19.657764434814453,0.0,19.66646580730686,19.634032184435902,19.634032184435902,0.0,9500
2016-06-08,0.0,19.689409255981445,0.0,19.689409255981445,19.618214001627976,19.618214001627976,0.0,1200
2016-06-09,0.0,19.261445999145508,0.0,19.261445999145508,19.18313062646871,19.18313062646871,0.0,1600
2016-06-10,0.0,18.55503273010254,0.0,18.709288605628096,18.550287486464995,18.709288605628096,0.0,3600
2016-06-13,0.0,18.320877075195312,0.0,18.43162455469661,18.305055575603344,18.43162455469661,0.0,900
2016-06-14,0.0,18.059831619262695,0.0,18.19431137236784,17.996547118320365,18.19431137236784,0.0,5400
2016-06-15,0.0,18.178491592407227,0.0,18.249686851316056,18.178491592407227,18.249686851316056,0.0,2900
2016-06-16,0.0,18.2655086517334,0.0,18.2655086517334,17.782963335479238,17.869980099740594,0.0,6400
2016-06-17,0.0,18.45615005493164,0.0,18.45615005493164,18.273416687729718,18.407896435771498,0.0,2700
2016-06-20,0.0,18.93157386779785,0.0,19.35716258168185,18.93157386779785,19.35716258168185,0.0,5000
2016-06-21,0.0,19.183134078979492,0.0,19.213984954874324,18.985369810124034,19.11984957329861,0.0,1400
2016-06-22,0.0,19.18154525756836,0.128,19.324689838583268,19.17836295229482,19.320714232233435,0.0,2000
2016-06-23,0.0,19.82490348815918,0.0,19.82490348815918,19.436023716567878,19.436023716567878,0.0,5700
2016-06-24,0.0,17.821659088134766,0.0,18.195428280071127,17.686465717974283,17.765991497508935,0.0,50700
2016-06-27,0.0,17.320646286010742,0.0,17.559222066882267,17.105927173129675,17.559222066882267,0.0,10600
2016-06-28,0.0,17.83756446838379,0.0,17.95685237874326,17.622050501728214,17.95685237874326,0.0,23500
2016-06-29,0.0,17.98070526123047,0.0,18.06182065229807,17.893226778263006,17.996609198911038,0.0,8900
2016-06-30,0.0,18.224056243896484,0.0,18.225645879537936,17.96559787033794,18.06818549184389,0.0,5700
2016-07-01,0.0,18.302783966064453,0.0,18.418096246047504,18.243140781707112,18.243140781707112,0.0,4500
2016-07-05,0.0,17.697595596313477,0.0,17.841536484421756,17.697595596313477,17.837560878835305,0.0,5300
2016-07-06,0.0,17.646703720092773,0.0,17.646703720092773,17.328602116376267,17.424031839077173,0.0,6200
2016-07-07,0.0,17.51150894165039,0.0,17.710322617599658,17.51150894165039,17.62682123773968,0.0,2500
2016-07-08,0.0,17.93299102783203,0.0,17.93299102783203,17.89402372143765,17.917087088262353,0.0,800
2016-07-11,0.0,18.269384384155273,0.0,18.31312363175853,18.24314174569002,18.24314174569002,0.0,5000
2016-07-12,0.0,18.52943229675293,0.0,18.635997036179496,18.521481085250915,18.60895806322358,0.0,5700
2016-07-13,0.0,18.559650421142578,0.0,18.712340364687403,18.537383390513575,18.712340364687403,0.0,3600
2016-07-14,0.0,18.871395111083984,0.0,18.88570941768303,18.79982206126066,18.79982206126066,0.0,1800
2016-07-15,0.0,18.736196517944336,0.0,18.744149245355274,18.736196517944336,18.744149245355274,0.0,600
2016-07-18,0.0,18.752103805541992,0.0,18.752103805541992,18.66462531229943,18.66462531229943,0.0,1100
2016-07-19,0.0,18.497617721557617,0.0,18.53897098719862,18.473759543247553,18.511932021812694,0.0,2000
2016-07-20,0.0,18.783918380737305,0.0,18.823680512603296,18.736202002304392,18.736202002304392,0.0,1600
2016-07-21,0.0,18.783918380737305,0.0,18.927062965551738,18.760060191520846,18.927062965551738,0.0,400
2016-07-22,0.0,18.760059356689453,0.0,18.760059356689453,18.760059356689453,18.760059356689453,0.0,500
2016-07-25,0.0,18.839584350585938,0.0,18.942966794636405,18.80220667571334,18.942966794636405,0.0,1900
2016-07-26,0.0,18.994659423828125,0.0,19.006587759403054,18.88729985316969,19.006587759403054,0.0,3100
2016-07-27,0.0,19.18949317932129,0.0,19.18949317932129,19.0622525623552,19.10201620317448,0.0,2300
2016-07-28,0.0,19.253114700317383,0.0,19.33264047013647,19.238005577633984,19.33264047013647,0.0,2600
2016-07-29,0.0,19.42011833190918,0.0,19.448746940701156,19.42011833190918,19.448746940701156,0.0,700
2016-08-01,0.0,19.340595245361328,0.0,19.443979212114275,19.292880385152,19.292880385152,0.0,4500
2016-08-02,0.0,19.157686233520508,0.0,19.253115950035433,19.157686233520508,19.253115950035433,0.0,700
2016-08-03,0.0,19.152118682861328,0.0,19.152118682861328,19.078159669682172,19.078159669682172,0.0,1700
2016-08-04,0.0,19.149734497070312,0.0,19.165639956256676,19.129058613590495,19.165639956256676,0.0,1100
2016-08-05,0.0,19.347753524780273,0.0,19.35650107235501,19.237213161149906,19.237213161149906,0.0,2400
2016-08-08,0.0,19.42011833190918,0.0,19.45988045710113,19.42011833190918,19.45988045710113,0.0,2100
2016-08-09,0.0,19.93146514892578,0.0,19.96089008992179,19.483737042654504,19.483737042654504,0.0,13900
2016-08-10,0.0,20.000659942626953,0.0,20.040423596751758,20.000659942626953,20.040423596751758,0.0,2600
2016-08-11,0.0,20.088134765625,0.0,20.179588878028227,20.07222930690408,20.07222930690408,0.0,5900
2016-08-12,0.0,20.07222557067871,0.0,20.127893149011978,20.07222557067871,20.127893149011978,0.0,2700
2016-08-15,0.0,20.16765594482422,0.0,20.215370793281487,20.159703217276725,20.215370793281487,0.0,2400
2016-08-16,0.0,20.215373992919922,0.0,20.27104157773561,20.11199155209478,20.11199155209478,0.0,6000
2016-08-17,0.0,20.108013153076172,0.0,20.127099397634186,19.91317661858702,20.080179362434865,0.0,3800
2016-08-18,0.0,20.207426071166992,0.0,20.207426071166992,20.11199633644673,20.11199633644673,0.0,2900
2016-08-19,0.0,20.080181121826172,0.0,20.127101161136547,20.061889693447295,20.061889693447295,0.0,1900
2016-08-22,0.0,20.080181121826172,0.0,20.080181121826172,20.080181121826172,20.080181121826172,0.0,0
2016-08-23,0.0,20.151752471923828,0.0,20.151752471923828,20.151752471923828,20.151752471923828,0.0,200
2016-08-24,0.0,20.07222557067871,0.0,20.207418910985684,20.064272842798566,20.207418910985684,0.0,1400
2016-08-25,0.0,19.930675506591797,0.0,19.96089527316175,19.913180411093233,19.96089527316175,0.0,1300
2016-08-26,0.0,19.730266571044922,0.0,20.111989938987747,19.730266571044922,19.984747805121604,0.0,4800
2016-08-29,0.0,19.849557876586914,0.0,19.849557876586914,19.77003361487042,19.77003361487042,0.0,800
2016-08-30,0.0,19.937034606933594,0.0,20.0086076495589,19.929081878105457,19.929081878105457,0.0,2700
2016-08-31,0.0,19.865463256835938,0.0,19.865463256835938,19.865463256835938,19.865463256835938,0.0,300
2016-09-01,0.0,19.889320373535156,0.0,19.889320373535156,19.889320373535156,19.889320373535156,0.0,300
2016-09-02,0.0,20.032468795776367,0.0,20.04837273895447,20.0205389423576,20.04837273895447,0.0,1800
2016-09-06,0.0,20.199464797973633,0.0,20.26308509982443,19.99269843775163,19.99269843775163,0.0,3200
2016-09-07,0.0,20.30205726623535,0.0,20.30205726623535,20.23923328384514,20.23923328384514,0.0,1200
2016-09-08,0.0,20.193105697631836,0.0,20.235253792526944,20.193105697631836,20.207420001857738,0.0,800
2016-09-09,0.0,19.80183982849121,0.0,19.96407214791346,19.80183982849121,19.96407214791346,0.0,400
2016-09-12,0.0,19.722314834594727,0.0,19.722314834594727,19.547359356576486,19.547359356576486,0.0,1100
2016-09-13,0.0,19.5998477935791,0.0,19.849557120864198,19.595075852672814,19.849557120864198,0.0,3100
2016-09-14,0.0,19.682552337646484,0.0,19.682552337646484,19.547358988189536,19.547358988189536,0.0,3100
2016-09-15,0.0,19.71436309814453,0.0,19.76764470962313,19.5632642930248,19.5632642930248,0.0,4400
2016-09-16,0.0,19.261064529418945,0.0,19.331842742100275,19.261064529418945,19.32468483233123,0.0,7800
2016-09-19,0.0,19.42011833190918,0.0,19.439204576713113,19.41216560350522,19.41216560350522,0.0,2000
2016-09-20,0.0,19.54497528076172,0.0,19.54497528076172,19.54497528076172,19.54497528076172,0.0,500
2016-09-21,0.0,19.75412368774414,0.0,19.75412368774414,19.547357317026606,19.59109656117443,0.0,9300
2016-09-22,0.0,20.098468780517578,0.0,20.22491305243899,20.080177355569457,20.080177355569457,0.0,2600
2016-09-23,0.0,20.000659942626953,0.0,20.000659942626953,20.000659942626953,20.000659942626953,0.0,500
2016-09-26,0.0,19.642791748046875,0.0,19.69845933449983,19.642791748046875,19.67778193562989,0.0,1300
2016-09-27,0.0,19.586326599121094,0.0,19.586326599121094,19.422504638282042,19.434432972680515,0.0,3800
2016-09-28,0.0,19.69050407409668,0.0,19.773210625287938,19.68255134607893,19.773210625287938,0.0,1100
2016-09-29,0.0,19.41773223876953,0.0,19.762077944024426,19.41773223876953,19.762077944024426,0.0,3900
2016-09-30,0.0,19.881366729736328,0.0,19.881366729736328,19.579170622848615,19.579170622848615,0.0,9800
2016-10-03,0.0,19.75412368774414,0.0,19.75412368774414,19.70958962587078,19.71436156587942,0.0,3100
2016-10-04,0.0,19.851945877075195,0.0,19.99270601893911,19.79389231066222,19.99270601893911,0.0,1300
2016-10-05,0.0,19.952144622802734,0.0,19.97679762635062,19.913177314543017,19.913177314543017,0.0,3700
2016-10-06,0.0,19.849557876586914,0.0,19.876596853647992,19.76208088533316,19.76208088533316,0.0,3100
2016-10-07,0.0,19.722314834594727,0.0,19.722314834594727,19.61893239686301,19.68255270858127,0.0,900
2016-10-10,0.0,19.889320373535156,0.0,19.90920143781402,19.889320373535156,19.90522583168944,0.0,2000
2016-10-11,0.0,19.62688636779785,0.0,19.746174270216933,19.62688636779785,19.698459412614895,0.0,1200
2016-10-12,0.0,19.48373794555664,0.0,19.48373794555664,19.474195581909843,19.474195581909843,0.0,5300
2016-10-13,0.0,19.396257400512695,0.0,19.428068309624642,19.149728922205643,19.149728922205643,0.0,5200
2016-10-14,0.0,19.555315017700195,0.0,19.607801820659486,19.53145682841757,19.607801820659486,0.0,3600
2016-10-17,0.0,19.412166595458984,0.0,19.420119324269322,19.412166595458984,19.420119324269322,0.0,1200
2016-10-18,0.0,19.610980987548828,0.0,19.610980987548828,19.603028258445573,19.610980987548828,0.0,400
2016-10-19,0.0,19.610980987548828,0.0,19.610980987548828,19.610980987548828,19.610980987548828,0.0,200
2016-10-20,0.0,19.650739669799805,0.0,19.650739669799805,19.491689666113533,19.491689666113533,0.0,800
2016-10-21,0.0,19.571218490600586,0.0,19.58791876635479,19.53145484583251,19.53145484583251,0.0,1600
2016-10-24,0.0,19.658695220947266,0.0,19.889319807132747,19.658695220947266,19.889319807132747,0.0,4000
2016-10-25,0.0,19.666643142700195,0.0,19.706406777234136,19.666643142700195,19.706406777234136,0.0,4000
2016-10-26,0.0,19.571218490600586,0.0,19.571218490600586,19.571218490600586,19.571218490600586,0.0,300
2016-10-27,0.0,19.634836196899414,0.0,19.639606620175467,19.634836196899414,19.6380169846927,0.0,800
2016-10-28,0.0,19.642791748046875,0.0,19.65869568929917,19.595075373806086,19.595075373806086,0.0,1000
2016-10-31,0.0,19.650739669799805,0.0,19.666645125216746,19.563262698662058,19.603024820376696,0.0,1200
2016-11-01,0.0,19.650739669799805,0.0,19.650739669799805,19.650739669799805,19.650739669799805,0.0,0
2016-11-02,0.0,19.3604736328125,0.0,19.420118337445274,19.340592570210855,19.420118337445274,0.0,1700
2016-11-03,0.0,19.22130584716797,0.0,19.288106949650928,19.22130584716797,19.28174537327006,0.0,3200
2016-11-04,0.0,19.10201644897461,0.0,19.165636758276303,19.10201644897461,19.157684030010113,0.0,500
2016-11-07,0.0,19.40421485900879,0.0,19.436025775877006,19.327871388815467,19.356500000534464,0.0,2700
2016-11-08,0.0,19.507596969604492,0.0,19.531453638162276,19.49964424114261,19.531453638162276,0.0,1100
2016-11-09,0.0,19.555315017700195,0.0,19.571220477221946,19.32150961658041,19.32150961658041,0.0,900
2016-11-10,0.0,19.46306610107422,0.0,19.682555678734047,19.372406801908685,19.682555678734047,0.0,4600
2016-11-11,0.0,19.436023712158203,0.0,19.51316350886212,19.412165527040305,19.412165527040305,0.0,2700
2016-11-14,0.0,19.276975631713867,0.0,19.320714887185048,19.197449850568816,19.197449850568816,0.0,4800
2016-11-15,0.0,19.300827026367188,0.0,19.342975114309684,19.18153915505824,19.18153915505824,0.0,2100
2016-11-16,0.0,19.117921829223633,0.0,19.117921829223633,19.117921829223633,19.117921829223633,0.0,500
2016-11-17,0.0,19.133825302124023,0.0,19.197445609619944,19.11394424043676,19.125872574083562,0.0,4100
2016-11-18,0.0,18.990680694580078,0.0,19.04634979515349,18.958871296794598,19.04634979515349,0.0,1200
2016-11-21,0.0,19.070207595825195,0.0,19.173591557625112,19.044759772721275,19.173591557625112,0.0,6100
2016-11-22,0.0,19.070207595825195,0.0,19.070207595825195,19.070207595825195,19.070207595825195,0.0,0
2016-11-23,0.0,18.911951065063477,0.0,18.974776558999388,18.847535935509978,18.974776558999388,0.0,5700
2016-11-25,0.0,18.93501091003418,0.0,18.93501091003418,18.93501091003418,18.93501091003418,0.0,1100
2016-11-28,0.0,18.839584350585938,0.0,18.879346479029664,18.8316316215316,18.879346479029664,0.0,1300
2016-11-29,0.0,19.017717361450195,0.0,19.017717361450195,18.775960810395038,18.804589416611606,0.0,1800
2016-11-30,0.0,18.91115951538086,0.0,18.946946041723436,18.91115951538086,18.92706345844456,0.0,900
2016-12-01,0.0,18.76800537109375,0.0,18.807767486963872,18.76800537109375,18.783910824172796,0.0,6300
2016-12-02,0.0,18.839584350585938,0.0,18.839584350585938,18.823678892477258,18.8316316215316,0.0,900
2016-12-05,0.0,19.34297752380371,0.0,19.358086645201954,19.046348202297914,19.046348202297914,0.0,17200
2016-12-06,0.0,19.412166595458984,0.0,19.416938536110774,19.364451739424865,19.364451739424865,0.0,6900
2016-12-07,0.0,20.02450942993164,0.0,20.02450942993164,19.63483488987998,19.63483488987998,0.0,4400
2016-12-08,0.0,19.921127319335938,0.0,19.944985503628754,19.881365195675702,19.881365195675702,0.0,4400
2016-12-09,0.0,19.912378311157227,0.0,19.913174645687956,19.833648887379887,19.86545828060651,0.0,5000
2016-12-12,0.0,19.95850372314453,0.0,19.95850372314453,19.881363934003623,19.881363934003623,0.0,1200
2016-12-13,0.0,20.138235092163086,0.0,20.183563979874023,20.072228805266114,20.072228805266114,0.0,2200
2016-12-14,0.0,19.809795379638672,0.0,20.135849700500533,19.809795379638672,19.968846933788473,0.0,5200
2016-12-15,0.0,19.865463256835938,0.0,19.865463256835938,19.84399103885334,19.84399103885334,0.0,4300
2016-12-16,0.0,19.944984436035156,0.0,20.0483668621147,19.944984436035156,20.0483668621147,0.0,200
2016-12-19,0.0,19.911588668823242,0.0,20.072229862598938,19.897274362309343,20.072229862598938,0.0,8500
2016-12-20,0.0,19.968843460083008,0.0,19.99270012727584,19.96089073207614,19.96089073207614,0.0,1600
2016-12-21,0.0,20.04939842224121,0.32,20.0896753563678,20.04939842224121,20.077591507925852,0.0,5600
2016-12-22,0.0,20.041339874267578,0.0,20.08161680204123,20.041339874267578,20.08161680204123,0.0,400
2016-12-23,0.0,20.074365615844727,0.0,20.089671308651383,20.049394382639893,20.051811151841342,0.0,2000
2016-12-27,0.0,20.11383628845215,0.0,20.146057829839012,19.968843961434235,19.968843961434235,0.0,9900
2016-12-28,0.0,19.968847274780273,0.0,20.026038522901505,19.95273650141365,20.024426831001676,0.0,9500
2016-12-29,0.0,20.121896743774414,0.0,20.129952131150787,19.9688489928474,19.9688489928474,0.0,1500
2016-12-30,0.0,20.21855926513672,0.0,20.339386999435927,20.21211403357911,20.234670039418745,0.0,2900
2017-01-03,0.0,20.21855926513672,0.0,20.226614652277732,20.144450625284193,20.21855926513672,0.0,7900
2017-01-04,0.0,20.37160873413086,0.0,20.37160873413086,20.146062501345707,20.146062501345707,0.0,8100
2017-01-05,0.0,20.56492805480957,0.0,20.581037288629563,20.315215725504515,20.315215725504515,0.0,4900
2017-01-06,0.0,20.50048828125,0.0,20.55687444550995,20.50048828125,20.55687444550995,0.0,2500
2017-01-09,0.0,20.484376907348633,0.0,20.50854152765941,20.387713816882417,20.387713816882417,0.0,1400
2017-01-10,0.0,20.496461868286133,0.0,20.613262669586266,20.476324169953536,20.613262669586266,0.0,1300
2017-01-11,0.0,20.661588668823242,0.0,20.662393746375926,20.315214806634486,20.315214806634486,0.0,1600
2017-01-12,0.0,20.597150802612305,0.0,20.665620816996743,20.5568754080858,20.65595373900938,0.0,4800
2017-01-13,0.0,20.597150802612305,0.0,20.597150802612305,20.597150802612305,20.597150802612305,0.0,0
2017-01-17,0.0,20.717981338500977,0.0,20.75261965745317,20.709925951219258,20.734092113064413,0.0,15600
2017-01-18,0.0,20.774364471435547,0.0,20.774364471435547,20.774364471435547,20.774364471435547,0.0,600
2017-01-19,0.0,20.66965103149414,0.0,20.66965103149414,20.645484869087465,20.66159564402525,0.0,10600
2017-01-20,0.0,20.838809967041016,0.0,20.87908536579638,20.838809967041016,20.87908536579638,0.0,500
2017-01-23,0.0,20.806583404541016,0.0,20.817860636387355,20.75825263040066,20.79127924835282,0.0,6800
2017-01-24,0.0,20.91935920715332,0.0,20.91935920715332,20.855724266226275,20.855724266226275,0.0,200
2017-01-25,0.0,21.289897918701172,0.0,21.289897918701172,21.08851788017605,21.08851788017605,0.0,13000
2017-01-26,0.0,21.21739959716797,0.0,21.21739959716797,21.15295805050201,21.209344211783765,0.0,3100
2017-01-27,0.0,21.185176849365234,0.0,21.306006086840696,21.185176849365234,21.306006086840696,0.0,1100
2017-01-30,0.0,20.91935920715332,0.0,20.929026285436024,20.846862265664512,20.846862265664512,0.0,5900
2017-01-31,0.0,20.91130256652832,0.0,20.9878279648478,20.895193331036435,20.9878279648478,0.0,900
2017-02-01,0.0,21.06435203552246,0.0,21.185179753151825,21.003938944911674,21.185179753151825,0.0,5200
2017-02-02,0.0,21.13684844970703,0.0,21.13684844970703,21.13684844970703,21.13684844970703,0.0,200
2017-02-03,0.0,20.963661193847656,0.0,21.161014302826775,20.963661193847656,21.161014302826775,0.0,2300
2017-02-06,0.0,20.701868057250977,0.0,20.846860390780698,20.701868057250977,20.846860390780698,0.0,3400
2017-02-07,0.0,20.717981338500977,0.0,20.79047828762842,20.699455330520248,20.734092113064413,0.0,2700
2017-02-08,0.0,20.722007751464844,0.0,20.72925652381605,20.621317725011085,20.701870053455668,0.0,6700
2017-02-09,0.0,20.843639373779297,0.0,20.854111529258116,20.653536565430507,20.653536565430507,0.0,2800
2017-02-10,0.0,20.82591438293457,0.0,20.846857153398197,20.822692536433053,20.822692536433053,0.0,1200
2017-02-13,0.0,20.943519592285156,0.0,21.128788819940663,20.943519592285156,21.128788819940663,0.0,5000
2017-02-14,0.0,20.91935920715332,0.0,20.91935920715332,20.91935920715332,20.91935920715332,0.0,800
2017-02-15,0.0,20.959630966186523,0.0,20.959630966186523,20.750195579844657,20.87102327370141,0.0,9900
2017-02-16,0.0,20.999906539916992,0.0,20.999906539916992,20.999906539916992,20.999906539916992,0.0,1500
2017-02-17,0.0,20.935468673706055,0.0,20.999910224740933,20.927413287775725,20.999910224740933,0.0,1300
2017-02-21,0.0,21.185176849365234,0.0,21.185176849365234,20.935466062303927,21.024073760077247,0.0,4000
2017-02-22,0.0,21.1610107421875,0.0,21.18114843488074,21.080458435007074,21.080458435007074,0.0,2600
2017-02-23,0.0,21.175514221191406,0.0,21.354339796469308,21.15295975486142,21.354339796469308,0.0,3300
2017-02-24,0.0,20.93466567993164,0.0,20.951581531146857,20.86297381350072,20.903250747161657,0.0,12100
2017-02-27,0.0,21.06435203552246,0.0,21.069185574421816,20.95963508995242,21.056296649492797,0.0,2500
2017-02-28,0.0,21.016021728515625,0.0,21.06435250937303,20.935469402814732,20.935469402814732,0.0,3000
2017-03-01,0.0,21.362396240234375,0.0,21.373673473957748,21.24156851656857,21.24156851656857,0.0,1400
2017-03-02,0.0,21.1932373046875,0.0,21.248013320723054,21.1932373046875,21.248013320723054,0.0,800
2017-03-03,0.0,21.353532791137695,0.0,21.378504024664203,21.28184093739907,21.28184093739907,0.0,700
2017-03-06,0.0,21.249622344970703,0.0,21.41072700063309,21.193236176411226,21.41072700063309,0.0,4600
2017-03-07,0.0,21.19001579284668,0.0,21.19001579284668,21.139268237637708,21.139268237637708,0.0,1000
2017-03-08,0.0,21.104629516601562,0.0,21.136849525153522,21.104629516601562,21.128794138913573,0.0,500
2017-03-09,0.0,21.257673263549805,0.0,21.346280959181726,21.257673263549805,21.314059420258285,0.0,1300
2017-03-10,0.0,21.426836013793945,0.0,21.426836013793945,21.354339078340494,21.354339078340494,0.0,2700
2017-03-13,0.0,21.426836013793945,0.0,21.426836013793945,21.426836013793945,21.426836013793945,0.0,1400
2017-03-14,0.0,21.29795265197754,0.0,21.348700198888093,21.29795265197754,21.348700198888093,0.0,1100
2017-03-15,0.0,21.579885482788086,0.0,21.579885482788086,21.2979531239627,21.2979531239627,0.0,1000
2017-03-16,0.0,21.757097244262695,0.0,21.757097244262695,21.661240773971286,21.692655700210242,0.0,9200
2017-03-17,0.0,21.774015426635742,0.0,21.837651899928016,21.75709957712349,21.837651899928016,0.0,1300
2017-03-20,0.0,21.652379989624023,0.0,21.743404463113492,21.652379989624023,21.668490760642854,0.0,2300
2017-03-21,0.0,21.6209659576416,0.0,21.92625785998424,21.6209659576416,21.845707074367272,0.0,7600
2017-03-22,0.0,21.57908058166504,0.0,21.57908058166504,21.547665649874467,21.547665649874467,0.0,500
2017-03-23,0.0,21.73293113708496,0.0,21.73293113708496,21.55571727465126,21.55571727465126,0.0,5400
2017-03-24,0.0,21.789323806762695,0.0,21.821545356691544,21.757103793241914,21.77321456820634,0.0,3000
2017-03-27,0.0,21.848928451538086,0.0,21.853760453813916,21.724877355909236,21.724877355909236,0.0,1600
2017-03-28,0.0,22.00680923461914,0.0,22.00680923461914,21.877926139491088,21.877926139491088,0.0,3000
2017-03-29,0.0,21.95848274230957,0.0,21.9907027541741,21.934316581105183,21.9907027541741,0.0,4000
2017-03-30,0.0,21.869871139526367,0.0,22.0309757794803,21.869871139526367,22.0309757794803,0.0,6000
2017-03-31,0.0,22.014863967895508,0.0,22.04305704809403,21.923034419645614,21.923034419645614,0.0,1700
2017-04-03,0.0,21.942367553710938,0.0,22.039030642673396,21.82959523026113,22.030975257225887,0.0,3900
2017-04-04,0.0,21.9101505279541,0.0,21.926259764632192,21.873902056714602,21.873902056714602,0.0,2500
2017-04-05,0.0,21.73293113708496,0.0,21.90209115085097,21.73293113708496,21.894035765775673,0.0,4000
2017-04-06,0.0,21.740989685058594,0.0,21.78932046613397,21.732934298811394,21.78932046613397,0.0,1400
2017-04-07,0.0,21.639497756958008,0.0,21.700717472287348,21.630637291709192,21.700717472287348,0.0,2300
2017-04-10,0.0,21.587942123413086,0.0,21.64352321742108,21.55572211228854,21.55572211228854,0.0,1400
2017-04-11,0.0,21.59840965270996,0.0,21.636269809308605,21.491275949292078,21.636269809308605,0.0,800
2017-04-12,0.0,21.56377601623535,0.0,21.56377601623535,21.56377601623535,21.56377601623535,0.0,200
2017-04-13,0.0,21.442947387695312,0.0,21.523498174766218,21.442947387695312,21.499333553208057,0.0,4900
2017-04-17,0.0,21.5645751953125,0.0,21.595990117917687,21.5645751953125,21.595990117917687,0.0,3400
2017-04-18,0.0,21.53960609436035,0.0,21.53960609436035,21.425222086721323,21.507386091080278,0.0,2000
2017-04-19,0.0,21.555715560913086,0.0,21.585520329681362,21.555715560913086,21.585520329681362,0.0,1200
2017-04-20,0.0,21.627410888671875,0.0,21.672519819643206,21.62096565824188,21.636271352054425,0.0,1000
2017-04-21,0.0,21.587942123413086,0.0,21.587942123413086,21.566999346643325,21.566999346643325,0.0,600
2017-04-24,0.0,22.61497688293457,0.0,22.642363348846825,22.53845149195799,22.53845149195799,0.0,2400
2017-04-25,0.0,22.796222686767578,0.0,22.80911161316746,22.651230330910707,22.651230330910707,0.0,5700
2017-04-26,0.0,22.675392150878906,0.0,22.71566908064215,22.61095059966549,22.675392150878906,0.0,5200
2017-04-27,0.0,22.5827579498291,0.0,22.683447971555257,22.5827579498291,22.683447971555257,0.0,600
2017-04-28,0.0,22.619003295898438,0.0,22.619003295898438,22.619003295898438,22.619003295898438,0.0,200
2017-05-01,0.0,22.788166046142578,0.0,23.102318416647627,22.751917577514476,23.102318416647627,0.0,11600
2017-05-02,0.0,22.85260581970215,0.0,22.85260581970215,22.739831961405443,22.78010888808557,0.0,4100
2017-05-03,0.0,22.773666381835938,0.0,22.820387007809884,22.773666381835938,22.820387007809884,0.0,800
2017-05-04,0.0,23.106346130371094,0.0,23.106346130371094,22.997600720773768,22.997600720773768,0.0,2800
2017-05-05,0.0,23.459972381591797,0.0,23.464804384623495,23.158707363319127,23.158707363319127,0.0,12900
2017-05-08,0.0,23.134544372558594,0.0,23.2392628805912,23.126488984524688,23.2392628805912,0.0,8100
2017-05-09,0.0,23.126480102539062,0.0,23.1949501063265,23.126480102539062,23.14259087241935,0.0,2200
2017-05-10,0.0,23.116016387939453,0.0,23.142597783413017,23.045936208080736,23.078156221055483,0.0,1700
2017-05-11,0.0,23.041900634765625,0.0,23.33591526830543,22.950071091055747,23.33591526830543,0.0,3700
2017-05-12,0.0,23.223953247070312,0.0,23.268257105545352,23.14984614796901,23.14984614796901,0.0,900
2017-05-15,0.0,23.400362014770508,0.0,23.448694334676457,23.295645061123434,23.295645061123434,0.0,15400
2017-05-16,0.0,23.62429428100586,0.0,23.691152601049204,23.62429428100586,23.67423675162193,0.0,3500
2017-05-17,0.0,23.281143188476562,0.0,23.416469980609552,23.281143188476562,23.384249974276436,0.0,5700
2017-05-18,0.0,23.330280303955078,0.0,23.330280303955078,23.110374254861274,23.110374254861274,0.0,5400
2017-05-19,0.0,23.561464309692383,0.0,23.569519695534712,23.529242766323065,23.529242766323065,0.0,1600
2017-05-22,0.0,23.601741790771484,0.0,23.72257105268961,23.562271472137176,23.72257105268961,0.0,4100
2017-05-23,0.0,23.577573776245117,0.0,23.68229071358331,23.52924146386657,23.68229071358331,0.0,5800
2017-05-24,0.0,23.488967895507812,0.0,23.79506641868766,23.48091250948647,23.79506641868766,0.0,1800
2017-05-25,0.0,23.56871795654297,0.0,23.56871795654297,23.534079638873422,23.534079638873422,0.0,600
2017-05-26,0.0,23.449493408203125,0.0,23.449493408203125,23.36169232808213,23.36169232808213,0.0,3900
2017-05-30,0.0,23.43661117553711,0.0,23.722572032626935,23.43097255835643,23.722572032626935,0.0,1500
2017-05-31,0.0,23.61785125732422,0.0,23.722569740339104,23.587241404671477,23.60979587121478,0.0,3300
2017-06-01,0.0,23.682292938232422,0.0,23.682292938232422,23.582407993623036,23.682292938232422,0.0,6700
2017-06-02,0.0,24.117277145385742,0.0,24.133386383003053,23.90784169228099,23.90784169228099,0.0,13300
2017-06-05,0.0,23.915891647338867,0.0,24.24615475780549,23.89172549178974,24.24615475780549,0.0,9200
2017-06-06,0.0,23.762845993041992,0.0,23.94811527102952,23.762845993041992,23.94811527102952,0.0,4100
2017-06-07,0.0,23.789426803588867,0.0,23.811174654885093,23.754788491510208,23.811174654885093,0.0,2600
2017-06-08,0.0,23.70646095275879,0.0,23.75479173705373,23.66699063300366,23.75479173705373,0.0,11300
2017-06-09,0.0,23.827287673950195,0.0,23.84339844683643,23.746735345926883,23.80312151462084,0.0,4400
2017-06-12,0.0,23.674238204956055,0.0,23.77090130505148,23.6541005072218,23.77090130505148,0.0,5600
2017-06-13,0.0,23.803119659423828,0.0,23.803119659423828,23.803119659423828,23.803119659423828,0.0,400
2017-06-14,0.0,23.910255432128906,0.0,24.230046420326335,23.910255432128906,24.230046420326335,0.0,2200
2017-06-15,0.0,23.50507926940918,0.0,23.601740831324776,23.49460711367251,23.601740831324776,0.0,9900
2017-06-16,0.0,23.74673080444336,0.0,23.74673080444336,23.609792333915117,23.609792333915117,0.0,4400
2017-06-19,0.0,23.915891647338867,0.0,24.30254091767916,23.778953172042392,24.30254091767916,0.0,6300
2017-06-20,0.0,23.766870498657227,0.0,23.9561682187791,23.666180483512857,23.9561682187791,0.0,10600
2017-06-21,0.0,23.76851463317871,0.547,23.793137277587615,23.67823473453888,23.793137277587615,0.0,27400
2017-06-22,0.0,23.775901794433594,0.0,23.85879599519701,23.719270808336162,23.85879599519701,0.0,1600
2017-06-23,0.0,23.694650650024414,0.0,23.755384629817154,23.694650650024414,23.752101923535086,0.0,4200
2017-06-26,0.0,23.830068588256836,0.0,24.01473449323308,23.776720312279338,24.01473449323308,0.0,3100
2017-06-27,0.0,23.784931182861328,0.0,23.91624883020701,23.776723634223494,23.91624883020701,0.0,11600
2017-06-28,0.0,24.008169174194336,0.0,24.008169174194336,23.86782214661223,23.86782214661223,0.0,11000
2017-06-29,0.0,23.5715389251709,0.0,24.031152242868313,23.5715389251709,24.031152242868313,0.0,5800
2017-06-30,0.0,23.526397705078125,0.0,23.555123339249946,23.473049427860605,23.555123339249946,0.0,900
2017-07-03,0.0,23.560867309570312,0.0,23.637194524949017,23.560867309570312,23.587950806704466,0.0,2200
2017-07-05,0.0,23.546916961669922,0.0,23.63719685979773,23.460738489442395,23.63719685979773,0.0,2100
2017-07-06,0.0,23.456636428833008,0.0,23.58795407262004,23.456636428833008,23.456636428833008,0.0,10800
2017-07-07,0.0,23.61257553100586,0.0,23.61257553100586,23.427909614515567,23.464842797813628,0.0,3400
2017-07-10,0.0,23.616680145263672,0.0,23.645405782532926,23.587954507994418,23.61257715369513,0.0,1000
2017-07-11,0.0,23.769336700439453,0.0,23.769336700439453,23.694650046777042,23.694650046777042,0.0,600
2017-07-12,0.0,24.043458938598633,0.0,24.07136428560355,23.899830778175577,23.899830778175577,0.0,2900
2017-07-13,0.0,24.006528854370117,0.0,24.08860277037699,23.94087003465057,24.08860277037699,0.0,3900
2017-07-14,0.0,24.137845993041992,0.0,24.137845993041992,24.072187174684608,24.076290165956447,0.0,7200
2017-07-17,0.0,24.035255432128906,0.0,24.035255432128906,23.97369960135387,23.97369960135387,0.0,2600
2017-07-18,0.0,23.899011611938477,0.0,23.940869637147237,23.883418366525245,23.940869637147237,0.0,5700
2017-07-19,0.0,23.891620635986328,0.0,23.949071893915203,23.842375358822114,23.883413089792292,0.0,11100
2017-07-20,0.0,24.083677291870117,0.0,24.203504673826984,24.031150863654656,24.203504673826984,0.0,2600
2017-07-21,0.0,23.75210189819336,0.0,23.858796896680808,23.71106415613681,23.858796896680808,0.0,2700
2017-07-24,0.0,23.702856063842773,0.0,23.719271160288734,23.58795351958056,23.719271160288734,0.0,2500
2017-07-25,0.0,23.767698287963867,0.0,23.84238495332635,23.72748239123022,23.84238495332635,0.0,4600
2017-07-26,0.0,23.935943603515625,0.0,23.935943603515625,23.78492817164395,23.78492817164395,0.0,5400
2017-07-27,0.0,23.645402908325195,0.0,23.735684366157194,23.633092369686153,23.735684366157194,0.0,2200
2017-07-28,0.0,23.82596778869629,0.0,23.82596778869629,23.73978931482775,23.73978931482775,0.0,900
2017-07-31,0.0,23.806270599365234,0.0,23.825968402577296,23.74389448343201,23.825968402577296,0.0,2600
2017-08-01,0.0,24.133743286132812,0.0,24.154261373593187,23.89983364513918,23.89983364513918,0.0,6700
2017-08-02,0.0,24.006528854370117,0.0,24.105017866664316,23.999963442027088,24.039359046944764,0.0,2500
2017-08-03,0.0,23.998319625854492,0.0,24.080393536114517,23.924453263163432,24.080393536114517,0.0,3300
2017-08-04,0.0,24.08860206604004,0.0,24.08860206604004,24.022943248240313,24.08860206604004,0.0,25300
2017-08-07,0.0,24.010631561279297,0.0,24.07218738891265,23.98272777643711,24.07218738891265,0.0,2000
2017-08-08,0.0,24.010631561279297,0.0,24.010631561279297,24.010631561279297,24.010631561279297,0.0,0
2017-08-09,0.0,23.77836799621582,0.0,23.80134850838122,23.69465349696043,23.71106703034287,0.0,2300
2017-08-10,0.0,23.47304916381836,0.0,23.60436679439228,23.41559789612097,23.60436679439228,0.0,3500
2017-08-11,0.0,23.587949752807617,0.0,23.588770037869995,23.522290942938618,23.522290942938618,0.0,2700
2017-08-14,0.0,23.91050148010254,0.0,23.932661702821804,23.908860909785375,23.932661702821804,0.0,2600
2017-08-15,0.0,23.801345825195312,0.0,23.88341974457505,23.743894551258435,23.88341974457505,0.0,3500
2017-08-16,0.0,23.93266487121582,0.0,23.998323697477772,23.926919743485772,23.998323697477772,0.0,2600
2017-08-17,0.0,23.7972412109375,0.0,23.957284481828253,23.793136654262007,23.957284481828253,0.0,7100
2017-08-18,0.0,23.77672004699707,0.0,23.873566914710327,23.711061233230268,23.77672004699707,0.0,29100
2017-08-21,0.0,23.71845054626465,0.0,23.801344747108832,23.711063283337452,23.801344747108832,0.0,2700
2017-08-22,0.0,23.917070388793945,0.0,23.932663635214517,23.883419909418716,23.899835006493923,0.0,3500
2017-08-23,0.0,24.014738082885742,0.0,24.014738082885742,23.900655816936787,23.97862518161267,0.0,7400
2017-08-24,0.0,23.949077606201172,0.0,24.02130183833434,23.94497304941046,24.014736425984893,0.0,5300
2017-08-25,0.0,24.0853214263916,0.0,24.19447884855937,24.01145505435075,24.088604132748774,0.0,1900
2017-08-28,0.0,24.211711883544922,0.0,24.211711883544922,24.211711883544922,24.211711883544922,0.0,200
2017-08-29,0.0,23.93758773803711,0.0,23.969596080544214,23.87521162342186,23.916247799412528,0.0,7100
2017-08-30,0.0,23.86618423461914,0.0,23.88341961670793,23.801345697767598,23.88341961670793,0.0,6300
2017-08-31,0.0,23.91542625427246,0.0,23.939227047241577,23.809551548216152,23.924454087280413,0.0,8300
2017-09-01,0.0,24.025405883789062,0.0,24.095987978617792,23.973698174990986,23.973698174990986,0.0,2200
2017-09-05,0.0,24.014738082885742,0.0,24.187091909673438,23.969597347651863,24.187091909673438,0.0,7400
2017-09-06,0.0,24.37996482849121,0.0,24.416898014155024,24.211713997229353,24.211713997229353,0.0,6000
2017-09-07,0.0,24.69594383239746,0.0,24.712358926417043,24.605662380719306,24.622077474738884,0.0,11700
2017-09-08,0.0,24.658191680908203,0.0,24.658191680908203,24.548212423638898,24.548212423638898,0.0,5400
2017-09-11,0.0,24.933958053588867,0.0,24.933958053588867,24.835470613933037,24.933958053588867,0.0,3200
2017-09-12,0.0,24.98320198059082,0.0,25.02423815064481,24.753395358171673,24.753395358171673,0.0,8100
2017-09-13,0.0,24.87240982055664,0.0,24.892927911669688,24.835476630381148,24.87240982055664,0.0,5000
2017-09-14,0.0,24.808387756347656,0.0,24.808387756347656,24.808387756347656,24.808387756347656,0.0,400
2017-09-15,0.0,24.908517837524414,0.0,24.95858184478162,24.908517837524414,24.931498345530287,0.0,2800
2017-09-18,0.0,24.991409301757812,0.0,25.048860565485835,24.97581449278619,25.048860565485835,0.0,18300
2017-09-19,0.0,25.130937576293945,0.0,25.130937576293945,25.057071209391523,25.12273002825704,0.0,4600
2017-09-20,0.0,24.95858383178711,0.0,25.11452412383433,24.95858383178711,25.11452412383433,0.0,11800
2017-09-21,0.0,25.10630989074707,0.0,25.10630989074707,25.037368379596437,25.07840454611103,0.0,1800
2017-09-22,0.0,25.122726440429688,0.0,25.122726440429688,25.084151126708228,25.084151126708228,0.0,2800
2017-09-25,0.0,24.851886749267578,0.0,24.959402026092103,24.799358755880075,24.958581740932367,0.0,4800
2017-09-26,0.0,24.74683380126953,0.0,24.851888228869445,24.712363037351874,24.851888228869445,0.0,5300
2017-09-27,0.0,24.843679428100586,0.0,24.843679428100586,24.695946695655238,24.695946695655238,0.0,8300
2017-09-28,0.0,24.974994659423828,0.0,25.01603082984904,24.884713205972897,24.909335847485757,0.0,17200
2017-09-29,0.0,25.21383285522461,0.0,25.277849541049914,25.057892566710695,25.057892566710695,0.0,3500
2017-10-02,0.0,25.254045486450195,0.0,25.254045486450195,25.171151293490237,25.229422844464523,0.0,2300
2017-10-03,0.0,25.32709312438965,0.0,25.327914975024715,25.251586184329014,25.311499878340307,0.0,8300
2017-10-04,0.0,25.36894989013672,0.0,25.401780081873447,25.326271580136797,25.401780081873447,0.0,2300
2017-10-05,0.0,25.304933547973633,0.0,25.336121604370838,25.271283070620104,25.336121604370838,0.0,2300
2017-10-06,0.0,25.324630737304688,0.0,25.352534521465007,25.217934180738123,25.344326973619143,0.0,17800
2017-10-09,0.0,25.3197078704834,0.0,25.39357424142818,25.311500321997332,25.39357424142818,0.0,3800
2017-10-10,0.0,25.387008666992188,0.0,25.492063101820403,25.387008666992188,25.492063101820403,0.0,1400
2017-10-11,0.0,25.574134826660156,0.0,25.62337855063487,25.522428681672242,25.615171002400793,0.0,2500
2017-10-12,0.0,25.574954986572266,0.0,25.656208617890783,25.574954986572266,25.656208617890783,0.0,1700
2017-10-13,0.0,25.582340240478516,0.0,25.713657870408014,25.582340240478516,25.713657870408014,0.0,8600
2017-10-16,0.0,25.501909255981445,0.0,25.82856120524105,25.434608303250435,25.82856120524105,0.0,17800
2017-10-17,0.0,25.525707244873047,0.0,25.549508035088007,25.442813056221866,25.549508035088007,0.0,2900
2017-10-18,0.0,25.664411544799805,0.0,25.689032619518255,25.549507456205635,25.689032619518255,0.0,1800
2017-10-19,0.0,25.616811752319336,0.0,25.771109893740885,25.47564600044779,25.47564600044779,0.0,7500
2017-10-20,0.0,25.516685485839844,0.0,25.557721664686557,25.442819111571858,25.557721664686557,0.0,3500
2017-10-23,0.0,25.422298431396484,0.0,25.516682885469237,25.40342091441005,25.516682885469237,0.0,4800
2017-10-24,0.0,25.401779174804688,0.0,25.59875562190214,25.401779174804688,25.59875562190214,0.0,4600
2017-10-25,0.0,25.478927612304688,0.0,25.582339892244825,25.43460716922771,25.483850888423547,0.0,2800
2017-10-26,0.0,25.56592559814453,0.0,25.590548241228483,25.45923060897339,25.46743815666804,0.0,3900
2017-10-27,0.0,25.50847625732422,0.0,25.728433229701622,25.46744008117962,25.598757723358066,0.0,13200
2017-10-30,0.0,25.6373291015625,0.0,25.656206617479505,25.615168879709845,25.656206617479505,0.0,5100
2017-10-31,0.0,25.849079132080078,0.0,25.892577723648532,25.70544940325015,25.70544940325015,0.0,13500
2017-11-01,0.0,26.058368682861328,0.0,26.14044259809802,25.853184677484467,25.853184677484467,0.0,10500
2017-11-02,0.0,26.191326141357422,0.0,26.191326141357422,26.09940255039556,26.09940255039556,0.0,8800
2017-11-03,0.0,26.082990646362305,0.0,26.132234368047296,26.05836800280497,26.107611724489956,0.0,2300
2017-11-06,0.0,26.082990646362305,0.0,26.082990646362305,26.023076955926168,26.066575550657415,0.0,4800
2017-11-07,0.0,25.828561782836914,0.0,25.959879419770402,25.725969781143274,25.959879419770402,0.0,11500
2017-11-08,0.0,25.92704963684082,0.0,25.92704963684082,25.72596863370092,25.90242699397788,0.0,2200
2017-11-09,0.0,25.606966018676758,0.0,25.63158709890985,25.487958912784073,25.63158709890985,0.0,5300
2017-11-10,0.0,25.490419387817383,0.0,25.623377594128836,25.44281623600863,25.623377594128836,0.0,2600
2017-11-13,0.0,25.415729522705078,0.0,25.415729522705078,25.196594425511638,25.31149695818679,0.0,3400
2017-11-14,0.0,25.680830001831055,0.0,25.680830001831055,25.467438455554742,25.496164090108316,0.0,2700
2017-11-15,0.0,25.403423309326172,0.0,25.549513920803975,25.17197606892047,25.17197606892047,0.0,8100
2017-11-16,0.0,25.680830001831055,0.0,25.680830001831055,25.56674618333728,25.623377167294233,0.0,3400
2017-11-17,0.0,25.56592559814453,0.0,25.615169318882778,25.46169302982475,25.615169318882778,0.0,2700
2017-11-20,0.0,25.519145965576172,0.0,25.648001185398787,25.47564736883919,25.648001185398787,0.0,2800
2017-11-21,0.0,25.78752899169922,0.0,25.80886736692143,25.565929863263634,25.565929863263634,0.0,7600
2017-11-22,0.0,25.516685485839844,0.0,25.820356966337226,25.369773022560437,25.771113238635195,0.0,5200
2017-11-24,0.0,26.000917434692383,0.0,26.000917434692383,26.000917434692383,26.000917434692383,0.0,177600
2017-11-27,0.0,25.77275276184082,0.0,25.84497699284399,25.759620371917645,25.79573327013409,0.0,5200
2017-11-28,0.0,25.92704963684082,0.0,25.92704963684082,25.76454395097656,25.853183273681644,0.0,13700
2017-11-29,0.0,25.795730590820312,0.0,26.03374319705472,25.787523043649532,26.03374319705472,0.0,2100
2017-11-30,0.0,25.78752899169922,0.0,26.017335669198705,25.78752899169922,26.017335669198705,0.0,13600
2017-12-01,0.0,25.629941940307617,0.0,25.861389132559083,25.484671644304647,25.861389132559083,0.0,5700
2017-12-04,0.0,25.844974517822266,0.0,25.91884087752823,25.738279534596746,25.91884087752823,0.0,8400
2017-12-05,0.0,25.5987548828125,0.0,25.69888445645553,25.5987548828125,25.697242320802864,0.0,9000
2017-12-06,0.0,25.529815673828125,0.0,25.565927007159203,25.442816915813793,25.508475735559994,0.0,3900
2017-12-07,0.0,25.70462989807129,0.0,25.70462989807129,25.467437567274963,25.500266191864156,0.0,1800
2017-12-08,0.0,25.820354461669922,0.0,25.861392201965703,25.69314138032731,25.861392201965703,0.0,5600
2017-12-11,0.0,25.779319763183594,0.0,25.828563488928992,25.779319763183594,25.828563488928992,0.0,1300
2017-12-12,0.0,25.707096099853516,0.0,25.7300766100748,25.59875896154465,25.65621023709786,0.0,13900
2017-12-13,0.0,25.748125076293945,0.0,25.748125076293945,25.648815799715745,25.721861867019644,0.0,2000
2017-12-14,0.0,25.590551376342773,0.0,25.828564026928085,25.559363317454096,25.828564026928085,0.0,6800
2017-12-15,0.0,25.613529205322266,0.0,25.74648897565899,25.590548697539337,25.713658784294985,0.0,4600
2017-12-18,0.0,26.074783325195312,0.0,26.181478317345306,25.984501863463215,25.984501863463215,0.0,9500
2017-12-19,0.0,26.10761070251465,0.0,26.19789215992782,25.95987797781295,26.19789215992782,0.0,4000
2017-12-20,0.0,26.074783325195312,0.0,26.214308509040503,25.77111031373353,26.214308509040503,0.0,2200
2017-12-21,0.0,25.84169578552246,0.0,25.893401932181238,25.680832218139592,25.869601137334126,0.0,1200
2017-12-22,0.0,25.785062789916992,0.0,25.836768932551664,25.697243749781894,25.836768932551664,0.0,5800
2017-12-26,0.0,25.73910140991211,0.0,25.86139121007268,25.73910140991211,25.86139121007268,0.0,2100
2017-12-27,0.0,25.799013137817383,0.0,25.88601188494856,25.799013137817383,25.881907328673652,0.0,3900
2017-12-28,0.0,25.89422035217285,0.0,25.910635447989034,25.869599273878276,25.869599273878276,0.0,900
2017-12-29,0.0,25.92704963684082,0.0,25.92704963684082,25.721865642605252,25.738280737847212,0.0,5700
2018-01-02,0.0,25.821996688842773,0.0,25.878627674850573,25.711197137796606,25.779318378041946,0.0,3900
2018-01-03,0.0,26.013227462768555,0.0,26.041953097747566,25.894220366181397,25.968086731964483,0.0,9500
2018-01-04,0.0,26.46053123474121,0.0,26.56640438023629,26.34562555953377,26.34562555953377,0.0,10700
2018-01-05,0.0,26.75271224975586,0.0,26.755993390508745,26.60005467154019,26.632884864226043,0.0,21600
2018-01-08,0.0,26.673917770385742,0.0,26.879101753234863,26.575430335258716,26.879101753234863,0.0,75600
2018-01-09,0.0,26.600051879882812,0.0,26.706748429484357,26.54260061414179,26.706748429484357,0.0,4300
2018-01-10,0.0,26.419490814208984,0.0,26.567223545244286,26.394869735989563,26.567223545244286,0.0,7600
2018-01-11,0.0,26.50977325439453,0.0,26.534397464382614,26.427700903392925,26.526188350766752,0.0,4900
2018-01-12,0.0,26.83806610107422,0.0,26.903723348807027,26.67391828545344,26.75599062783424,0.0,21900
2018-01-16,0.0,26.9283504486084,0.0,27.117119361047433,26.841350124543318,27.117119361047433,0.0,13400
2018-01-17,0.0,26.944766998291016,0.0,26.998113716359907,26.797034253482124,26.944766998291016,0.0,2400
2018-01-18,0.0,27.104808807373047,0.0,27.131070456929645,26.911935338216544,26.911935338216544,0.0,4400
2018-01-19,0.0,27.4536190032959,0.0,27.4536190032959,27.326402798124615,27.40437371766257,0.0,4500
2018-01-22,0.0,27.535694122314453,0.0,27.552109219179144,27.364160586738862,27.552109219179144,0.0,45000
2018-01-23,0.0,27.736770629882812,0.0,27.757290281496154,27.634178633534628,27.634178633534628,0.0,8700
2018-01-24,0.0,27.740875244140625,0.0,27.90502306481137,27.62186815242582,27.872192874505366,0.0,15400
2018-01-25,0.0,27.568519592285156,0.0,27.757288477594923,27.49465323448055,27.749082495998437,0.0,19600
2018-01-26,0.0,27.61284637451172,0.0,27.658807396068866,27.59314700478164,27.617771216944238,0.0,32400
2018-01-29,0.0,27.404376983642578,0.0,27.517638962496,27.334615168825795,27.50286443578743,0.0,4800
2018-01-30,0.0,27.215606689453125,0.0,27.333793504580097,27.190985610373982,27.314094136629187,0.0,13200
2018-01-31,0.0,27.22381591796875,0.0,27.428999950383442,27.22381591796875,27.428999950383442,0.0,5100
2018-02-01,0.0,27.067874908447266,0.0,27.08429000536579,26.879105990173628,26.879105990173628,0.0,12000
2018-02-02,0.0,26.39487075805664,0.0,26.73137240714282,26.39487075805664,26.723166424371723,0.0,23300
2018-02-05,0.0,25.385364532470703,0.0,26.321003064235512,25.180180534071077,26.263551795152363,0.0,32100
2018-02-06,0.0,26.009122848510742,0.0,26.05015902008297,25.31149697377566,25.31149697377566,0.0,21900
2018-02-07,0.0,25.697242736816406,0.0,26.00912328150401,25.570029663566928,26.00912328150401,0.0,21500
2018-02-08,0.0,24.786230087280273,0.0,25.549513321949373,24.786230087280273,25.549513321949373,0.0,20300
2018-02-09,0.0,24.978281021118164,0.0,24.978281021118164,24.351238727433042,24.860095768503434,0.0,15900
2018-02-12,0.0,25.270463943481445,0.0,25.32134823900159,25.087438588018326,25.188390024705082,0.0,12300
2018-02-13,0.0,25.26963996887207,0.0,25.26963996887207,25.188387907568032,25.262254271715157,0.0,2400
2018-02-14,0.0,25.713655471801758,0.0,25.803936920992818,24.96678593421067,24.96678593421067,0.0,8800
2018-02-15,0.0,25.795730590820312,0.0,25.812145685161873,25.692318314241678,25.762900402137188,0.0,15700
2018-02-16,0.0,25.89422035217285,0.0,25.89422035217285,25.582341358813867,25.582341358813867,0.0,8700
2018-02-20,0.0,25.52488899230957,0.0,25.664414169893575,25.52488899230957,25.63158397967163,0.0,6100
2018-02-21,0.0,25.37715721130371,0.0,25.721866394310563,25.369769948600048,25.52488994193946,0.0,4700
2018-02-22,0.0,25.49205780029297,0.0,25.49205780029297,25.35253262819207,25.38536281712384,0.0,2900
2018-02-23,0.0,25.762901306152344,0.0,25.762901306152344,25.549509768512852,25.67262141496497,0.0,8100
2018-02-26,0.0,25.730070114135742,0.0,25.787521375184525,25.56592231219969,25.647996213167715,0.0,23400
2018-02-27,0.0,25.36484718322754,0.0,25.697244268424758,25.36484718322754,25.697244268424758,0.0,3400
2018-02-28,0.0,25.081687927246094,0.0,25.352530703654992,25.081687927246094,25.352530703654992,0.0,6200
2018-03-01,0.0,24.589248657226562,0.0,24.933957823703086,24.507176313413268,24.933957823703086,0.0,9300
2018-03-02,0.0,24.67953109741211,0.0,24.67953109741211,24.21991937893783,24.21991937893783,0.0,72600
2018-03-05,0.0,24.964324951171875,0.0,24.965145236268633,24.552316410740445,24.736980745003848,0.0,8400
2018-03-06,0.0,25.081687927246094,0.0,25.163761827915643,25.025878801900006,25.163761827915643,0.0,20900
2018-03-07,0.0,25.233530044555664,0.0,25.23763303593502,25.130938040344546,25.139144023103253,0.0,6500
2018-03-08,0.0,25.290979385375977,0.0,25.352533643944877,25.26307403675185,25.352533643944877,0.0,9600
2018-03-09,0.0,25.307392120361328,0.0,25.307392120361328,25.258148401966643,25.28277104387878,0.0,2000
2018-03-12,0.0,25.451845169067383,0.0,25.451845169067383,25.34432832162656,25.34432832162656,0.0,5100
2018-03-13,0.0,25.130937576293945,0.0,25.467439218658424,25.130937576293945,25.45923167062152,0.0,1700
2018-03-14,0.0,25.17197036743164,0.0,25.43460560759026,25.17197036743164,25.43460560759026,0.0,2400
2018-03-15,0.0,25.332015991210938,0.0,25.332015991210938,25.204801349971028,25.21383074824423,0.0,1800
2018-03-16,0.0,25.286876678466797,0.0,25.286876678466797,25.286876678466797,25.286876678466797,0.0,300
2018-03-19,0.0,25.05706787109375,0.0,25.213006566730403,24.974993967088952,25.213006566730403,0.0,3300
2018-03-20,0.0,25.127653121948242,0.0,25.164586305130786,25.0406559311634,25.0406559311634,0.0,2000
2018-03-21,0.0,25.10630989074707,0.0,25.180176242816863,25.07347970519187,25.089894797969468,0.0,12500
2018-03-22,0.0,24.631107330322266,0.0,24.79443330257495,24.630287045182754,24.753397129584318,0.0,4800
2018-03-23,0.0,24.252748489379883,0.0,24.67132404267752,24.24454250685124,24.67132404267752,0.0,11000
2018-03-26,0.0,24.74519157409668,0.0,24.74519157409668,24.40868991910735,24.523592465075478,0.0,7400
2018-03-27,0.0,24.482555389404297,0.0,24.777199006640046,24.482555389404297,24.60566547919476,0.0,12400
2018-03-28,0.0,24.5153865814209,0.0,24.622081579476188,24.35205902992801,24.38406737280162,0.0,6400
2018-03-29,0.0,24.819059371948242,0.0,24.819059371948242,24.819059371948242,24.819059371948242,0.0,800
2018-04-02,0.0,24.441518783569336,0.0,24.83547169012299,24.228127234495346,24.83547169012299,0.0,4400
2018-04-03,0.0,24.605663299560547,0.0,24.605663299560547,24.44151704952368,24.507175862624344,0.0,2100
2018-04-04,0.0,24.630287170410156,0.0,24.630287170410156,24.1870889857956,24.1870889857956,0.0,2500
2018-04-05,0.0,25.040653228759766,0.0,25.040653228759766,24.917543153247305,24.958579323274943,0.0,9600
2018-04-06,0.0,24.876510620117188,0.0,25.02424336779873,24.868303071309338,24.876510620117188,0.0,3500
2018-04-09,0.0,25.1801815032959,0.0,25.1801815032959,25.1801815032959,25.1801815032959,0.0,100
2018-04-10,0.0,25.37715721130371,0.0,25.467438672343267,25.37715721130371,25.467438672343267,0.0,1700
2018-04-11,0.0,25.196598052978516,0.0,25.475648442874604,25.188390504401593,25.475648442874604,0.0,1900
2018-04-12,0.0,25.43297004699707,0.0,25.446921157559757,25.32791561715513,25.32791561715513,0.0,5000
2018-04-13,0.0,25.48385238647461,0.0,25.48385238647461,25.39357249021347,25.426401116463968,0.0,1800
2018-04-16,0.0,25.537200927734375,0.0,25.578238667756445,25.508475292433786,25.508475292433786,0.0,2400
2018-04-17,0.0,25.844974517822266,0.0,25.881907697675246,25.647998080416215,25.647998080416215,0.0,6500
2018-04-18,0.0,25.886011123657227,0.0,25.951669933258817,25.86959602989945,25.87780357677834,0.0,2800
2018-04-19,0.0,25.70545196533203,0.0,25.77521534124384,25.648000694245678,25.75469568834466,0.0,2000
2018-04-20,0.0,25.541303634643555,0.0,25.598754901083876,25.52488853982358,25.541303634643555,0.0,800
2018-04-23,0.0,25.520784378051758,0.0,25.606962844474484,25.4756452147432,25.606962844474484,0.0,5400
2018-04-24,0.0,25.221216201782227,0.0,25.574132922420795,25.221216201782227,25.574132922420795,0.0,1800
2018-04-25,0.0,25.089900970458984,0.0,25.089900970458984,24.97499842360686,25.048864793848878,0.0,3000
2018-04-26,0.0,25.14735221862793,0.0,25.14735221862793,25.081693396859833,25.081693396859833,0.0,1200
2018-04-27,0.0,25.393571853637695,0.0,25.393571853637695,25.393571853637695,25.393571853637695,0.0,200
2018-04-30,0.0,25.1801815032959,0.0,25.278668949678035,25.1801815032959,25.262255418900835,0.0,1700
2018-05-01,0.0,24.98320198059082,0.0,25.237629678870544,24.9585793393007,25.237629678870544,0.0,15200
2018-05-02,0.0,25.511754989624023,0.0,25.511754989624023,25.441171337454666,25.459228567106543,0.0,1800
2018-05-03,0.0,25.400962829589844,0.0,25.400962829589844,25.163770443443187,25.349256677130917,0.0,5700
2018-05-04,0.0,25.459228515625,0.0,25.467436062644797,25.373051620061425,25.43871043079027,0.0,8300
2018-05-07,0.0,25.574134826660156,0.0,25.62748310746679,25.565927278426077,25.565927278426077,0.0,2300
2018-05-08,0.0,25.36894989013672,0.0,25.36894989013672,25.36894989013672,25.36894989013672,0.0,700
2018-05-09,0.0,25.520784378051758,0.0,25.55771755925303,25.368948662193013,25.368948662193013,0.0,1800
2018-05-10,0.0,25.730070114135742,0.0,25.730070114135742,25.647996213167715,25.647996213167715,0.0,3000
2018-05-11,0.0,25.72186851501465,0.0,25.794914601197814,25.67262478921927,25.794914601197814,0.0,700
2018-05-14,0.0,25.702991485595703,0.0,25.803121074969923,25.639795082627778,25.735001395129714,0.0,3300
2018-05-15,0.0,25.50027084350586,0.0,25.555259699845603,25.33694484502907,25.401783386343038,0.0,1600
2018-05-16,0.0,25.459228515625,0.0,25.492057138274657,25.405880242711085,25.418190780526015,0.0,2900
2018-05-17,0.0,25.582340240478516,0.0,25.680829245640457,25.53309652061236,25.664414150541862,0.0,4100
2018-05-18,0.0,25.459228515625,0.0,25.50847223231425,25.459228515625,25.50847223231425,0.0,5200
2018-05-21,0.0,25.648000717163086,0.0,25.72925434736477,25.60696454218752,25.72925434736477,0.0,3100
2018-05-22,0.0,25.713655471801758,0.0,25.771106733858073,25.6890328314507,25.771106733858073,0.0,1800
2018-05-23,0.0,25.189208984375,0.0,25.204802229752744,25.024240870290345,25.204802229752744,0.0,9600
2018-05-24,0.0,25.00208282470703,0.0,25.032450598367017,24.917548047377636,25.032450598367017,0.0,3200
2018-05-25,0.0,24.974994659423828,0.0,24.974994659423828,24.958579565081923,24.958579565081923,0.0,400
2018-05-29,0.0,24.211711883544922,0.0,24.498969795249188,24.137845518665834,24.498969795249188,0.0,7000
2018-05-30,0.0,24.802642822265625,0.0,24.802642822265625,24.466141167612967,24.622081455149253,0.0,3600
2018-05-31,0.0,24.384061813354492,0.0,24.515380992033638,24.384061813354492,24.507173445526853,0.0,13400
2018-06-01,0.0,24.62207794189453,0.0,24.73698047135258,24.58104177149653,24.72877292418707,0.0,4600
2018-06-04,0.0,24.769813537597656,0.0,24.782944362244276,24.720569814313354,24.720569814313354,0.0,5600
2018-06-05,0.0,24.81659507751465,0.0,24.94216759062127,24.769813774761104,24.94216759062127,0.0,2100
2018-06-06,0.0,25.104673385620117,0.0,25.11041851283782,24.876508867300117,24.876508867300117,0.0,5200
2018-06-07,0.0,24.86009407043457,0.0,25.065278069436125,24.851886522622948,25.065278069436125,0.0,1100
2018-06-08,0.0,24.966787338256836,0.0,24.974994885502085,24.81495162779364,24.868298336743408,0.0,3200
2018-06-11,0.0,25.122726440429688,0.0,25.16376260932403,24.91754246509898,24.925750011963746,0.0,2000
2018-06-12,0.0,25.10630989074707,0.0,25.10630989074707,25.10630989074707,25.10630989074707,0.0,1000
2018-06-13,0.0,25.081687927246094,0.0,25.089895473855993,25.081687927246094,25.089895473855993,0.0,1100
2018-06-14,0.0,25.22942543029785,0.0,25.319706894735578,25.106315338610788,25.106315338610788,0.0,2300
2018-06-15,0.0,25.0734806060791,0.0,25.077585162135684,25.04065198477378,25.04065198477378,0.0,47500
2018-06-18,0.0,24.70005226135254,0.0,24.71236436729272,24.613875346920626,24.613875346920626,0.0,900
2018-06-19,0.0,24.43987464904785,0.0,24.448902481369053,24.203502611360967,24.203502611360967,0.0,10400
2018-06-20,0.0,24.39918327331543,0.349,24.429081164220396,24.32444250603856,24.365965330525068,0.0,6100
2018-06-21,0.0,24.0919132232666,0.0,24.23309305965781,24.083608340656014,24.23309305965781,0.0,3200
2018-06-22,0.0,24.382577896118164,0.0,24.382577896118164,24.183265464487086,24.224788293745657,0.0,500
2018-06-25,0.0,23.90920639038086,0.0,24.050384618169947,23.784634756929588,24.050384618169947,0.0,1300
2018-06-26,0.0,23.751419067382812,0.0,23.807890047051828,23.63515230407504,23.743114185432667,0.0,5900
2018-06-27,0.0,23.626850128173828,0.0,23.917513090261362,23.626850128173828,23.768029960042494,0.0,5700
2018-06-28,0.0,23.47736358642578,0.0,23.47736358642578,23.312099133424205,23.333692142638053,0.0,2900
2018-06-29,0.0,23.8427677154541,0.0,23.9009018845081,23.792940011687673,23.82615953686139,0.0,3300
2018-07-02,0.0,23.72235107421875,0.0,23.72235107421875,23.518885440992406,23.518885440992406,0.0,1900
2018-07-03,0.0,23.7962646484375,0.0,24.017170083518266,23.7962646484375,24.017170083518266,0.0,2300
2018-07-05,0.0,24.198209762573242,0.0,24.224784432422624,24.10021438050841,24.150042084475263,0.0,6700
2018-07-06,0.0,24.266307830810547,0.0,24.29122247538218,24.208175244137593,24.208175244137593,0.0,4000
2018-07-09,0.0,24.440710067749023,0.0,24.465623131275304,24.390882356702086,24.390882356702086,0.0,3500
2018-07-10,0.0,24.566936492919922,0.0,24.581884644637356,24.50714230205616,24.52375206351732,0.0,6300
2018-07-11,0.0,24.050386428833008,0.0,24.258003721557024,24.01716848567417,24.258003721557024,0.0,9200
2018-07-12,0.0,24.21647834777832,0.0,24.21647834777832,24.075298540225667,24.075298540225667,0.0,7000
2018-07-13,0.0,24.15835189819336,0.0,24.15835189819336,24.15835189819336,24.15835189819336,0.0,200
2018-07-16,0.0,24.419946670532227,0.0,24.419946670532227,24.34105108512048,24.34105108512048,0.0,4300
2018-07-17,0.0,24.55697250366211,0.0,24.55697250366211,24.388388001243072,24.388388001243072,0.0,4000
2018-07-18,0.0,24.590190887451172,0.0,24.648323471791244,24.56527624387937,24.56527624387937,0.0,10400
2018-07-19,0.0,24.449012756347656,0.0,24.482230699400045,24.386726935132362,24.482230699400045,0.0,1900
2018-07-20,0.0,24.390878677368164,0.0,24.390878677368164,24.25800216129663,24.25800216129663,0.0,4700
2018-07-23,0.0,24.390878677368164,0.0,24.390878677368164,24.307831448821258,24.307831448821258,0.0,1600
2018-07-24,0.0,24.532060623168945,0.0,24.689848628730367,24.532060623168945,24.62341115691654,0.0,2400
2018-07-25,0.0,24.374269485473633,0.0,24.44901183451619,24.282917373534026,24.44901183451619,0.0,1800
2018-07-26,0.0,24.74797821044922,0.0,24.814415674187565,24.741334939273607,24.814415674187565,0.0,4000
2018-07-27,0.0,24.75628662109375,0.0,24.91407621396728,24.73137355863614,24.91407621396728,0.0,3700
2018-07-30,0.0,24.839332580566406,0.0,24.87006048454332,24.839332580566406,24.87006048454332,0.0,1800
2018-07-31,0.0,24.84763526916504,0.0,24.872549912136005,24.806112448207518,24.85178691766316,0.0,8300
2018-08-01,0.0,24.58852767944336,0.0,24.731369092246858,24.58852767944336,24.731369092246858,0.0,700
2018-08-02,0.0,24.20817756652832,0.0,24.21648244884892,24.135096819699122,24.174959621240262,0.0,2700
2018-08-03,0.0,24.249698638916016,0.0,24.266306817275908,24.233088876562004,24.266306817275908,0.0,2000
2018-08-06,0.0,24.15253448486328,0.0,24.15253448486328,24.042082569249274,24.091910274820332,0.0,2100
2018-08-07,0.0,24.316137313842773,0.0,24.44901225129594,24.316137313842773,24.44901225129594,0.0,400
2018-08-08,0.0,24.282917022705078,0.0,24.31613654801924,24.266307260048,24.31613654801924,0.0,1500
2018-08-09,0.0,24.282917022705078,0.0,24.282917022705078,24.282917022705078,24.282917022705078,0.0,200
2018-08-10,0.0,23.419227600097656,0.0,23.64345303743084,23.419227600097656,23.64345303743084,0.0,4500
2018-08-13,0.0,23.356943130493164,0.0,23.502274587485267,23.356943130493164,23.40261918383185,0.0,5200
2018-08-14,0.0,23.419227600097656,0.0,23.419227600097656,23.26143803871994,23.294655976697676,0.0,5600
2018-08-15,0.0,22.954166412353516,0.0,22.954166412353516,22.8046817144332,22.92925335202958,0.0,2000
2018-08-16,0.0,23.128564834594727,0.0,23.128564834594727,22.979080142620543,22.979080142620543,0.0,5400
2018-08-17,0.0,23.302963256835938,0.0,23.302963256835938,23.0870410937669,23.0870410937669,0.0,1200
2018-08-20,0.0,23.43583869934082,0.0,23.43583869934082,23.410925638749568,23.410925638749568,0.0,900
2018-08-21,0.0,23.766368865966797,0.0,23.766368865966797,23.684151637766778,23.734810945970093,0.0,2500
2018-08-22,0.0,23.8344669342041,0.0,23.8344669342041,23.8344669342041,23.8344669342041,0.0,200
2018-08-23,0.0,23.751419067382812,0.0,23.81785653898971,23.751419067382812,23.81785653898971,0.0,700
2018-08-24,0.0,23.90256118774414,0.0,23.9424239831498,23.809549054460327,23.809549054460327,0.0,2800
2018-08-27,0.0,24.241395950317383,0.0,24.26630901210761,24.05869171588631,24.05869171588631,0.0,1900
2018-08-28,0.0,24.365964889526367,0.0,24.365964889526367,24.365964889526367,24.365964889526367,0.0,200
2018-08-29,0.0,24.39918327331543,0.0,24.39918327331543,24.274613215861688,24.274613215861688,0.0,4900
2018-08-30,0.0,24.22478675842285,0.0,24.22478675842285,24.13343463905044,24.216481876298605,0.0,900
2018-08-31,0.0,23.626850128173828,0.0,23.925817972605913,23.626850128173828,23.925817972605913,0.0,9000
2018-09-04,0.0,23.479856491088867,0.0,23.479856491088867,23.369402984069623,23.452450221589693,0.0,2700
2018-09-05,0.0,23.283863067626953,0.0,23.410924740548797,23.275558186417104,23.410924740548797,0.0,1200
2018-09-06,0.0,23.05382537841797,0.0,23.267255939291747,23.045520496267923,23.267255939291747,0.0,1300
2018-09-07,0.0,22.896034240722656,0.0,22.945861946266657,22.837901653588958,22.945861946266657,0.0,1700
2018-09-10,0.0,23.078739166259766,0.0,23.1244136403943,23.078739166259766,23.1244136403943,0.0,1600
2018-09-11,0.0,23.23653221130371,0.0,23.23653221130371,22.88773501826508,22.88773501826508,0.0,5000
2018-09-12,0.0,23.190853118896484,0.0,23.264765464885095,23.153481939373336,23.195006352173714,0.0,4100
2018-09-13,0.0,23.48567008972168,0.0,23.49397497199318,23.4399940292256,23.444145678364183,0.0,8200
2018-09-14,0.0,23.402620315551758,0.0,23.55210501225485,23.3444877299437,23.55210501225485,0.0,1900
2018-09-17,0.0,23.361095428466797,0.0,23.46905730008599,23.361095428466797,23.43583777528189,0.0,2600
2018-09-18,0.0,23.64345932006836,0.0,23.64345932006836,23.469061535357074,23.469061535357074,0.0,4400
2018-09-19,0.0,23.669200897216797,0.0,23.703250436650855,23.610238296924024,23.610238296924024,0.0,1600
2018-09-20,0.0,24.181598663330078,0.0,24.181598663330078,24.02547070460122,24.02547070460122,0.0,900
2018-09-21,0.0,24.181598663330078,0.0,24.181598663330078,24.181598663330078,24.181598663330078,0.0,0
2018-09-24,0.0,24.133432388305664,0.0,24.18326167640394,24.083604684201543,24.18326167640394,0.0,1900
2018-09-25,0.0,24.109350204467773,0.0,24.17910930951023,24.109350204467773,24.17910930951023,0.0,1700
2018-09-26,0.0,24.1508731842041,0.0,24.1508731842041,24.14007826358818,24.14007826358818,0.0,600
2018-09-27,0.0,24.00055503845215,0.0,24.075297379080755,23.983945277424905,23.983945277424905,0.0,1200
2018-09-28,0.0,23.66006851196289,0.0,23.66006851196289,23.43584143648829,23.43584143648829,0.0,8500
2018-10-01,0.0,23.672523498535156,0.0,23.79294191091081,23.672523498535156,23.79294191091081,0.0,2700
2018-10-02,0.0,23.560409545898438,0.0,23.560409545898438,23.38601020765407,23.38601020765407,0.0,2200
2018-10-03,0.0,23.70159339904785,0.0,23.70159339904785,23.635154337730025,23.66837386838894,0.0,1400
2018-10-04,0.0,23.40677833557129,0.0,23.57702449004771,23.261446831991876,23.50228212135127,0.0,3300
2018-10-05,0.0,23.05382537841797,0.0,23.05382537841797,23.03721561411788,23.03721561411788,0.0,500
2018-10-08,0.0,22.688413619995117,0.0,22.804678777182964,22.67180385925572,22.721633141473912,0.0,4700
2018-10-09,0.0,22.82959747314453,0.0,22.84620723683405,22.630285060853026,22.630285060853026,0.0,800
2018-10-10,0.0,22.3653621673584,0.0,22.547234778388024,22.313042844403935,22.547234778388024,0.0,2400
2018-10-11,0.0,22.144460678100586,0.0,22.298097027561393,22.03234715260404,22.298097027561393,0.0,1600
2018-10-12,0.0,21.99912452697754,0.0,22.107916401309534,21.99912452697754,22.107916401309534,0.0,500
2018-10-15,0.0,22.298093795776367,0.0,22.298093795776367,22.298093795776367,22.298093795776367,0.0,300
2018-10-16,0.0,22.63028335571289,0.0,22.63028335571289,22.514018186635056,22.514018186635056,0.0,1300
2018-10-17,0.0,22.51401710510254,0.0,22.51401710510254,22.51401710510254,22.51401710510254,0.0,400
2018-10-18,0.0,21.88286018371582,0.0,22.240792148047742,21.88286018371582,22.140305150396514,0.0,2300
2018-10-19,0.0,22.069717407226562,0.0,22.1070885808333,21.980025323375084,21.980025323375084,0.0,2100
2018-10-22,0.0,21.899471282958984,0.0,22.01573645230537,21.876216665095576,22.01573645230537,0.0,800
2018-10-23,0.0,21.68852996826172,0.0,21.68852996826172,21.418628466149254,21.426101750186547,0.0,1600
2018-10-24,0.0,20.962703704833984,0.0,21.392886452348584,20.962703704833984,21.37378506546114,0.0,1200
2018-10-25,0.0,21.383752822875977,0.0,21.383752822875977,21.069005223067805,21.07730852151623,0.0,2000
2018-10-26,0.0,21.2724666595459,0.0,21.2724666595459,20.89460326725158,21.00256514161805,0.0,3600
2018-10-29,0.0,21.186098098754883,0.0,21.459322840377762,21.186098098754883,21.459322840377762,0.0,700
2018-10-30,0.0,21.185266494750977,0.0,21.276618600747618,21.17696161384273,21.17696161384273,0.0,5700
2018-10-31,0.0,21.426101684570312,0.0,21.592196134587844,21.426101684570312,21.592196134587844,0.0,4700
2018-11-01,0.0,21.64202117919922,0.0,21.64202117919922,21.61710812355079,21.61710812355079,0.0,1500
2018-11-02,0.0,22.063905715942383,0.0,22.063905715942383,21.949300564208823,21.949300564208823,0.0,1100
2018-11-05,0.0,21.741683959960938,0.0,21.841339377155705,21.708464431566483,21.841339377155705,0.0,2200
2018-11-06,0.0,21.80811882019043,0.0,21.80811882019043,21.65863412831192,21.65863412831192,0.0,2200
2018-11-07,0.0,22.0281925201416,0.0,22.09047833612456,21.99082134735065,22.026532494325263,0.0,2400
2018-11-08,0.0,21.816421508789062,0.0,21.882858966947783,21.816421508789062,21.882858966947783,0.0,2600
2018-11-09,0.0,21.67524528503418,0.0,21.67524528503418,21.59219805264823,21.594689675539055,0.0,2100
2018-11-12,0.0,21.09142303466797,0.0,21.409493799927354,21.09142303466797,21.409493799927354,0.0,2400
2018-11-13,0.0,21.305686950683594,0.0,21.600503123440912,21.305686950683594,21.600503123440912,0.0,900
2018-11-14,0.0,21.475933074951172,0.0,21.58389336924853,21.301533726939475,21.58389336924853,0.0,800
2018-11-15,0.0,21.459320068359375,0.0,21.475929829277714,21.405339137371765,21.405339137371765,0.0,2500
2018-11-16,0.0,21.493370056152344,0.0,21.493370056152344,21.409492820938667,21.41364446925878,0.0,700
2018-11-19,0.0,21.43440818786621,0.0,21.43440818786621,21.43440818786621,21.43440818786621,0.0,2800
2018-11-20,0.0,21.052392959594727,0.0,21.052392959594727,20.853080556606137,20.853080556606137,0.0,2300
2018-11-21,0.0,21.197725296020508,0.0,21.197725296020508,21.052393824535212,21.052393824535212,0.0,7600
2018-11-23,0.0,21.010868072509766,0.0,21.010868072509766,20.99425989396894,20.99425989396894,0.0,1800
2018-11-26,0.0,21.334749221801758,0.0,21.343054101946535,21.318139461512203,21.318139461512203,0.0,3200
2018-11-27,0.0,21.17696189880371,0.0,21.17696189880371,21.17696189880371,21.17696189880371,0.0,300
2018-11-28,0.0,21.46015167236328,0.0,21.46015167236328,21.14374251458299,21.14374251458299,0.0,4000
2018-11-29,0.0,21.409494400024414,0.0,21.409494400024414,21.359665112543702,21.387901391983945,0.0,2100
2018-11-30,0.0,21.210180282592773,0.0,21.268312862613374,21.16035099915168,21.16035099915168,0.0,2300
2018-12-03,0.0,21.563961029052734,0.0,21.666939657023722,21.558977783442742,21.666939657023722,0.0,1200
2018-12-04,0.0,20.92782211303711,0.0,21.129626131218465,20.92782211303711,21.064848691904118,0.0,3700
2018-12-06,0.0,20.686986923217773,0.0,20.686986923217773,20.396322396564326,20.64546409826481,0.0,9600
2018-12-07,0.0,20.299991607666016,0.0,20.679515098953978,20.299991607666016,20.678685085851104,0.0,5700
2018-12-10,0.0,20.221923828125,0.0,20.255141769969715,20.08904889275779,20.180399420826387,0.0,2400
2018-12-11,0.0,20.26178741455078,0.0,20.41210213163858,20.26178741455078,20.41210213163858,0.0,1200
2018-12-12,0.0,20.645465850830078,0.0,20.657092369523404,20.462761603941363,20.462761603941363,0.0,13400
2018-12-13,0.0,20.421236038208008,0.0,20.701934059319836,20.421236038208008,20.595633795231702,0.0,23900
2018-12-14,0.0,20.390506744384766,0.0,20.429539525814256,20.390506744384766,20.421234644999597,0.0,2400
2018-12-17,0.0,19.914653778076172,0.0,20.35480308492239,19.914653778076172,20.213623238122246,0.0,13700
2018-12-18,0.0,20.319087982177734,0.0,20.388017073944887,20.296666544224706,20.296666544224706,0.0,4800
2018-12-19,0.0,20.12725067138672,0.0,20.57902641529976,20.12725067138672,20.404627067512074,0.0,5000
2018-12-20,0.0,20.01015281677246,0.0,20.172095625246897,20.01015281677246,20.04752399042131,0.0,4100
2018-12-21,0.0,19.931259155273438,0.0,20.11396179395888,19.931259155273438,20.030916148007236,0.0,6000
2018-12-24,0.0,19.546749114990234,0.0,19.79671919058456,19.546749114990234,19.64059124893935,0.0,4300
2018-12-26,0.0,19.632286071777344,0.0,19.632286071777344,19.44127858759193,19.55505369891555,0.0,6600
2018-12-27,0.0,19.723642349243164,0.0,19.723642349243164,19.549244587735494,19.707032586053614,0.0,2900
2018-12-28,0.0,19.9080867767334,0.438,20.212671783522683,19.9080867767334,20.212671783522683,0.0,6900
2018-12-31,0.0,19.984233856201172,0.0,20.305740707348534,19.89962628050283,20.305740707348534,0.0,5500
2019-01-02,0.0,19.925004959106445,0.0,19.94192679490415,19.815016253931546,19.901315034491695,0.0,3700
2019-01-03,0.0,19.671186447143555,0.0,19.874243661979563,19.637342771126573,19.874243661979563,0.0,7000
2019-01-04,0.0,20.464799880981445,0.0,20.464799880981445,19.95038800693484,19.95038800693484,0.0,2600
2019-01-07,0.0,20.4241886138916,0.0,20.458032286804418,20.34127387451241,20.458032286804418,0.0,3400
2019-01-08,0.0,20.601865768432617,0.0,20.669551504114626,20.498645142549197,20.584943931073308,0.0,3600
2019-01-09,0.0,20.92337417602539,0.0,20.92337417602539,20.78800269452605,20.846381908157884,0.0,3000
2019-01-10,0.0,20.788002014160156,0.0,20.862457456176703,20.644169618055148,20.830306609341218,0.0,11200
2019-01-11,0.0,20.635705947875977,0.0,20.66616557509654,20.635705947875977,20.65008934694442,0.0,700
2019-01-14,0.0,20.694931030273438,0.0,20.694931030273438,20.458031780764145,20.50033475710363,0.0,3400
2019-01-15,0.0,20.686473846435547,0.0,20.686473846435547,20.63570833311842,20.63570833311842,0.0,700
2019-01-16,0.0,20.694931030273438,0.0,20.694931030273438,20.694931030273438,20.694931030273438,0.0,100
2019-01-17,0.0,20.601865768432617,0.0,20.601865768432617,20.601865768432617,20.601865768432617,0.0,400
2019-01-18,0.0,21.134044647216797,0.0,21.134890254938977,20.971599208022436,21.134890254938977,0.0,2300
2019-01-22,0.0,20.868379592895508,0.0,20.897992002154716,20.568022620222404,20.897992002154716,0.0,5600
2019-01-23,0.0,20.868379592895508,0.0,21.067205538813717,20.804923508051335,21.04182439588027,0.0,7000
2019-01-24,0.0,20.889528274536133,0.0,20.9115253697045,20.830303463980847,20.830303463980847,0.0,1100
2019-01-25,0.0,21.28718376159668,0.0,21.346408577813524,21.2194980268124,21.2194980268124,0.0,4000
2019-01-28,0.0,21.29564666748047,0.0,21.29564666748047,21.29564666748047,21.29564666748047,0.0,600
2019-01-29,0.0,21.28718376159668,0.0,21.28718376159668,21.26180100589437,21.26180100589437,0.0,1200
2019-01-30,0.0,21.15011978149414,0.0,21.27026224495366,21.00798022043201,21.27026224495366,0.0,2900
2019-01-31,0.0,21.236419677734375,0.0,21.236419677734375,21.177194862036846,21.177194862036846,0.0,700
2019-02-01,0.0,21.187345504760742,0.0,21.23641818306564,21.151810617843253,21.23641818306564,0.0,6100
2019-02-04,0.0,21.202573776245117,0.0,21.202573776245117,21.016438430214436,21.05028048687682,0.0,4600
2019-02-05,0.0,21.49024200439453,0.0,21.49024200439453,21.346409609308306,21.346409609308306,0.0,1800
2019-02-06,0.0,21.49024200439453,0.0,21.49024200439453,21.49024200439453,21.49024200439453,0.0,100
2019-02-07,0.0,20.788002014160156,0.0,20.99105922976335,20.72877719466197,20.99105922976335,0.0,8000
2019-02-08,0.0,20.59255599975586,0.0,20.61032344205912,20.466491074661555,20.61032344205912,0.0,5200
2019-02-11,0.0,20.57648277282715,0.0,20.606095180983555,20.46649405878266,20.508797037933185,0.0,1100
2019-02-12,0.0,20.952983856201172,0.0,20.952983856201172,20.82438209516462,20.82438209516462,0.0,1100
2019-02-13,0.0,20.88106918334961,0.0,21.075665467555016,20.88106918334961,21.075665467555016,0.0,3300
2019-02-14,0.0,20.81254005432129,0.0,20.846382118159365,20.68647509866984,20.68647509866984,0.0,1100
2019-02-15,0.0,21.151811599731445,0.0,21.151811599731445,21.079048993437173,21.109508622034046,0.0,2500
2019-02-19,0.0,21.31256675720215,0.0,21.346408818097622,21.050283119924874,21.050283119924874,0.0,4400
2019-02-20,0.0,21.519853591918945,0.0,21.519853591918945,21.460628775102524,21.460628775102524,0.0,600
2019-02-21,0.0,21.39717674255371,0.0,21.39717674255371,21.388715822937087,21.388715822937087,0.0,700
2019-02-22,0.0,21.39717674255371,0.0,21.39717674255371,21.39717674255371,21.39717674255371,0.0,100
2019-02-25,0.0,21.39717674255371,0.0,21.39717674255371,21.39717674255371,21.39717674255371,0.0,200
2019-02-26,0.0,21.8218994140625,0.0,21.8218994140625,21.591768261077803,21.591768261077803,0.0,2100
2019-02-27,0.0,21.671302795410156,0.0,21.722912304891537,21.655226564727766,21.722912304891537,0.0,1500
2019-02-28,0.0,21.151811599731445,0.0,21.769444111142366,21.151811599731445,21.735602051735476,0.0,1400
2019-03-01,0.0,21.89043426513672,0.0,21.958120004163575,21.870975603591624,21.947967869499436,0.0,1300
2019-03-04,0.0,21.744062423706055,0.0,21.92173686207725,21.66960699012231,21.92173686207725,0.0,2800
2019-03-05,0.0,21.744062423706055,0.0,21.770290785621107,21.744062423706055,21.770290785621107,0.0,500
2019-03-06,0.0,21.71021842956543,0.0,21.811747831240424,21.70175751161292,21.811747831240424,0.0,700
2019-03-07,0.0,21.34725570678711,0.0,21.405633301265574,21.34640848530539,21.354869403836158,0.0,7400
2019-03-08,0.0,21.313413619995117,0.0,21.313413619995117,21.313413619995117,21.313413619995117,0.0,400
2019-03-11,0.0,21.43947410583496,0.0,21.44370375765663,21.431858796049973,21.43947410583496,0.0,2500
2019-03-12,0.0,21.53254508972168,0.0,21.62561196442569,21.524084171338554,21.62561196442569,0.0,2100
2019-03-13,0.0,21.701759338378906,0.0,21.701759338378906,21.574848785918665,21.574848785918665,0.0,3600
2019-03-14,0.0,21.71021842956543,0.0,21.752521405572875,21.667915453557985,21.752521405572875,0.0,2000
2019-03-15,0.0,21.919200897216797,0.0,21.92173933430196,21.879436352896704,21.92173933430196,0.0,1200
2019-03-18,0.0,21.93865966796875,0.0,21.964040809569326,21.83713026030088,21.964040809569326,0.0,2400
2019-03-19,0.0,22.124794006347656,0.0,22.20940157318701,22.099412865924428,22.14171584246655,0.0,1300
2019-03-20,0.0,21.866741180419922,0.0,21.88366301617258,21.854050610482968,21.88366301617258,0.0,600
2019-03-21,0.0,21.718685150146484,0.0,21.718685150146484,21.693302389507394,21.693302389507394,0.0,500
2019-03-22,0.0,21.253339767456055,0.0,21.4724715675218,21.253339767456055,21.431014199941792,0.0,2600
2019-03-25,0.0,21.184810638427734,0.0,21.321029341657667,21.184810638427734,21.321029341657667,0.0,1300
2019-03-26,0.0,21.184810638427734,0.0,21.184810638427734,21.184810638427734,21.184810638427734,0.0,100
2019-03-27,0.0,21.30410385131836,0.0,21.322716902386908,21.22795720421237,21.22795720421237,0.0,2400
2019-03-28,0.0,21.346410751342773,0.0,21.397176267916425,21.211039267990447,21.304107767953436,0.0,45300
2019-03-29,0.0,21.481779098510742,0.0,21.481779098510742,21.33033301998222,21.44793703949104,0.0,4700
2019-04-01,0.0,21.708532333374023,0.0,21.752526535093303,21.697532976066466,21.752526535093303,0.0,76600
2019-04-02,0.0,21.862512588500977,0.0,21.862512588500977,21.780443456251536,21.84559075192776,0.0,1600
2019-04-03,0.0,22.239015579223633,0.0,22.239015579223633,22.082492618252576,22.082492618252576,0.0,3500
2019-04-04,0.0,22.285552978515625,0.0,22.37185177913311,22.2314034141287,22.32193348155657,0.0,9900
2019-04-05,0.0,22.268625259399414,0.0,22.301621708533567,22.24324412026008,22.24324412026008,0.0,700
2019-04-08,0.0,22.285552978515625,0.0,22.42938538871507,22.27709205865031,22.42938538871507,0.0,1700
2019-04-09,0.0,22.1417179107666,0.0,22.243247323208905,22.1417179107666,22.243247323208905,0.0,1800
2019-04-10,0.0,22.252552032470703,0.0,22.26524260283134,22.252552032470703,22.26524260283134,0.0,400
2019-04-11,0.0,22.254243850708008,0.0,22.270320079771768,22.209402435631244,22.209402435631244,0.0,2900
2019-04-12,0.0,22.505531311035156,0.0,22.55460399913234,22.420923728929626,22.47168763269078,0.0,2400
2019-04-15,0.0,22.54698371887207,0.0,22.54698371887207,22.456453674381226,22.480143598499758,0.0,2600
2019-04-16,0.0,22.674739837646484,0.0,22.691661673069447,22.63243686284412,22.63243686284412,0.0,700
2019-04-17,0.0,22.7170467376709,0.0,22.800807088153633,22.7170467376709,22.759349716777603,0.0,600
2019-04-18,0.0,22.818574905395508,0.0,22.818574905395508,22.729737679568608,22.729737679568608,0.0,5000
2019-04-22,0.0,22.835493087768555,0.0,22.928561564931766,22.82364812622087,22.928561564931766,0.0,6900
2019-04-23,0.0,22.738201141357422,0.0,22.738201141357422,22.662900086041258,22.662900086041258,0.0,900
2019-04-24,0.0,22.75173568725586,0.0,22.822805465719192,22.708585487293753,22.742427547333595,0.0,5600
2019-04-25,0.0,22.700122833251953,0.0,22.73396650445938,22.615515268988446,22.615515268988446,0.0,22200
2019-04-26,0.0,22.81772804260254,0.0,22.8185736503005,22.730582037057893,22.767809754585198,0.0,11900
2019-04-29,0.0,22.81772804260254,0.0,22.843956405035726,22.732274866208968,22.810112732055426,0.0,24500
2019-04-30,0.0,22.950563430786133,0.0,22.964946831906676,22.793194853755715,22.793194853755715,0.0,5200
2019-05-01,0.0,22.843957901000977,0.0,23.03855419211565,22.843957901000977,23.03855419211565,0.0,1800
2019-05-02,0.0,22.801654815673828,0.0,22.929410977315108,22.751736524617584,22.848187448221815,0.0,5900
2019-05-03,0.0,23.021631240844727,0.0,23.021631240844727,22.84395679592336,22.84395679592336,0.0,2200
2019-05-06,0.0,22.776273727416992,0.0,22.783889038985414,22.488608923525526,22.488608923525526,0.0,5100
2019-05-07,0.0,22.36084747314453,0.0,22.497064531361072,22.294007355453843,22.497064531361072,0.0,2300
2019-05-08,0.0,22.56898307800293,0.0,22.64512973138134,22.564753425595335,22.564753425595335,0.0,1700
2019-05-09,0.0,22.442916870117188,0.0,22.442916870117188,22.26270399461202,22.26270399461202,0.0,3800
2019-05-10,0.0,22.539369583129883,0.0,22.539369583129883,22.41245903820337,22.41245903820337,0.0,900
2019-05-13,0.0,22.049495697021484,0.0,22.11633420969647,22.048648475544002,22.06557031252092,0.0,2500
2019-05-14,0.0,22.259319305419922,0.0,22.259319305419922,22.231398115144017,22.231398115144017,0.0,900
2019-05-15,0.0,22.42514991760254,0.0,22.42514991760254,22.42514991760254,22.42514991760254,0.0,200
2019-05-16,0.0,22.691665649414062,0.0,22.691665649414062,22.67474381102582,22.67474381102582,0.0,800
2019-05-17,0.0,22.481836318969727,0.0,22.508910287295144,22.481836318969727,22.505526242973847,0.0,800
2019-05-20,0.0,22.17555809020996,0.0,22.256781613269773,22.107872358911823,22.107872358911823,0.0,2000
2019-05-21,0.0,22.32362174987793,0.0,22.374385644942304,22.319390483932075,22.319390483932075,0.0,2000
2019-05-22,0.0,22.32362174987793,0.0,22.32362174987793,22.32362174987793,22.32362174987793,0.0,100
2019-05-23,0.0,22.0435733795166,0.0,22.045264594973762,21.92512213355181,21.99788474208993,0.0,6700
2019-05-24,0.0,22.0435733795166,0.0,22.0435733795166,22.0435733795166,22.0435733795166,0.0,100
2019-05-28,0.0,22.082494735717773,0.0,22.1383355132773,22.049498279377005,22.1383355132773,0.0,1600
2019-05-29,0.0,21.53169822692871,0.0,21.827823920250193,21.468243758631026,21.710219896149525,0.0,3800
2019-05-30,0.0,21.829513549804688,0.0,21.933579766262344,21.76098060393151,21.76098060393151,0.0,6800
2019-05-31,0.0,23.004711151123047,0.0,23.004711151123047,21.549465454739472,21.57484821005611,0.0,7000
2019-06-03,0.0,21.849824905395508,0.0,21.854054558220184,21.70176123644601,21.71022215585073,0.0,10700
2019-06-04,0.0,22.074033737182617,0.0,22.138335433991223,21.90481857571203,22.124797640121642,0.0,10400
2019-06-05,0.0,22.096027374267578,0.0,22.096027374267578,22.096027374267578,22.096027374267578,0.0,100
2019-06-06,0.0,22.273706436157227,0.0,22.273706436157227,22.273706436157227,22.273706436157227,0.0,400
2019-06-07,0.0,22.454769134521484,0.0,22.505533042187462,22.18656296565333,22.463228441002872,0.0,5300
2019-06-10,0.0,22.63243865966797,0.0,22.640899578051176,22.51398902981342,22.51398902981342,0.0,900
2019-06-11,0.0,22.748350143432617,0.0,22.748350143432617,22.67051227532036,22.717046520145278,0.0,3000
2019-06-12,0.0,22.584211349487305,0.0,22.657819558259135,22.301621862659836,22.657819558259135,0.0,600
2019-06-13,0.0,22.40399932861328,0.0,22.55713824397786,22.40399932861328,22.43784300308877,0.0,1200
2019-06-14,0.0,22.305007934570312,0.0,22.305007934570312,22.305007934570312,22.305007934570312,0.0,100
2019-06-17,0.0,22.36084747314453,0.0,22.36084747314453,22.36084747314453,22.36084747314453,0.0,300
2019-06-18,0.0,22.688278198242188,0.0,22.79911412516317,22.68151010940513,22.733966832280025,0.0,1400
2019-06-19,0.0,22.793193817138672,0.0,22.843957715766685,22.793193817138672,22.793193817138672,0.0,1300
2019-06-20,0.0,22.979328155517578,0.0,23.063935725266468,22.979328155517578,23.055474806916063,0.0,2800
2019-06-21,0.0,22.970867156982422,0.0,22.996249911945036,22.84311100197414,22.84311100197414,0.0,5000
2019-06-24,0.0,22.97425079345703,0.0,23.041090917375985,22.970866748939827,23.041090917375985,0.0,700
2019-06-25,0.0,22.8778018951416,0.0,22.940410758621844,22.8778018951416,22.940410758621844,0.0,700
2019-06-26,0.0,22.915874481201172,0.0,22.974253694320854,22.915874481201172,22.974253694320854,0.0,500
2019-06-27,0.0,22.964494705200195,0.691,23.171130839577543,22.964494705200195,23.171130839577543,0.0,2000
2019-06-28,0.0,23.007905960083008,0.0,23.334357280927193,23.007905960083008,23.334357280927193,0.0,9400
2019-07-01,0.0,23.311782836914062,0.0,23.52449649852411,23.311782836914062,23.485426405738078,0.0,3600
2019-07-02,0.0,23.346511840820312,0.0,23.346511840820312,23.337829413624327,23.337829413624327,0.0,800
2019-07-03,0.0,23.554882049560547,0.0,23.618262269411332,23.51147157525311,23.593952138838617,0.0,1700
2019-07-05,0.0,23.216278076171875,0.0,23.372558449190816,23.216278076171875,23.372558449190816,0.0,1400
2019-07-08,0.0,23.198911666870117,0.0,23.25968865141651,23.112090715239418,23.25968865141651,0.0,2500
2019-07-09,0.0,23.059995651245117,0.0,23.092120462486072,23.007902750208633,23.05131322507179,0.0,3300
2019-07-10,0.0,23.024398803710938,0.0,23.125113625156306,22.938445597549922,23.125113625156306,0.0,1700
2019-07-11,0.0,22.938446044921875,0.0,22.938446044921875,22.938446044921875,22.938446044921875,0.0,100
2019-07-12,0.0,22.873329162597656,0.0,22.873329162597656,22.873329162597656,22.873329162597656,0.0,200
2019-07-15,0.0,23.068679809570312,0.0,23.095594835927542,22.99488166556099,22.999222050971824,0.0,3700
2019-07-16,0.0,23.079967498779297,0.0,23.079967498779297,22.954942537702408,22.954942537702408,0.0,900
2019-07-17,0.0,23.079967498779297,0.0,23.079967498779297,23.079967498779297,23.079967498779297,0.0,100
2019-07-18,0.0,23.079967498779297,0.0,23.079967498779297,23.079967498779297,23.079967498779297,0.0,100
2019-07-19,0.0,22.808212280273438,0.0,22.808212280273438,22.582474164174393,22.686659967910266,0.0,5500
2019-07-22,0.0,22.75611686706543,0.0,22.799528996993217,22.69534154116996,22.75611686706543,0.0,4200
2019-07-23,0.0,23.024398803710938,0.0,23.059996255152775,22.981856073549938,22.981856073549938,0.0,3200
2019-07-24,0.0,23.02960968017578,0.0,23.140742424957065,23.027004786531993,23.051314919202564,0.0,1900
2019-07-25,0.0,22.764806747436523,0.0,23.094732418908862,22.71271383046867,23.06868513242295,0.0,8200
2019-07-26,0.0,22.686664581298828,0.0,22.849022508739992,22.686664581298828,22.75612234991498,0.0,8400
2019-07-29,0.0,22.92976951599121,0.0,22.92976951599121,22.851629312766388,22.868994170372787,0.0,3300
2019-07-30,0.0,22.42532730102539,0.0,22.42532730102539,22.265574291229996,22.330690008177044,0.0,2800
2019-07-31,0.0,21.939990997314453,0.0,22.471342937727457,21.939990997314453,22.417512884573892,0.0,3500
2019-08-01,0.0,22.163991928100586,0.0,22.30464459387683,22.052859182500093,22.052859182500093,0.0,1300
2019-08-02,0.0,22.163991928100586,0.0,22.30464459387683,22.052859182500093,22.052859182500093,0.0,100
2019-08-05,0.0,21.393007278442383,0.0,21.60572257336023,21.393007278442383,21.54928763291208,0.0,4900
2019-08-06,0.0,21.419057846069336,0.0,21.688206466772055,21.378250603599646,21.584020651792017,0.0,3200
2019-08-07,0.0,21.615276336669922,0.0,21.700361806373532,21.427740542546623,21.436422969904662,0.0,5500
2019-08-08,0.0,21.766347885131836,0.0,21.970380796994473,21.740302257917893,21.740302257917893,0.0,2900
2019-08-09,0.0,21.835803985595703,0.0,21.835803985595703,21.618748276681227,21.618748276681227,0.0,2500
2019-08-12,0.0,21.61180305480957,0.0,21.655213534306284,21.61180305480957,21.655213534306284,0.0,700
2019-08-13,0.0,21.714252471923828,0.0,21.75679520373999,21.45378463777946,21.45378463777946,0.0,1700
2019-08-14,0.0,20.96758270263672,0.0,21.271461048820623,20.96758270263672,21.271461048820623,0.0,3900
2019-08-15,0.0,20.906808853149414,0.0,20.91549128148757,20.878158330037003,20.91549128148757,0.0,2400
2019-08-16,0.0,21.15859031677246,0.0,21.15859031677246,21.020542547436037,21.020542547436037,0.0,1400
2019-08-19,0.0,21.514564514160156,0.0,21.545819929813227,21.435554917030576,21.497199658351207,0.0,2700
2019-08-20,0.0,21.311397552490234,0.0,21.33744483401354,21.311397552490234,21.33744483401354,0.0,1400
2019-08-21,0.0,21.630035400390625,0.0,21.630035400390625,21.592702454702906,21.592702454702906,0.0,700
2019-08-22,0.0,21.542343139648438,0.0,21.601381319619648,21.542343139648438,21.601381319619648,0.0,200
2019-08-23,0.0,21.406904220581055,0.0,21.479834627178676,21.36262433543088,21.36262433543088,0.0,2500
2019-08-26,0.0,21.307926177978516,0.0,21.38693411715221,21.271460975282963,21.375648451558654,0.0,5800
2019-08-27,0.0,21.5119571685791,0.0,21.57186475508995,21.419057022192764,21.531925260080314,0.0,2100
2019-08-28,0.0,21.432083129882812,0.0,21.432083129882812,21.236732634268353,21.236732634268353,0.0,1500
2019-08-29,0.0,21.58228302001953,0.0,21.58228302001953,21.52063994073894,21.52063994073894,0.0,400
2019-08-30,0.0,21.89657974243164,0.0,21.90352667782973,21.740301020035123,21.785446992102536,0.0,9800
2019-09-03,0.0,21.584888458251953,0.0,21.610066338141948,21.488515668323114,21.610066338141948,0.0,1700
2019-09-04,0.0,21.835803985595703,0.0,21.92262660036222,21.750718518646043,21.750718518646043,0.0,6200
2019-09-05,0.0,22.224767684936523,0.0,22.226504832746247,22.044177176885118,22.217822405704894,0.0,7800
2019-09-06,0.0,22.224767684936523,0.0,22.224767684936523,22.224767684936523,22.224767684936523,0.0,0
2019-09-09,0.0,22.230844497680664,0.0,22.230844497680664,22.22823960405233,22.22823960405233,0.0,1200
2019-09-10,0.0,22.230844497680664,0.0,22.230844497680664,22.230844497680664,22.230844497680664,0.0,0
2019-09-11,0.0,22.382781982421875,0.0,22.382781982421875,22.382781982421875,22.382781982421875,0.0,400
2019-09-12,0.0,22.674509048461914,0.0,22.674509048461914,22.521702954240542,22.521702954240542,0.0,2100
2019-09-13,0.0,22.816896438598633,0.0,22.816896438598633,22.764801876772747,22.764801876772747,0.0,1700
2019-09-16,0.0,22.606786727905273,0.0,22.68666240896372,22.53038368654454,22.625887074244538,0.0,9200
2019-09-17,0.0,22.563377380371094,0.0,22.586818113508322,22.563377380371094,22.586818113508322,0.0,400
2019-09-18,0.0,22.573795318603516,0.0,22.573795318603516,22.573795318603516,22.573795318603516,0.0,300
2019-09-19,0.0,22.608524322509766,0.0,22.7474398491854,22.608524322509766,22.738757421767712,0.0,2400
2019-09-20,0.0,22.608524322509766,0.0,22.608524322509766,22.608524322509766,22.608524322509766,0.0,100
2019-09-23,0.0,22.292490005493164,0.0,22.292490005493164,22.292490005493164,22.292490005493164,0.0,3200
2019-09-24,0.0,22.356735229492188,0.0,22.391464933468193,22.356735229492188,22.391464933468193,0.0,3700
2019-09-25,0.0,22.078908920288086,0.0,22.198724106098243,22.052861636762987,22.1396842591762,0.0,1900
2019-09-26,0.0,22.261232376098633,0.0,22.261232376098633,22.17441141967678,22.17441141967678,0.0,700
2019-09-27,0.0,22.248214721679688,0.0,22.414045304015687,22.248214721679688,22.414045304015687,0.0,600
2019-09-30,0.0,22.235185623168945,0.0,22.37410113359845,22.235185623168945,22.3480538543916,0.0,1100
2019-10-01,0.0,22.34545135498047,0.0,22.34545135498047,22.286413167524458,22.286413167524458,0.0,1000
2019-10-02,0.0,21.610065460205078,0.0,21.83580359212892,21.557972554685303,21.83580359212892,0.0,6400
2019-10-03,0.0,21.879215240478516,0.0,21.879215240478516,21.42773898666464,21.42773898666464,0.0,1200
2019-10-04,0.0,21.64913558959961,0.0,21.73161781748129,21.64913558959961,21.73161781748129,0.0,1600
2019-10-07,0.0,21.801074981689453,0.0,21.801074981689453,21.801074981689453,21.801074981689453,0.0,700
2019-10-08,0.0,21.670841217041016,0.0,21.766346259033956,21.636113164682264,21.766346259033956,0.0,2300
2019-10-09,0.0,21.88616371154785,0.0,21.88616371154785,21.88616371154785,21.88616371154785,0.0,100
2019-10-10,0.0,22.058937072753906,0.0,22.058937072753906,21.931308873226847,21.931308873226847,0.0,500
2019-10-11,0.0,22.660615921020508,0.0,22.843811320134876,22.625886213357443,22.625886213357443,0.0,4800
2019-10-14,0.0,22.784772872924805,0.0,22.784772872924805,22.784772872924805,22.784772872924805,0.0,800
2019-10-15,0.0,22.99053955078125,0.0,23.08778008130811,22.747438224464094,22.747438224464094,0.0,3000
2019-10-16,0.0,23.0947265625,0.0,23.0947265625,22.990539098980395,23.007903952234255,0.0,1100
2019-10-17,0.0,23.351722717285156,0.0,23.351722717285156,23.30310244752329,23.30310244752329,0.0,500
2019-10-18,0.0,23.311782836914062,0.0,23.311782836914062,23.142479653509124,23.22496022450026,0.0,1400
2019-10-21,0.0,23.53752326965332,0.0,23.577461112229887,23.511475986579686,23.511475986579686,0.0,3900
2019-10-22,0.0,23.285736083984375,0.0,23.468063739784803,23.285736083984375,23.45069888570788,0.0,900
2019-10-23,0.0,23.561830520629883,0.0,23.561830520629883,23.561830520629883,23.561830520629883,0.0,300
2019-10-24,0.0,23.554882049560547,0.0,23.61565903199578,23.552278812144994,23.563564475622723,0.0,800
2019-10-25,0.0,23.554882049560547,0.0,23.554882049560547,23.554882049560547,23.554882049560547,0.0,300
2019-10-28,0.0,23.74502944946289,0.0,23.841400590580356,23.66775700016616,23.66775700016616,0.0,3400
2019-10-29,0.0,23.667755126953125,0.0,23.667755126953125,23.528839603214887,23.528839603214887,0.0,1800
2019-10-30,0.0,23.745895385742188,0.0,23.745895385742188,23.667755196409654,23.667755196409654,0.0,1400
2019-10-31,0.0,23.745895385742188,0.0,23.745895385742188,23.745895385742188,23.745895385742188,0.0,100
2019-11-01,0.0,23.9976806640625,0.0,23.9976806640625,23.824037075942744,23.85008270335863,0.0,3500
2019-11-04,0.0,24.06366539001465,0.0,24.33281402352236,24.06366539001465,24.240783271111667,0.0,6600
2019-11-05,0.0,24.091447830200195,0.0,24.093184978109964,23.894361858622247,24.084502550568576,0.0,6500
2019-11-06,0.0,24.14354133605957,0.0,24.14354133605957,24.056718720459088,24.056718720459088,0.0,400
2019-11-07,0.0,24.2755126953125,0.0,24.325002370177724,24.223419782405177,24.25814949501262,0.0,7300
2019-11-08,0.0,24.14527702331543,0.0,24.153959450546115,23.962951019482006,24.110548970396348,0.0,6500
2019-11-11,0.0,23.928218841552734,0.0,23.962948546891937,23.91085564488663,23.962948546891937,0.0,1400
2019-11-12,0.0,24.09318733215332,0.0,24.132257431905078,24.09318733215332,24.127917045712167,0.0,1600
2019-11-13,0.0,24.075820922851562,0.0,24.075820922851562,24.075820922851562,24.075820922851562,0.0,1800
2019-11-14,0.0,24.010704040527344,0.0,24.083634443577225,23.90217618189253,23.98031637258989,0.0,3100
2019-11-15,0.0,24.190425872802734,0.0,24.190425872802734,24.127915043191187,24.127915043191187,0.0,1100
2019-11-18,0.0,24.14093780517578,0.0,24.14093780517578,24.049774798850358,24.075820425798337,0.0,2900
2019-11-19,0.0,24.188688278198242,0.0,24.21126126337269,24.188688278198242,24.21126126337269,0.0,3100
2019-11-20,0.0,24.032407760620117,0.0,24.13746297284476,23.945585148004444,23.9629500017283,0.0,2200
2019-11-21,0.0,24.03675079345703,0.0,24.03675079345703,23.962952641007917,23.962952641007917,0.0,200
2019-11-22,0.0,24.010704040527344,0.0,24.101867044339695,23.996811825468633,24.101867044339695,0.0,1300
2019-11-25,0.0,24.041091918945312,0.0,24.152224672376835,23.988997354021848,23.988997354021848,0.0,3800
2019-11-26,0.0,24.09318733215332,0.0,24.127917045712167,24.008101852339596,24.101869760543032,0.0,2200
2019-11-27,0.0,24.119232177734375,0.0,24.156565125630518,24.06366497286146,24.06366497286146,0.0,1400
2019-11-29,0.0,24.049768447875977,0.0,24.101861344019184,24.049768447875977,24.101861344019184,0.0,100
2019-12-02,0.0,23.72418975830078,0.0,23.893492947089527,23.641707528683135,23.893492947089527,0.0,1700
2019-12-03,0.0,23.841400146484375,0.0,23.841400146484375,23.797989663690384,23.797989663690384,0.0,500
2019-12-04,0.0,24.041091918945312,0.0,24.135727563349956,24.041091918945312,24.049774346432557,0.0,2100
2019-12-05,0.0,23.971633911132812,0.0,24.014176646184826,23.971633911132812,24.010704006426003,0.0,900
2019-12-06,0.0,24.041091918945312,0.0,24.041091918945312,23.893493963669595,24.01504463648358,0.0,1200
2019-12-09,0.0,23.917804718017578,0.0,24.03241011421304,23.917804718017578,24.03241011421304,0.0,1700
2019-12-10,0.0,23.90651512145996,0.0,23.90651512145996,23.667754178107074,23.858762601588666,0.0,3000
2019-12-11,0.0,24.10186767578125,0.0,24.10186767578125,23.962952145569556,24.00636262775931,0.0,5800
2019-12-12,0.0,24.33628273010254,0.0,24.366670391938644,24.223412852422694,24.223412852422694,0.0,1100
2019-12-13,0.0,24.501251220703125,0.0,24.560291070605228,24.39706539335148,24.39706539335148,0.0,6200
2019-12-16,0.0,24.640165328979492,0.0,24.744352806279167,24.608909913791475,24.657530184530067,0.0,4200
2019-12-17,0.0,24.47953987121582,0.0,24.583727328580203,24.388376881024143,24.49256268238507,0.0,4700
2019-12-18,0.0,24.301555633544922,0.0,24.31892048674302,24.281585886766756,24.292873206945874,0.0,800
2019-12-19,0.0,24.166982650756836,0.0,24.166982650756836,24.147014558209495,24.147014558209495,0.0,200
2019-12-20,0.0,24.27116584777832,0.0,24.31023593605855,24.22341333365766,24.31023593605855,0.0,2600
2019-12-23,0.0,24.301555633544922,0.0,24.301555633544922,24.24425294279404,24.24425294279404,0.0,4600
2019-12-24,0.0,24.301555633544922,0.0,24.301555633544922,24.301555633544922,24.301555633544922,0.0,0
2019-12-26,0.0,24.357994079589844,0.0,24.475204371519172,24.292876698738954,24.292876698738954,0.0,175900
2019-12-27,0.0,24.43178939819336,0.0,24.57070491562417,24.43178939819336,24.535976864268264,0.0,2900
2019-12-30,0.0,24.05233383178711,0.003,24.347561158417502,24.05233383178711,24.347561158417502,0.0,4400
2019-12-31,0.0,24.402271270751953,0.0,24.402271270751953,24.113122047678157,24.191270575870014,0.0,6300
2020-01-02,0.0,24.746986389160156,0.0,24.888521877745998,24.664497030754433,24.77998246375845,0.0,1500
2020-01-03,0.0,24.304147720336914,0.0,24.409214134927623,24.28678101494436,24.295464367640637,0.0,2700
2020-01-06,0.0,24.317174911499023,0.0,24.317174911499023,24.139170299787132,24.139170299787132,0.0,600
2020-01-07,0.0,24.273754119873047,0.0,24.37013717107003,24.273754119873047,24.347561781509476,0.0,600
2020-01-08,0.0,24.53859519958496,0.0,24.53859519958496,24.447422473392066,24.447422473392066,0.0,1700
2020-01-09,0.0,24.703575134277344,0.0,24.75567359737668,24.625426611538195,24.686208427850804,0.0,5700
2020-01-10,0.0,24.746986389160156,0.0,24.761747921705187,24.746986389160156,24.761747921705187,0.0,800
2020-01-13,0.0,24.703575134277344,0.0,24.773040303803224,24.508203827429472,24.521228029159236,0.0,2500
2020-01-14,0.0,24.625423431396484,0.0,24.72962034413911,24.609792403923027,24.609792403923027,0.0,400
2020-01-15,0.0,24.64279556274414,0.0,24.74699416161776,24.587224080798574,24.70357904485907,0.0,18800
2020-01-16,0.0,24.71225357055664,0.0,24.738303626759176,24.64278841019661,24.738303626759176,0.0,7600
2020-01-17,0.0,24.5906925201416,0.0,24.80777137594254,24.5906925201416,24.799088022968874,0.0,5400
2020-01-21,0.0,24.729623794555664,0.0,24.755673854466004,24.729623794555664,24.729623794555664,0.0,3600
2020-01-22,0.0,24.716604232788086,0.0,24.716604232788086,24.660163253810047,24.660163253810047,0.0,8200
2020-01-23,0.0,24.551618576049805,0.0,24.555961080682685,24.343223070538613,24.486495912178952,0.0,1900
2020-01-24,0.0,24.58201026916504,0.0,24.877237658783606,24.512545098441866,24.799089134697496,0.0,4900
2020-01-27,0.0,24.057546615600586,0.0,24.1782424066466,23.87867418132397,23.99155445782547,0.0,7300
2020-01-28,0.0,24.208635330200195,0.0,24.208635330200195,23.982874758395056,23.991556455927242,0.0,1800
2020-01-29,0.0,24.18692398071289,0.0,24.260731647604047,24.071438541190386,24.260731647604047,0.0,3800
2020-01-30,0.0,24.05668067932129,0.0,24.05668067932129,23.88301691816249,23.93077453529018,0.0,2200
2020-01-31,0.0,23.53135108947754,0.0,23.774478376839685,23.53135108947754,23.774478376839685,0.0,16900
2020-02-03,0.0,23.77881622314453,0.0,23.791840423507082,23.64422674673775,23.64422674673775,0.0,2100
2020-02-04,0.0,24.15653419494629,0.0,24.250312086027524,24.095752381854766,24.1912676059587,0.0,1100
2020-02-05,0.0,24.460445404052734,0.0,24.460445404052734,24.417030295602203,24.417030295602203,0.0,200
2020-02-06,0.0,24.52296257019043,0.0,24.651472208282573,24.52296257019043,24.651472208282573,0.0,1300
2020-02-07,0.0,24.269418716430664,0.0,24.347567243374336,24.221661099278382,24.347567243374336,0.0,700
2020-02-10,0.0,24.291126251220703,0.0,24.327595342938356,24.156536753562435,24.156536753562435,0.0,12700
2020-02-11,0.0,24.53425407409668,0.0,24.53425407409668,24.451764696643778,24.451764696643778,0.0,2700
2020-02-12,0.0,24.70791244506836,0.0,24.79908515648299,24.529907870134057,24.625423085623698,0.0,4900
2020-02-13,0.0,24.551618576049805,0.0,24.712256467680888,24.551618576049805,24.712256467680888,0.0,800
2020-02-14,0.0,24.54293441772461,0.0,24.66015719626244,24.54293441772461,24.66015719626244,0.0,2600
2020-02-18,0.0,24.364931106567383,0.0,24.486496395986006,24.364931106567383,24.40834787285271,0.0,2500
2020-02-19,0.0,24.521224975585938,0.0,24.52817099481947,24.417028062362668,24.417028062362668,0.0,1300
2020-02-20,0.0,24.260732650756836,0.0,24.573325067407907,24.260732650756836,24.573325067407907,0.0,1800
2020-02-21,0.0,24.243366241455078,0.0,24.2624686239418,24.173033236681043,24.2624686239418,0.0,900
2020-02-24,0.0,23.283876419067383,0.0,23.330764533444015,22.76201904293327,23.270850562701582,0.0,4900
2020-02-25,0.0,22.70644760131836,0.0,23.270852285614264,22.683872208913023,23.270852285614264,0.0,16900
2020-02-26,0.0,22.72381591796875,0.0,22.979101209396358,22.66303410005273,22.80196444276944,0.0,3300
2020-02-27,0.0,21.890228271484375,0.0,22.57880333570934,21.890228271484375,22.246239073918307,0.0,10700
2020-02-28,0.0,21.664474487304688,0.0,21.703548754839183,21.250286920202935,21.28241516654302,0.0,6400
2020-03-02,0.0,22.020483016967773,0.0,22.07258148656608,21.625399505471286,21.786037419504673,0.0,3600
2020-03-03,0.0,21.786901473999023,0.0,22.35912167015966,21.707885116659863,22.333071611794796,0.0,4900
2020-03-04,0.0,22.333072662353516,0.0,22.333072662353516,22.107310447778662,22.202825676762714,0.0,1100
2020-03-05,0.0,21.837263107299805,0.0,22.03784308074793,21.716567325407265,21.94232951746887,0.0,5100
2020-03-06,0.0,21.54724884033203,0.0,21.620187021786656,21.33451082157572,21.53422298208633,0.0,4100
2020-03-09,0.0,19.702075958251953,0.0,20.388044230606916,19.702075958251953,19.953886551133103,0.0,23200
2020-03-10,0.0,20.2274112701416,0.0,20.466197720664287,19.58051544174837,20.414099250192915,0.0,12400
2020-03-11,0.0,19.250553131103516,0.0,19.77762090135118,19.06386518133602,19.762859366812425,0.0,27000
2020-03-12,0.0,17.071081161499023,0.0,18.712196788471886,16.723755321951888,17.704951025695074,0.0,31900
2020-03-13,0.0,17.626802444458008,0.0,18.008861694742624,16.74720015215757,18.008861694742624,0.0,21500
2020-03-16,0.0,15.881490707397461,0.0,16.61087417695607,15.516798144527998,15.594945012975442,0.0,81800
2020-03-17,0.0,16.319120407104492,0.0,16.5761413584931,15.603627367693212,15.846756279438237,0.0,26100
2020-03-18,0.0,15.095664978027344,0.0,15.586263693141015,14.761363315953805,15.343134759947434,0.0,80800
2020-03-19,0.0,15.291034698486328,0.0,15.464696784488705,14.839510293755808,14.987123977756932,0.0,14800
2020-03-20,0.0,15.312742233276367,0.0,16.046468147920898,15.299718032291848,15.699142320165505,0.0,12300
2020-03-23,0.0,15.63401985168457,0.0,15.950956466682175,15.325768246610606,15.707827530412079,0.0,13000
2020-03-24,0.0,17.14314842224121,0.0,17.348938717490817,16.665575685652342,16.73243567003319,0.0,19200
2020-03-25,0.0,17.71363067626953,0.0,17.943735342520338,17.140542746756392,17.348938206926633,0.0,14700
2020-03-26,0.0,18.250253677368164,0.0,18.251991010474708,17.661536244209262,17.731001413406357,0.0,22500
2020-03-27,0.0,17.800464630126953,0.0,17.938527114914372,17.367174794589364,17.583385793174184,0.0,11200
2020-03-30,0.0,17.90900421142578,0.0,18.026226983187637,17.46182233321509,17.513920790826987,0.0,19000
2020-03-31,0.0,17.88295555114746,0.0,18.034911743971414,17.661535846869437,18.008861685040962,0.0,18400
2020-04-01,0.0,17.019851684570312,0.0,17.483532498286365,16.95820202707213,17.166597544838595,0.0,7600
2020-04-02,0.0,17.16398811340332,0.0,17.451399924530737,16.93214776408316,17.451399924530737,0.0,2300
2020-04-03,0.0,17.016374588012695,0.0,17.14054336787672,16.845316041225775,17.14054336787672,0.0,169000
2020-04-06,0.0,18.185129165649414,0.0,18.23462245190509,17.85951090757968,17.887296641200063,0.0,15200
2020-04-07,0.0,18.48643684387207,0.0,18.99005974185056,18.47775349057482,18.99005974185056,0.0,72100
2020-04-08,0.0,18.690492630004883,0.0,18.729566897564805,18.28672575061255,18.642735007856032,0.0,21100
2020-04-09,0.0,19.287887573242188,0.0,19.379061940254488,18.812052144059482,19.111620332299804,0.0,10500
2020-04-13,0.0,18.8710994720459,0.0,19.4936824834025,18.73824731440659,19.4936824834025,0.0,15000
2020-04-14,0.0,19.47892189025879,0.0,19.632613771838578,19.28007756342086,19.45026665760441,0.0,13700
2020-04-15,0.0,18.63404655456543,0.0,18.799026934251636,18.469067831059313,18.686146667843236,0.0,17000
2020-04-16,0.0,18.485567092895508,0.0,18.712197145416336,18.333612552751354,18.712197145416336,0.0,5300
2020-04-17,0.0,19.244476318359375,0.0,19.250554500297042,18.931014373133728,19.172405973618375,0.0,22500
2020-04-20,0.0,19.003082275390625,0.0,19.337383895174504,18.92927460693385,18.92927460693385,0.0,19400
2020-04-21,0.0,18.507274627685547,0.0,18.833762413296075,18.33361253287766,18.63404860280561,0.0,18800
2020-04-22,0.0,18.6939640045166,0.0,18.778190714859154,18.57326820180062,18.720881904532284,0.0,4900
2020-04-23,0.0,18.50901222229004,0.0,18.97877120134941,18.443020062229397,18.547218645530485,0.0,19200
2020-04-24,0.0,18.6027889251709,0.0,18.668781080995902,18.435205020350722,18.50727370129047,0.0,2400
2020-04-27,0.0,19.161985397338867,0.0,19.161985397338867,18.929275513095245,18.972692277848264,0.0,27500
2020-04-28,0.0,19.260974884033203,0.0,19.65866356581239,19.20366607085499,19.606565096426873,0.0,36800
2020-04-29,0.0,19.927839279174805,0.0,20.12755142556265,19.640425766128956,19.78022559354461,0.0,24200
2020-04-30,0.0,19.7368106842041,0.0,19.771544098760092,19.363434758628987,19.69339557218947,0.0,10800
2020-05-01,0.0,19.18977165222168,0.0,19.476315682622673,19.12204215984675,19.31133528445838,0.0,28800
2020-05-04,0.0,19.181087493896484,0.0,19.181087493896484,18.745192456890027,19.007423749836335,0.0,9500
2020-05-05,0.0,19.16372299194336,0.0,19.346070109793132,19.1029411713869,19.224504812499816,0.0,24200
2020-05-06,0.0,18.891069412231445,0.0,19.250551586839574,18.79902720240515,19.250551586839574,0.0,7300
2020-05-07,0.0,19.142009735107422,0.0,19.19845069003652,19.102935482645723,19.18108398756912,0.0,4400
2020-05-08,0.0,19.59614372253418,0.0,19.63261281236264,19.337385427501527,19.337385427501527,0.0,3600
2020-05-11,0.0,19.410322189331055,0.0,19.563146213768437,19.17240362817633,19.363432416587937,0.0,23800
2020-05-12,0.0,19.186296463012695,0.0,19.49368017491037,19.103805445209705,19.450263413914037,0.0,1800
2020-05-13,0.0,18.693096160888672,0.0,19.15069880485004,18.564584842907554,19.11162454072054,0.0,8500
2020-05-14,0.0,18.57500457763672,0.0,18.57500457763672,18.005389514022884,18.29540656100455,0.0,5300
2020-05-15,0.0,18.59063148498535,0.0,18.74258600855063,18.59063148498535,18.70351340778821,0.0,2000
2020-05-18,0.0,20.066774368286133,0.0,20.066774368286133,19.54144216315112,19.545784668681993,0.0,9600
2020-05-19,0.0,19.88442611694336,0.0,19.97125800472173,19.814960937956766,19.945207941534065,0.0,5200
2020-05-20,0.0,20.253456115722656,0.0,20.304686734405827,20.02335142274157,20.10149993640608,0.0,5200
2020-05-21,0.0,19.96170425415039,0.0,20.32726464962321,19.96170425415039,20.275166186103498,0.0,4100
2020-05-22,0.0,20.012935638427734,0.0,20.084136488163757,19.891372000209874,19.958232001229696,0.0,1000
2020-05-26,0.0,20.7336368560791,0.0,21.03059992303593,20.631175604919903,20.90903628816241,0.0,6900
2020-05-27,0.0,21.234657287597656,0.0,21.35188008878336,20.999343846632577,21.160851258803245,0.0,18200
2020-05-28,0.0,21.404844284057617,0.0,21.673153783068795,21.343194626385372,21.456074911093282,0.0,8000
2020-05-29,0.0,21.384004592895508,0.0,21.384004592895508,21.014969544956774,21.117430791218503,0.0,3000
2020-06-01,0.0,21.964038848876953,0.0,21.97706305033788,21.564612890212754,21.586322100887955,0.0,5500
2020-06-02,0.0,22.242765426635742,0.0,22.359120359763374,21.98574449265035,22.159408225877836,0.0,27300
2020-06-03,0.0,23.201385498046875,0.0,23.378522239738796,22.80282907137512,22.862743042367097,0.0,40900
2020-06-04,0.0,23.201385498046875,0.0,23.348131335058824,23.010356717747015,23.114555288206997,0.0,38300
2020-06-05,0.0,23.722375869750977,0.0,24.113118452451182,23.609495599293222,23.731059222275444,0.0,30200
2020-06-08,0.0,24.000240325927734,0.0,24.13917067595663,23.67896451255356,23.922091797013927,0.0,25700
2020-06-09,0.0,23.583444595336914,0.0,23.800523431196922,23.375049111652917,23.548712842812957,0.0,42300
2020-06-10,0.0,23.5096435546875,0.0,23.774478399216182,23.34032063574037,23.54003446563637,0.0,37300
2020-06-11,0.0,21.985746383666992,0.0,22.836695106076416,21.8815494597125,22.671716367118428,0.0,72200
2020-06-12,0.0,22.202821731567383,0.0,22.67171278379386,21.80339749257148,22.61093097839709,0.0,36100
2020-06-15,0.0,22.507606506347656,0.0,22.52844622487075,21.753908597667305,21.95101725699394,0.0,8900
2020-06-16,0.0,22.932212829589844,0.0,23.131057163850507,22.67171883516594,22.992994651210058,0.0,8400
2020-06-17,0.0,22.771574020385742,0.0,23.11455903587529,22.70644969626684,23.053775560480144,0.0,3200
2020-06-18,0.0,22.664770126342773,0.0,22.82801485492215,22.567519216178308,22.57620256975447,0.0,3800
2020-06-19,0.0,22.458980560302734,0.0,23.112822367277676,22.35912447498136,22.871430760494786,0.0,20600
2020-06-22,0.0,22.784595489501953,0.0,22.88011071177026,22.61440641611641,22.61440641611641,0.0,6600
2020-06-23,0.0,23.170997619628906,0.0,23.4271507469438,23.06245818697311,23.305587112347006,0.0,5600
2020-06-24,0.0,22.550151824951172,0.0,22.862745919488876,22.194142620030032,22.81933080910544,0.0,8700
2020-06-25,0.0,22.949575424194336,0.0,22.949575424194336,22.176775277225595,22.29833889867772,0.0,5700
2020-06-26,0.0,22.32004737854004,0.0,22.689080762519414,22.28791913888769,22.689080762519414,0.0,5400
2020-06-29,0.0,22.682798385620117,0.293,22.682798385620117,22.48517444994576,22.48517444994576,0.0,1000
2020-06-30,0.0,22.91028594970703,0.0,22.91204331439242,22.70475804532426,22.70475804532426,0.0,1800
2020-07-01,0.0,22.788196563720703,0.0,22.915554396529128,22.748671776824157,22.81015440637967,0.0,14400
2020-07-02,0.0,23.262493133544922,0.0,23.45484664248303,23.262493133544922,23.381067489785007,0.0,8000
2020-07-06,0.0,23.697263717651367,0.0,23.81144717380304,23.49524889556877,23.81144717380304,0.0,9400
2020-07-07,0.0,23.325733184814453,0.0,23.53916670686533,23.319584921632348,23.50403449237161,0.0,8800
2020-07-08,0.0,23.385459899902344,0.0,23.463631631186704,23.275669008353507,23.328368167219654,0.0,19700
2020-07-09,0.0,23.372283935546875,0.0,23.7236144294952,23.187834379176543,23.7236144294952,0.0,4600
2020-07-10,0.0,23.596254348754883,0.0,23.662129543013123,23.512813887933454,23.512813887933454,0.0,4100
2020-07-13,0.0,23.524234771728516,0.0,24.092511823729286,23.524234771728516,23.890496999480977,0.0,15000
2020-07-14,0.0,23.925628662109375,0.0,23.925628662109375,23.467142504496923,23.495248608262166,0.0,8400
2020-07-15,0.0,24.294527053833008,0.0,24.582619235859614,24.092512226209916,24.320877469500527,0.0,6500
2020-07-16,0.0,24.233041763305664,0.0,24.4350565687326,24.153992200264554,24.25939217607796,0.0,307000
2020-07-17,0.0,24.435060501098633,0.0,24.443843973436266,24.303311766586216,24.347227452998336,0.0,24300
2020-07-20,0.0,24.69856071472168,0.0,24.716125984881383,24.31648719023496,24.52289461091564,0.0,24800
2020-07-21,0.0,24.878618240356445,0.0,25.09380746300357,24.847876922835425,24.9708421929195,0.0,45500
2020-07-22,0.0,25.0648193359375,0.0,25.11927585369886,24.993673719857718,25.085019812500793,0.0,21000
2020-07-23,0.0,24.768823623657227,0.0,25.12015411063817,24.698557526261038,25.058671484825993,0.0,147700
2020-07-24,0.0,24.588768005371094,0.0,24.628292792048903,24.459652808743044,24.536067172950013,0.0,18900
2020-07-27,0.0,24.83030891418457,0.0,25.09380638887907,24.742475864194375,24.742475864194375,0.0,27200
2020-07-28,0.0,24.720516204833984,0.0,24.979622761872253,24.54924269133471,24.83909056232024,0.0,108500
2020-07-29,0.0,24.935705184936523,0.0,25.018267809571192,24.777606043000702,24.962055600351142,0.0,20000
2020-07-30,0.0,24.347225189208984,0.0,24.38148123072347,23.83867508777019,24.127643427012842,0.0,45200
2020-07-31,0.0,23.811447143554688,0.0,24.294526356664775,23.67091494791263,24.26817594175342,0.0,71100
2020-08-03,0.0,24.417491912841797,0.0,24.492150585048268,24.197910145009494,24.364792757639307,0.0,10000
2020-08-04,0.0,24.483366012573242,0.0,24.483366012573242,24.298918140019005,24.298918140019005,0.0,11100
2020-08-05,0.0,24.654638290405273,0.0,24.79517047449336,24.593155669276207,24.63707134857532,0.0,7900
2020-08-06,0.0,24.703826904296875,0.0,24.73369037339533,24.584374703179,24.597549073255873,0.0,4800
2020-08-07,0.0,24.601940155029297,0.0,24.619507097583895,24.426274080035014,24.531674060086754,0.0,3200
2020-08-10,0.0,24.620386123657227,0.0,24.62829175076894,24.505324822261443,24.601941335672493,0.0,4900
2020-08-11,0.0,24.786388397216797,0.0,25.093803195422595,24.76003965826616,25.05867098506312,0.0,10800
2020-08-12,0.0,25.379261016845703,0.0,25.445134541741,25.225552774871478,25.26068666170305,0.0,12200
2020-08-13,0.0,25.229944229125977,0.0,25.51539950822758,25.16406903187707,25.436349941639236,0.0,12500
2020-08-14,0.0,24.9971866607666,0.0,25.170217529272218,24.80395531578869,25.00597013216685,0.0,15800
2020-08-17,0.0,25.273860931396484,0.0,25.46270138417745,25.190420463416306,25.190420463416306,0.0,9800
2020-08-18,0.0,25.392436981201172,0.0,25.612018761858586,25.225554358824247,25.559319603578096,0.0,24000
2020-08-19,0.0,25.34412956237793,0.0,25.54175350658234,25.28703950371139,25.54175350658234,0.0,11900
2020-08-20,0.0,25.164072036743164,0.0,25.172855509110253,24.812741518439935,24.830308463174113,0.0,17600
2020-08-21,0.0,24.84347915649414,0.0,24.84347915649414,24.593156094553784,24.69855607208037,0.0,3800
2020-08-24,0.0,25.366085052490234,0.0,25.43635115110139,25.314263741941662,25.374868524226123,0.0,7800
2020-08-25,0.0,25.449525833129883,0.0,25.717415843259015,25.407365841166317,25.717415843259015,0.0,6300
2020-08-26,0.0,25.822816848754883,0.0,25.822816848754883,25.559319384336614,25.603235069980986,0.0,10300
2020-08-27,0.0,25.45831298828125,0.0,25.822817884522884,25.384532154030804,25.822817884522884,0.0,4400
2020-08-28,0.0,25.58390998840332,0.0,25.67349871566719,25.52769610685912,25.55053346740779,0.0,6100
2020-08-31,0.0,25.708635330200195,0.0,25.708635330200195,25.410881818562387,25.66471796881979,0.0,5800
2020-09-01,0.0,25.427568435668945,0.0,25.49783453174063,25.374867607158276,25.49783453174063,0.0,21200
2020-09-02,0.0,26.033613204956055,0.0,26.033613204956055,25.506618315600974,25.708633134872148,0.0,38400
2020-09-03,0.0,25.29581642150879,0.0,26.103877312279874,25.181634650924902,26.103877312279874,0.0,14000
2020-09-04,0.0,25.335342407226562,0.0,25.594448946348745,24.724905393517307,25.594448946348745,0.0,58600
2020-09-08,0.0,25.106977462768555,0.0,25.348518737339354,24.900571748966055,25.07623615060061,0.0,24400
2020-09-09,0.0,25.831600189208984,0.0,25.88869192047634,25.52418536543801,25.52418536543801,0.0,1600
2020-09-10,0.0,25.52857780456543,0.0,26.04239835743486,25.52857780456543,26.04239835743486,0.0,5200
2020-09-11,0.0,25.717416763305664,0.0,25.778899389087147,25.66383808925271,25.66383808925271,0.0,2500
2020-09-14,0.0,25.76045799255371,0.0,25.893084577730946,25.734985419036715,25.893084577730946,0.0,9800
2020-09-15,0.0,25.40121841430664,0.0,25.972130663129125,25.40121841430664,25.972130663129125,0.0,7600
2020-09-16,0.0,25.76133155822754,0.0,25.86673153827522,25.717415877118583,25.840381124444338,0.0,3700
2020-09-17,0.0,25.743770599365234,0.0,25.796471439276395,25.453922680958815,25.453922680958815,0.0,7800
2020-09-18,0.0,25.561073303222656,0.0,25.857948946544134,25.55228983164693,25.756941536337138,0.0,41500
2020-09-21,0.0,24.417491912841797,0.0,24.79517282155751,24.156629670604925,24.79517282155751,0.0,47700
2020-09-22,0.0,24.535186767578125,0.0,24.616871541556925,24.233042396058064,24.470191091373618,0.0,5300
2020-09-23,0.0,24.104808807373047,0.0,24.470193197480416,24.104808807373047,24.470193197480416,0.0,4000
2020-09-24,0.0,24.153995513916016,0.0,24.285744245300357,24.004679838273496,24.067919832437344,0.0,29000
2020-09-25,0.0,24.110078811645508,0.0,24.110078811645508,23.72361443064564,23.82023094471459,0.0,5300
2020-09-28,0.0,24.795175552368164,0.0,24.795175552368164,24.610727651207355,24.716125973220354,0.0,10800
2020-09-29,0.0,24.85753631591797,0.0,24.85753631591797,24.645858488489075,24.78639069349802,0.0,6100
2020-09-30,0.0,24.70646095275879,0.0,24.784632675501506,24.654639644207922,24.654639644207922,0.0,1700
2020-10-01,0.0,24.645856857299805,0.0,24.720515528612278,24.51410813323323,24.720515528612278,0.0,5200
2020-10-02,0.0,24.575590133666992,0.0,24.575590133666992,24.1188596716086,24.1188596716086,0.0,4000
2020-10-05,0.0,24.93482780456543,0.0,25.073604316279784,24.873345176062607,24.8838843372591,0.0,2700
2020-10-06,0.0,24.834697723388672,0.0,25.19920426383427,24.79078203972638,25.19920426383427,0.0,1100
2020-10-07,0.0,25.128934860229492,0.0,25.128934860229492,24.904960547288088,24.962052268761976,0.0,4200
2020-10-08,0.0,25.308998107910156,0.0,25.436354275534253,25.199207210639493,25.2958220610499,0.0,3300
2020-10-09,0.0,25.40561294555664,0.0,25.432841208685968,25.27474204865146,25.352913783970518,0.0,8000
2020-10-12,0.0,25.62518882751465,0.0,25.62518882751465,25.374865773642174,25.46269880620418,0.0,2500
2020-10-13,0.0,25.085020065307617,0.0,25.26068614532263,25.000701754132162,25.26068614532263,0.0,6400
2020-10-14,0.0,25.164072036743164,0.0,25.21238029712412,25.128939822550873,25.128939822550873,0.0,2700
2020-10-15,0.0,24.619510650634766,0.0,24.645859392993422,24.22426276249397,24.443844550288613,0.0,8300
2020-10-16,0.0,25.058673858642578,0.0,25.058673858642578,24.88652081478446,24.909358178121465,0.0,2800
2020-10-19,0.0,24.57120132446289,0.0,25.045497094401764,24.54485090797006,24.909357464045502,0.0,9600
2020-10-20,0.0,24.764432907104492,0.0,24.884764634024627,24.764432907104492,24.884764634024627,0.0,600
2020-10-21,0.0,24.54924201965332,0.0,24.67044990763934,24.506202506028785,24.67044990763934,0.0,3200
2020-10-22,0.0,24.486881256103516,0.0,24.486881256103516,24.233045109862946,24.478977303873346,0.0,4800
2020-10-23,0.0,24.803958892822266,0.0,24.803958892822266,24.593160574644163,24.689777098704337,0.0,2000
2020-10-26,0.0,23.644567489624023,0.0,23.990627603964622,23.600651801222934,23.881716227652607,0.0,12900
2020-10-27,0.0,23.433767318725586,0.0,23.723615194995087,23.330124694020856,23.679697834786985,0.0,8500
2020-10-28,0.0,22.300722122192383,0.0,22.60725906449027,22.164582508585777,22.520303873455486,0.0,45800
2020-10-29,0.0,22.476390838623047,0.0,22.5203065239339,22.103102487652738,22.31829169106235,0.0,28900
2020-10-30,0.0,22.370990753173828,0.0,22.370990753173828,22.070603714309176,22.34464201220998,0.0,51600
2020-11-02,0.0,22.62570571899414,0.0,22.71178139733327,22.441256161562922,22.476390048797803,0.0,44100
2020-11-03,0.0,23.44782066345215,0.0,23.55585586702066,22.970011823355033,23.02095361826434,0.0,36600
2020-11-04,0.0,23.74820899963379,0.0,23.916847312462675,23.36350195850249,23.591867212997883,0.0,20500
2020-11-05,0.0,24.417491912841797,0.0,24.492150585048268,24.215477088502304,24.382359701132117,0.0,63500
2020-11-06,0.0,24.42627716064453,0.0,24.505326736834,24.391144946380358,24.417493688259473,0.0,4400
2020-11-09,0.0,25.339736938476562,0.0,25.875515325392435,25.27825431008261,25.875515325392435,0.0,16000
2020-11-10,0.0,25.647153854370117,0.0,25.730594331835942,25.46270427881919,25.524186912244126,0.0,10600
2020-11-11,0.0,25.585668563842773,0.0,25.6383693978499,25.42757108764954,25.48905371871514,0.0,12300
2020-11-12,0.0,25.19920539855957,0.0,25.56810285387255,25.15792324682628,25.295820242022383,0.0,4500
2020-11-13,0.0,25.57073402404785,0.0,25.61201449398469,25.348517071214268,25.427566633100547,0.0,2300
2020-11-16,0.0,25.60586929321289,0.0,25.726201014697782,25.462701885149496,25.70863407100604,0.0,8200
2020-11-17,0.0,25.62518882751465,0.0,25.71741443310642,25.559315309549962,25.612014458976862,0.0,2300
2020-11-18,0.0,25.691070556640625,0.0,25.734986246456035,25.580401812106945,25.70863750267726,0.0,10700
2020-11-19,0.0,25.603233337402344,0.0,25.62080028058174,25.269469793373354,25.427568931436102,0.0,5300
2020-11-20,0.0,25.595333099365234,0.0,25.726203997071128,25.48027178270429,25.532970944612845,0.0,3300
2020-11-23,0.0,25.5593204498291,0.0,25.881665348514673,25.5593204498291,25.734984875005534,0.0,6200
2020-11-24,0.0,26.15658187866211,0.0,26.15658187866211,25.78329185260617,25.87551579687754,0.0,8400
2020-11-25,0.0,26.042396545410156,0.0,26.11266264198891,25.822814784192065,26.016047806240554,0.0,5100
2020-11-27,0.0,26.285694122314453,0.0,26.32346154281478,26.226846704823547,26.226846704823547,0.0,2300
2020-11-30,0.0,26.074893951416016,0.0,26.560608341282773,26.074893951416016,26.560608341282773,0.0,4700
2020-12-01,0.0,26.543045043945312,0.0,26.60979809289904,26.433254153611742,26.60979809289904,0.0,4900
2020-12-02,0.0,26.521087646484375,0.0,26.5342620174574,26.349814122730795,26.463995913474495,0.0,4500
2020-12-03,0.0,26.4815616607666,0.0,26.6572277504181,26.4815616607666,26.595745121622873,0.0,3900
2020-12-04,0.0,26.534259796142578,0.0,26.63087630925935,26.534259796142578,26.551826739486703,0.0,3900
2020-12-07,0.0,26.52547836303711,0.0,26.579055363111777,26.46399406049058,26.516694891244747,0.0,5300
2020-12-08,0.0,26.4815616607666,0.0,26.56588165184348,26.4815616607666,26.52547902081747,0.0,7500
2020-12-09,0.0,26.459604263305664,0.0,26.75384304185226,26.459604263305664,26.75384304185226,0.0,7200
2020-12-10,0.0,26.657228469848633,0.0,26.664254577536,26.42886321724891,26.55182847815798,0.0,12600
2020-12-11,0.0,26.209280014038086,0.0,26.29711305646598,26.066990451799374,26.29711305646598,0.0,10500
2020-12-14,0.0,26.4727783203125,0.0,26.578178309682382,26.420079163265555,26.578178309682382,0.0,3400
2020-12-15,0.0,26.872417449951172,0.0,26.947076125785316,26.6862121955971,26.780193505046658,0.0,15100
2020-12-16,0.0,27.277324676513672,0.0,27.339686821875752,27.096389853530717,27.228138576101834,0.0,30600
2020-12-17,0.0,27.66730308532715,0.0,27.66730308532715,27.500420470655843,27.500420470655843,0.0,15800
2020-12-18,0.0,27.46967887878418,0.0,27.73317800590504,27.421370621714892,27.73317800590504,0.0,14700
2020-12-21,0.0,26.920724868774414,0.0,27.01734138438707,26.4560904296681,26.51669521307779,0.0,14300
2020-12-22,0.0,26.859241485595703,0.0,26.93829105518791,26.771408444351486,26.86802495724772,0.0,5800
2020-12-23,0.0,27.307188034057617,0.0,27.386237602335182,26.99098976094737,27.157872369008434,0.0,10700
2020-12-24,0.0,27.13152313232422,0.0,27.37306442103361,27.13152313232422,27.307189219517237,0.0,5500
2020-12-28,0.0,27.86053466796875,0.0,27.86053466796875,27.667303311432697,27.667303311432697,0.0,6700
2020-12-29,0.0,27.71561050415039,0.0,28.00984926360837,27.65851877646604,27.94836663776795,0.0,11200
2020-12-30,0.0,27.69337272644043,0.4,27.853501723436622,27.613309924727364,27.782333468858873,0.0,6700
2020-12-31,0.0,27.397136688232422,0.0,27.648893778955323,27.248571278134733,27.648893778955323,0.0,20100
2021-01-04,0.0,27.57861328125,0.0,28.11148690848705,27.57772416591872,28.11148690848705,0.0,8600
2021-01-05,0.0,27.71561050415039,0.0,27.75030466308303,27.442501112096767,27.559928801395543,0.0,5800
2021-01-06,0.0,28.128387451171875,0.0,28.24492603270633,27.87129229763063,27.87129229763063,0.0,6200
2021-01-07,0.0,28.298301696777344,0.0,28.369469946219688,28.102589435007115,28.236029690613403,0.0,16700
2021-01-08,0.0,28.359683990478516,0.0,28.494013358548592,28.155964605011974,28.440637596786996,0.0,16700
2021-01-11,0.0,27.853498458862305,0.0,28.02074375267875,27.577721716794116,27.737850695022363,0.0,5600
2021-01-12,0.0,28.004732131958008,0.0,28.058109591011334,27.77521482709732,27.960252612865123,0.0,16600
2021-01-13,0.0,27.913991928100586,0.0,28.111484106196027,27.737850393322343,27.986938404048257,0.0,10700
2021-01-14,0.0,28.000286102294922,0.0,28.173758609960174,27.844604384986003,27.915772636766235,0.0,9700
2021-01-15,0.0,27.341089248657227,0.0,27.666685324034724,27.341089248657227,27.666685324034724,0.0,31900
2021-01-19,0.0,27.69337272644043,0.0,27.800125956699567,27.531465498731183,27.800125956699567,0.0,2700
2021-01-20,0.0,27.782329559326172,0.0,27.871290289226053,27.648889312868747,27.782329559326172,0.0,4700
2021-01-21,0.0,27.88463592529297,0.0,27.978045632022717,27.730735836101218,27.924668171952884,0.0,19500
2021-01-22,0.0,27.822364807128906,0.0,27.84460456780907,27.684477272840905,27.79122880281968,0.0,9600
2021-01-25,0.0,27.506553649902344,0.0,27.51544989283801,26.99058343712762,27.51544989283801,0.0,17600
2021-01-26,0.0,27.779664993286133,0.0,27.80902276850129,27.604414244510128,27.800126524399275,0.0,13400
2021-01-27,0.0,27.034175872802734,0.0,27.319737996337793,26.750391979917627,27.141818214598977,0.0,17900
2021-01-28,0.0,27.275259017944336,0.0,27.486985547665824,26.96389727272333,27.061754257537505,0.0,12500
2021-01-29,0.0,26.752172470092773,0.0,27.15071502932735,26.527991538179887,27.15071502932735,0.0,5700
2021-02-01,0.0,27.186296463012695,0.0,27.19074543299923,26.963895473662955,27.07064869513618,0.0,8400
2021-02-02,0.0,27.476306915283203,0.0,27.55103332021439,27.18629584175849,27.328632335946896,0.0,8600
2021-02-03,0.0,27.648893356323242,0.0,27.71116536732456,27.275259593530294,27.542140125474525,0.0,5800
2021-02-04,0.0,27.59996223449707,0.0,27.648890723277155,27.537690229426012,27.622201993910323,0.0,5900
2021-02-05,0.0,27.92466926574707,0.0,27.92466926574707,27.622203767310285,27.720060751153063,0.0,31200
2021-02-08,0.0,27.893531799316406,0.0,28.004732294478842,27.684476022224764,27.924667802219098,0.0,13500
2021-02-09,0.0,27.897979736328125,0.0,27.9691479827255,27.791226518339645,27.902427009384592,0.0,2800
2021-02-10,0.0,27.833038330078125,0.0,27.997614579595027,27.76453743033024,27.924666406848225,0.0,4100
2021-02-11,0.0,27.946908950805664,0.0,28.14439943984785,27.93445285299691,28.018077199054208,0.0,1700
2021-02-12,0.0,28.058109283447266,0.0,28.058109283447266,27.835708296850957,27.915771090983547,0.0,7900
2021-02-16,0.0,28.075899124145508,0.0,28.13817112680275,27.854388957091146,28.13817112680275,0.0,8100
2021-02-17,0.0,27.711166381835938,0.0,27.84460665269333,27.536804744648833,27.711166381835938,0.0,5400
2021-02-18,0.0,27.639997482299805,0.0,27.782333994146498,27.55904386691457,27.581283628743417,0.0,6800
2021-02-19,0.0,27.844602584838867,0.0,28.058109023161382,27.764538094664136,27.920219801908267,0.0,4400
2021-02-22,0.0,27.801015853881836,0.0,27.905989159594974,27.54658971838799,27.666686469512523,0.0,5300
2021-02-23,0.0,27.809019088745117,0.0,27.929115823053245,27.48876113059012,27.54213689135434,0.0,15000
2021-02-24,0.0,28.038536071777344,0.0,28.038536071777344,27.675578527164202,27.817915018791098,0.0,3100
2021-02-25,0.0,27.6310977935791,0.0,28.058108972670873,27.61775427750228,28.04031648671187,0.0,6600
2021-02-26,0.0,27.38201141357422,0.0,27.615976000455312,27.38201141357422,27.533244159693325,0.0,5200
2021-03-01,0.0,27.844602584838867,0.0,27.86951138651235,27.524346320924803,27.524346320924803,0.0,9100
2021-03-02,0.0,27.88908576965332,0.0,27.970928496136878,27.870404167078703,27.880189526029458,0.0,3300
2021-03-03,0.0,27.88908576965332,0.0,28.00473354319356,27.78678151315638,27.800125030199684,0.0,4200
2021-03-04,0.0,27.5599308013916,0.0,27.889085019480824,27.39980181403927,27.835709255958356,0.0,4400
2021-03-05,0.0,27.399799346923828,0.0,27.488760075974415,27.22187958560744,27.488760075974415,0.0,3200
2021-03-08,0.0,27.978046417236328,0.0,28.129279164775415,27.57772393940199,27.57772393940199,0.0,9800
2021-03-09,0.0,28.276060104370117,0.0,28.323208663583504,28.138170887668927,28.138170887668927,0.0,9500
2021-03-10,0.0,28.467329025268555,0.0,28.51625751851634,28.324992515885015,28.405057014511385,0.0,24200
2021-03-11,0.0,28.7600040435791,0.0,28.7600040435791,28.494012659782854,28.645247091837557,0.0,5700
2021-03-12,0.0,28.671934127807617,0.0,28.67993955864501,28.39615738584683,28.39615738584683,0.0,11500
2021-03-15,0.0,28.329439163208008,0.0,28.538498345872096,28.253823636613014,28.51180791787328,0.0,5600
2021-03-16,0.0,28.50735855102539,0.0,28.654144025481866,28.36947101696807,28.458431756324874,0.0,2900
2021-03-17,0.0,28.845409393310547,0.0,28.845409393310547,28.333888104784346,28.41395260155975,0.0,4700
2021-03-18,0.0,28.823171615600586,0.0,29.06336171474374,28.7920356106324,28.832066162632916,0.0,6400
2021-03-19,0.0,28.654144287109375,0.0,28.725314236672617,28.405056250777985,28.52960026894368,0.0,3500
2021-03-22,0.0,28.7786865234375,0.0,28.912128473821507,28.618557540404602,28.7786865234375,0.0,10000
2021-03-23,0.0,28.453981399536133,0.0,28.839178695257345,28.449532429818664,28.582974372786115,0.0,7200
2021-03-24,0.0,28.387264251708984,0.0,28.387264251708984,28.236031499855546,28.289407266161167,0.0,5800
2021-03-25,0.0,28.362354278564453,0.0,28.36413420597478,28.040318069736202,28.040318069736202,0.0,3200
2021-03-26,0.0,28.658592224121094,0.0,28.734207747628385,28.485119720277368,28.485119720277368,0.0,8700
2021-03-29,0.0,28.72531509399414,0.0,28.76090006983781,28.67193763022863,28.752002129091853,0.0,7000
2021-03-30,0.0,28.87832260131836,0.0,28.9850741161533,28.804485316778237,28.80537443197952,0.0,37700
2021-03-31,0.0,28.956607818603516,0.0,29.001087337274075,28.90767932999497,28.910350069385657,0.0,8300
2021-04-01,0.0,29.29376983642578,0.0,29.348036411510787,29.063360019530556,29.063360019530556,0.0,7800
2021-04-05,0.0,29.9262752532959,0.0,29.935173192873332,29.445888323203512,29.445888323203512,0.0,13300
2021-04-06,0.0,29.703876495361328,0.0,29.71277443560423,29.44589052543536,29.632709941267546,0.0,10800
2021-04-07,0.0,29.64783477783203,0.0,29.80084746639613,29.534856037392544,29.62381508767131,0.0,3900
2021-04-08,0.0,29.726119995117188,0.0,29.748358060112825,29.65050446570581,29.65050446570581,0.0,3400
2021-04-09,0.0,29.83108901977539,0.0,29.89069028324003,29.624698901834698,29.624698901834698,0.0,9500
2021-04-12,0.0,29.81418800354004,0.0,29.97075713806103,29.712774560619494,29.97075713806103,0.0,14200
2021-04-13,0.0,29.952964782714844,0.0,29.997447697172245,29.80173373298341,29.80173373298341,0.0,11000
2021-04-14,0.0,29.894248962402344,0.0,30.011676647796527,29.894248962402344,29.952961108314685,0.0,1200
2021-04-15,0.0,30.053489685058594,0.0,30.08640391658511,29.935172881040444,30.06861143118522,0.0,4100
2021-04-16,0.0,30.521425247192383,0.0,30.593484319209754,30.339947287586426,30.424460762650973,0.0,9700
2021-04-19,0.0,30.486726760864258,0.0,30.59347828111811,30.31770323766486,30.584583735084305,0.0,20200
2021-04-20,0.0,29.98855209350586,0.0,30.2020585613997,29.819528543535444,30.2020585613997,0.0,6100
2021-04-21,0.0,30.14689826965332,0.0,30.14689826965332,29.91738097263652,29.91738097263652,0.0,10700
2021-04-22,0.0,30.11842918395996,0.0,30.326597531256347,30.07128232130487,30.2821180143183,0.0,16400
2021-04-23,0.0,30.41556167602539,0.0,30.460044594007762,30.050824146133177,30.113096159024273,0.0,29300
2021-04-26,0.0,30.353288650512695,0.0,30.424458602054024,30.310587358301913,30.37108113839803,0.0,7300
2021-04-27,0.0,30.322153091430664,0.0,30.335496609148557,30.193160097540854,30.22874507383531,0.0,3000
2021-04-28,0.0,30.443140029907227,0.0,30.513417472114842,30.334606872503006,30.334606872503006,0.0,5100
2021-04-29,0.0,30.268774032592773,0.0,30.4031016965779,30.0081173480809,30.37997452001072,0.0,14900
2021-04-30,0.0,29.8551082611084,0.0,30.24653275746108,29.8551082611084,30.24653275746108,0.0,3400
2021-05-03,0.0,30.218067169189453,0.0,30.22874334017952,30.06149803347145,30.22874334017952,0.0,5200
2021-05-04,0.0,29.401412963867188,0.0,29.693202302875612,29.294661428829006,29.677191439083447,0.0,20300
2021-05-05,0.0,29.886247634887695,0.0,29.979655648187332,29.73946215960114,29.890693211542466,0.0,3300
2021-05-06,0.0,30.173583984375,0.0,30.173583984375,29.819522696181714,29.91737966671205,0.0,16200
2021-05-07,0.0,30.745609283447266,0.0,30.78030175431879,30.397771704276757,30.477836212275566,0.0,21200
2021-05-10,0.0,30.483171463012695,0.0,30.789196832007413,30.483171463012695,30.771404343710497,0.0,15100
2021-05-11,0.0,30.188711166381836,0.0,30.28656474996379,29.86400423252117,30.01523866818373,0.0,32900
2021-05-12,0.0,29.894248962402344,0.0,30.193154563925905,29.88179456233886,30.18426001826749,0.0,2700
2021-05-13,0.0,30.14422607421875,0.0,30.270551698821315,30.033025588873507,30.050818073757085,0.0,6000
2021-05-14,0.0,30.7393741607666,0.0,30.7393741607666,30.353284354793026,30.557892846162222,0.0,14100
2021-05-17,0.0,30.75984001159668,0.0,30.798092335516046,30.611276292953836,30.646861270652426,0.0,5100
2021-05-18,0.0,30.673542022705078,0.0,30.87815051219612,30.673542022705078,30.87815051219612,0.0,7700
2021-05-19,0.0,30.2785587310791,0.0,30.37107762122649,30.00189117589273,30.166469124595288,0.0,8900
2021-05-20,0.0,30.83189582824707,0.0,30.833674058873243,30.48672904685596,30.620167608786506,0.0,8000
2021-05-21,0.0,30.931533813476562,0.0,30.931533813476562,30.646860783552935,30.84702034117823,0.0,7500
2021-05-24,0.0,31.19841766357422,0.0,31.242897192922637,30.93153709391314,30.93153709391314,0.0,7000
2021-05-25,0.0,31.082761764526367,0.0,31.216203718632382,31.005368010257975,31.216203718632382,0.0,8700
2021-05-26,0.0,30.8754825592041,0.0,31.020486390088195,30.798085419767805,31.020486390088195,0.0,9800
2021-05-27,0.0,30.861249923706055,0.0,30.967112324035813,30.789190869094675,30.967112324035813,0.0,8100
2021-05-28,0.0,31.006256103515625,0.0,31.07386619364382,30.860359752825893,30.967114670019733,0.0,5200
2021-06-01,0.0,31.190401077270508,0.0,31.491977404511033,31.190401077270508,31.38522249996455,0.0,9100
2021-06-02,0.0,31.206418991088867,0.0,31.242893082684475,31.12724700030681,31.2073115000291,0.0,13800
2021-06-03,0.0,31.09966278076172,0.0,31.118344381436174,30.977786121974734,31.100551895998176,0.0,5900
2021-06-04,0.0,31.314062118530273,0.0,31.3585416407251,31.251790108743513,31.251790108743513,0.0,4500
2021-06-07,0.0,31.3736572265625,0.0,31.474184931390614,31.19840651823676,31.29626348398714,0.0,7200
2021-06-08,0.0,31.300716400146484,0.0,31.403018954643617,31.268687888591256,31.403018954643617,0.0,2100
2021-06-09,0.0,31.10944938659668,0.0,31.18061593375213,31.091656901415426,31.145030963389626,0.0,3300
2021-06-10,0.0,31.153039932250977,0.0,31.224206479737006,30.967113042562143,31.038279590048173,0.0,7400
2021-06-11,0.0,31.199302673339844,0.0,31.233998534193855,31.038284558531426,31.198413557969758,0.0,10100
2021-06-14,0.0,31.211750030517578,0.0,31.26957645222164,31.100549550095128,31.26957645222164,0.0,5700
2021-06-15,0.0,31.251785278320312,0.0,31.322062708911524,31.153928308474917,31.153928308474917,0.0,3600
2021-06-16,0.0,30.91373634338379,0.0,31.287368362361615,30.91373634338379,31.278473816296756,0.0,7200
2021-06-17,0.0,30.731372833251953,0.0,30.780301331555336,30.673549786879963,30.70913476629523,0.0,9900
2021-06-18,0.0,30.061500549316406,0.0,30.246538358637086,29.97075987544659,30.184266345266686,0.0,13300
2021-06-21,0.0,30.54010581970215,0.0,30.655751892055807,30.282119854784316,30.282119854784316,0.0,6500
2021-06-22,0.0,30.584585189819336,0.0,30.61127222275974,30.255429280228622,30.47783027091812,0.0,5200
2021-06-23,0.0,30.252763748168945,0.0,30.513417073319122,30.23764200021471,30.473386521508484,0.0,11300
2021-06-24,0.0,30.451141357421875,0.0,30.64685530308436,30.42445432612957,30.442246811514305,0.0,12100
2021-06-25,0.0,30.54010581970215,0.0,30.6824423186965,30.54010581970215,30.58458533934354,0.0,21800
2021-06-28,0.0,30.429798126220703,0.0,30.540109520182245,30.32660304903568,30.540109520182245,0.0,11000
2021-06-29,0.0,30.616802215576172,0.523,30.74328004680555,30.553563299961485,30.69810988511826,0.0,7200
2021-06-30,0.0,30.327709197998047,0.0,30.332227248068257,30.092822288283767,30.282539036083275,0.0,10300
2021-07-01,0.0,30.377397537231445,0.0,30.45418715743447,30.30331667932443,30.363846833226496,0.0,8900
2021-07-02,0.0,30.47677230834961,0.0,30.614092075005537,30.33674377954462,30.390946592624086,0.0,5000
2021-07-06,0.0,30.07745933532715,0.0,30.31415550952348,29.96272637718172,30.273499955419144,0.0,6700
2021-07-07,0.0,30.377397537231445,0.0,30.472255911528553,30.20123149264218,30.25543775492444,0.0,6100
2021-07-08,0.0,29.896778106689453,0.0,30.029583275985384,29.785660266913432,29.80372902087385,0.0,19200
2021-07-09,0.0,30.624025344848633,0.0,30.624025344848633,30.275308430149828,30.460507104673226,0.0,6600
2021-07-12,0.0,30.693588256835938,0.0,30.84626800353134,30.50838958162965,30.616798646293383,0.0,25300
2021-07-13,0.0,30.42708396911621,0.0,30.652938212683722,30.41895423644141,30.562597893761623,0.0,55300
2021-07-14,0.0,30.584280014038086,0.0,30.634871146822665,30.53549472277797,30.53549472277797,0.0,34500
2021-07-15,0.0,30.265371322631836,0.0,30.327707313930915,30.1741280837091,30.228330896134572,0.0,45000
2021-07-16,0.0,29.965436935424805,0.0,30.210262856612818,29.939238449298887,30.210262856612818,0.0,4600
2021-07-19,0.0,29.270709991455078,0.0,29.370082959169743,29.099058568672625,29.370082959169743,0.0,26400
2021-07-20,0.0,29.483009338378906,0.0,29.483009338378906,29.00871752843624,29.099057840921887,0.0,53100
2021-07-21,0.0,29.879615783691406,0.0,29.885036754517376,29.636595694858055,29.686283906789917,0.0,5600
2021-07-22,0.0,29.85793113708496,0.0,30.065716633368808,29.821793630010635,30.065716633368808,0.0,33400
2021-07-23,0.0,30.178640365600586,0.0,30.219295918054303,30.119919507902964,30.219295918054303,0.0,4200
2021-07-26,0.0,30.183162689208984,0.0,30.264470359368232,30.101855019049733,30.11089111921324,0.0,9200
2021-07-27,0.0,30.029582977294922,0.0,30.074753138615453,29.942854337652552,29.960016724421166,0.0,11600
2021-07-28,0.0,30.11088752746582,0.0,30.119920180289416,29.939236107459088,29.94827220654473,0.0,3000
2021-07-29,0.0,30.409013748168945,0.0,30.472252657614185,30.336742185772426,30.39094499600429,0.0,15700
2021-07-30,0.0,30.206649780273438,0.0,30.246398967992075,30.16057325523458,30.23736631487862,0.0,21500
2021-08-02,0.0,30.11088752746582,0.0,30.291568154034103,30.11088752746582,30.291568154034103,0.0,7800
2021-08-03,0.0,30.30060577392578,0.0,30.30060577392578,30.09282028593374,30.156059197659047,0.0,6600
2021-08-04,0.0,30.377397537231445,0.0,30.404498945241343,30.363846833226496,30.3972721328562,0.0,3700
2021-08-05,0.0,30.486705780029297,0.0,30.552656896659993,30.42708200050128,30.42708200050128,0.0,7100
2021-08-06,0.0,30.335834503173828,0.0,30.445149932089652,30.282534615922504,30.445149932089652,0.0,5400
2021-08-09,0.0,30.282533645629883,0.0,30.327703799504125,30.192189891619563,30.327703799504125,0.0,3800
2021-08-10,0.0,30.273502349853516,0.0,30.300607203487594,30.21026343514464,30.264469696150414,0.0,800
2021-08-11,0.0,30.456899642944336,0.0,30.472256188619596,30.390948517588086,30.409017271846476,0.0,5600
2021-08-12,0.0,30.631254196166992,0.0,30.661970731568708,30.571630413042897,30.571630413042897,0.0,4300
2021-08-13,0.0,30.839948654174805,0.0,30.858017408656554,30.747799040196636,30.747799040196636,0.0,5000
2021-08-16,0.0,30.779417037963867,0.0,30.78754677090287,30.553562787056432,30.60776904792867,0.0,6500
2021-08-17,0.0,30.42708396911621,0.0,30.571630547148928,30.40901521607934,30.535493041075185,0.0,19400
2021-08-18,0.0,30.46864128112793,0.0,30.64299802105792,30.46864128112793,30.614993694991643,0.0,4300
2021-08-19,0.0,30.133472442626953,0.0,30.27350096934508,30.029581421598092,30.0476467281805,0.0,7400
2021-08-20,0.0,30.290668487548828,0.0,30.309640162152377,30.16509357761167,30.16509357761167,0.0,4400
2021-08-23,0.0,30.508390426635742,0.0,30.508390426635742,30.29156884504084,30.445151516641836,0.0,6100
2021-08-24,0.0,30.58066177368164,0.0,30.63486803026306,30.50839021116851,30.50839021116851,0.0,3900
2021-08-25,0.0,30.512914657592773,0.0,30.535498017872897,30.500266873031805,30.535498017872897,0.0,1600
2021-08-26,0.0,30.376489639282227,0.0,30.463218266218384,30.345773106981426,30.345773106981426,0.0,19300
2021-08-27,0.0,30.60776710510254,0.0,30.639386560372042,30.359326066369192,30.359326066369192,0.0,5500
2021-08-30,0.0,30.616802215576172,0.0,30.671008477358377,30.616802215576172,30.671008477358377,0.0,7800
2021-08-31,0.0,30.598731994628906,0.0,30.61680074769002,30.4270840099417,30.598731994628906,0.0,5300
2021-09-01,0.0,30.671003341674805,0.0,30.74327489902052,30.48128662659772,30.66196724309293,0.0,33000
2021-09-02,0.0,30.76134490966797,0.0,30.788449760261738,30.671004597720724,30.6981060020525,0.0,5500
2021-09-03,0.0,30.770381927490234,0.0,30.770381927490234,30.553560347575292,30.68907426580489,0.0,9300
2021-09-07,0.0,30.76134490966797,0.0,30.797482412951666,30.671004597720724,30.797482412951666,0.0,35000
2021-09-08,0.0,30.236461639404297,0.0,30.381911125298505,30.183158305715732,30.381911125298505,0.0,4900
2021-09-09,0.0,30.15606117248535,0.0,30.381915428084,30.15606117248535,30.237368842351362,0.0,7300
2021-09-10,0.0,30.097332000732422,0.0,30.28163119401067,30.08378129898647,30.25543271113358,0.0,3600
2021-09-13,0.0,30.388235092163086,0.0,30.45418276113711,30.319575215022127,30.45418276113711,0.0,4000
2021-09-14,0.0,30.35481071472168,0.0,30.59873372545089,30.35481071472168,30.59873372545089,0.0,18100
2021-09-15,0.0,30.323192596435547,0.0,30.359330106198595,30.237370318576573,30.359330106198595,0.0,3600
2021-09-16,0.0,30.29157066345215,0.0,30.29157066345215,30.110890021915896,30.147024082465748,0.0,4400
2021-09-17,0.0,29.811857223510742,0.0,30.174128312354895,29.677246219608037,30.174128312354895,0.0,8900
2021-09-20,0.0,29.00420379638672,0.0,29.098159251712925,28.782867585466224,29.080993418056327,0.0,13200
2021-09-21,0.0,29.419775009155273,0.0,29.559806995442628,29.379122896088415,29.5056007317576,0.0,16500
2021-09-22,0.0,29.680862426757812,0.0,29.857931388143587,29.623044482710142,29.73145355858232,0.0,6500
2021-09-23,0.0,30.097332000732422,0.0,30.128951453560276,29.930202084183147,29.930202084183147,0.0,8900
2021-09-24,0.0,29.78565788269043,0.0,29.866059178924186,29.768492050862726,29.78565788269043,0.0,1600
2021-09-27,0.0,29.85793113708496,0.0,29.902198377059186,29.81276097637323,29.830829729910395,0.0,3900
2021-09-28,0.0,29.225536346435547,0.0,29.42428917410764,29.130677982208987,29.42428917410764,0.0,4700
2021-09-29,0.0,29.14423179626465,0.0,29.324915891051056,29.14423179626465,29.324915891051056,0.0,2900
2021-09-30,0.0,28.893083572387695,0.0,29.035822593690746,28.791901306843126,29.035822593690746,0.0,5900
2021-10-01,0.0,28.913860321044922,0.0,29.00871868682137,28.674453658631077,28.972581181879253,0.0,4300
2021-10-04,0.0,28.647350311279297,0.0,28.882238922217102,28.520872491209353,28.80996563601555,0.0,5800
2021-10-05,0.0,28.809968948364258,0.0,28.927414128901635,28.566950577127898,28.620252196447165,0.0,11100
2021-10-06,0.0,28.485639572143555,0.0,28.50280368063323,28.19564178412154,28.27694944632352,0.0,25900
2021-10-07,0.0,28.76389503479004,0.0,28.890372865752287,28.701559040064016,28.701559040064016,0.0,9400
2021-10-08,0.0,28.77383041381836,0.0,28.86417245410923,28.728658532107374,28.783767710855447,0.0,23100
2021-10-11,0.0,28.60489273071289,0.0,28.79190071246232,28.60489273071289,28.728660074671282,0.0,4000
2021-10-12,0.0,28.608505249023438,0.0,28.67355172628266,28.566045574697107,28.629284487394493,0.0,5300
2021-10-13,0.0,28.99064826965332,0.0,29.01774967367262,28.809964201580094,28.86417045588065,0.0,5900
2021-10-14,0.0,29.406225204467773,0.0,29.406225204467773,29.243609854700104,29.270714710503153,0.0,4800
2021-10-15,0.0,29.59142303466797,0.0,29.623042489931205,29.524568995141916,29.524568995141916,0.0,1800
2021-10-18,0.0,29.342981338500977,0.0,29.342981338500977,29.297811181460208,29.297811181460208,0.0,1700
2021-10-19,0.0,29.505599975585938,0.0,29.586907645898446,29.478498567569254,29.487531221487327,0.0,4300
2021-10-20,0.0,29.5778751373291,0.0,29.641114053853766,29.505600120579498,29.505600120579498,0.0,2500
2021-10-21,0.0,29.445974349975586,0.0,29.57787314502294,29.40622171493597,29.57787314502294,0.0,11500
2021-10-22,0.0,29.657371520996094,0.0,29.73777626551797,29.604071629059387,29.713383621322443,0.0,3700
2021-10-25,0.0,29.67363166809082,0.0,29.722416951936935,29.582384991035603,29.659178045566758,0.0,5500
2021-10-26,0.0,29.880516052246094,0.0,29.99344317002007,29.848896597119865,29.99344317002007,0.0,2100
2021-10-27,0.0,29.749521255493164,0.0,29.87599908056162,29.70435109600618,29.87599908056162,0.0,4600
2021-10-28,0.0,29.939237594604492,0.0,30.02867499167502,29.877804524313984,29.885034782446457,0.0,6400
2021-10-29,0.0,29.695316314697266,0.0,29.74048647618961,29.60497599171257,29.65014615320492,0.0,13100
2021-11-01,0.0,30.04403305053711,0.0,30.04403305053711,29.794689102603957,29.830826605893805,0.0,7900
2021-11-02,0.0,30.20574951171875,0.0,30.237368969785322,30.16509395348318,30.174130053652178,0.0,3000
2021-11-03,0.0,30.429794311523438,0.0,30.48129181117089,30.119923624191518,30.128956278047905,0.0,20300
2021-11-04,0.0,30.309640884399414,0.0,30.35481104697054,30.192195704704492,30.35481104697054,0.0,9000
2021-11-05,0.0,30.34577751159668,0.0,30.362943344604393,30.25543718907828,30.26446984282516,0.0,2200
2021-11-08,0.0,30.370168685913086,0.0,30.458703162646533,30.33764630923214,30.381913547598863,0.0,4500
2021-11-09,0.0,30.38733673095703,0.0,30.481292185023037,30.318676843514087,30.481292185023037,0.0,7700
2021-11-10,0.0,30.05487632751465,0.0,30.336742662440315,29.988925208764297,30.264467652646076,0.0,6500
2021-11-11,0.0,30.094627380371094,0.0,30.18316186047279,30.05668403175608,30.16509310690435,0.0,7700
2021-11-12,0.0,30.119022369384766,0.0,30.119022369384766,30.0937268016728,30.0937268016728,0.0,1900
2021-11-15,0.0,29.949174880981445,0.0,30.201227592458334,29.912134456811334,30.11991993266624,0.0,8800
2021-11-16,0.0,30.00880241394043,0.0,30.18316261629279,30.00880241394043,30.092822292450737,0.0,5100
2021-11-17,0.0,30.065715789794922,0.0,30.110889395501545,30.002476877320365,30.110889395501545,0.0,5000
2021-11-18,0.0,30.171417236328125,0.0,30.201230852264334,30.056684268839025,30.101854429985234,0.0,6400
2021-11-19,0.0,29.749521255493164,0.0,29.93923799309585,29.733258343871963,29.93923799309585,0.0,9100
2021-11-22,0.0,29.49837303161621,0.0,29.71338534578437,29.487531089952913,29.65014642985256,0.0,19000
2021-11-23,0.0,29.400800704956055,0.0,29.46042793430432,29.24360634521368,29.388152922520028,0.0,10200
2021-11-24,0.0,29.117128372192383,0.0,29.135197125046204,28.80093208977496,28.873205378059133,0.0,59000
2021-11-26,0.0,28.16853904724121,0.0,28.475700929232925,28.150470295799117,28.44859780206978,0.0,14700
2021-11-29,0.0,28.240814208984375,0.0,28.394395160199302,28.033028722967444,28.394395160199302,0.0,16200
2021-11-30,0.0,27.96075439453125,0.0,28.313086442323467,27.721347738734337,28.313086442323467,0.0,14800
2021-12-01,0.0,28.042064666748047,0.0,28.5886315413082,28.042064666748047,28.538943330324333,0.0,11300
2021-12-02,0.0,28.259788513183594,0.0,28.32664083643409,28.159509166742215,28.159509166742215,0.0,8100
2021-12-03,0.0,27.99689292907715,0.0,28.331157980906557,27.846022453849553,28.331157980906557,0.0,19200
2021-12-06,0.0,28.394397735595703,0.0,28.42149914388928,28.18841807228202,28.26791990187568,0.0,10700
2021-12-07,0.0,29.086410522460938,0.0,29.086410522460938,28.82803391622637,28.82803391622637,0.0,24600
2021-12-08,0.0,29.134292602539062,0.0,29.14422817599196,28.954511450850802,29.008717706432005,0.0,8300
2021-12-09,0.0,28.788284301757812,0.0,28.886757798600048,28.76479630155734,28.88223974882192,0.0,11300
2021-12-10,0.0,28.919282913208008,0.0,28.95451405317951,28.79190044121382,28.79190044121382,0.0,12000
2021-12-13,0.0,28.793704986572266,0.0,28.972581502500685,28.778346719115014,28.90030821494772,0.0,13700
2021-12-14,0.0,28.547977447509766,0.0,28.69252402916754,28.45763540319086,28.665420898932517,0.0,3500
2021-12-15,0.0,28.855138778686523,0.0,28.864173155248174,28.448600449067932,28.475703578752885,0.0,105400
2021-12-16,0.0,28.85875129699707,0.0,29.090026505094176,28.791898980254583,29.090026505094176,0.0,10800
2021-12-17,0.0,28.403430938720703,0.0,28.68348972600974,28.403430938720703,28.63831956529999,0.0,42000
2021-12-20,0.0,28.257076263427734,0.0,28.257076263427734,28.07819974227907,28.105302872076557,0.0,29800
2021-12-21,0.0,28.603988647460938,0.0,28.603988647460938,28.40794629685167,28.448600129356652,0.0,75600
2021-12-22,0.0,28.99064826965332,0.0,28.99064826965332,28.611213105204328,28.611213105204328,0.0,12400
2021-12-23,0.0,29.199338912963867,0.0,29.243606151196268,28.990650504153965,29.044856762632556,0.0,66400
2021-12-27,0.0,29.427902221679688,0.0,29.428805142285306,29.234570377960477,29.243603030278486,0.0,7100
2021-12-28,0.0,29.473979949951172,0.0,29.473979949951172,29.39719033120753,29.39719033120753,0.0,2700
2021-12-29,0.0,29.451391220092773,0.0,29.455909269800568,29.333949497787497,29.388152309232343,0.0,8800
2021-12-30,0.0,29.32817268371582,0.333,29.50889697082536,29.298963627852956,29.390239751281847,0.0,13300
2021-12-31,0.0,29.513458251953125,0.0,29.513458251953125,29.408495061987992,29.408495061987992,0.0,2500
2022-01-03,0.0,29.636680603027344,0.0,29.72795324629498,29.53627860633605,29.636680603027344,0.0,22700
2022-01-04,0.0,29.787281036376953,0.0,29.90137358489994,29.727954164603176,29.855737261856397,0.0,9500
2022-01-05,0.0,29.76446533203125,0.0,30.147814633015965,29.755335978105894,30.120433534896584,0.0,14500
2022-01-06,0.0,29.600170135498047,0.0,29.746208453736863,29.563659685481305,29.746208453736863,0.0,2100
2022-01-07,0.0,29.632116317749023,0.0,29.6458068662372,29.527149642959316,29.527149642959316,0.0,4500
2022-01-10,0.0,29.390243530273438,0.0,29.399369402875685,29.1346755745538,29.244205195837722,0.0,9100
2022-01-11,0.0,29.742555618286133,0.0,29.746208055970225,29.463257294866324,29.481512519630584,0.0,77800
2022-01-12,0.0,29.956140518188477,0.0,29.98808629384178,29.86486786827287,29.892248966881873,0.0,6200
2022-01-13,0.0,29.782718658447266,0.0,30.120431613750167,29.782718658447266,30.102176388892154,0.0,20000
2022-01-14,0.0,29.737083435058594,0.0,29.79093339082387,29.581915758951034,29.664062532930743,0.0,5200
2022-01-18,0.0,29.180309295654297,0.0,29.390240905960415,29.180309295654297,29.390240905960415,0.0,9200
2022-01-19,0.0,29.264284133911133,0.0,29.48151541080134,29.264284133911133,29.454134311883813,0.0,5600
2022-01-20,0.0,29.134672164916992,0.0,29.49337880365664,29.134672164916992,29.36285551246847,0.0,4700
2022-01-21,0.0,28.678302764892578,0.0,28.924743084930906,28.650919926805837,28.924743084930906,0.0,31100
2022-01-24,0.0,28.25844383239746,0.0,28.276699059433966,27.38221382561658,27.975494776988754,0.0,70300
2022-01-25,0.0,28.116968154907227,0.0,28.18542264000416,27.747307668092883,27.89334599206331,0.0,43700
2022-01-26,0.0,28.25844383239746,0.0,28.751324516897412,28.130660724970486,28.623541409470434,0.0,18400
2022-01-27,0.0,28.08502197265625,0.0,28.42273493909272,28.012002811731,28.377098616357237,0.0,12700
2022-01-28,0.0,28.130659103393555,0.0,28.13978671638565,27.738180449304323,27.8385824513032,0.0,20400
2022-01-31,0.0,28.596158981323242,0.0,28.596158981323242,28.112405903364962,28.112405903364962,0.0,15500
2022-02-01,0.0,28.861764907836914,0.0,28.879106153998706,28.651835030348135,28.879106153998706,0.0,2700
2022-02-02,0.0,28.888235092163086,0.0,28.970381872498823,28.833471152244016,28.970381872498823,0.0,9900
2022-02-03,0.0,28.56877326965332,0.0,28.751322042479153,28.56877326965332,28.714811591548337,0.0,5100
2022-02-04,0.0,28.395353317260742,0.0,28.514008798729513,28.185421710178936,28.249314998108062,0.0,20400
2022-02-07,0.0,28.404481887817383,0.0,28.523137373288037,28.358843823471634,28.367971436340785,0.0,15400
2022-02-08,0.0,28.550519943237305,0.0,28.55508287917187,28.31777016954951,28.31777016954951,0.0,4300
2022-02-09,0.0,28.999588012695312,0.0,28.999588012695312,28.933871983828432,28.933871983828432,0.0,6100
2022-02-10,0.0,28.733068466186523,0.0,29.207693910044153,28.64179407453479,28.74219607944312,0.0,11600
2022-02-11,0.0,28.130659103393555,0.0,28.72485400050549,27.957237938372092,28.72485400050549,0.0,5600
2022-02-14,0.0,27.802072525024414,0.0,27.975493693324974,27.623176181556406,27.975493693324974,0.0,18900
2022-02-15,0.0,28.60528564453125,0.0,28.650921970350076,28.395355760301864,28.532266478672582,0.0,5500
2022-02-16,0.0,28.76045036315918,0.0,28.869978236819446,28.404482162392068,28.559648100839247,0.0,4900
2022-02-17,0.0,28.178119659423828,0.0,28.486625296780012,28.112401895063336,28.486625296780012,0.0,3500
2022-02-18,0.0,27.893346786499023,0.0,28.03025750150641,27.747308458369254,28.03025750150641,0.0,10800
2022-02-22,0.0,27.10839080810547,0.0,27.431500996031502,26.898459191216084,27.350266459080647,0.0,40500
2022-02-23,0.0,26.761545181274414,0.0,27.47348323838066,26.761545181274414,27.47348323838066,0.0,5300
2022-02-24,0.0,26.232158660888672,0.0,26.332560661115426,25.28290955834947,25.34680110725226,0.0,77200
2022-02-25,0.0,27.07187843322754,0.0,27.079179826733434,26.505980395497787,26.606380649402976,0.0,15500
2022-02-28,0.0,26.181047439575195,0.0,26.59360582221322,26.026793730396953,26.1956519694132,0.0,17600
2022-03-01,0.0,25.255525588989258,0.0,25.903570402744812,24.977139503308834,25.885316918814308,0.0,26300
2022-03-02,0.0,25.41982078552246,0.0,25.719198832440167,25.15512523078748,25.292035944206116,0.0,10200
2022-03-03,0.0,24.67137336730957,0.0,25.3924373701015,24.516207431380046,25.3924373701015,0.0,15800
2022-03-04,0.0,23.53957748413086,0.0,23.740379760180634,23.229245586017573,23.722124533017666,0.0,75100
2022-03-07,0.0,22.544687271118164,0.0,23.556003394711922,22.362138505321347,23.530446776410052,0.0,70500
2022-03-08,0.0,23.236547470092773,0.0,23.92292731310465,22.59032703858841,23.183608006570495,0.0,53900
2022-03-09,0.0,24.99995994567871,0.0,25.302078199414517,24.415806624648823,24.415806624648823,0.0,57900
2022-03-10,0.0,24.251514434814453,0.0,24.488827170087507,24.014201699541402,24.3427888315986,0.0,32600
2022-03-11,0.0,24.187618255615234,0.0,24.89042871331473,24.11459910032918,24.89042871331473,0.0,32300
2022-03-14,0.0,24.81740951538086,0.0,25.20349897289655,24.580096825880503,24.999956532825298,0.0,35700
2022-03-15,0.0,25.016389846801758,0.0,25.15512503720755,24.731614590170533,24.88130361247746,0.0,9200
2022-03-16,0.0,26.204776763916016,0.0,26.27505921114843,25.35775410918832,25.602368222739617,0.0,25100
2022-03-17,0.0,26.159143447875977,0.0,26.314309407596827,25.739283639757435,25.885321985269485,0.0,34500
2022-03-18,0.0,26.12810516357422,0.0,26.177393923169337,25.574985422085028,25.574985422085028,0.0,19500
2022-03-21,0.0,25.766660690307617,0.0,26.040483850776678,25.55673081925456,26.040483850776678,0.0,16400
2022-03-22,0.0,26.13175392150879,0.0,26.18651959275415,25.985715613349083,26.022226060845988,0.0,9500
2022-03-23,0.0,25.61606216430664,0.0,25.781267969030985,25.52022309041649,25.657135555712618,0.0,28200
2022-03-24,0.0,25.745668411254883,0.0,25.803170804155016,25.52113401451572,25.56585809788249,0.0,14200
2022-03-25,0.0,25.867061614990234,0.0,25.9492083856259,25.629748915477638,25.885316839779062,0.0,14900
2022-03-28,0.0,26.090682983398438,0.0,26.150011595683406,25.79404340380183,25.994845661109416,0.0,19700
2022-03-29,0.0,26.880203247070312,0.0,27.207876341056572,26.615507717383903,27.090133103840497,0.0,52700
2022-03-30,0.0,26.560747146606445,0.0,26.688530251087066,26.451217527827183,26.615511085538966,0.0,17300
2022-03-31,0.0,25.65713119506836,0.0,26.5333610749208,25.65713119506836,26.32343121715374,0.0,48100
2022-04-01,0.0,26.031356811523438,0.0,26.314305850085994,26.031356811523438,26.314305850085994,0.0,10100
2022-04-04,0.0,26.074254989624023,0.0,26.168267837567246,25.958337959376045,25.985719057714086,0.0,7300
2022-04-05,0.0,25.67538833618164,0.0,25.96381430719176,25.556732842557757,25.83968189728722,0.0,15300
2022-04-06,0.0,25.27378273010254,0.0,25.310291441645717,25.009087172529185,25.282910343216884,0.0,22000
2022-04-07,0.0,25.237272262573242,0.0,25.37418297737823,25.09123393465936,25.36505710518353,0.0,13200
2022-04-08,0.0,25.24639892578125,0.0,25.401564860965873,25.06385015230024,25.11861582889302,0.0,10900
2022-04-11,0.0,25.100360870361328,0.0,25.355928807770464,25.100360870361328,25.191635258072743,0.0,7700
2022-04-12,0.0,24.770862579345703,0.0,25.228145035336023,24.744393719565004,25.04559799310866,0.0,13000
2022-04-13,0.0,25.09123420715332,0.0,25.09123420715332,24.643991605445677,24.643991605445677,0.0,26900
2022-04-14,0.0,24.936065673828125,0.0,25.09123160041577,24.872174128923923,25.09123160041577,0.0,21500
2022-04-18,0.0,24.8265380859375,0.0,25.018212722791777,24.8265380859375,24.89955724391733,0.0,17800
2022-04-19,0.0,25.07297706604004,0.0,25.1149644317734,24.771772816833725,24.771772816833725,0.0,24200
2022-04-20,0.0,25.410694122314453,0.0,25.474585674903697,25.264655790420687,25.264655790420687,0.0,9500
2022-04-21,0.0,25.30116081237793,0.0,25.903569278797832,25.24639688113448,25.8798388802608,0.0,69500
2022-04-22,0.0,24.799158096313477,0.0,25.282911161546057,24.726138929949524,25.282911161546057,0.0,25900
2022-04-25,0.0,24.707883834838867,0.0,24.771775388133626,24.187622054108108,24.52533678841302,0.0,39900
2022-04-26,0.0,23.75497817993164,0.0,24.49794977239834,23.658228627408754,24.49794977239834,0.0,43300
2022-04-27,0.0,23.64910316467285,0.0,23.921100104982493,23.58521161646202,23.74037755108009,0.0,27500
2022-04-28,0.0,24.151107788085938,0.0,24.169363012121263,23.676484149565418,24.105471468911613,0.0,28700
2022-04-29,0.0,23.950307846069336,0.0,24.452316109758012,23.904671522513162,24.269767333705012,0.0,39700
2022-05-02,0.0,23.90467071533203,0.0,24.03245380970583,23.64910278567034,23.895543102746174,0.0,55200
2022-05-03,0.0,24.032453536987305,0.0,24.073526922700513,23.959434378043163,24.059836374434134,0.0,10800
2022-05-04,0.0,24.607481002807617,0.0,24.607481002807617,24.041582914669245,24.178493630127612,0.0,16000
2022-05-05,0.0,23.813396453857422,0.0,24.187619867247367,23.667358133554718,24.15110941671464,0.0,80700
2022-05-06,0.0,23.512191772460938,0.0,23.722121636458983,23.34972444874268,23.676485315038214,0.0,18200
2022-05-09,0.0,22.991931915283203,0.0,23.338772512622526,22.973676688866867,23.1288426315773,0.0,12800
2022-05-10,0.0,23.402664184570312,0.0,23.612595807609832,23.156225590338714,23.594340581099576,0.0,35200
2022-05-11,0.0,23.247495651245117,0.0,23.776884974668036,23.247495651245117,23.402661577468077,0.0,17100
2022-05-12,0.0,23.137969970703125,0.0,23.384410301661802,22.877839090551475,23.046695580616856,0.0,20200
2022-05-13,0.0,23.72212028503418,0.0,23.804267051643,23.45742650222773,23.45742650222773,0.0,10600
2022-05-16,0.0,23.75863265991211,0.0,23.79514136974731,23.448300792199404,23.54870104993179,0.0,11800
2022-05-17,0.0,24.37929344177246,0.0,24.44318672740564,24.114599650662534,24.278893189034086,0.0,123500
2022-05-18,0.0,23.630847930908203,0.0,24.160237282787296,23.630847930908203,24.132856185514626,0.0,40500
2022-05-19,0.0,23.991378784179688,0.0,24.059835003438902,23.585209626890407,23.585209626890407,0.0,82600
2022-05-20,0.0,24.093608856201172,0.0,24.315404811403567,23.77780179146451,24.315404811403567,0.0,20300
2022-05-23,0.0,24.370168685913086,0.0,24.643990101789548,24.306275397355414,24.370168685913086,0.0,20200
2022-05-24,0.0,24.41580581665039,0.0,24.470569753456072,24.269767491225803,24.424933429603698,0.0,11900
2022-05-25,0.0,24.23325538635254,0.0,24.543587241939193,24.22412951493591,24.22412951493591,0.0,18200
2022-05-26,0.0,24.8265380859375,0.0,24.936065952450214,24.580097774912822,24.580097774912822,0.0,12200
2022-05-27,0.0,25.24639892578125,0.0,25.34680092528722,25.01821382938705,25.01821382938705,0.0,44200
2022-05-31,0.0,25.054725646972656,0.0,25.28291075581243,24.990832354129576,25.08210674584833,0.0,18000
2022-06-01,0.0,24.936065673828125,0.0,25.209888818878458,24.832012983163843,25.209888818878458,0.0,22900
2022-06-02,0.0,25.465457916259766,0.0,25.593242761623447,25.054725762994714,25.13687254183057,0.0,60400
2022-06-03,0.0,25.25096321105957,0.0,25.310290081743922,25.145996536341503,25.264653759538405,0.0,14100
2022-06-06,0.0,25.414342880249023,0.0,25.611494439170656,25.30572724913516,25.50196656906491,0.0,36300
2022-06-07,0.0,25.422557830810547,0.0,25.50196614463556,25.100359898798835,25.100359898798835,0.0,9100
2022-06-08,0.0,25.060197830200195,0.0,25.301161220656525,24.95432066263248,25.1916333564022,0.0,13000
2022-06-09,0.0,24.397550582885742,0.0,24.838404016994925,24.27889509635929,24.780901622230356,0.0,22200
2022-06-10,0.0,23.557828903198242,0.0,23.837127238809128,23.5487012904177,23.81339683831102,0.0,48400
2022-06-13,0.0,22.822160720825195,0.0,23.07407796283644,22.727235635562142,22.873273960441587,0.0,57400
2022-06-14,0.0,22.5081787109375,0.0,22.890617519517708,22.407776707230067,22.87327453226335,0.0,51500
2022-06-15,0.0,23.256624221801758,0.0,23.347898607031755,22.54012317025453,22.955419969182632,0.0,37900
2022-06-16,0.0,22.32563018798828,0.0,22.462542645868638,22.21610231078106,22.380395867506113,0.0,23800
2022-06-17,0.0,22.389524459838867,0.0,22.590326737442542,22.243486123233595,22.425120934442113,0.0,6300
2022-06-21,0.0,22.672473907470703,0.0,22.928041871361508,22.672473907470703,22.90065902993646,0.0,10600
2022-06-22,0.0,22.48992347717285,0.0,22.763746648761938,22.371267988124185,22.371267988124185,0.0,4800
2022-06-23,0.0,22.179590225219727,0.0,22.243483513287604,22.00617080892062,22.243483513287604,0.0,6200
2022-06-24,0.0,22.56294059753418,0.0,22.791125682731018,22.398648798560252,22.407774669963768,0.0,8300
2022-06-27,0.0,22.544687271118164,0.0,22.85501912842432,22.544687271118164,22.763744745525912,0.0,17300
2022-06-28,0.0,22.444284439086914,0.0,22.868708823964482,22.307373740300534,22.845890664319086,0.0,46800
2022-06-29,0.0,22.01943016052246,0.606,22.375034271758473,22.01943016052246,22.375034271758473,0.0,24400
2022-06-30,0.0,21.719972610473633,0.0,21.86970263495071,21.364368487706773,21.53281320345475,0.0,20200
2022-07-01,0.0,21.897775650024414,0.0,21.94643741732206,21.517839749766047,21.70125800415013,0.0,18600
2022-07-05,0.0,20.990049362182617,0.0,21.03683877099641,20.68591285018837,20.990049362182617,0.0,43000
2022-07-06,0.0,20.943256378173828,0.0,20.970395803679217,20.798208152309318,20.87775049747355,0.0,6100
2022-07-07,0.0,21.2239990234375,0.0,21.2707884301512,21.15849314007774,21.26143019182817,0.0,44800
2022-07-08,0.0,21.457948684692383,0.0,21.523454565176092,21.242714567416954,21.36436809047221,0.0,61900
2022-07-11,0.0,20.952617645263672,0.0,21.156622978153127,20.9151864729812,21.064914731914357,0.0,32700
2022-07-12,0.0,20.890851974487305,0.0,21.166913750629647,20.802886678436984,21.008764346347384,0.0,15300
2022-07-13,0.0,20.933900833129883,0.0,20.999406716671448,20.589525515452973,20.737381397603727,0.0,12800
2022-07-14,0.0,20.49407196044922,0.0,20.559577842089656,20.213331957732667,20.391134911400567,0.0,29200
2022-07-15,0.0,21.027481079101562,0.0,21.12106168406437,20.78417222015889,20.8777528251217,0.0,23200
2022-07-18,0.0,21.195924758911133,0.0,21.429875367254304,21.195924758911133,21.383085959546268,0.0,16200
2022-07-19,0.0,22.075580596923828,0.0,22.19723413369673,21.682543484801382,21.691901723768773,0.0,74900
2022-07-20,0.0,21.85098648071289,0.0,22.084937081609386,21.785480598046103,21.925850601603713,0.0,17100
2022-07-21,0.0,22.000713348388672,0.0,22.000713348388672,21.663823932970473,21.663823932970473,0.0,4900
2022-07-22,0.0,21.8322696685791,0.0,22.215948505357918,21.8322696685791,22.215948505357918,0.0,4700
2022-07-25,0.0,21.935209274291992,0.0,22.084937519039258,21.841628675099585,22.084937519039258,0.0,9000
2022-07-26,0.0,21.490703582763672,0.0,21.654468298892105,21.457950639537984,21.560889481048164,0.0,3500
2022-07-27,0.0,21.916492462158203,0.0,21.96328186858781,21.654467145408653,21.654467145408653,0.0,5400
2022-07-28,0.0,22.094297409057617,0.0,22.159803297918604,21.673185573663257,21.91649443579093,0.0,4100
2022-07-29,0.0,22.440540313720703,0.0,22.56593855903473,22.150442079963057,22.150442079963057,0.0,8000
2022-08-01,0.0,22.463001251220703,0.0,22.655775966291277,22.24495947073029,22.552838912757256,0.0,44200
2022-08-02,0.0,22.12236785888672,0.0,22.38439316982751,22.12236785888672,22.290812574141412,0.0,18600
2022-08-03,0.0,22.49669075012207,0.0,22.53412191830172,22.178517788538542,22.403110152320778,0.0,21600
2022-08-04,0.0,22.67449378967285,0.0,22.75871615613912,22.64174084548059,22.660457323562337,0.0,11200
2022-08-05,0.0,22.571556091308594,0.0,22.59962902273523,22.403111363142617,22.45925901089743,0.0,4200
2022-08-08,0.0,22.605243682861328,0.0,22.786789583192586,22.507920144228105,22.683850744472434,0.0,8000
2022-08-09,0.0,22.434926986694336,0.0,22.580910500658877,22.421824025672993,22.543479333845283,0.0,4700
2022-08-10,0.0,22.92715835571289,0.0,23.058170118005663,22.880368950580156,22.92715835571289,0.0,22500
2022-08-11,0.0,22.885986328125,0.0,23.055366359363042,22.885986328125,23.055366359363042,0.0,5100
2022-08-12,0.0,23.151752471923828,0.0,23.198543665512506,22.88037068871561,22.95523481355597,0.0,7000
2022-08-15,0.0,22.899084091186523,0.0,22.936517043948612,22.824219970563778,22.936517043948612,0.0,6800
2022-08-16,0.0,22.97395133972168,0.0,23.13303784081738,22.917803687835452,22.917803687835452,0.0,3700
2022-08-17,0.0,22.611793518066406,0.0,22.655775274211585,22.440541150331764,22.62770234451509,0.0,5800
2022-08-18,0.0,22.49762725830078,0.0,22.54815960581839,22.421826059672053,22.534123140102643,0.0,5200
2022-08-19,0.0,22.038145065307617,0.0,22.28145389531785,22.038145065307617,22.28145389531785,0.0,12800
2022-08-22,0.0,21.355009078979492,0.0,21.54123318745173,21.32693615116134,21.523453785493654,0.0,22500
2022-08-23,0.0,21.355009078979492,0.0,21.626392613897043,21.28108025158249,21.41115671951711,0.0,9600
2022-08-24,0.0,21.42987632751465,0.0,21.476667522220865,21.224000425512013,21.42987632751465,0.0,17100
2022-08-25,0.0,21.617036819458008,0.0,21.617036819458008,21.42051737801397,21.42051737801397,0.0,6400
2022-08-26,0.0,20.84031867980957,0.0,21.757404550777867,20.84031867980957,21.757404550777867,0.0,13000
2022-08-29,0.0,20.943256378173828,0.0,21.111701091346767,20.887108735416643,20.887108735416643,0.0,80800
2022-08-30,0.0,20.999406814575195,0.0,21.33629447220267,20.943257384219393,21.261430349963067,0.0,31000
2022-08-31,0.0,20.971330642700195,0.0,21.06491123522483,20.901144752081382,21.05555299748223,0.0,15700
2022-09-01,0.0,20.737382888793945,0.0,20.737382888793945,20.38177873046821,20.615729351311916,0.0,20800
2022-09-02,0.0,20.48471450805664,0.0,21.326938118312338,20.428566862340084,21.055554558362953,0.0,9100
2022-09-06,0.0,20.69059181213379,0.0,20.821603578085867,20.550220023012056,20.78417062501302,0.0,17200
2022-09-07,0.0,21.130420684814453,0.0,21.19592657517947,20.597013537668865,20.597013537668865,0.0,22900
2022-09-08,0.0,20.980690002441406,0.0,20.980690002441406,20.59701115898336,20.709306448097138,0.0,13700
2022-09-09,0.0,21.42987632751465,0.0,21.504740454143022,21.2801480742579,21.2801480742579,0.0,10500
2022-09-12,0.0,22.22530746459961,0.0,22.22530746459961,21.909942149161665,21.909942149161665,0.0,22700
2022-09-13,0.0,21.32693862915039,0.0,21.724653955263015,21.167852141725035,21.67318453508106,0.0,20800
2022-09-14,0.0,21.186567306518555,0.0,21.289506149177583,21.07239964815749,21.149136135943536,0.0,12600
2022-09-15,0.0,21.214641571044922,0.0,21.260495691095493,20.990049197676168,21.24177921375605,0.0,10600
2022-09-16,0.0,20.830963134765625,0.0,20.896469021887594,20.63444368849816,20.70930781448063,0.0,12800
2022-09-19,0.0,21.177207946777344,0.0,21.177207946777344,20.568936731690155,20.568936731690155,0.0,25500
2022-09-20,0.0,20.540863037109375,0.0,20.671874799664884,20.316268894297934,20.6531583236137,0.0,33500
2022-09-21,0.0,20.26948356628418,0.0,20.69153072615594,20.166544712197872,20.46600303454879,0.0,13300
2022-09-22,0.0,20.185258865356445,0.0,20.297555946406817,20.02617237506099,20.297555946406817,0.0,13000
2022-09-23,0.0,19.436614990234375,0.0,19.689282049891464,19.25881204622739,19.689282049891464,0.0,33300
2022-09-26,0.0,19.155874252319336,0.0,19.39918308754658,19.024862489082132,19.305602491705116,0.0,20000
2022-09-27,0.0,18.83769989013672,0.0,19.296244597014354,18.74879931242438,19.296244597014354,0.0,17500
2022-09-28,0.0,19.481536865234375,0.0,19.502123920166856,18.80027205677765,18.837703228009584,0.0,14500
2022-09-29,0.0,19.277528762817383,0.0,19.277528762817383,18.800269350232284,18.968714058780122,0.0,14500
2022-09-30,0.0,19.071653366088867,0.0,19.371111652867526,18.987432786724778,19.024863957008645,0.0,563700
2022-10-03,0.0,19.53019905090332,0.0,19.614419634184298,19.2307407501976,19.30560487914862,0.0,23200
2022-10-04,0.0,20.546478271484375,0.0,20.578295926453848,20.151570589203384,20.22269177622872,0.0,26200
2022-10-05,0.0,20.45663833618164,0.0,20.45663833618164,20.026168360827803,20.11974894546135,0.0,24700
2022-10-06,0.0,19.85772705078125,0.0,20.01681353630873,19.82029588148734,20.01681353630873,0.0,8700
2022-10-07,0.0,19.502120971679688,0.0,19.595701562963637,19.26817038592048,19.567626850108056,0.0,19800
2022-10-10,0.0,19.427257537841797,0.0,19.5676275372463,19.240096348701535,19.5676275372463,0.0,11600
2022-10-11,0.0,19.174591064453125,0.0,19.511480501424945,19.06884636367345,19.324319306462503,0.0,17900
2022-10-12,0.0,19.212026596069336,0.0,19.268174248133704,19.16523539859763,19.17459363809197,0.0,17400
2022-10-13,0.0,19.848369598388672,0.0,19.898903731573732,18.82179595603013,18.931283603095146,0.0,16200
2022-10-14,0.0,19.57698631286621,0.0,19.94194867832172,19.520838668542616,19.94194867832172,0.0,10700
2022-10-17,0.0,20.222692489624023,0.0,20.297556617833532,20.016814798371666,20.016814798371666,0.0,17500
2022-10-18,0.0,20.55957794189453,0.0,20.770133837404778,20.409849701732004,20.634442061975793,0.0,18900
2022-10-19,0.0,20.231109619140625,0.0,20.3911331561175,20.138466104481516,20.241403144669274,0.0,14200
2022-10-20,0.0,20.138469696044922,0.0,20.47535737340668,20.138469696044922,20.232050300551577,0.0,16100
2022-10-21,0.0,20.59139633178711,0.0,20.61572810875794,20.063604534052335,20.063604534052335,0.0,13500
2022-10-24,0.0,20.78417205810547,0.0,20.904892090658173,20.653160283119977,20.77481560409356,0.0,17500
2022-10-25,0.0,21.172531127929688,0.0,21.31758115501709,20.82160519763251,20.82160519763251,0.0,18800
2022-10-26,0.0,21.56088638305664,0.0,21.626392260095756,21.233355212959786,21.233355212959786,0.0,12100
2022-10-27,0.0,21.3082218170166,0.0,21.560888902175254,21.3082218170166,21.46543594027897,0.0,15500
2022-10-28,0.0,21.597383499145508,0.0,21.6357517392995,21.308220550404,21.308220550404,0.0,14300
2022-10-31,0.0,21.24271583557129,0.0,21.355011127418233,21.223999358629637,21.34565288894741,0.0,10900
2022-11-01,0.0,21.471986770629883,0.0,21.698451504462597,21.326938534291184,21.69190091591954,0.0,12300
2022-11-02,0.0,21.064912796020508,0.0,21.68815755362609,21.04619631914852,21.45794988582481,0.0,8000
2022-11-03,0.0,20.77481460571289,0.0,20.922670489676456,20.61572812163224,20.65315929058573,0.0,14900
2022-11-04,0.0,21.79483985900879,0.0,21.832271028759966,21.445784517988315,21.551531008470818,0.0,35300
2022-11-07,0.0,22.11301040649414,0.0,22.11301040649414,21.850986871145164,22.038146284265654,0.0,8600
2022-11-08,0.0,22.262739181518555,0.0,22.417145644020806,22.052183291832424,22.052183291832424,0.0,40600
2022-11-09,0.0,22.300168991088867,0.0,22.384391341838317,22.04375900090296,22.169157238768058,0.0,15000
2022-11-10,0.0,23.31083869934082,0.0,23.48021871296199,23.067529850108297,23.133035735497533,0.0,32100
2022-11-11,0.0,24.059476852416992,0.0,24.143699204226024,23.629008640860857,23.722589230082143,0.0,30500
2022-11-14,0.0,23.928468704223633,0.0,24.237283445758216,23.928468704223633,23.965901659513424,0.0,12700
2022-11-15,0.0,23.965900421142578,0.0,24.368295745207437,23.713233340697,24.368295745207437,0.0,23400
2022-11-16,0.0,24.115629196166992,0.0,24.134345673257197,23.90694565282554,24.115629196166992,0.0,8000
2022-11-17,0.0,24.237281799316406,0.0,24.237281799316406,23.818977655366343,23.862961196353883,0.0,21100
2022-11-18,0.0,24.143701553344727,0.0,24.237282151671163,24.040764501596957,24.227923913348373,0.0,21200
2022-11-21,0.0,23.919109344482422,0.0,24.003331705036,23.862961699080525,23.919109344482422,0.0,15900
2022-11-22,0.0,24.277523040771484,0.0,24.277523040771484,23.956542423636552,23.956542423636552,0.0,30700
2022-11-23,0.0,24.33086585998535,0.0,24.436612360138145,24.11563170575419,24.11563170575419,0.0,15400
2022-11-25,0.0,24.5086669921875,0.0,24.600375233692834,24.340222263356413,24.340222263356413,0.0,10600
2022-11-28,0.0,24.050125122070312,0.0,24.406664577505886,24.050125122070312,24.340223399205016,0.0,73600
2022-11-29,0.0,24.153060913085938,0.0,24.218566799485423,24.02204914028697,24.181135629357804,0.0,39000
2022-11-30,0.0,24.527379989624023,0.0,24.695824706812516,24.040764099292335,24.199850578314646,0.0,10300
2022-12-01,0.0,24.695825576782227,0.0,24.808122653830964,24.649036169204454,24.79876441533511,0.0,4100
2022-12-02,0.0,24.864267349243164,0.0,24.920414988653707,24.583527367289175,24.583527367289175,0.0,6400
2022-12-05,0.0,24.433801651000977,0.0,24.817480498738593,24.433801651000977,24.742616376860557,0.0,4400
2022-12-06,0.0,24.237281799316406,0.0,24.555454758059906,24.116563561039868,24.555454758059906,0.0,8300
2022-12-07,0.0,24.368295669555664,0.0,24.42444331451322,24.330862716316325,24.34022095462616,0.0,2600
2022-12-08,0.0,24.424442291259766,0.0,24.51521523567066,24.237281102707033,24.246639340624807,0.0,21400
2022-12-09,0.0,24.480592727661133,0.0,24.639679220615953,24.445967421903966,24.480592727661133,0.0,5200
2022-12-12,0.0,24.499303817749023,0.0,24.53673498055864,24.349575596708178,24.53673498055864,0.0,3900
2022-12-13,0.0,24.976566314697266,0.0,25.425751033985367,24.845552766228845,25.266664556124823,0.0,15700
2022-12-14,0.0,24.967206954956055,0.0,25.03271283379673,24.73325636772431,24.939132241923765,0.0,20700
2022-12-15,0.0,24.349578857421875,0.0,24.527380028154443,24.02204766069655,24.527380028154443,0.0,18100
2022-12-16,0.0,23.891036987304688,0.0,23.99397404219373,23.862962271479578,23.900395225913055,0.0,55300
2022-12-19,0.0,23.928468704223633,0.0,24.096913433224596,23.89103753383539,24.059480477934805,0.0,10900
2022-12-20,0.0,24.008014678955078,0.0,24.04076762488926,23.85360640392106,23.909754056250847,0.0,48800
2022-12-21,0.0,24.265357971191406,0.0,24.363616800701223,24.153060891107664,24.227925016196316,0.0,45600
2022-12-22,0.0,24.012691497802734,0.0,24.134346819766847,23.779676166194253,24.134346819766847,0.0,10000
2022-12-23,0.0,23.956541061401367,0.0,24.05012165550829,23.956541061401367,24.00333046600414,0.0,1400
2022-12-27,0.0,24.115629196166992,0.0,24.284073920175846,24.115629196166992,24.143702126900802,0.0,8800
2022-12-28,0.0,23.85360336303711,0.0,24.171776327180996,23.85360336303711,24.171776327180996,0.0,18200
2022-12-29,0.0,24.57826042175293,0.111,24.57826042175293,24.24929672580779,24.29629256391876,0.0,13500
2022-12-30,0.0,24.06131935119629,0.0,24.221101619340207,24.003045586111007,24.202303283627284,0.0,30200
2023-01-03,0.0,24.268096923828125,0.0,24.531268259326385,24.268096923828125,24.399681695223226,0.0,30100
2023-01-04,0.0,25.02941131591797,0.0,25.034111796384355,24.79443748842351,24.869629041513416,0.0,19200
2023-01-05,0.0,24.719247817993164,0.0,24.80383854575038,24.68165293493894,24.747445324814958,0.0,38700
2023-01-06,0.0,25.34897804260254,0.0,25.377175549699373,24.719248059105375,24.719248059105375,0.0,16700
2023-01-09,0.0,25.715538024902344,0.0,25.903516024213385,25.6403464666363,25.696739687158793,0.0,21900
2023-01-10,0.0,25.790729522705078,0.0,25.912915132335396,25.69673962691583,25.724937133465048,0.0,22700
2023-01-11,0.0,26.251277923583984,0.0,26.251277923583984,26.053898964031756,26.138489690595833,0.0,75900
2023-01-12,0.0,26.646034240722656,0.0,26.740024136767573,26.157288215455623,26.373463721463217,0.0,49700
2023-01-13,0.0,26.58024024963379,0.0,26.655431803397203,26.39226046887123,26.39226046887123,0.0,29500
2023-01-17,0.0,26.627233505249023,0.0,26.818972589081667,26.608435169191157,26.69302588874356,0.0,22700
2023-01-18,0.0,26.533245086669922,0.0,27.003192757887064,26.486251036631447,26.890406320711485,0.0,90500
2023-01-19,0.0,26.34527015686035,0.0,26.4260997889076,26.204284404936917,26.307673478291886,0.0,32500
2023-01-20,0.0,26.617835998535156,0.0,26.617835998535156,26.365004995796347,26.392261329885823,0.0,25200
2023-01-23,0.0,26.674230575561523,0.0,26.711827251937926,26.486252571804112,26.505050909992313,0.0,20800
2023-01-24,0.0,26.655431747436523,0.0,26.740022469331283,26.48625030364701,26.533244352384965,0.0,7200
2023-01-25,0.0,26.815216064453125,0.0,26.87160928577365,26.53324637243412,26.542645541438908,0.0,11000
2023-01-26,0.0,26.815216064453125,0.0,26.82931392160621,26.647913365959408,26.74942188141963,0.0,6100
2023-01-27,0.0,26.69302749633789,0.0,26.805815726769794,26.580241058614096,26.608436771690993,0.0,8200
2023-01-30,0.0,26.599037170410156,0.0,26.787016953836094,26.552043120907708,26.68362789368102,0.0,7700
2023-01-31,0.0,26.83401107788086,0.0,26.83401107788086,26.52478686100458,26.533244857730317,0.0,5600
2023-02-01,0.0,27.191173553466797,0.0,27.3782121742338,26.79641742327295,26.805816592171393,0.0,17200
2023-02-02,0.0,27.473140716552734,0.0,27.548332273025874,27.25696521578097,27.388549991431937,0.0,23400
2023-02-03,0.0,26.993793487548828,0.0,27.251324968163026,26.965597774715302,27.040789330118187,0.0,8800
2023-02-06,0.0,26.73062515258789,0.0,26.787018373521224,26.693028476826886,26.787018373521224,0.0,4700
2023-02-07,0.0,26.89040756225586,0.0,26.89040756225586,26.54264548070725,26.54264548070725,0.0,10500
2023-02-08,0.0,26.824613571166992,0.0,26.943979245443625,26.787016897477677,26.899805125837556,0.0,10200
2023-02-09,0.0,26.88100814819336,0.0,27.294562616146287,26.88100814819336,27.256965940555943,0.0,12500
2023-02-10,0.0,26.57084083557129,0.0,26.62253536443827,26.492829352765916,26.56144166734929,0.0,8500
2023-02-13,0.0,26.909202575683594,0.0,26.909202575683594,26.64603302996566,26.64603302996566,0.0,7500
2023-02-14,0.0,26.928001403808594,0.0,27.13477952802545,26.810514485124692,26.899805690657647,0.0,8300
2023-02-15,0.0,27.0097713470459,0.0,27.012591276813687,26.740022566270927,26.740022566270927,0.0,6400
2023-02-16,0.0,26.89980697631836,0.0,27.02199258879784,26.758821232992858,26.815216247406337,0.0,9400
2023-02-17,0.0,26.918603897094727,0.0,26.989096769740414,26.66483349952834,26.693029214420037,0.0,38500
2023-02-21,0.0,26.57084083557129,0.0,26.768217990109193,26.50504845072532,26.740022278151226,0.0,51400
2023-02-22,0.0,26.523845672607422,0.0,26.636633901447095,26.443955429739884,26.580240683381298,0.0,10100
2023-02-23,0.0,26.740022659301758,0.0,26.814273041710262,26.627234431738113,26.749420034949676,0.0,3100
2023-02-24,0.0,26.082096099853516,0.0,26.288872432567523,26.03510204918928,26.213680875879874,0.0,38700
2023-02-27,0.0,26.533245086669922,0.0,26.693027366592073,26.401660312395713,26.49565020518076,0.0,18100
2023-02-28,0.0,26.382862091064453,0.0,26.581180425096584,26.382862091064453,26.453354959139585,0.0,10300
2023-03-01,0.0,26.467453002929688,0.0,26.711826009888824,26.37346310906723,26.674229335260595,0.0,8500
2023-03-02,0.0,26.476852416992188,0.0,26.476852416992188,26.270076082744733,26.270076082744733,0.0,3200
2023-03-03,0.0,26.989093780517578,0.0,27.003191636401993,26.747540716227373,26.747540716227373,0.0,4200
2023-03-06,0.0,27.050188064575195,0.0,27.200571172967862,26.956198173652762,27.08778294531933,0.0,25500
2023-03-07,0.0,26.58024024963379,0.0,26.843409791451716,26.58024024963379,26.843409791451716,0.0,14400
2023-03-08,0.0,26.805816650390625,0.0,26.815215819309483,26.664832702024086,26.664832702024086,0.0,4500
2023-03-09,0.0,26.636632919311523,0.0,26.787016023747498,26.53042393304076,26.71182447152951,0.0,4700
2023-03-10,0.0,26.420461654663086,0.0,26.70242957238229,26.32647175118725,26.70242957238229,0.0,8200
2023-03-13,0.0,25.99750518798828,0.0,26.174205255301224,25.80012802536471,25.912914463233005,0.0,25300
2023-03-14,0.0,26.47779083251953,0.0,26.542643839598625,26.345266681277963,26.42985740418912,0.0,10900
2023-03-15,0.0,25.45236587524414,0.0,25.536956599725254,25.104603808743107,25.22679120753054,0.0,36000
2023-03-16,0.0,25.92231559753418,0.0,25.92231559753418,25.226793202244394,25.226793202244394,0.0,11700
2023-03-17,0.0,25.499359130859375,0.0,25.602748189272045,25.371533669075518,25.442965913865212,0.0,6500
2023-03-20,0.0,26.03510093688965,0.0,26.072695817273242,25.8095244837559,25.83772198857463,0.0,24900
2023-03-21,0.0,26.56144142150879,0.0,26.646032142015823,26.411058316764727,26.56144142150879,0.0,9700
2023-03-22,0.0,26.57084083557129,0.0,26.97499610557713,26.57084083557129,26.664830725083256,0.0,18400
2023-03-23,0.0,26.55204200744629,0.0,26.957136648960528,26.373461399951243,26.937398933872235,0.0,12400
2023-03-24,0.0,26.241878509521484,0.0,26.241878509521484,25.931713112588035,26.035102175801892,0.0,9300
2023-03-27,0.0,26.476852416992188,0.0,26.664832206459423,26.46745324824801,26.50504992322471,0.0,16800
2023-03-28,0.0,26.664831161499023,0.0,26.702426042294295,26.561442102072913,26.561442102072913,0.0,18100
2023-03-29,0.0,26.97499656677246,0.0,27.153575387919552,26.881006675653534,26.979695254609776,0.0,26100
2023-03-30,0.0,27.4637393951416,0.0,27.52953357051788,27.282340653314417,27.473138563052498,0.0,12300
2023-03-31,0.0,27.585927963256836,0.0,27.68931522927562,27.501337241154523,27.567129626632312,0.0,13100
2023-04-03,0.0,27.698715209960938,0.0,27.698715209960938,27.501338047738717,27.585928772321985,0.0,7500
2023-04-04,0.0,27.755109786987305,0.0,27.820902173364743,27.69871477634258,27.820902173364743,0.0,14300
2023-04-05,0.0,27.4637393951416,0.0,27.61882297660944,27.41674534829509,27.4637393951416,0.0,10500
2023-04-06,0.0,27.764509201049805,0.0,27.83970075653322,27.463741186408047,27.463741186408047,0.0,10900
2023-04-10,0.0,27.67051887512207,0.0,27.67051887512207,27.557730647309473,27.557730647309473,0.0,3600
2023-04-11,0.0,27.792705535888672,0.0,27.924290312752373,27.604727539327403,27.69871564125397,0.0,4600
2023-04-12,0.0,27.999483108520508,0.0,28.121668714231888,27.85849737300448,28.03707799000551,0.0,9800
2023-04-13,0.0,28.281452178955078,0.0,28.281452178955078,28.135767749415685,28.159264775416702,0.0,9900
2023-04-14,0.0,28.2523136138916,0.0,28.281450498067752,28.074674171756936,28.281450498067752,0.0,5100
2023-04-17,0.0,28.027679443359375,0.0,28.14046767573322,27.92523155151374,28.14046767573322,0.0,7200
2023-04-18,0.0,28.262651443481445,0.0,28.591615157713445,28.2071976063234,28.225056563610714,0.0,8400
2023-04-19,0.0,28.253253936767578,0.0,28.272052274162387,28.141406876872264,28.24385476807017,0.0,2200
2023-04-20,0.0,28.046478271484375,0.0,28.1404681679887,27.990085050665044,28.084073154461205,0.0,11000
2023-04-21,0.0,28.328445434570312,0.0,28.328445434570312,28.084072427071693,28.093471595749502,0.0,8900
2023-04-24,0.0,28.384838104248047,0.0,28.460029654757385,28.320924479596524,28.328443096835066,0.0,10000
2023-04-25,0.0,28.037076950073242,0.0,28.32844399343019,28.022037922412203,28.32844399343019,0.0,20400
2023-04-26,0.0,28.08407211303711,0.0,28.30964857336585,27.943088169862722,28.055876400027092,0.0,2500
2023-04-27,0.0,28.36604118347168,0.0,28.36604118347168,28.074674134801775,28.074674134801775,0.0,17600
2023-04-28,0.0,28.469430923461914,0.0,28.506086426089635,28.196860412309697,28.196860412309697,0.0,13400
2023-05-01,0.0,28.49762725830078,0.0,28.554020478397515,28.3754416493065,28.3754416493065,0.0,8800
2023-05-02,0.0,28.09347152709961,0.0,28.460031933805862,27.877296026162664,28.09347152709961,0.0,13500
2023-05-03,0.0,28.14046859741211,0.0,28.413037329455072,28.093472752088708,28.22505932628604,0.0,5600
2023-05-04,0.0,28.10287094116211,0.0,28.168663329612396,27.96188699552462,28.093471772425193,0.0,8700
2023-05-05,0.0,28.46002960205078,0.0,28.58597450774899,28.055874346546084,28.272049829771586,0.0,9000
2023-05-08,0.0,28.403635025024414,0.0,28.516423248642138,28.36604014562384,28.422433361078703,0.0,7300
2023-05-09,0.0,28.20625877380371,0.0,28.375440218269862,28.112268883243843,28.112268883243843,0.0,4900
2023-05-10,0.0,28.272052764892578,0.0,28.328445985347727,28.14046798626118,28.328445985347727,0.0,1600
2023-05-11,0.0,27.924287796020508,0.0,27.980682803343495,27.80210219890331,27.980682803343495,0.0,5900
2023-05-12,0.0,27.896093368530273,0.0,28.15268367209417,27.65172037034462,27.821841193701005,0.0,25900
2023-05-15,0.0,28.008880615234375,0.0,28.187461233069836,27.736311896893188,27.961886564981512,0.0,3800
2023-05-16,0.0,27.820903778076172,0.0,28.02298142943877,27.770148624109975,28.00888177961028,0.0,7200
2023-05-17,0.0,28.09347152709961,0.0,28.19686058959472,27.632923019261206,28.037078307878694,0.0,37000
2023-05-18,0.0,28.149866104125977,0.0,28.187460985456394,27.792704871592544,28.037077874718555,0.0,7500
2023-05-19,0.0,28.413034439086914,0.0,28.461909037626477,28.22505645504029,28.394236102869847,0.0,29500
2023-05-22,0.0,28.347244262695312,0.0,28.366042600376378,28.25325436699814,28.347244262695312,0.0,5600
2023-05-23,0.0,27.980682373046875,0.0,28.206257020745948,27.84345775087891,28.168660349775465,0.0,5000
2023-05-24,0.0,27.5107364654541,0.0,27.576528851065785,27.379149901522684,27.379149901522684,0.0,7900
2023-05-25,0.0,27.4637393951416,0.0,27.736309886433688,27.322755461894097,27.41674534829509,0.0,27900
2023-05-26,0.0,27.64232063293457,0.0,27.764508025865872,27.48253836020688,27.48253836020688,0.0,6200
2023-05-30,0.0,27.623523712158203,0.0,27.764509448566052,27.407348212304722,27.663940316442254,0.0,5800
2023-05-31,0.0,27.059587478637695,0.0,27.2945613117233,26.90920257617148,27.27576297482651,0.0,9100
2023-06-01,0.0,27.651721954345703,0.0,27.68931683706967,27.16297592997707,27.313359046289243,0.0,9000
2023-06-02,0.0,27.717514038085938,0.0,27.90549382775794,27.572770783225867,27.858497983985874,0.0,8500
2023-06-05,0.0,27.61412239074707,0.0,27.905491216747212,27.55772917620522,27.726910612538735,0.0,52000
2023-06-06,0.0,27.61412239074707,0.0,27.886692880997273,27.538930840455283,27.538930840455283,0.0,9100
2023-06-07,0.0,27.56713104248047,0.0,27.698715820194238,27.520136991213594,27.689316651399235,0.0,4100
2023-06-08,0.0,27.905492782592773,0.0,28.01827921800519,27.62352310864559,27.68931549475418,0.0,9300
2023-06-09,0.0,27.698715209960938,0.0,27.830301777483854,27.63010289270634,27.792705103132132,0.0,3100
2023-06-12,0.0,28.065277099609375,0.0,28.14046865958475,27.877297303316833,27.914893979658622,0.0,6800
2023-06-13,0.0,28.253253936767578,0.0,28.367920926542922,28.12166916042015,28.23445739208089,0.0,15200
2023-06-14,0.0,28.347244262695312,0.0,28.6198147809463,28.347244262695312,28.42243582071142,0.0,8900
2023-06-15,0.0,28.77019691467285,0.0,28.95535497711419,28.44123318731868,28.47882806868905,0.0,11800
2023-06-16,0.0,28.90178108215332,0.0,29.03336585325102,28.572817361701023,28.920579418798148,0.0,3700
2023-06-20,0.0,28.54462242126465,0.0,28.71380207751843,28.356642635149644,28.66680802734373,0.0,43300
2023-06-21,0.0,28.347244262695312,0.0,28.632973258781416,28.25325436699814,28.25325436699814,0.0,4800
2023-06-22,0.0,28.328445434570312,0.0,28.431834497318068,27.8397012122812,28.178062321141642,0.0,11000
2023-06-23,0.0,27.905492782592773,0.0,28.008880049602812,27.622583729617773,27.622583729617773,0.0,23200
2023-06-26,0.0,27.886693954467773,0.0,28.02297920483904,27.6329217901988,27.886693954467773,0.0,4000
2023-06-27,0.0,28.037076950073242,0.0,28.208137150265948,27.91489134889389,27.943087060784798,0.0,5100
2023-06-28,0.0,28.262651443481445,0.0,28.262651443481445,27.94778737782049,28.121667506727167,0.0,20500
2023-06-29,0.0,28.042652130126953,0.651,28.124310222406358,27.798636186972026,27.99461634139379,0.0,17700
2023-06-30,0.0,28.44614601135254,0.0,28.495140137933205,28.32125478240927,28.417324535662985,0.0,4500
2023-07-03,0.0,28.364486694335938,0.0,28.364486694335938,28.263614275804066,28.359684031139352,0.0,2400
2023-07-05,0.0,27.917762756347656,0.0,28.129116575981925,27.802480520527237,28.129116575981925,0.0,6100
2023-07-06,0.0,27.341346740722656,0.0,27.50466477239603,27.163618887318094,27.50466477239603,0.0,43000
2023-07-07,0.0,27.69680404663086,0.0,27.70641120516345,27.461433243527672,27.461433243527672,0.0,3600
2023-07-10,0.0,27.79287338256836,0.0,27.87357131417757,27.658376829886343,27.687196472673573,0.0,22300
2023-07-11,0.0,28.090688705444336,0.0,28.100295864086668,27.936977831923343,27.946584990565675,0.0,7700
2023-07-12,0.0,28.82081413269043,0.0,28.831381456699578,28.59985499744386,28.59985499744386,0.0,6400
2023-07-13,0.0,29.26273536682129,0.0,29.26273536682129,29.15706028364937,29.195487086881467,0.0,4900
2023-07-14,0.0,29.11863136291504,0.0,29.11863136291504,29.11863136291504,29.11863136291504,0.0,0
2023-07-17,0.0,29.233917236328125,0.0,29.233917236328125,28.936102624439208,28.98413658906125,0.0,2900
2023-07-18,0.0,29.214698791503906,0.0,29.214698791503906,29.09941655974112,29.10902188540632,0.0,26100
2023-07-19,0.0,29.128238677978516,0.0,29.20509411648064,29.025444093792103,29.128238677978516,0.0,6000
2023-07-20,0.0,28.96491813659668,0.0,29.109021842275663,28.847713740447695,29.109021842275663,0.0,6600
2023-07-21,0.0,28.96491813659668,0.0,29.03216641042167,28.87269271779871,28.87269271779871,0.0,4500
2023-07-24,0.0,28.791996002197266,0.0,28.94570688216345,28.787193338863798,28.830424638377924,0.0,7400
2023-07-25,0.0,28.916887283325195,0.0,28.916887283325195,28.753569244054503,28.811210366038797,0.0,14600
2023-07-26,0.0,28.897672653198242,0.0,28.897672653198242,28.542215101313445,28.542215101313445,0.0,1900
2023-07-27,0.0,28.82081413269043,0.0,29.13688284877535,28.82081413269043,29.089809057584958,0.0,10800
2023-07-28,0.0,29.291555404663086,0.0,29.320376879955035,29.08020341632312,29.08020341632312,0.0,4500
2023-07-31,0.0,29.214698791503906,0.0,29.420287942397522,29.157057675622514,29.329982855644726,0.0,14300
2023-08-01,0.0,28.811208724975586,0.0,28.8976713192163,28.62867637798095,28.8976713192163,0.0,3700
2023-08-02,0.0,28.14832878112793,0.0,28.5230006247727,28.105097485029614,28.5230006247727,0.0,57700
2023-08-03,0.0,28.08108139038086,0.0,28.085885885864336,27.888943715738968,27.936977676304906,0.0,28100
2023-08-04,0.0,28.023441314697266,0.0,28.388504192774914,28.004226996804178,28.109903912837957,0.0,43200
2023-08-07,0.0,28.340471267700195,0.0,28.340471267700195,28.12911926027522,28.2155818615805,0.0,4200
2023-08-08,0.0,27.99942398071289,0.0,27.99942398071289,27.754446011608373,27.869730085136062,0.0,9700
2023-08-09,0.0,28.042652130126953,0.0,28.196362989317112,28.023437814633688,28.023437814633688,0.0,3800
2023-08-10,0.0,28.15793800354004,0.0,28.484574079698568,28.15793800354004,28.36929183657098,0.0,4200
2023-08-11,0.0,27.927370071411133,0.0,28.028242486414452,27.902392925381882,28.023439823385864,0.0,3700
2023-08-14,0.0,28.00422477722168,0.0,28.00422477722168,27.812087110654026,27.850513911016332,0.0,4700
2023-08-15,0.0,27.61994743347168,0.0,27.704487859625647,27.61994743347168,27.704487859625647,0.0,1000
2023-08-16,0.0,27.50466537475586,0.0,27.72370419823334,27.50466537475586,27.65837808356022,0.0,3100
2023-08-17,0.0,27.40859603881836,0.0,27.629555183246964,27.28370481292178,27.629555183246964,0.0,9300
2023-08-18,0.0,27.274097442626953,0.0,27.341345718027977,27.053138299915577,27.110779417062442,0.0,3800
2023-08-21,0.0,27.475845336914062,0.0,27.552700774025755,27.303880311473385,27.403792562956404,0.0,1800
2023-08-22,0.0,27.456632614135742,0.0,27.56230953344351,27.389384331804713,27.56230953344351,0.0,5900
2023-08-23,0.0,27.52387809753418,0.0,27.543092414068624,27.379774388281994,27.418203021350887,0.0,27200
2023-08-24,0.0,27.129995346069336,0.0,27.30292054016599,27.129995346069336,27.30292054016599,0.0,2200
2023-08-25,0.0,27.31252670288086,0.0,27.31252670288086,27.149208673565717,27.302919544406073,0.0,4300
2023-08-28,0.0,27.608421325683594,0.0,27.608421325683594,27.466237943671008,27.466237943671008,0.0,3100
2023-08-29,0.0,28.00422477722168,0.0,28.00422477722168,27.552699336790727,27.552699336790727,0.0,5300
2023-08-30,0.0,28.01383399963379,0.0,28.060907795544775,27.88894459878112,28.042655476312806,0.0,3100
2023-08-31,0.0,27.840909957885742,0.0,28.01383516036848,27.792875993808657,28.012874994152853,0.0,3600
2023-09-01,0.0,27.591127395629883,0.0,27.86972949857087,27.504664800398412,27.86972949857087,0.0,3500
2023-09-05,0.0,27.18763542175293,0.0,27.485451836752745,27.178030095675105,27.485451836752745,0.0,7100
2023-09-06,0.0,27.235673904418945,0.0,27.274100709660456,27.120389823937813,27.274100709660456,0.0,3200
2023-09-07,0.0,27.12038803100586,0.0,27.129995189775684,26.987811805311765,27.12038803100586,0.0,15600
2023-09-08,0.0,27.091567993164062,0.0,27.197243073339244,27.08196083453393,27.10117331941605,0.0,1300
2023-09-11,0.0,27.370168685913086,0.0,27.37977584469134,27.254886445330374,27.331741883178243,0.0,1800
2023-09-12,0.0,27.110780715942383,0.0,27.222222291127316,27.110780715942383,27.110780715942383,0.0,4700
2023-09-13,0.0,26.99549674987793,0.0,27.14920761472343,26.957068117477533,26.9724399369133,0.0,4100
2023-09-14,0.0,27.18763542175293,0.0,27.23182871712588,27.072353185037873,27.08196034349381,0.0,6200
2023-09-15,0.0,27.221261978149414,0.0,27.370170198876426,27.221261978149414,27.312529075398796,0.0,3200
2023-09-18,0.0,27.091567993164062,0.0,27.12999479530645,26.976283921980603,26.976283921980603,0.0,14700
2023-09-19,0.0,27.014711380004883,0.0,27.024316705838554,26.918641630265547,27.024316705838554,0.0,5300
2023-09-20,0.0,26.947463989257812,0.0,27.30292154941574,26.947463989257812,27.206851789991035,0.0,3900
2023-09-21,0.0,26.649648666381836,0.0,26.803359544369904,26.649648666381836,26.793752385448375,0.0,13200
2023-09-22,0.0,26.64004135131836,0.0,26.755325425322816,26.57279307164001,26.707289630996712,0.0,35400
2023-09-25,0.0,26.294193267822266,0.0,26.313405753520676,26.15969487366402,26.274978949745627,0.0,5300
2023-09-26,0.0,25.929126739501953,0.0,26.07323045023671,25.84458631120993,26.044410807516616,0.0,11300
2023-09-27,0.0,25.823450088500977,0.0,25.88109303927471,25.583276624078103,25.88109303927471,0.0,10700
2023-09-28,0.0,26.159696578979492,0.0,26.164501075000963,26.044414327761018,26.112622779287808,0.0,4700
2023-09-29,0.0,26.111658096313477,0.0,26.475760772442033,26.111658096313477,26.409472664887485,0.0,5000
2023-10-02,0.0,25.74659538269043,0.0,25.977163527562098,25.708168580130597,25.977163527562098,0.0,11400
2023-10-03,0.0,25.429567337036133,0.0,25.61209969443039,25.40074769223267,25.525637095263544,0.0,13800
2023-10-04,0.0,25.69856071472168,0.0,25.69856071472168,25.462229747010614,25.660132080840413,0.0,4000
2023-10-05,0.0,25.717775344848633,0.0,25.717775344848633,25.56406447220794,25.66013239332477,0.0,3000
2023-10-06,0.0,26.054019927978516,0.0,26.15008785411771,25.58327829448092,25.631314089928754,0.0,4600
2023-10-09,0.0,25.909914016723633,0.0,25.909914016723633,25.669740539931087,25.72738349367361,0.0,3000
2023-10-10,0.0,26.361438751220703,0.0,26.361438751220703,25.957947276321168,25.957947276321168,0.0,8600
2023-10-11,0.0,26.42868995666504,0.0,26.467116760624837,26.361441675451715,26.447904274834055,0.0,9700
2023-10-12,0.0,26.08283805847168,0.0,26.476722396383398,26.08283805847168,26.4286884361027,0.0,3700
2023-10-13,0.0,25.708166122436523,0.0,25.919518097255832,25.660130333356232,25.919518097255832,0.0,9200
2023-10-16,0.0,26.034805297851562,0.0,26.034805297851562,25.842665783118903,25.842665783118903,0.0,8400
2023-10-17,0.0,26.044410705566406,0.0,26.135675961119606,25.81384440281772,25.81384440281772,0.0,2900
2023-10-18,0.0,25.525634765625,0.0,25.75620106490084,25.525634765625,25.698559948176396,0.0,9600
2023-10-19,0.0,25.602489471435547,0.0,25.727380691898507,25.573669830081027,25.669737744433444,0.0,5700
2023-10-20,0.0,25.24703598022461,0.0,25.400746855372976,25.22782166273652,25.381532537884887,0.0,9300
2023-10-23,0.0,25.41035270690918,0.0,25.5198702797253,25.074109497677977,25.150964931298418,0.0,30000
2023-10-24,0.0,25.429567337036133,0.0,25.429567337036133,25.358476558841833,25.40074769223267,0.0,800
2023-10-25,0.0,25.29507064819336,0.0,25.438214202435493,25.266249171156087,25.38153324692695,0.0,6600
2023-10-26,0.0,25.035682678222656,0.0,25.237429351326806,24.978041556926417,25.112538117410377,0.0,4800
2023-10-27,0.0,24.91079330444336,0.0,25.227822220493266,24.881011661391838,25.227822220493266,0.0,3300
2023-10-30,0.0,25.31428337097168,0.0,25.31428337097168,25.15096534280884,25.22782077768676,0.0,5800
2023-10-31,0.0,25.28546142578125,0.0,25.391138333916007,25.161532199677104,25.247034625245565,0.0,4100
2023-11-01,0.0,25.53524398803711,0.0,25.53524398803711,25.33349914700379,25.352711632546335,0.0,1900
2023-11-02,0.0,25.996374130249023,0.0,26.092443878259424,25.91951869831631,26.005981288287867,0.0,5300
2023-11-03,0.0,26.303796768188477,0.0,26.399866519523247,26.231745828970976,26.303796768188477,0.0,5100
2023-11-06,0.0,26.159696578979492,0.0,26.22694486425333,25.99637852943803,26.22694486425333,0.0,13500
2023-11-07,0.0,26.073230743408203,0.0,26.116462040352538,25.948341348001296,26.044411100364055,0.0,33900
2023-11-08,0.0,26.236549377441406,0.0,26.26537085352798,26.169301098950893,26.169301098950893,0.0,9900
2023-11-09,0.0,26.20772933959961,0.0,26.5439707269955,26.20772933959961,26.428688489139233,0.0,8500
2023-11-10,0.0,26.342226028442383,0.0,26.39986714766348,26.14047936260134,26.25576343342167,0.0,14600
2023-11-13,0.0,26.486328125,0.0,26.51514959903931,26.198120714118996,26.313402945520185,0.0,7700
2023-11-14,0.0,27.341346740722656,0.0,27.379775375176695,27.17803054142743,27.216457343503322,0.0,12500
2023-11-15,0.0,27.475845336914062,0.0,27.55174060787058,27.427809543482905,27.46623817822783,0.0,7200
2023-11-16,0.0,27.658376693725586,0.0,27.7726987629425,27.563267108812877,27.639162377043288,0.0,3100
2023-11-17,0.0,27.994617462158203,0.0,27.994617462158203,27.82169228055172,27.850513754945485,0.0,10300
2023-11-20,0.0,28.090688705444336,0.0,28.100295864086668,27.936977831923343,27.936977831923343,0.0,3200
2023-11-21,0.0,27.98501205444336,0.0,28.10990328558336,27.91776377569636,28.10990328558336,0.0,7200
2023-11-22,0.0,27.98501205444336,0.0,28.061867491922527,27.91776377569636,28.033047848104196,0.0,2700
2023-11-24,0.0,28.32125473022461,0.0,28.32125473022461,28.177151016798632,28.177151016798632,0.0,2600
2023-11-27,0.0,28.186758041381836,0.0,28.301080112486922,28.138724081260843,28.138724081260843,0.0,1100
2023-11-28,0.0,28.340471267700195,0.0,28.383702568352835,28.139686585789725,28.196367542984152,0.0,4000
2023-11-29,0.0,28.599857330322266,0.0,28.62867697408383,28.580643012895777,28.580643012895777,0.0,1200
2023-11-30,0.0,28.51339340209961,0.0,28.51339340209961,28.40771649356945,28.464397444664666,0.0,3400
2023-12-01,0.0,28.753568649291992,0.0,28.811209770083988,28.263614541614533,28.426932577507017,0.0,9500
2023-12-04,0.0,28.647890090942383,0.0,28.715138366738703,28.532607855971,28.532607855971,0.0,7500
2023-12-05,0.0,28.753568649291992,0.0,28.766058139050017,28.647891734191504,28.686320369638295,0.0,8400
2023-12-06,0.0,28.782384872436523,0.0,29.012952992955665,28.782384872436523,28.820813503315705,0.0,9400
2023-12-07,0.0,28.96491813659668,0.0,28.96491813659668,28.763173315121712,28.897669862771693,0.0,52100
2023-12-08,0.0,29.10133934020996,0.0,29.103261504931535,28.993742092878428,29.055225710674105,0.0,6300
2023-12-11,0.0,29.157060623168945,0.0,29.16666778218339,28.99374258467982,28.99374258467982,0.0,9000
2023-12-12,0.0,29.17146873474121,0.0,29.176273230155786,29.11574794867646,29.11574794867646,0.0,4600
2023-12-13,0.0,29.58936882019043,0.0,29.62779745239831,29.05234096201822,29.176272018223994,0.0,16700
2023-12-14,0.0,29.58936882019043,0.0,29.704652884436022,29.493300904426818,29.60858313629437,0.0,8700
2023-12-15,0.0,29.33959197998047,0.0,29.48369569553057,29.30116334523209,29.48369569553057,0.0,8900
2023-12-18,0.0,29.292516708374023,0.0,29.31557352302738,29.224308262959063,29.30116370101085,0.0,8800
2023-12-19,0.0,29.614351272583008,0.0,29.614351272583008,29.40684176496958,29.426054250949896,0.0,23600
2023-12-20,0.0,29.26273536682129,0.0,29.61819291670375,29.26273536682129,29.61819291670375,0.0,8400
2023-12-21,0.0,29.58936882019043,0.0,29.5989759782424,29.387623998233195,29.493300904426818,0.0,10500
2023-12-22,0.0,29.598976135253906,0.0,29.68543872580224,29.560549335220227,29.68543872580224,0.0,3100
2023-12-26,0.0,29.810331344604492,0.0,29.89679393920136,29.598977521199643,29.598977521199643,0.0,10900
2023-12-27,0.0,29.973649978637695,0.0,29.99286246375188,29.84875874731556,29.85836590606174,0.0,23400
2023-12-28,0.0,29.716211318969727,0.113,29.95725781161424,29.716211318969727,29.85119676635824,0.0,17000
2023-12-29,0.0,29.74513816833496,0.0,29.889765699071088,29.713319118492045,29.889765699071088,0.0,5000
2024-01-02,0.0,29.44624137878418,0.0,29.600510991954696,29.42695721737815,29.552300588439625,0.0,17500
2024-01-03,0.0,29.002714157104492,0.0,29.099133122753564,28.954505593799357,29.031640398510856,0.0,6600
2024-01-04,0.0,29.1666259765625,0.0,29.321859243010316,29.1666259765625,29.17626805707412,0.0,25400
2024-01-05,0.0,29.224475860595703,0.0,29.407671707474762,29.108774575542757,29.108774575542757,0.0,3200
2024-01-08,0.0,29.600509643554688,0.0,29.78370365145031,29.426955876884087,29.455880278636673,0.0,7500
2024-01-09,0.0,29.301610946655273,0.0,29.393209790498897,29.266900928611893,29.3691036700945,0.0,5600
2024-01-10,0.0,29.52337646484375,0.0,29.533016706599167,29.362355738521902,29.39803125355688,0.0,4800
2024-01-11,0.0,29.39803123474121,0.0,29.39803123474121,29.166626812943022,29.211944408743282,0.0,2100
2024-01-12,0.0,29.47516632080078,0.0,29.62943593679208,29.398031512805133,29.62943593679208,0.0,3100
2024-01-16,0.0,28.94486427307129,0.0,29.05863825093498,28.8580873856133,28.935222192349418,0.0,21200
2024-01-17,0.0,28.78095054626465,0.0,28.78095054626465,28.559188222439804,28.76166638618282,0.0,17700
2024-01-18,0.0,29.060565948486328,0.0,29.060565948486328,28.8580877677623,28.877371929461408,0.0,6300
2024-01-19,0.0,29.1955509185791,0.0,29.1955509185791,28.91111599278258,29.16662467833177,0.0,6600
2024-01-22,0.0,29.224475860595703,0.0,29.26208052532474,29.147341057547486,29.195551458851853,0.0,5000
2024-01-23,0.0,29.1280574798584,0.0,29.1280574798584,28.993072031582738,28.993072031582738,0.0,900
2024-01-24,0.0,29.54265785217285,0.0,29.88976539362348,29.494449288766404,29.72585370338722,0.0,9500
2024-01-25,0.0,29.48480796813965,0.0,29.552300694263575,29.40188754502788,29.50216297785168,0.0,24800
2024-01-26,0.0,29.589902877807617,0.0,29.668003178370242,29.557122010860063,29.658361097842555,0.0,9700
2024-01-29,0.0,29.610151290893555,0.0,29.658361694501878,29.378746870690176,29.513734161754623,0.0,24100
2024-01-30,0.0,29.61979103088379,0.0,29.706567911482292,29.50408974944493,29.706567911482292,0.0,2000
2024-01-31,0.0,29.21579933166504,0.0,29.639076173407396,29.20037163541033,29.639076173407396,0.0,8600
2024-02-01,0.0,29.600509643554688,0.0,29.605329764167198,29.344999114161293,29.34982107381257,0.0,4300
2024-02-02,0.0,29.43659782409668,0.0,29.465522225718534,29.302576035401735,29.43659782409668,0.0,2900
2024-02-05,0.0,29.267864227294922,0.0,29.31125266883835,29.060564099813963,29.263044106696213,0.0,14500
2024-02-06,0.0,29.473237991333008,0.0,29.49059300070154,29.29196945170937,29.29196945170937,0.0,5900
2024-02-07,0.0,29.340181350708008,0.0,29.4635974133453,29.2688321578704,29.407674078938033,0.0,2500
2024-02-08,0.0,29.460702896118164,0.0,29.53301574115308,29.388388212044436,29.436598614439855,0.0,1300
2024-02-09,0.0,29.407672882080078,0.0,29.426957043372077,29.28618597621041,29.388388720788083,0.0,4800
2024-02-12,0.0,29.455881118774414,0.0,29.54265800458476,29.340179830386507,29.37874631350287,0.0,6900
2024-02-13,0.0,29.02199935913086,0.0,29.099134166609364,28.854231198841077,28.99307311668684,0.0,7700
2024-02-14,0.0,29.272686004638672,0.0,29.272686004638672,29.137698721211542,29.137698721211542,0.0,27000
2024-02-15,0.0,29.59086799621582,0.0,29.619792398391585,29.42695630741092,29.42695630741092,0.0,3100
2024-02-16,0.0,29.614973068237305,0.0,29.72296142919217,29.581226705438908,29.629435269711234,0.0,4000
2024-02-20,0.0,29.725852966308594,0.0,30.06331841890242,29.622684730576577,29.716210886058626,0.0,4800
2024-02-21,0.0,29.81745147705078,0.0,29.81745147705078,29.668003823220346,29.774063033252524,0.0,4300
2024-02-22,0.0,30.342931747436523,0.0,30.603262400136067,30.150095657281845,30.188662139697268,0.0,20600
2024-02-23,0.0,30.357397079467773,0.0,30.381501361883103,30.338112917919965,30.35257511956139,0.0,3400
2024-02-26,0.0,30.487560272216797,0.0,30.82502388043122,30.41042547047654,30.50684259337281,0.0,16100
2024-02-27,0.0,30.680397033691406,0.0,30.741140484509675,30.637008591815675,30.67075495338138,0.0,5800
2024-02-28,0.0,30.77681541442871,0.0,30.80091969522753,30.63218789059705,30.651472050851602,0.0,9500
2024-02-29,0.0,30.931087493896484,0.0,31.05642902101401,30.82502461031398,30.969652137121653,0.0,3300
2024-03-01,0.0,31.06607437133789,0.0,31.06607437133789,30.85395227247972,30.92144499882955,0.0,5000
2024-03-04,0.0,30.950368881225586,0.0,31.056429928869733,30.940728639656875,30.98893720365576,0.0,14400
2024-03-05,0.0,30.950368881225586,0.0,31.046789687301022,30.826954663142224,30.98893720365576,0.0,3900
2024-03-06,0.0,31.133567810058594,0.0,31.19141661792339,31.062216778537152,31.19141661792339,0.0,4600
2024-03-07,0.0,31.471031188964844,0.0,31.56745199807088,31.39871650165476,31.39871650165476,0.0,3600
2024-03-08,0.0,31.326400756835938,0.0,31.586727706874363,31.326400756835938,31.538519148647886,0.0,3800
2024-03-11,0.0,31.336042404174805,0.0,31.366897795425253,31.10463616498992,31.278189924859234,0.0,33700
2024-03-12,0.0,31.596376419067383,0.0,31.71593601557767,31.355329913286955,31.355329913286955,0.0,12700
2024-03-13,0.0,31.71207618713379,0.0,31.778605254927175,31.5867309802933,31.702435945720342,0.0,7100
2024-03-14,0.0,31.413183212280273,0.0,31.57709307497835,31.32158436072671,31.57709307497835,0.0,3800
2024-03-15,0.0,31.524059295654297,0.0,31.77956798354433,31.413179971287207,31.625298378889354,0.0,8200
2024-03-18,0.0,31.390039443969727,0.0,31.62530032972503,31.38425382770262,31.62530032972503,0.0,3500
2024-03-19,0.0,31.47199249267578,0.0,31.47585079598271,31.38907391331312,31.403536114078467,0.0,5500
2024-03-20,0.0,31.956018447875977,0.0,31.99169212385634,31.442106392096598,31.53852352191918,0.0,7300
2024-03-21,0.0,31.721717834472656,0.0,31.87598743258113,31.702433674949425,31.769926394242052,0.0,8600
2024-03-22,0.0,31.75064468383789,0.0,31.789213005859356,31.721720281360607,31.721720281360607,0.0,4000
2024-03-25,0.0,31.88562774658203,0.0,31.924196065717123,31.769926467254113,31.789210626821657,0.0,10200
2024-03-26,0.0,31.962766647338867,0.0,32.17488506144198,31.962766647338867,32.09775209578929,0.0,12300
2024-03-27,0.0,32.32915115356445,0.0,32.32915115356445,32.19416571979982,32.280942595516684,0.0,6100
2024-03-28,0.0,32.206703186035156,0.0,32.252020779021485,32.088107254840345,32.1845280567344,0.0,4300
2024-04-01,0.0,32.05918502807617,0.0,32.36772425891219,31.991692301210655,32.20381440168958,0.0,31700
2024-04-02,0.0,31.68315315246582,0.0,31.827778848376187,31.68315315246582,31.827778848376187,0.0,21800
2024-04-03,0.0,32.068824768066406,0.0,32.15560165526101,31.75257261311988,31.75257261311988,0.0,12700
2024-04-04,0.0,31.722681045532227,0.0,32.30986769513732,31.65422467093578,32.30986769513732,0.0,14100
2024-04-05,0.0,31.69278907775879,0.0,31.80849403242147,31.629154662963856,31.673504918648344,0.0,5500
2024-04-08,0.0,32.03025817871094,0.0,32.09775090042262,31.933837377638906,31.933837377638906,0.0,48800
2024-04-09,0.0,31.66386604309082,0.0,31.895272284314323,31.560699649383785,31.895272284314323,0.0,3400
2024-04-10,0.0,31.336042404174805,0.0,31.41317904326223,31.191413044924577,31.239625283392915,0.0,15500
2024-04-11,0.0,31.114282608032227,0.0,31.229983897972133,30.83852425023239,31.229983897972133,0.0,12800
2024-04-12,0.0,30.612905502319336,0.0,30.757533034522524,30.53673435223193,30.747890953837132,0.0,30600
2024-04-15,0.0,30.651472091674805,0.0,31.13356506444826,30.612903771114333,31.13356506444826,0.0,5500
2024-04-16,0.0,30.314008712768555,0.0,30.497202730823073,30.0932100278883,30.497202730823073,0.0,4500
2024-04-17,0.0,30.574337005615234,0.0,30.594586662266536,30.448993635496013,30.594586662266536,0.0,1500
2024-04-18,0.0,30.381500244140625,0.0,30.603262576665152,30.342931922463944,30.506843611512245,0.0,475600
2024-04-19,0.0,30.420066833496094,0.0,30.48756139666707,30.285081385231756,30.420066833496094,0.0,5400
2024-04-22,0.0,30.718965530395508,0.0,30.822131928320637,30.60326240505308,30.690039289300206,0.0,3000
2024-04-23,0.0,31.297473907470703,0.0,31.3360422267961,30.960010308566925,30.960010308566925,0.0,6600
2024-04-24,0.0,31.114282608032227,0.0,31.23962781767911,31.05161184224763,31.23962781767911,0.0,14900
2024-04-25,0.0,31.03135871887207,0.0,31.03135871887207,30.71896488461173,30.71896488461173,0.0,2900
2024-04-26,0.0,31.249267578125,0.0,31.336044463763145,31.160563379806216,31.297476141684495,0.0,9100
2024-04-29,0.0,31.24348258972168,0.0,31.3167609319123,31.114282754047835,31.191415721677185,0.0,6500
2024-04-30,0.0,30.680397033691406,0.0,31.11813607772619,30.680397033691406,31.027504568697253,0.0,10500
2024-05-01,0.0,30.681360244750977,0.0,31.1142810009062,30.29472257683547,30.641830106803955,0.0,7900
2024-05-02,0.0,30.902158737182617,0.0,31.006292466804144,30.81056173465261,30.81056173465261,0.0,18100
2024-05-03,0.0,31.239627838134766,0.0,31.32640472516594,31.118137253828966,31.22998391842147,0.0,4600
2024-05-06,0.0,31.56745147705078,0.0,31.56745147705078,31.42957137743986,31.451746508033246,0.0,2700
2024-05-07,0.0,31.86634635925293,0.0,31.962767165478862,31.827778036762556,31.827778036762556,0.0,7500
2024-05-08,0.0,32.01097869873047,0.0,32.03990310424229,31.818140746469595,31.818140746469595,0.0,7900
2024-05-09,0.0,32.36772155761719,0.0,32.41593011877242,32.155599474841225,32.155599474841225,0.0,4800
2024-05-10,0.0,32.51234817504883,0.0,32.599125049035074,32.46413593988536,32.46413593988536,0.0,12100
2024-05-13,0.0,32.44485855102539,0.0,32.58369862017106,32.44485855102539,32.51235127299273,0.0,7500
2024-05-14,0.0,32.58466339111328,0.0,32.647337833710814,32.46414014375202,32.550917028975235,0.0,1700
2024-05-15,0.0,33.004085540771484,0.0,33.02240604534111,32.6955463224765,32.78232320750182,0.0,15500
2024-05-16,0.0,32.65119171142578,0.0,32.81124693335214,32.63383854162505,32.81124693335214,0.0,4600
2024-05-17,0.0,32.69554138183594,0.0,32.70518162179196,32.5798401119784,32.63768890786864,0.0,1600
2024-05-20,0.0,32.656978607177734,0.0,32.81124821919033,32.57984564021027,32.57984564021027,0.0,14600
2024-05-21,0.0,32.66661834716797,0.0,32.673367618841965,32.52681095447021,32.64733418837408,0.0,6400
2024-05-22,0.0,32.40147018432617,0.0,32.589486160635246,32.30023109539649,32.589486160635246,0.0,2800
2024-05-23,0.0,32.271305084228516,0.0,32.72446998189303,32.170066000343546,32.72446998189303,0.0,37800
2024-05-24,0.0,32.49306869506836,0.0,32.57020166189694,32.35808324456009,32.37736740578666,0.0,9800
2024-05-28,0.0,32.54127502441406,0.0,32.66662022474015,32.40628958317555,32.66662022474015,0.0,7500
2024-05-29,0.0,32.01097869873047,0.0,32.13535658489373,31.646514270122594,32.126679998855785,0.0,9300
2024-05-30,0.0,32.064002990722656,0.0,32.20381038696563,32.064002990722656,32.19416646828554,0.0,10200
2024-05-31,0.0,32.26166534423828,0.0,32.26166534423828,32.03990298727516,32.25202510179554,0.0,16000
2024-06-03,0.0,32.44485855102539,0.0,32.51235127299273,32.22309254675842,32.44485855102539,0.0,15200
2024-06-04,0.0,32.25202178955078,0.0,32.25202178955078,32.03025945536239,32.21345346758473,0.0,13100
2024-06-05,0.0,32.38700866699219,0.0,32.61841493091857,32.26166345411216,32.61841493091857,0.0,17900
2024-06-06,0.0,32.49306869506836,0.0,32.56056142032249,32.420754009988165,32.52199309786937,0.0,5700
2024-06-07,0.0,32.07847213745117,0.0,32.29059425742198,32.030263567842745,32.237563727429276,0.0,3500
2024-06-10,0.0,31.856704711914062,0.0,31.86634495307242,31.68315094644354,31.692791187601898,0.0,3800
2024-06-11,0.0,31.702434539794922,0.0,31.702434539794922,31.374611175111685,31.46138805629482,0.0,3500
2024-06-12,0.0,32.117034912109375,0.0,32.40628995783283,32.117034912109375,32.27130451503371,0.0,12600
2024-06-13,0.0,31.48067283630371,0.0,31.933837733115567,31.316759311695368,31.933837733115567,0.0,7400
2024-06-14,0.0,30.916622161865234,0.0,30.96001244361791,30.622546982403296,30.882875799647657,0.0,34800
2024-06-17,0.0,31.152849197387695,0.0,31.175024326555633,30.892518550949205,30.979295433095366,0.0,5100
2024-06-18,0.0,31.20105743408203,0.0,31.24926599519953,31.00821951153459,31.191413515012062,0.0,25500
2024-06-20,0.0,31.258907318115234,0.0,31.316759800305075,31.201058514002973,31.201058514002973,0.0,3300
2024-06-21,0.0,31.162490844726562,0.0,31.258907972316578,30.911804106145922,31.258907972316578,0.0,15400
2024-06-24,0.0,31.258907318115234,0.0,31.60601485509911,31.21552071503104,31.586730694369166,0.0,21400
2024-06-25,0.0,31.133567810058594,0.0,31.19141661792339,31.10463972804838,31.10463972804838,0.0,2600
2024-06-26,0.0,31.085357666015625,0.0,31.085357666015625,30.921444136538632,30.921444136538632,0.0,2100
2024-06-27,0.0,31.220197677612305,0.657,31.328465044389578,31.16114360359523,31.269410970372505,0.0,6400
2024-06-28,0.0,31.255630493164062,0.0,31.397360641136885,31.161142476318783,31.17098513451476,0.0,9700
2024-07-01,0.0,31.564682006835938,0.0,31.69263468580864,31.33929020333789,31.564682006835938,0.0,4400
2024-07-02,0.0,31.190671920776367,0.0,31.279253971419497,31.11193252879305,31.11193252879305,0.0,6400
2024-07-03,0.0,31.830427169799805,0.0,31.859953266122833,31.69263371417224,31.697555981756103,0.0,3700
2024-07-05,0.0,32.07648849487305,0.0,32.43081667474488,31.94853581778819,32.26349336554312,0.0,8700
2024-07-08,0.0,32.0371208190918,0.0,32.24381102489337,31.987909401699586,32.21428492537614,0.0,2500
2024-07-09,0.0,31.54499626159668,0.0,31.830427712889552,31.54499626159668,31.791057080727057,0.0,3700
2024-07-10,0.0,32.066650390625,0.0,32.066650390625,31.771374379692777,31.8107450150958,0.0,19000
2024-07-11,0.0,32.184757232666016,0.0,32.332391477534536,32.184757232666016,32.22412786646707,0.0,10000
2024-07-12,0.0,32.68672180175781,0.0,32.77530385628523,32.43082017456225,32.43082017456225,0.0,7100
2024-07-15,0.0,32.44065856933594,0.0,32.57451722129341,32.308771077265085,32.48002920280464,0.0,9900
2024-07-16,0.0,32.371761322021484,0.0,32.41802162788026,32.086329865808885,32.25365317808842,0.0,4700
2024-07-17,0.0,32.27924346923828,0.0,32.343217929689104,32.18475545517023,32.224126086796936,0.0,16300
2024-07-18,0.0,31.943618774414062,0.0,32.14538670276361,31.840269921704678,32.14538670276361,0.0,10700
2024-07-19,0.0,31.62373924255371,0.0,31.77137348929189,31.594209389533802,31.77137348929189,0.0,16700
2024-07-22,0.0,32.22412872314453,0.0,32.22412872314453,32.02727930349631,32.0863315011775,0.0,20100
2024-07-23,0.0,32.15522766113281,0.0,32.263495027737086,32.10601624574642,32.10601624574642,0.0,5600
2024-07-24,0.0,31.771371841430664,0.0,32.04696251264403,31.756608792981584,31.98790656425756,0.0,3800
2024-07-25,0.0,31.701492309570312,0.0,31.864877058946426,31.525311916617728,31.604053183368254,0.0,1500
2024-07-26,0.0,32.050899505615234,0.0,32.07452338841454,31.81074463983454,31.923934276635354,0.0,2000
2024-07-29,0.0,31.791057586669922,0.0,31.859954316755683,31.688696194172476,31.859954316755683,0.0,4600
2024-07-30,0.0,31.88456153869629,0.0,31.919009903347845,31.76153112857071,31.879639271006024,0.0,2700
2024-07-31,0.0,32.04696273803711,0.0,32.128655110980716,31.939679078487032,32.01743288634111,0.0,4000
2024-08-01,0.0,31.072559356689453,0.0,31.692633660554517,31.072559356689453,31.692633660554517,0.0,17300
2024-08-02,0.0,30.983978271484375,0.0,30.9938209296448,30.8264994955077,30.934766857977323,0.0,48700
2024-08-05,0.0,30.33437728881836,0.0,30.560752790425646,30.039105058660596,30.04894771663853,0.0,28500
2024-08-06,0.0,30.413118362426758,0.0,30.50170041184693,30.13753143293747,30.226111605062485,0.0,29300
2024-08-07,0.0,30.3934326171875,0.0,30.84618551643378,30.3934326171875,30.767446126646835,0.0,6200
2024-08-08,0.0,30.954452514648438,0.0,30.954452514648438,30.640478661870404,30.688706373280212,0.0,3500
2024-08-09,0.0,30.944610595703125,0.0,31.003664669430826,30.944610595703125,30.972169288595726,0.0,1900
2024-08-12,0.0,30.983978271484375,0.0,31.06271765947271,30.955435876925694,31.013506245965658,0.0,1800
2024-08-13,0.0,31.382596969604492,0.0,31.426887991959735,31.05287449711656,31.062717155117173,0.0,8200
2024-08-14,0.0,31.505624771118164,0.0,31.633577444865352,31.42688726352838,31.535154621730612,0.0,8700
2024-08-15,0.0,31.899324417114258,0.0,31.91900973318022,31.771371739980555,31.771371739980555,0.0,6700
2024-08-16,0.0,32.29302215576172,0.0,32.32451565674824,32.02727602959039,32.125698852058285,0.0,40800
2024-08-19,0.0,32.66703414916992,0.0,32.69558029897893,32.411132540261235,32.411132540261235,0.0,18900
2024-08-20,0.0,32.617820739746094,0.0,32.65719137089053,32.549907715128455,32.65719137089053,0.0,6900
2024-08-21,0.0,32.924903869628906,0.0,32.95640112447255,32.65719034452267,32.65719034452267,0.0,6900
2024-08-22,0.0,32.794986724853516,0.0,33.01152145409996,32.755616091428664,33.01152145409996,0.0,4600
2024-08-23,0.0,33.26742172241211,0.0,33.33631845083582,32.991834808717265,33.01152012463691,0.0,7200
2024-08-26,0.0,33.247737884521484,0.0,33.277267737008756,33.169000371932725,33.203448737675984,0.0,6500
2024-08-27,0.0,33.41407775878906,0.0,33.50364351042237,33.287108778575956,33.287108778575956,0.0,30200
2024-08-28,0.0,33.36092758178711,0.0,33.47706832288699,33.29695311802346,33.44458736238348,0.0,12100
2024-08-29,0.0,33.43474578857422,0.0,33.631591443054,33.39537515584219,33.543013151292215,0.0,3500
2024-08-30,0.0,33.3953742980957,0.0,33.55285307038886,33.375688982235296,33.48887860978511,0.0,4700
2024-09-03,0.0,32.92293930053711,0.0,33.316634369751505,32.91309476491736,33.316634369751505,0.0,11900
2024-09-04,0.0,32.893409729003906,0.0,33.00167709420373,32.83435753314239,32.83435753314239,0.0,21900
2024-09-05,0.0,32.99872589111328,0.0,33.05089216825816,32.913094950934564,33.05089216825816,0.0,3500
2024-09-06,0.0,32.34716033935547,0.0,32.93278259739973,32.34716033935547,32.93278259739973,0.0,4800
2024-09-09,0.0,32.637508392333984,0.0,32.67687902629756,32.470188829874246,32.470188829874246,0.0,12800
2024-09-10,0.0,32.29991149902344,0.0,32.52923809977911,32.07648711370005,32.37175933268248,0.0,5300
2024-09-11,0.0,32.529239654541016,0.0,32.55876950606364,32.12570005990652,32.37176087991756,0.0,50000
2024-09-12,0.0,32.86388397216797,0.0,32.86388397216797,32.598137824262125,32.598137824262125,0.0,12300
2024-09-13,0.0,33.119789123535156,0.0,33.28710868524531,33.05089239170271,33.119789123535156,0.0,11600
2024-09-16,0.0,33.334354400634766,0.0,33.334354400634766,33.09026096417192,33.11979081831854,0.0,8500
2024-09-17,0.0,33.16899871826172,0.0,33.26249927513742,33.16899871826172,33.2182101305,0.0,4800
2024-09-18,0.0,33.32647705078125,0.0,33.739857413640635,33.2772656391918,33.40521455840636,0.0,11900
2024-09-19,0.0,33.88749694824219,0.0,33.995764311429895,33.70049207383901,33.82844099888793,0.0,11600
2024-09-20,0.0,33.444583892822266,0.0,33.67293054072084,33.42489857803171,33.602062656556846,0.0,9700
2024-09-23,0.0,33.58238220214844,0.0,33.65127893659188,33.40029958451523,33.53317078534461,0.0,3300
2024-09-24,0.0,33.93670654296875,0.0,33.93670654296875,33.84812450098072,33.84812450098072,0.0,1100
2024-09-25,0.0,33.646358489990234,0.0,33.93670846066421,33.646358489990234,33.93670846066421,0.0,4000
2024-09-26,0.0,34.492801666259766,0.0,34.52233151582986,34.14831804285783,34.2910337595786,0.0,7100
2024-09-27,0.0,34.56662368774414,0.0,34.790048088554414,34.56662368774414,34.76347309890723,0.0,4500
2024-09-30,0.0,34.55678176879883,0.0,34.645363813175706,34.44851440849485,34.605993181321516,0.0,4600
2024-10-01,0.0,34.05481719970703,0.0,34.16308456509956,33.80875637093865,34.16308456509956,0.0,10300
2024-10-02,0.0,33.82352066040039,0.0,33.94064509556394,33.70836363039875,33.828439173305156,0.0,3100
2024-10-03,0.0,33.48395919799805,0.0,33.647343954443315,33.46427388045869,33.62175266618311,0.0,8600
2024-10-04,0.0,33.71525192260742,0.0,33.71525192260742,33.535132983737654,33.54792862594615,0.0,11800
2024-10-07,0.0,33.37568664550781,0.0,33.60206213016815,33.28119863782927,33.60206213016815,0.0,2400
2024-10-08,0.0,33.49380111694336,0.0,33.49380111694336,33.49380111694336,33.49380111694336,0.0,800
2024-10-09,0.0,33.759544372558594,0.0,33.759544372558594,33.49379823153142,33.49379823153142,0.0,3300
2024-10-10,0.0,33.54301452636719,0.0,33.69064877327919,33.476085198897046,33.69064877327919,0.0,4500
2024-10-11,0.0,33.917022705078125,0.0,33.917022705078125,33.68080641921324,33.68080641921324,0.0,4500
2024-10-14,0.0,33.98591995239258,0.0,34.08434653516079,33.88749712421459,33.91702322174994,0.0,71700
2024-10-15,0.0,33.87765121459961,0.0,34.14339734541006,33.808754486751354,34.13355656482748,0.0,7000
2024-10-16,0.0,33.759544372558594,0.0,33.907182369103765,33.68080686110066,33.907182369103765,0.0,9800
2024-10-17,0.0,33.87765121459961,0.0,33.91702184611006,33.808754486751354,33.91702184611006,0.0,4700
2024-10-18,0.0,34.14339828491211,0.0,34.148320552633876,33.90718199852972,33.91702277938308,0.0,3500
2024-10-21,0.0,33.72017288208008,0.0,33.93670760361611,33.680806004647266,33.93670760361611,0.0,4100
2024-10-22,0.0,33.50364303588867,0.0,33.62175118131828,33.50364303588867,33.57647457751831,0.0,43000
2024-10-23,0.0,33.37568664550781,0.0,33.55285072125761,33.29104317236528,33.54694475145397,0.0,13800
2024-10-24,0.0,33.61191177368164,0.0,33.84616066882249,33.54301503981669,33.84616066882249,0.0,2600
2024-10-25,0.0,33.54301452636719,0.0,33.77923082326254,33.54301452636719,33.71427265572294,0.0,9500
2024-10-28,0.0,33.73986053466797,0.0,33.793994218800876,33.59222628624307,33.60206706763524,0.0,17900
2024-10-29,0.0,33.69064712524414,0.0,33.74970307387433,33.56269444717382,33.56269444717382,0.0,3200
2024-10-30,0.0,33.412105560302734,0.0,33.513483249872166,33.27726696300979,33.27726696300979,0.0,3200
2024-10-31,0.0,33.208370208740234,0.0,33.34616366840714,33.03120611642845,33.34616366840714,0.0,2900
2024-11-01,0.0,33.28218460083008,0.0,33.40521500875734,33.257580771998676,33.40521500875734,0.0,22700
2024-11-04,0.0,33.27037811279297,0.0,33.45935039603809,33.21821183548062,33.44458734706788,0.0,3500
2024-11-05,0.0,33.670963287353516,0.0,33.710333921502205,33.538092090339596,33.538092090339596,0.0,6600
2024-11-06,0.0,32.844200134277344,0.0,32.844200134277344,32.588298510652976,32.755618080986125,0.0,11000
2024-11-07,0.0,33.529232025146484,0.0,33.55383585335509,33.35600275215879,33.40521416316598,0.0,15000
2024-11-08,0.0,32.99774169921875,0.0,33.1493145059781,32.7999085864876,33.09025855657216,0.0,15700
2024-11-11,0.0,33.0213623046875,0.0,33.223133985472025,33.0213623046875,33.12962966953868,0.0,12500
2024-11-12,0.0,32.44065856933594,0.0,32.942624759586195,32.219205326607465,32.667034079895565,0.0,14900
2024-11-13,0.0,31.99774742126465,0.0,32.19459682843174,31.82058708486344,32.13554463449472,0.0,11200
2024-11-14,0.0,32.36191940307617,0.0,32.5715606941319,32.342234087347876,32.52923895488159,0.0,15900
2024-11-15,0.0,32.3816032409668,0.0,32.45049996557648,32.25857283922238,32.40128480120679,0.0,2500
2024-11-18,0.0,32.46034240722656,0.0,32.480027723064076,32.29302285449281,32.29302285449281,0.0,4700
2024-11-19,0.0,32.184757232666016,0.0,32.27333928142325,31.95838172019538,32.00759313515155,0.0,9200
2024-11-20,0.0,32.184757232666016,0.0,32.184757232666016,31.88948498833868,32.14538659886496,0.0,3900
2024-11-21,0.0,32.09321975708008,0.0,32.13652895533589,31.982984988047523,32.09617461958786,0.0,2600
2024-11-22,0.0,32.165069580078125,0.0,32.30187933120052,32.01743159134014,32.01743159134014,0.0,5900
2024-11-25,0.0,32.54892349243164,0.0,32.60797943820462,32.4406561358095,32.5981349032808,0.0,58100
2024-11-26,0.0,32.283180236816406,0.0,32.3451872958221,32.283180236816406,32.33731391993746,0.0,1000
2024-11-27,0.0,32.57844924926758,0.0,32.66014161717193,32.39439549584174,32.420970483433756,0.0,5200
2024-11-29,0.0,33.31663131713867,0.0,33.31663131713867,32.96230691368752,33.05974603077184,0.0,2200
2024-12-02,0.0,33.5528564453125,0.0,33.5528564453125,33.173924402007444,33.35600702149837,0.0,102000
2024-12-03,0.0,33.60206604003906,0.0,33.78907467208483,33.46427257722024,33.503643210765695,0.0,19700
2024-12-04,0.0,34.10403060913086,0.0,34.1827681178864,33.80580351836493,33.92686652119329,0.0,37200
2024-12-05,0.0,34.48788833618164,0.0,34.53709975340721,34.359935647722786,34.359935647722786,0.0,20300
2024-12-06,0.0,34.436702728271484,0.0,34.458355449577894,33.89733708248122,34.43375162042567,0.0,19000
2024-12-09,0.0,34.33041000366211,0.0,34.60599694745305,34.33041000366211,34.49772957536646,0.0,6400
2024-12-10,0.0,34.168006896972656,0.0,34.35009326225489,34.168006896972656,34.34024872651515,0.0,2800
2024-12-11,0.0,34.32056427001953,0.0,34.32056427001953,34.14340016816578,34.212296901709976,0.0,7700
2024-12-12,0.0,34.156192779541016,0.0,34.29103512661531,34.156192779541016,34.182767767918584,0.0,1700
2024-12-13,0.0,34.281192779541016,0.0,34.330404189084334,34.17292542579179,34.246740662811824,0.0,37100
2024-12-16,0.0,34.15422821044922,0.0,34.22115753824742,34.03513635874771,34.123714654574876,0.0,4600
2024-12-17,0.0,33.92292785644531,0.0,34.19261255256202,33.82843984254442,34.1040305088537,0.0,30100
2024-12-18,0.0,33.15620422363281,0.0,34.02430678174026,33.09025860110361,34.02430678174026,0.0,4000
2024-12-19,0.0,33.100101470947266,0.0,33.326476967364115,33.02136020892922,33.326476967364115,0.0,13600
2024-12-20,0.0,33.149314880371094,0.0,33.332384946465936,32.79498668911405,32.79498668911405,0.0,5100
2024-12-23,0.0,33.0213623046875,0.0,33.075495987113094,32.91309493983632,33.03120684035957,0.0,6000
2024-12-24,0.0,33.365848541259766,0.0,33.365848541259766,33.18868445130269,33.25758118022043,0.0,3200
2024-12-26,0.0,33.58238220214844,0.0,33.62175283742767,33.29695448285007,33.3461658996539,0.0,19600
2024-12-27,0.0,33.15915298461914,0.0,33.29695019033216,33.090256259057604,33.22804971018068,0.0,9400
2024-12-30,0.0,33.012107849121094,0.091,33.160141944956926,32.85420255470736,33.021975282939806,0.0,12100
2024-12-31,0.0,32.8828239440918,0.0,32.99237091242991,32.834465609900334,32.99237091242991,0.0,4700
2025-01-02,0.0,32.69629669189453,0.0,32.8542019835632,32.586749731091174,32.8542019835632,0.0,18400
2025-01-03,0.0,32.785118103027344,0.0,32.81768326884738,32.66372721207922,32.81768326884738,0.0,4500
2025-01-06,0.0,33.46608352661133,0.0,33.65359487842484,33.22922371374673,33.22922371374673,0.0,44000
2025-01-07,0.0,33.6141242980957,0.0,33.81150310039735,33.52628869810143,33.81150310039735,0.0,10100
2025-01-08,0.0,33.604251861572266,0.0,33.604251861572266,33.362460202325735,33.362460202325735,0.0,7200
2025-01-10,0.0,33.13053512573242,0.0,33.41673964183954,33.03974043057897,33.406868443486,0.0,40800
2025-01-13,0.0,33.03184509277344,0.0,33.03184509277344,32.577864096256214,32.577864096256214,0.0,5400
2025-01-14,0.0,33.52530288696289,0.0,33.58451502273132,33.26179608261147,33.377265018023046,0.0,82200
2025-01-15,0.0,34.07796859741211,0.0,34.07796859741211,33.94967313038813,34.07796859741211,0.0,5600
2025-01-16,0.0,34.14705276489258,0.0,34.17666259741809,33.91710502670752,34.018757294733106,0.0,11800
2025-01-17,0.0,34.33456802368164,0.0,34.56155666181083,34.28522332230736,34.28522332230736,0.0,28300
2025-01-21,0.0,35.35108184814453,0.0,35.35108184814453,34.93164625510355,35.084615953036796,0.0,26900
2025-01-22,0.0,35.45964050292969,0.0,35.597807159912655,35.380685976219965,35.597807159912655,0.0,23800
2025-01-23,0.0,35.91361999511719,0.0,35.933358628035585,35.52872606510668,35.587941963861866,0.0,9300
2025-01-24,0.0,35.93335723876953,0.0,36.09126253125243,35.92348980507147,35.962963304622846,0.0,10000
2025-01-27,0.0,35.932373046875,0.0,35.9333594138286,35.755715478437594,35.9333594138286,0.0,46600
2025-01-28,0.0,35.83466720581055,0.0,35.99257249548677,35.73597404678849,35.90375053474645,0.0,10000
2025-01-29,0.0,35.99257278442383,0.0,36.175148541751916,35.923489454933346,36.03204628359046,0.0,16500
2025-01-30,0.0,36.10113525390625,0.0,36.35772995323976,36.10113525390625,36.23930192006731,0.0,31400
2025-01-31,0.0,35.824798583984375,0.0,36.23930235216924,35.7754538833041,36.160347819273326,0.0,19400
2025-02-03,0.0,35.2454833984375,0.0,35.42016445942214,34.897103878613024,35.01553190799715,0.0,15800
2025-02-04,0.0,35.597808837890625,0.0,35.70242020242895,35.48924824092705,35.53859294006707,0.0,83500
2025-02-05,0.0,36.032047271728516,0.0,36.032047271728516,35.824797277573474,35.824797277573474,0.0,5000
2025-02-06,0.0,36.44655227661133,0.0,36.48504317603038,36.16034774260944,36.249169709549356,0.0,89500
2025-02-07,0.0,35.982704162597656,0.0,36.44655263504105,35.903753393852035,36.44655263504105,0.0,11000
2025-02-10,0.0,36.28864669799805,0.0,36.337991398195804,36.120870199614515,36.17021866457158,0.0,26300
2025-02-11,0.0,36.663673400878906,0.0,36.742624168684486,36.37746886747011,36.42681356794351,0.0,13900
2025-02-12,0.0,37.12751770019531,0.0,37.21633966598743,36.614324538369694,36.624195737212865,0.0,138900
2025-02-13,0.0,37.71472930908203,0.0,37.86769900634956,37.31503235053954,37.512411147752125,0.0,89600
2025-02-14,0.0,37.84796142578125,0.0,38.08482125968356,37.77887809188461,37.94665459189027,0.0,48600
2025-02-18,0.0,38.29206848144531,0.0,38.41049650741916,38.16376925719753,38.272329849656494,0.0,98100
2025-02-19,0.0,37.46701431274414,0.0,37.71966353107124,37.32489842154282,37.71966353107124,0.0,67600
2025-02-20,0.0,37.55188751220703,0.0,37.768022334746995,37.35450495497053,37.68018673912463,0.0,48700
2025-02-21,0.0,37.147254943847656,0.0,37.54202005810635,37.120607978630666,37.54202005810635,0.0,31000
2025-02-24,0.0,37.38411331176758,0.0,37.680185253570016,37.295291352750944,37.670314055479835,0.0,84400
2025-02-25,0.0,37.966392517089844,0.0,38.045343283745396,37.59136602238799,37.90717661852873,0.0,110300
2025-02-26,0.0,37.956520080566406,0.0,38.42036852560476,37.8973079486954,38.13416400569773,0.0,56500
2025-02-27,0.0,37.285423278808594,0.0,37.90717704402179,37.24594977741738,37.90717704402179,0.0,61500
2025-02-28,0.0,37.48280334472656,0.0,37.581496503520114,36.974545812406696,37.45319727946802,0.0,60100
2025-03-03,0.0,38.6572265625,0.0,39.1408136645161,38.4401091265877,39.00264699672845,0.0,134000
2025-03-04,0.0,38.56840515136719,0.0,38.88421572710997,37.57261132967741,38.193378680887996,0.0,117100
2025-03-05,0.0,40.18693542480469,0.0,40.236280121533724,39.53952110708113,39.575049138135675,0.0,573600
2025-03-06,0.0,40.10798263549805,0.0,40.77908108140675,40.03889930413326,40.24614929822763,0.0,783300
2025-03-07,0.0,40.35470962524414,0.0,40.38234295760562,39.79217177945165,39.90073237508865,0.0,373000
2025-03-10,0.0,39.18029022216797,0.0,39.62834551742514,38.81513492608369,39.57505158516849,0.0,382800
2025-03-11,0.0,39.22963333129883,0.0,39.861254498296645,38.806248520719144,39.54544391479774,0.0,201500
2025-03-12,0.0,39.53557586669922,0.0,39.72308722125024,39.27897741861985,39.72308722125024,0.0,330900
2025-03-13,0.0,39.091468811035156,0.0,39.313521845574535,38.92862791116797,39.21976804409045,0.0,173800
2025-03-14,0.0,40.2066764831543,0.0,40.23628255002681,39.81191135597754,39.94021058702388,0.0,391100
2025-03-17,0.0,40.65078353881836,0.0,40.7050638392508,40.1573290001666,40.1573290001666,0.0,486300
2025-03-18,0.0,40.94685745239258,0.0,41.006069584950886,40.6310430981251,40.86790292263591,0.0,707500
2025-03-19,0.0,40.700130462646484,0.0,40.87777062625295,40.34977444048805,40.45340320266738,0.0,488600
2025-03-20,0.0,39.92047119140625,0.0,40.019160588935094,39.48622880685728,39.69348256528256,0.0,243700
2025-03-21,0.0,39.644134521484375,0.0,39.67374435286387,39.34806256100404,39.436884525624066,0.0,268700
2025-03-24,0.0,39.575050354003906,0.0,39.782304110247814,39.357932928773806,39.644133684498826,0.0,258500
2025-03-25,0.0,39.9599494934082,0.0,40.06850632760364,39.8020441944084,39.9796843616188,0.0,355500
2025-03-26,0.0,39.1112060546875,0.0,39.73295603521278,38.962181826839405,39.54544467414694,0.0,303900
2025-03-27,0.0,39.130943298339844,0.0,39.24838495715985,38.83486758696814,38.87434485045224,0.0,212000
2025-03-28,0.0,38.903953552246094,0.0,39.1112073172039,38.707561117907225,39.01251415180511,0.0,139800
2025-03-31,0.0,38.58814239501953,0.0,38.667096926197935,38.0256045370308,38.232858298994486,0.0,257000
2025-04-01,0.0,38.89408493041992,0.0,39.06186142409501,38.56149857331807,38.89408493041992,0.0,275300
2025-04-02,0.0,38.864479064941406,0.0,38.9927745295663,38.39767151048696,38.41049804514207,0.0,118200
2025-04-03,0.0,38.11442565917969,0.0,38.92369076206203,38.03547489450684,38.74604683559916,0.0,308900
2025-04-04,0.0,35.58794021606445,0.0,36.89065980662503,35.528724320217485,36.52550076270736,0.0,505000
2025-04-07,0.0,34.74906539916992,0.0,36.3014751118102,33.98914500837331,34.47273208061083,0.0,591100
2025-04-08,0.0,34.3839111328125,0.0,36.091263321662645,33.9891460105802,35.657024699014485,0.0,245200
2025-04-09,0.0,37.443328857421875,0.0,37.709794758782834,34.50234027297921,34.73920010688651,0.0,320200
2025-04-10,0.0,37.07817077636719,0.0,37.26075029642217,36.061655712528086,36.74755716537706,0.0,213800
2025-04-11,0.0,37.571624755859375,0.0,37.62393231749303,36.79196575420685,36.90052634491277,0.0,148200
2025-04-14,0.0,38.08481979370117,0.0,38.2624637211001,37.778876637678756,37.838092535064796,0.0,227900
2025-04-15,0.0,38.35128402709961,0.0,38.48945068360238,38.13416284416152,38.25259086905547,0.0,195200
2025-04-16,0.0,38.4697151184082,0.0,38.7164423860466,38.292071184527806,38.38089315146801,0.0,190100
2025-04-17,0.0,38.58814239501953,0.0,38.84474085659009,38.440108296198915,38.60788102781414,0.0,242100
2025-04-21,0.0,38.252593994140625,0.0,39.03323943191593,37.877571257212104,38.76578716361892,0.0,204300
2025-04-22,0.0,39.209896087646484,0.0,39.278979419935645,38.62761959780979,38.78552489515063,0.0,205700
2025-04-23,0.0,39.80204391479492,0.0,40.068506046118245,39.52570681991709,39.752695450337235,0.0,124700
2025-04-24,0.0,40.374446868896484,0.0,40.42379156573627,39.84645070671673,40.12771961993849,0.0,132700
2025-04-25,0.0,40.65078353881836,0.0,40.72973807208713,40.26588960103148,40.453404735165144,0.0,87200
2025-04-28,0.0,40.81855773925781,0.0,40.94093500007209,40.47313732281253,40.86790243739024,0.0,218900
2025-04-29,0.0,41.00606918334961,0.0,41.10476234457887,40.79783282500847,40.82842525789609,0.0,142800
2025-04-30,0.0,40.966590881347656,0.0,41.104761303569354,40.4040530532446,40.70012876467489,0.0,124400
2025-05-01,0.0,40.9172477722168,0.0,41.39096365822583,40.83829700692823,41.1935848626248,0.0,108700
2025-05-02,0.0,41.77585983276367,0.0,41.94363255590293,41.60808334486534,41.74625000268804,0.0,254400
2025-05-05,0.0,42.249576568603516,0.0,42.41340382760054,42.18641143965205,42.28905006824925,0.0,278700
2025-05-06,0.0,42.1607551574707,0.0,42.25944455501447,41.98311123008457,42.04232336270715,0.0,169000
2025-05-07,0.0,41.795597076416016,0.0,42.17358643792902,41.75612357533572,42.0324569066942,0.0,121600
2025-05-08,0.0,41.96337127685547,0.0,42.27918185676663,41.87454931595801,42.17062126402984,0.0,117500
2025-05-09,0.0,42.264381408691406,0.0,42.427222307754874,42.14101777572077,42.22983974205,0.0,86000
2025-05-12,0.0,41.8252067565918,0.0,41.86468025752903,41.351490862511554,41.81533555778803,0.0,262000
2025-05-13,0.0,42.091670989990234,0.0,42.28904978115638,41.884417235651185,42.04232252743957,0.0,92800
2025-05-14,0.0,41.86467742919922,0.0,42.29793342614342,41.746249404869836,42.23970389846111,0.0,110400
2025-05-15,0.0,42.35813522338867,0.0,42.35813522338867,41.973241290757514,42.19036248957891,0.0,112700
2025-05-16,0.0,42.328529357910156,0.0,42.33840055686325,42.0521960233728,42.3087907247633,0.0,108300
2025-05-19,0.0,43.1180534362793,0.0,43.13976856685174,42.54564816623319,42.71342089141182,0.0,223800
2025-05-20,0.0,43.266090393066406,0.0,43.315435089752455,43.06377224246684,43.167400999694294,0.0,212200
2025-05-21,0.0,43.241416931152344,0.0,43.858235062592286,43.039102541714776,43.601640376407275,0.0,318500
2025-05-22,0.0,43.266090393066406,0.0,43.34504115481228,43.029230578310695,43.22661312981395,0.0,232400
2025-05-23,0.0,42.73316192626953,0.0,42.97890282652712,42.3877452580918,42.585127824804495,0.0,249900
2025-05-27,0.0,43.868106842041016,0.0,44.01614093669201,43.72006898263087,43.90758410651828,0.0,193000
2025-05-28,0.0,43.354915618896484,0.0,43.6894784853592,43.256226218090184,43.572036818381534,0.0,142900
2025-05-29,0.0,43.42399597167969,0.0,43.61150732624414,43.21674598535703,43.51281793221212,0.0,151600
2025-05-30,0.0,43.53255844116211,0.0,43.77928570164046,43.22661528285563,43.61150920684039,0.0,121300
2025-06-02,0.0,43.97666931152344,0.0,44.05562007908416,43.25622614552002,43.443737512641135,0.0,190100
2025-06-03,0.0,43.710201263427734,0.0,43.82369369210972,43.43386417865077,43.660856565532995,0.0,118300
2025-06-04,0.0,44.13457489013672,0.0,44.30531049083574,43.78816808924769,44.016143090908706,0.0,200500
2025-06-05,0.0,44.17404556274414,0.0,44.624077335566746,44.095094799741055,44.489859909033775,0.0,428100
2025-06-06,0.0,44.15431213378906,0.0,44.43064546043944,44.00627427179252,44.11483486862209,0.0,234300
2025-06-09,0.0,43.937191009521484,0.0,44.1148349382942,43.47334255497502,44.1148349382942,0.0,290300
2025-06-10,0.0,43.710201263427734,0.0,44.065489111884446,43.60459976987869,44.00627321555529,0.0,108500
2025-06-11,0.0,43.62137985229492,0.0,43.93719044052119,43.606576819215434,43.93719044052119,0.0,65200
2025-06-12,0.0,43.838497161865234,0.0,44.11976984866237,43.72006913278587,43.97666758801019,0.0,103900
2025-06-13,0.0,43.09831619262695,0.0,43.404259351922654,42.93054346204363,43.0193654266934,0.0,217200
2025-06-16,0.0,43.36478042602539,0.0,43.86810612802017,43.36478042602539,43.512818283026,0.0,95900
2025-06-17,0.0,42.61473083496094,0.0,43.36478001694942,42.594992203229786,43.27595805653876,0.0,134500
2025-06-18,0.0,42.57525634765625,0.0,43.2068775452023,42.486434381453876,42.78250634720868,0.0,215100
2025-06-20,0.0,42.69368362426758,0.0,42.99666768272975,42.63447149102173,42.63447149102173,0.0,104000
2025-06-23,0.0,43.21674728393555,0.0,43.21674728393555,42.19036099022187,42.43708824747463,0.0,166700
2025-06-24,0.0,43.87797546386719,0.0,43.91745272941338,43.433865638370705,43.710202732434766,0.0,159000
2025-06-25,0.0,43.62137985229492,0.0,43.76941394784895,43.36478139638659,43.76941394784895,0.0,106600
2025-06-26,0.0,44.25300216674805,0.0,44.3615627651349,43.882911271207035,44.104964302627934,0.0,127500
2025-06-27,0.0,44.83000183105469,0.587,45.08000183105469,44.5099983215332,44.689998626708984,0.0,104600
2025-06-30,0.0,44.93000030517578,0.0,44.9900016784668,44.48500061035156,44.7400016784668,0.0,143300
2025-07-01,0.0,44.5099983215332,0.0,44.849998474121094,44.31999969482422,44.560001373291016,0.0,79100
2025-07-02,0.0,44.77000045776367,0.0,44.869998931884766,44.39500045776367,44.439998626708984,0.0,96000
2025-07-03,0.0,44.779998779296875,0.0,44.99800109863281,44.68000030517578,44.79999923706055,0.0,123000
2025-07-07,0.0,44.779998779296875,0.0,45.06999969482422,44.65999984741211,44.88999938964844,0.0,102200
2025-07-08,0.0,45.33000183105469,0.0,45.40599822998047,45.0,45.06999969482422,0.0,144400
2025-07-09,0.0,45.97999954223633,0.0,46.0890007019043,45.74800109863281,45.790000915527344,0.0,186100
2025-07-10,0.0,45.599998474121094,0.0,45.900001525878906,45.4900016784668,45.88999938964844,0.0,153800
2025-07-11,0.0,45.11000061035156,0.0,45.358001708984375,45.060001373291016,45.20000076293945,0.0,75500
2025-07-14,0.0,45.029998779296875,0.0,45.099998474121094,44.619998931884766,44.77000045776367,0.0,169000
2025-07-15,0.0,44.439998626708984,0.0,45.09000015258789,44.40999984741211,45.09000015258789,0.0,82300
2025-07-16,0.0,44.83000183105469,0.0,44.93000030517578,44.42499923706055,44.63999938964844,0.0,78900
2025-07-17,0.0,45.11000061035156,0.0,45.13999938964844,44.72999954223633,44.79999923706055,0.0,80800
2025-07-18,0.0,44.83000183105469,0.0,45.349998474121094,44.76100158691406,45.349998474121094,0.0,71700
2025-07-21,0.0,45.15999984741211,0.0,45.39899826049805,44.94900131225586,45.130001068115234,0.0,101300
2025-07-22,0.0,45.060001373291016,0.0,45.11000061035156,44.54999923706055,44.900001525878906,0.0,67600
2025-07-23,0.0,45.97999954223633,0.0,46.0,45.099998474121094,45.13999938964844,0.0,112500
2025-07-24,0.0,45.41999816894531,0.0,45.66999816894531,45.41299819946289,45.560001373291016,0.0,139600
2025-07-25,0.0,45.45000076293945,0.0,45.5099983215332,45.00699996948242,45.0099983215332,0.0,56800
2025-07-28,0.0,44.2400016784668,0.0,44.75,44.125999450683594,44.75,0.0,194700
2025-07-29,0.0,44.5,0.0,44.65399932861328,44.369998931884766,44.5099983215332,0.0,93300
2025-07-30,0.0,44.13999938964844,0.0,44.47999954223633,43.89699935913086,44.369998931884766,0.0,193100
2025-07-31,0.0,43.65999984741211,0.0,43.97999954223633,43.560001373291016,43.97999954223633,0.0,251700
2025-08-01,0.0,43.15999984741211,0.0,43.40999984741211,42.91400146484375,43.220001220703125,0.0,240400
2025-08-04,0.0,43.790000915527344,0.0,43.81999969482422,43.641998291015625,43.7400016784668,0.0,125200
2025-08-05,0.0,43.97999954223633,0.0,44.08000183105469,43.7400016784668,44.06999969482422,0.0,118600
2025-08-06,0.0,44.41999816894531,0.0,44.525001525878906,44.130001068115234,44.189998626708984,0.0,70500
2025-08-07,0.0,44.90999984741211,0.0,45.185001373291016,44.619998931884766,45.060001373291016,0.0,55700
2025-08-08,0.0,44.900001525878906,0.0,44.970001220703125,44.70000076293945,44.849998474121094,0.0,79100
2025-08-11,0.0,44.4900016784668,0.0,44.595001220703125,44.380001068115234,44.47999954223633,0.0,90400
2025-08-12,0.0,44.86000061035156,0.0,44.869998931884766,44.297000885009766,44.40999984741211,0.0,105700
2025-08-13,0.0,45.10499954223633,0.0,45.220001220703125,45.000999450683594,45.11000061035156,0.0,68100
2025-08-14,0.0,45.30500030517578,0.0,45.30500030517578,44.994998931884766,45.029998779296875,0.0,35500
2025-08-15,0.0,45.380001068115234,0.0,45.5,45.310001373291016,45.5,0.0,52500
2025-08-18,0.0,45.25,0.0,45.25,44.994998931884766,45.2400016784668,0.0,55100
2025-08-19,0.0,45.16999816894531,0.0,45.45000076293945,45.040000915527344,45.45000076293945,0.0,48900
2025-08-20,0.0,45.060001373291016,0.0,45.15999984741211,44.95000076293945,45.060001373291016,0.0,25900
2025-08-21,0.0,44.81999969482422,0.0,45.03799819946289,44.7599983215332,44.959999084472656,0.0,39900
2025-08-22,0.0,45.43000030517578,0.0,45.525001525878906,44.869998931884766,44.869998931884766,0.0,42100
2025-08-25,0.0,44.83000183105469,0.0,45.439998626708984,44.81999969482422,45.40999984741211,0.0,68400
2025-08-26,0.0,44.90999984741211,0.0,45.04999923706055,44.790000915527344,44.9900016784668,0.0,35100
2025-08-27,0.0,44.34000015258789,0.0,44.630001068115234,44.2400016784668,44.599998474121094,0.0,64200
2025-08-28,0.0,44.689998626708984,0.0,44.83300018310547,44.619998931884766,44.619998931884766,0.0,20800
2025-08-29,0.0,44.56999969482422,0.0,44.689998626708984,44.4900016784668,44.619998931884766,0.0,32500
2025-09-02,0.0,43.75,0.0,44.0,43.56100082397461,43.61000061035156,0.0,118100
2025-09-03,0.0,43.83000183105469,0.0,43.900001525878906,43.619998931884766,43.77000045776367,0.0,100300
2025-09-04,0.0,44.22999954223633,0.0,44.2400016784668,43.9900016784668,44.09000015258789,0.0,116000
2025-09-05,0.0,44.099998474121094,0.0,44.487998962402344,43.959999084472656,44.31999969482422,0.0,53900
2025-09-08,0.0,44.59000015258789,0.0,44.599998474121094,44.2599983215332,44.439998626708984,0.0,48500
2025-09-09,0.0,44.33000183105469,0.0,44.33000183105469,44.14099884033203,44.279998779296875,0.0,64500
2025-09-10,0.0,43.959999084472656,0.0,44.2140007019043,43.84000015258789,44.15999984741211,0.0,62800
2025-09-11,0.0,44.38999938964844,0.0,44.435001373291016,44.165000915527344,44.220001220703125,0.0,66800
2025-09-12,0.0,44.2599983215332,0.0,44.347999572753906,44.13999938964844,44.15999984741211,0.0,68200
2025-09-15,0.0,44.45000076293945,0.0,44.5,44.290000915527344,44.36000061035156,0.0,37900
2025-09-16,0.0,44.152000427246094,0.0,44.369998931884766,43.900001525878906,44.279998779296875,0.0,74800
2025-09-17,0.0,44.0,0.0,44.439998626708984,43.82500076293945,44.11000061035156,0.0,96500
2025-09-18,0.0,44.43000030517578,0.0,44.4900016784668,44.06999969482422,44.189998626708984,0.0,53800
2025-09-19,0.0,44.209999084472656,0.0,44.369998931884766,44.10499954223633,44.22999954223633,0.0,76800
2025-09-22,0.0,44.279998779296875,0.0,44.33000183105469,43.900001525878906,43.90999984741211,0.0,56400
2025-09-23,0.0,44.2599983215332,0.0,44.45000076293945,44.16999816894531,44.29999923706055,0.0,37100
2025-09-24,0.0,44.21099853515625,0.0,44.32099914550781,44.10499954223633,44.209999084472656,0.0,47200
2025-09-25,0.0,43.709999084472656,0.0,43.83000183105469,43.5,43.650001525878906,0.0,56000
2025-09-26,0.0,44.2400016784668,0.0,44.2400016784668,44.02000045776367,44.09000015258789,0.0,41600
2025-09-29,0.0,44.38999938964844,0.0,44.41999816894531,44.189998626708984,44.25,0.0,67300
2025-09-30,0.0,44.75,0.0,44.808998107910156,44.36000061035156,44.459999084472656,0.0,98200
2025-10-01,0.0,45.25,0.0,45.369998931884766,44.869998931884766,44.90999984741211,0.0,65600
2025-10-02,0.0,45.650001525878906,0.0,45.79999923706055,45.45000076293945,45.79999923706055,0.0,33100
2025-10-03,0.0,45.56999969482422,0.0,45.64500045776367,45.41999816894531,45.58000183105469,0.0,61400
2025-10-06,0.0,45.58000183105469,0.0,45.58000183105469,45.349998474121094,45.54999923706055,0.0,31500
2025-10-07,0.0,45.19599914550781,0.0,45.43000030517578,45.124000549316406,45.349998474121094,0.0,27700
2025-10-08,0.0,45.55099868774414,0.0,45.619998931884766,45.369998931884766,45.43000030517578,0.0,36800
2025-10-09,0.0,45.28900146484375,0.0,45.689998626708984,45.15999984741211,45.63999938964844,0.0,88600
2025-10-10,0.0,44.667999267578125,0.0,45.38999938964844,44.65999984741211,45.33000183105469,0.0,49500
2025-10-13,0.0,44.96900177001953,0.0,44.9900016784668,44.64699935913086,44.7599983215332,0.0,42400
2025-10-14,0.0,44.86000061035156,0.0,44.97999954223633,44.439998626708984,44.47999954223633,0.0,38500
2025-10-15,0.0,44.720001220703125,0.0,44.85200119018555,44.43000030517578,44.7599983215332,0.0,53200
2025-10-16,0.0,44.79999923706055,0.0,45.06999969482422,44.70000076293945,44.81999969482422,0.0,58400
2025-10-17,0.0,44.4900016784668,0.0,44.52000045776367,44.21099853515625,44.31999969482422,0.0,25800
2025-10-20,0.0,45.04999923706055,0.0,45.099998474121094,44.869998931884766,44.869998931884766,0.0,75400
2025-10-21,0.0,44.888999938964844,0.0,45.040000915527344,44.72999954223633,44.88999938964844,0.0,33700
2025-10-22,0.0,44.56999969482422,0.0,44.810001373291016,44.35900115966797,44.75,0.0,33900
2025-10-23,0.0,44.71500015258789,0.0,44.77000045776367,44.54999923706055,44.560001373291016,0.0,27300
2025-10-24,0.0,44.76599884033203,0.0,44.8650016784668,44.70000076293945,44.81999969482422,0.0,19900
2025-10-27,0.0,44.98099899291992,0.0,45.04899978637695,44.79999923706055,44.83000183105469,0.0,37400
2025-10-28,0.0,44.89099884033203,0.0,45.124000549316406,44.86000061035156,44.90999984741211,0.0,27900
2025-10-29,0.0,44.52000045776367,0.0,44.939998626708984,44.30799865722656,44.849998474121094,0.0,37700
2025-10-30,0.0,44.28200149536133,0.0,44.459999084472656,44.2400016784668,44.2400016784668,0.0,20600
2025-10-31,0.0,43.959999084472656,0.0,44.150001525878906,43.81999969482422,44.150001525878906,0.0,39300
2025-11-03,0.0,44.2140007019043,0.0,44.36000061035156,44.099998474121094,44.220001220703125,0.0,26200
2025-11-04,0.0,43.59000015258789,0.0,43.84000015258789,43.5099983215332,43.709999084472656,0.0,53100
2025-11-05,0.0,44.01499938964844,0.0,44.108001708984375,43.66999816894531,43.66999816894531,0.0,31100
2025-11-06,0.0,43.57899856567383,0.0,43.880001068115234,43.45800018310547,43.83000183105469,0.0,54800
2025-11-07,0.0,43.707000732421875,0.0,43.72999954223633,43.15999984741211,43.29999923706055,0.0,37900
2025-11-10,0.0,44.29999923706055,0.0,44.29999923706055,43.97999954223633,44.18000030517578,0.0,53900
2025-11-11,0.0,44.54499816894531,0.0,44.61000061035156,44.220001220703125,44.220001220703125,0.0,30500
2025-11-12,0.0,45.09000015258789,0.0,45.09000015258789,44.790000915527344,44.790000915527344,0.0,49800
2025-11-13,0.0,44.53200149536133,0.0,45.060001373291016,44.310001373291016,45.060001373291016,0.0,34200
2025-11-14,0.0,44.099998474121094,0.0,44.154998779296875,43.810001373291016,44.130001068115234,0.0,27200
2025-11-17,0.0,43.209999084472656,0.0,43.777000427246094,43.03499984741211,43.59000015258789,0.0,71200
