Price,Close,Dividends,High,Low,Open,Stock Splits,Volume
Ticker,GOOG,GOOG,GOOG,GOOG,GOOG,GOOG,GOOG
Date,,,,,,,
2015-11-18,36.7485237121582,0.0,36.81854397198697,36.10294002332847,36.1317460422386,0.0,33686000
2015-11-19,36.66956329345703,0.0,36.847840068838714,36.62089275627522,36.685949722953474,0.0,26542000
2015-11-20,37.572879791259766,0.0,37.638429294519106,36.897501295681266,37.07280008862983,0.0,44246000
2015-11-23,37.54208755493164,0.0,37.876200196136615,37.33550110741401,37.6150895662798,0.0,28290000
2015-11-24,37.159706115722656,0.0,37.50727646748334,36.630824197380264,37.34443894120362,0.0,46662000
2015-11-25,37.15325164794922,0.0,37.34444054494559,37.049462090573,37.15275531911749,0.0,22442000
2015-11-27,37.25802993774414,0.0,37.41446064496047,37.120471090454295,37.16864150344471,0.0,16770000
2015-11-30,36.87763595581055,0.0,37.48994278983634,36.81158633643085,37.1860228524669,0.0,41952000
2015-12-01,38.091331481933594,0.0,38.18617954130079,37.0812417050161,37.101602553104264,0.0,42692000
2015-12-02,37.85991287231445,0.0,38.53404864581425,37.690077486584656,38.18369733287489,0.0,44608000
2015-12-03,37.371253967285156,0.0,38.18841195279506,37.0281051268898,38.04017635181826,0.0,51812000
2015-12-04,38.07991027832031,0.0,38.163338990212004,37.24512304178442,37.39906833795078,0.0,55146000
2015-12-07,37.90311813354492,0.0,38.17525788959384,37.49789405006138,38.1275837994011,0.0,36246000
2015-12-08,37.85942077636719,0.0,37.98009689013331,37.45369655047918,37.63694420105254,0.0,36590000
2015-12-09,37.3250732421875,0.0,37.95178116839294,36.59958830860592,37.70050240335898,0.0,54000000
2015-12-10,37.21830368041992,0.0,37.5356320775501,36.93871900595957,37.3866538684455,0.0,39768000
2015-12-11,36.692405700683594,0.0,37.032080281076546,36.587127153781886,36.80612562673731,0.0,44488000
2015-12-14,37.134376525878906,0.0,37.18205061092702,35.96239649504891,36.83740899348151,0.0,48250000
2015-12-15,36.917362213134766,0.0,37.646374535200536,36.89799781148999,37.39410309729879,0.0,53324000
2015-12-16,37.64687728881836,0.0,37.771027713663806,36.72046612148792,37.24512745363353,0.0,39866000
2015-12-17,37.216819763183594,0.0,37.874815467751155,37.19546625485779,37.86190333922483,0.0,31068000
2015-12-18,36.71425247192383,0.0,37.45021715865734,36.65664802043581,37.07180622724002,0.0,62974000
2015-12-21,37.134376525878906,0.0,37.24511846594657,36.748516886400616,37.05293313938965,0.0,30514000
2015-12-22,37.245121002197266,0.0,37.48597308777971,37.02314077815778,37.32706072305446,0.0,27308000
2015-12-23,37.26051712036133,0.0,37.454191458671275,36.947163119338946,37.41744417968406,0.0,31318000
2015-12-24,37.16566467285156,0.0,37.31216503514641,37.077272673153146,37.22277658898761,0.0,10544000
2015-12-28,37.866371154785156,0.0,37.890210094454886,37.22128762871272,37.39013036670413,0.0,30306000
2015-12-29,38.56608581542969,0.0,38.733935899484194,38.06103899915617,38.07395112697112,0.0,35300000
2015-12-30,38.28798294067383,0.0,38.61574181818027,38.08437825303432,38.56608241549523,0.0,25866000
2015-12-31,37.686100006103516,0.0,38.213489112928066,37.65928309710982,38.213489112928066,0.0,30018000
2016-01-04,36.83989334106445,0.0,36.95013896043478,36.31439099015841,36.897501583642146,0.0,65456000
2016-01-05,36.87664031982422,0.0,37.34443586829785,36.68097691030585,37.06882185041714,0.0,39014000
2016-01-06,36.928287506103516,0.0,37.105079067909166,36.19828255641287,36.251916377271826,0.0,38940000
2016-01-07,36.07264709472656,0.0,36.6740309632769,35.70863723789701,36.26731409214426,0.0,59274000
2016-01-08,35.48069763183594,0.0,36.41232206078351,35.40769940143087,36.32392626934838,0.0,49018000
2016-01-11,35.55816650390625,0.0,35.6984570767674,34.93791076790848,35.58697252166209,0.0,41812000
2016-01-12,36.056758880615234,0.0,36.189847007826735,35.62208086488032,35.83874926044054,0.0,40490000
2016-01-13,34.78992462158203,0.0,36.48730867562546,34.693087452634224,36.294130666581985,0.0,50034000
2016-01-14,35.493106842041016,0.0,35.850906842301676,34.220815400259404,35.02928192350369,0.0,44516000
2016-01-15,34.48649978637695,0.0,35.09682512494133,34.03558693428019,34.37923213772879,0.0,72162000
2016-01-19,34.85100555419922,0.0,35.25772240268522,34.43485466918967,34.925992883867536,0.0,45362000
2016-01-20,34.685142517089844,0.0,35.10228608047107,33.434200578260224,34.196485922293355,0.0,68900000
2016-01-21,35.08937072753906,0.0,35.71508980386862,34.48699426027191,34.870372271277816,0.0,48244000
2016-01-22,36.01603317260742,0.0,36.15905543910222,35.76132555360703,35.93409345082716,0.0,40236000
2016-01-25,35.341644287109375,0.0,36.2360249686787,35.25920824358848,35.9330977040556,0.0,34234000
2016-01-26,35.40968322753906,0.0,35.66990351351016,35.08391343561902,35.449908596284224,0.0,26634000
2016-01-27,34.761619567871094,0.0,35.667669803909426,34.4835238531036,35.44096875359453,0.0,43884000
2016-01-28,36.299591064453125,0.0,36.43516460525256,35.37541545202537,35.86556099114007,0.0,53528000
2016-01-29,36.89501190185547,0.0,36.996319801946974,36.09300144524637,36.32789377038842,0.0,69486000
2016-02-01,37.34444046020508,0.0,37.635452072033225,36.9109104873707,37.26796414382612,0.0,102784000
2016-02-02,37.97264099121094,0.0,39.22507185088541,37.97264099121094,38.95839550836461,0.0,126962000
2016-02-03,36.100460052490234,0.0,38.46179974734325,35.780153626398224,38.24925731360211,0.0,123420000
2016-02-04,35.15989685058594,0.0,36.10294068434929,34.85448408893123,35.89486521657464,0.0,103374000
2016-02-05,33.94620132446289,0.0,34.960261839095836,33.776362129511845,34.95430210381001,0.0,102114000
2016-02-08,33.90497970581055,0.0,33.96904022300399,32.92766657533691,33.165540688861455,0.0,84948000
2016-02-09,33.675048828125,0.0,34.75714411366565,33.21122388414213,33.38751911509488,0.0,72178000
2016-02-10,33.9735107421875,0.0,34.82716600316446,33.87468447537826,34.10957682560723,0.0,52760000
2016-02-11,33.92335510253906,0.0,34.233234816573464,33.21609781881839,33.52061263445481,0.0,60480000
2016-02-12,33.888092041015625,0.0,34.451735916505086,33.69938479742999,34.278422443487614,0.0,42828000
2016-02-16,34.31516647338867,0.0,34.66278983292803,34.019687943849426,34.413492610725214,0.0,50400000
2016-02-17,35.179256439208984,0.0,35.24629871780595,34.334042555144286,34.6672610553039,0.0,49852000
2016-02-18,34.630516052246094,0.0,35.37541852050044,34.56496275580985,35.258716830705666,0.0,37664000
2016-02-19,34.80730438232422,0.0,34.9151138191481,34.46663338174589,34.51530012629001,0.0,31786000
2016-02-22,35.08292007446289,0.0,35.41961288290493,34.88676031185089,35.132083150131244,0.0,38996000
2016-02-23,34.55602264404297,0.0,35.1792563018415,34.443295381691655,34.83411833377464,0.0,40186000
2016-02-24,34.74026107788086,0.0,34.762110911083134,33.80764412066914,34.21187550683479,0.0,39272000
2016-02-25,35.04765701293945,0.0,35.05908015327448,34.29456328013875,34.76260893230726,0.0,32844000
2016-02-26,35.01388931274414,0.0,35.42904750419384,34.80481744189124,35.18819543594479,0.0,44870000
2016-02-29,34.651371002197266,0.0,35.3029105612111,34.64690025402823,34.778003049700374,0.0,49622000
2016-03-01,35.69622039794922,0.0,35.69622039794922,34.75069122072443,34.941883910568976,0.0,43028000
2016-03-02,35.69820785522461,0.0,35.75531597961434,35.358033175444106,35.70565657628546,0.0,32580000
2016-03-03,35.37888717651367,0.0,35.727999532476495,35.06106247721369,35.68975948419627,0.0,39160000
2016-03-04,35.30290985107422,0.0,35.58100932544227,35.061065112612056,35.50651832715137,0.0,39442000
2016-03-07,34.521759033203125,0.0,35.16391384406222,34.11156786682855,35.10477114691072,0.0,59702000
2016-03-08,34.46266174316406,0.0,34.95032183195537,34.03409130215065,34.19548909040987,0.0,41526000
2016-03-09,35.022335052490234,0.0,35.044184888113556,34.464154536935126,34.68613477264433,0.0,28430000
2016-03-10,35.39875411987305,0.0,35.578523656695694,34.92896943034372,35.165350761535024,0.0,56670000
2016-03-11,36.093997955322266,0.0,36.09896503229583,35.61254384446137,35.75531605010195,0.0,39416000
2016-03-14,36.276248931884766,0.0,36.52504603919354,36.011061609000166,36.09349764933739,0.0,34366000
2016-03-15,36.168983459472656,0.0,36.365635747979944,35.992191900318694,36.09896321163235,0.0,34420000
2016-03-16,36.55434799194336,0.0,36.62287925567765,35.97928097114957,36.07165117293208,0.0,32488000
2016-03-17,36.63827133178711,0.0,36.90097323436152,36.54987555335765,36.57222171516713,0.0,37216000
2016-03-18,36.629337310791016,0.0,36.84783945175366,36.34279644243667,36.840887059239805,0.0,59614000
2016-03-21,36.85231018066406,0.0,36.872671029356034,36.42652444622926,36.57471080909499,0.0,36730000
2016-03-22,36.7857666015625,0.0,36.996823823445865,36.62238726141863,36.62238726141863,0.0,25394000
2016-03-23,36.65217971801758,0.0,37.032575990034935,36.55732786723966,36.86571857009246,0.0,28642000
2016-03-24,36.51511764526367,0.0,36.636634859103424,36.30157879048792,36.35173452511863,0.0,31898000
2016-03-28,36.42721939086914,0.0,36.69836649944435,36.3760709968585,36.589113529837626,0.0,26026000
2016-03-29,36.98539733886719,0.0,37.10855508550896,36.19033918031834,36.47985801406075,0.0,38076000
2016-03-30,37.27144241333008,0.0,37.63644491036666,37.18255029822002,37.25008890720271,0.0,35648000
2016-03-31,36.99433898925781,0.0,37.2873321260001,36.79520125497996,37.207877837081895,0.0,34376000
2016-04-01,37.24065399169922,0.0,37.26200749949508,36.599541062641634,36.67899914736391,0.0,31534000
2016-04-04,37.01122283935547,0.0,37.384170393621275,36.86919322624263,37.248100515387904,0.0,22684000
2016-04-05,36.63926696777344,0.0,36.887567778114835,36.51859465317728,36.649201121898116,0.0,22646000
2016-04-06,37.03108596801758,0.0,37.05839920840653,36.528028289298945,36.538458772138554,0.0,21074000
2016-04-07,36.76242446899414,0.0,37.09613930096968,36.563783064297894,37.01519602587516,0.0,29064000
2016-04-08,36.70630645751953,0.0,37.019164090813526,36.52752958456028,36.94566954197142,0.0,25816000
2016-04-11,36.554847717285156,0.0,36.99682288217193,36.5523660729952,36.898496725510846,0.0,24402000
2016-04-12,36.90196990966797,0.0,36.93872097666553,36.302075044404184,36.649202132890416,0.0,27060000
2016-04-13,37.330535888671875,0.0,37.46263513375988,36.96012302814086,37.203407509457655,0.0,34142000
2016-04-14,37.40403366088867,0.0,37.608138471402825,37.37945212331529,37.44425902840048,0.0,22706000
2016-04-15,37.69206237792969,0.0,37.79138118289664,37.3789054195968,37.44276891912083,0.0,36186000
2016-04-18,38.069976806640625,0.0,38.14148604277949,37.60764083824211,37.76456409470071,0.0,31176000
2016-04-19,37.44028854370117,0.0,38.2333614704402,37.211852230404546,38.213993277887624,0.0,40610000
2016-04-20,37.37771224975586,0.0,37.64895784145684,37.24561679838343,37.64240327008515,0.0,30584000
2016-04-21,37.69901657104492,0.0,37.76406974731523,37.222775793477915,37.512294632423504,0.0,61210000
2016-04-22,35.69423294067383,0.0,36.555837026607946,35.43798708893476,36.06817313006497,0.0,119038000
2016-04-25,35.9117431640625,0.0,35.95047575201193,35.536310231215296,35.56163815359052,0.0,39184000
2016-04-26,35.166351318359375,0.0,36.041659479672205,34.91238627807854,36.02447740782972,0.0,54892000
2016-04-27,35.052127838134766,0.0,35.20806222878239,34.382959139206434,35.12413340448455,0.0,61972000
2016-04-28,34.316165924072266,0.0,35.4657999565338,34.24316769414452,35.172306683936974,0.0,57346000
2016-04-29,34.41499328613281,0.0,34.64392592663481,34.21585553317397,34.300276907059605,0.0,49754000
2016-05-02,34.673221588134766,0.0,34.793897692387354,34.31517148357974,34.64441936074699,0.0,32906000
2016-05-03,34.38270950317383,0.0,34.654845460963834,34.364830299186316,34.60667504360905,0.0,30876000
2016-05-04,34.5485725402832,0.0,34.749695578469805,34.21634671236012,34.2898450511775,0.0,33870000
2016-05-05,34.833126068115234,0.0,34.87732585493973,34.549566969408005,34.647893119559654,0.0,33670000
2016-05-06,35.314334869384766,0.0,35.35108214728756,34.66810714403034,34.681663362231824,0.0,36586000
2016-05-09,35.402732849121094,0.0,35.69125905052695,35.258717912852816,35.3580367294937,0.0,30206000
2016-05-10,35.91324234008789,0.0,35.92913244279263,35.542776378602646,35.59392856663714,0.0,31392000
2016-05-11,35.521419525146484,0.0,35.977795810581085,35.3977654399883,35.92466210067336,0.0,33842000
2016-05-12,35.423091888427734,0.0,35.71807413882659,35.20905670482791,35.609317501688,0.0,27214000
2016-05-13,35.29993438720703,0.0,35.58955174161818,35.22196908168941,35.35456087058506,0.0,26290000
2016-05-16,35.58101272583008,0.0,35.67983521167028,35.04269671796489,35.2155138803553,0.0,26342000
2016-05-17,35.07149124145508,0.0,35.83079466565761,34.966212714800506,35.556173315835636,0.0,40024000
2016-05-18,35.09136199951172,0.0,35.33817382812671,34.79340177910785,34.94436531028026,0.0,35336000
2016-05-19,34.77800369262695,0.0,35.06007380838088,34.60320122475581,34.87931160576405,0.0,33404000
2016-05-20,35.24580001831055,0.0,35.486155758680404,34.787934816901064,34.842561293747366,0.0,36568000
2016-05-23,34.972679138183594,0.0,35.33211597929985,34.969697376027796,35.08639907605692,0.0,26614000
2016-05-24,35.759788513183594,0.0,35.80348818409172,35.10278173041036,35.10278173041036,0.0,38590000
2016-05-25,36.01702880859375,0.0,36.12826709547614,35.74066834804282,35.79305945945323,0.0,32584000
2016-05-26,35.959922790527344,0.0,36.168990919579294,35.76922640823194,35.89784757937881,0.0,31526000
2016-05-27,36.38401794433594,0.0,36.44738512466398,35.95396222507283,35.9544585539591,0.0,39500000
2016-05-31,36.535972595214844,0.0,36.73511032383298,36.314488703670726,36.33832764180744,0.0,42590000
2016-06-01,36.4580078125,0.0,36.60996778458501,36.284694334813345,36.47687967399784,0.0,25072000
2016-06-02,36.271785736083984,0.0,36.401895886402365,35.9624023560223,36.3760716301323,0.0,26836000
2016-06-03,35.87152099609375,0.0,36.22658932589706,35.783125213061595,36.21566630320272,0.0,24526000
2016-06-06,35.58399200439453,0.0,35.999150272449384,35.48765115931807,35.999150272449384,0.0,31306000
2016-06-07,35.58895492553711,0.0,35.853642159760845,35.58398784856902,35.747370960769395,0.0,26724000
2016-06-08,36.16650390625,0.0,36.18090501968687,35.784118540628015,35.95197240239952,0.0,31674000
2016-06-09,36.181400299072266,0.0,36.22907438618622,35.87131982243076,35.89784120920638,0.0,19778000
2016-06-10,35.72602462768555,0.0,36.047820050953334,35.57803525672881,35.729002601202495,0.0,24328000
2016-06-13,35.67387390136719,0.0,36.02546794570818,35.58200381238799,35.58200381238799,0.0,25178000
2016-06-14,35.66940689086914,0.0,35.877978665493,35.41365356657423,35.58051477504307,0.0,26122000
2016-06-15,35.701683044433594,0.0,35.90330242444706,35.621732426054486,35.70565746385733,0.0,24290000
2016-06-16,35.27659225463867,0.0,35.58895356501381,34.92400179000655,35.50254309965883,0.0,39650000
2016-06-17,34.35092544555664,0.0,35.200117541018976,34.188637286611396,35.19167237348176,0.0,68048000
2016-06-20,34.44975280761719,0.0,34.88527189207179,34.434855364902305,34.70103159595297,0.0,41650000
2016-06-21,34.56049346923828,0.0,34.89967170345711,34.36532636840184,34.68265476820298,0.0,29312000
2016-06-22,34.6359748840332,0.0,34.80481760259557,34.41856014204454,34.715429166659796,0.0,23686000
2016-06-23,34.85497283935547,0.0,34.85894725837689,34.11652654292991,34.63547806607826,0.0,43428000
2016-06-24,33.53153610229492,0.0,34.23571683448406,33.44363664578579,33.529050669386734,0.0,88980000
2016-06-27,33.18589782714844,0.0,33.38652833551927,32.938790481405825,33.32196770057878,0.0,52580000
2016-06-28,33.770896911621094,0.0,33.78529802580185,33.421291962945624,33.71776320331512,0.0,43476000
2016-06-29,33.97301483154297,0.0,34.13783388964962,33.838930272984875,33.91789202164012,0.0,38652000
2016-06-30,34.36979675292969,0.0,34.38072356440774,33.950167788968905,34.04054888737698,0.0,31954000
2016-07-01,34.722877502441406,0.0,34.79439052365911,34.37128349682648,34.37476158707696,0.0,26894000
2016-07-05,34.51133346557617,0.0,34.61015595245488,34.209895138751925,34.56645627973092,0.0,29252000
2016-07-06,34.651371002197266,0.0,34.845541657209885,34.220318892079206,34.264518678638495,0.0,28238000
2016-07-07,34.53168869018555,0.0,34.67272184021967,34.17686665241836,34.6667621060427,0.0,26084000
2016-07-08,35.04169845581055,0.0,35.045669086052335,34.585072189235454,34.73727841891428,0.0,31504000
2016-07-11,35.5114860534668,0.0,35.58200263378035,35.121651968918,35.16187733605689,0.0,22236000
2016-07-12,35.78710174560547,0.0,35.90131800005854,35.55220938418681,35.71161808483892,0.0,26738000
2016-07-13,35.6053466796875,0.0,35.95396279061349,35.59889061529423,35.93509092632777,0.0,18718000
2016-07-14,35.80249786376953,0.0,35.865069401151516,35.65749026763143,35.8337817380755,0.0,19004000
2016-07-15,35.747867584228516,0.0,36.04036438985294,35.70838860449242,36.039868061029,0.0,25586000
2016-07-18,36.439632415771484,0.0,36.556334098169636,35.81441343883297,35.88989709633633,0.0,25910000
2016-07-19,36.59754943847656,0.0,36.59903842483518,36.202255764802906,36.24645175939142,0.0,24550000
2016-07-20,36.8076171875,0.0,36.85429483010376,36.60450503308887,36.61592817370984,0.0,25794000
2016-07-21,36.68048858642578,0.0,36.83244857600002,36.541489979227464,36.76640273631073,0.0,20526000
2016-07-22,36.88459396362305,0.0,36.90942177419454,36.5776922179001,36.84089050033263,0.0,25196000
2016-07-25,36.737098693847656,0.0,36.87813565283181,36.62437142344724,36.781794812185765,0.0,20648000
2016-07-26,36.67005920410156,0.0,36.83244587698204,36.46396907177927,36.70084674735464,0.0,23734000
2016-07-27,36.83641815185547,0.0,36.970002589071605,36.59953670130163,36.663104677012456,0.0,30250000
2016-07-28,37.04201126098633,0.0,37.17807733975898,36.71375606095337,37.098126725934996,0.0,70604000
2016-07-29,38.1782341003418,0.0,38.66292003013323,38.07792263616959,38.37290487163022,0.0,76830000
2016-08-01,38.38134765625,0.0,38.75628052173719,37.7958539120206,37.7958539120206,0.0,54010000
2016-08-02,38.29145812988281,0.0,38.52833577389221,38.13155312251862,38.1732674722658,0.0,35690000
2016-08-03,38.396244049072266,0.0,38.3977330355425,38.08040463397948,38.09828383793119,0.0,25748000
2016-08-04,38.318275451660156,0.0,38.4404367407963,38.17848123011575,38.348566662361506,0.0,22806000
2016-08-05,38.84517288208008,0.0,38.88589457958735,38.354530985402135,38.42604022607503,0.0,36024000
2016-08-08,38.82233428955078,0.0,38.86553763559916,38.640128544149334,38.83424997168023,0.0,22158000
2016-08-09,38.94648361206055,0.0,39.178890555430726,38.763235960032674,38.789556545539796,0.0,26378000
2016-08-10,38.96733474731445,0.0,39.07320812104908,38.872880724726265,38.92114964762131,0.0,15728000
2016-08-11,38.97578048706055,0.0,39.219114232730306,38.88241761962895,38.98322920864851,0.0,19502000
2016-08-12,38.89482879638672,0.0,38.9035202334631,38.75478830065121,38.80941477831785,0.0,14810000
2016-08-15,38.85610580444336,0.0,39.10688830384534,38.740396757416775,38.92115899165509,0.0,18764000
2016-08-16,38.592891693115234,0.0,38.783588023850676,38.40934855860543,38.74981872408423,0.0,20560000
2016-08-17,38.7304573059082,0.0,38.775153423823525,38.41362521600818,38.60183993582502,0.0,18484000
2016-08-18,38.610774993896484,0.0,38.87695500140873,38.58594339800672,38.73542172462235,0.0,14388000
2016-08-19,38.50748062133789,0.0,38.59090932521372,38.39376070549624,38.486623445368934,0.0,17230000
2016-08-22,38.3450927734375,0.0,38.463783562882355,38.240806886519835,38.40071570189665,0.0,19028000
2016-08-23,38.34161376953125,0.0,38.558130566945216,38.326962598768134,38.51045648323373,0.0,18564000
2016-08-24,38.2204475402832,0.0,38.46179597057056,38.09282282679001,38.267128974005914,0.0,21440000
2016-08-25,38.20902633666992,0.0,38.33218408450474,37.89988925062162,38.089342890649064,0.0,18538000
2016-08-26,38.21548080444336,0.0,38.54025791824706,38.03223317683484,38.188663893633844,0.0,23334000
2016-08-29,38.3450927734375,0.0,38.486129726771196,38.07022510680344,38.175753710193725,0.0,16952000
2016-08-30,38.19313430786133,0.0,38.460109977701684,38.081399695227226,38.2050537779148,0.0,22600000
2016-08-31,38.091827392578125,0.0,38.193131514313315,38.00889501466423,38.08983828853478,0.0,24972000
2016-09-01,38.177734375,0.0,38.288972640828604,37.95525784334279,38.201076982485354,0.0,18502000
2016-09-02,38.310829162597656,0.0,38.43299045948683,38.15936552193957,38.387801804957256,0.0,21454000
2016-09-06,38.7389030456543,0.0,38.8342474403258,38.28798638412304,38.40965515209784,0.0,28856000
2016-09-07,38.75231170654297,0.0,38.870502384367306,38.546221566448246,38.734928830125014,0.0,17874000
2016-09-08,38.50251770019531,0.0,38.75231129875149,38.416111014184814,38.664908166261085,0.0,25406000
2016-09-09,37.7248420715332,0.0,38.39947422077342,37.7248420715332,38.243293549789996,0.0,37710000
2016-09-12,38.18966293334961,0.0,38.252730801664775,37.44376774920884,37.49988322425485,0.0,26220000
2016-09-13,37.7263298034668,0.0,38.05061060461484,37.5331518012687,37.964200133394094,0.0,27900000
2016-09-14,37.865379333496094,0.0,38.123114194556784,37.697529249488355,37.722357058627956,0.0,21748000
2016-09-15,38.32572937011719,0.0,38.427033497894534,37.73973928399693,37.88524320063846,0.0,26102000
2016-09-16,38.182708740234375,0.0,38.22591208449114,37.973144294252585,38.22591208449114,0.0,40986000
2016-09-19,38.02478790283203,0.0,38.436968178535366,37.96226562220278,38.35850275423335,0.0,23456000
2016-09-20,38.30834197998047,0.0,38.4036901503458,38.165319724432464,38.18866233261894,0.0,19572000
2016-09-21,38.54721450805664,0.0,38.59389594265187,38.15395534197865,38.37042292449339,0.0,23356000
2016-09-22,39.092979431152344,0.0,39.224082238481486,38.657460322910715,38.734929302521124,0.0,29724000
2016-09-23,39.077579498291016,0.0,39.17838728503476,38.94101330619201,39.0621819395536,0.0,28238000
2016-09-26,38.44739532470703,0.0,38.87099874658522,38.390783524432415,38.87099874658522,0.0,30664000
2016-09-27,38.884403228759766,0.0,39.032388778278346,38.452259963634184,38.51145569894943,0.0,23064000
2016-09-28,38.81239700317383,0.0,38.824812801961805,38.48513821888617,38.62816049183323,0.0,22196000
2016-09-29,38.487125396728516,0.0,39.02295977578238,38.448491308731086,38.806439146099436,0.0,26294000
2016-09-30,38.60034942626953,0.0,38.78161176405217,38.44143704314138,38.55267912122415,0.0,31706000
2016-10-03,38.36545181274414,0.0,38.53951167486766,38.21349184343458,38.44938063592518,0.0,25576000
2016-10-04,38.557640075683594,0.0,38.67086746242912,38.381844943757685,38.53777555539894,0.0,24028000
2016-10-05,38.559627532958984,0.0,38.83772322752688,38.51890583643016,38.700660695555655,0.0,29224000
2016-10-06,38.5789909362793,0.0,38.758760475439196,38.51344143372902,38.685265923074006,0.0,21414000
2016-10-07,38.490604400634766,0.0,38.71804805970972,38.275572752472996,38.71804805970972,0.0,18664000
2016-10-10,39.02991485595703,0.0,39.20074671960801,38.52983506524771,38.621212627126084,0.0,23498000
2016-10-11,38.88737869262695,0.0,39.34474755585016,38.7637246290815,39.06565923189622,0.0,27450000
2016-10-12,39.03984451293945,0.0,39.13867079541276,38.83723244777211,38.921653825860986,0.0,18748000
2016-10-13,38.645042419433594,0.0,38.79551341066446,38.387307567375906,38.79551341066446,0.0,27306000
2016-10-14,38.66192626953125,0.0,38.931084270033956,38.53628687179374,38.81686801346163,0.0,17050000
2016-10-17,38.73293685913086,0.0,39.02543363588507,38.61077178264658,38.72499180996241,0.0,21860000
2016-10-18,39.492740631103516,0.0,39.808083718375535,39.011286515785855,39.1247601669951,0.0,41138000
2016-10-19,39.80261993408203,0.0,39.95656522129723,39.63029911420799,39.64072580820328,0.0,35336000
2016-10-20,39.57765579223633,0.0,39.92527917473119,39.53097436428765,39.892006201738305,0.0,35150000
2016-10-21,39.696842193603516,0.0,39.70329825718603,39.43016963770261,39.47982904226599,0.0,25324000
2016-10-24,40.37917709350586,0.0,40.48197400339979,39.96749691381934,39.9714675448664,0.0,33950000
2016-10-25,40.1090202331543,0.0,40.5564587558641,39.983380847810345,40.5564587558641,0.0,31528000
2016-10-26,39.68194580078125,0.0,40.074757876962856,39.54538338181204,40.0429776758111,0.0,32954000
2016-10-27,39.497215270996094,0.0,39.901446723006266,39.30602256898667,39.77779263554651,0.0,54984000
2016-10-28,39.498207092285156,0.0,40.49737013705167,39.40981130059389,40.14279431255981,0.0,85398000
2016-10-31,38.960384368896484,0.0,39.572194892595306,38.93356745728675,39.503167298272366,0.0,48546000
2016-11-01,38.9141960144043,0.0,39.206196467219065,38.51343893776641,38.878441398169535,0.0,48128000
2016-11-02,38.173770904541016,0.0,38.8168691438645,37.9130542757215,38.64554096524682,0.0,37448000
2016-11-03,37.84749221801758,0.0,38.23583726259533,37.69354695170978,38.10175272394026,0.0,38864000
2016-11-04,37.842037200927734,0.0,38.256202757297935,37.27297916714817,37.27789699004523,0.0,42696000
2016-11-07,38.860069274902344,0.0,38.99266105825379,38.364956643270624,38.46179380725164,0.0,31702000
2016-11-08,39.25685501098633,0.0,39.51126331192074,38.744359513838305,38.90376820588445,0.0,27338000
2016-11-09,38.99862289428711,0.0,39.292464730602525,38.321259038748636,38.731950326735145,0.0,52142000
2016-11-10,37.86885070800781,0.0,39.28962794349983,37.35338102573526,39.28962794349983,0.0,94904000
2016-11-11,37.44475555419922,0.0,37.78045949195309,37.26399335262778,37.5698986168256,0.0,48636000
2016-11-14,36.55385208129883,0.0,37.634954753938246,36.12975236739363,37.52321636090569,0.0,73088000
2016-11-15,37.6667366027832,0.0,37.961021716782845,37.09465131203383,37.09465131203383,0.0,47680000
2016-11-16,37.96419906616211,0.0,38.057561927211914,37.270448826804646,37.5033520730693,0.0,29452000
2016-11-17,38.299407958984375,0.0,38.37240618576779,37.95178454560374,38.085372778237584,0.0,26080000
2016-11-18,37.76853942871094,0.0,38.4866249354219,37.74172251731696,38.30635906551317,0.0,30942000
2016-11-21,38.1985969543457,0.0,38.22342855166827,37.77151924403222,37.871338173397554,0.0,26612000
2016-11-22,38.15241622924805,0.0,38.58396090583992,38.08934457727638,38.368933060822805,0.0,31862000
2016-11-23,37.79088592529297,0.0,38.15305820555196,37.50583784016691,38.125597203079785,0.0,29568000
2016-11-25,37.82515335083008,0.0,37.99002545902776,37.76754889423854,37.95327818038521,0.0,11748000
2016-11-28,38.150917053222656,0.0,38.71158291280848,37.73178824580264,37.741718609957324,0.0,43764000
2016-11-29,38.28004455566406,0.0,38.660440874962525,38.15092705518725,38.3143101935734,0.0,32332000
2016-11-30,37.64439010620117,0.0,38.38681090151255,37.484981408493404,38.24180331755643,0.0,47858000
2016-12-01,37.14183044433594,0.0,37.73427660567698,36.60078273553186,37.61459694190449,0.0,60358000
2016-12-02,37.26995086669922,0.0,37.443760665546485,36.90246296197133,36.976457629469685,0.0,29050000
2016-12-05,37.86686706542969,0.0,37.935398333068584,37.389137296087796,37.62800407514363,0.0,27884000
2016-12-06,37.69752883911133,0.0,38.18022569636298,37.60962937844165,37.97661720427727,0.0,33814000
2016-12-07,38.29742431640625,0.0,38.30586569577913,37.53315364894773,37.79138484011356,0.0,35220000
2016-12-08,38.55714797973633,0.0,38.644551120830165,38.10077165824609,38.36148830604574,0.0,29762000
2016-12-09,39.19626998901367,0.0,39.203222381436674,38.686309163209344,38.73492665616408,0.0,36438000
2016-12-12,39.19527816772461,0.0,39.29360432140951,38.95119804007784,38.98521361528526,0.0,42082000
2016-12-13,39.534454345703125,0.0,39.945641932323774,39.397391816829575,39.42520138565786,0.0,42904000
2016-12-14,39.58262634277344,0.0,39.92677166514908,39.43066636578443,39.59901277192666,0.0,34084000
2016-12-15,39.621360778808594,0.0,39.877110301670584,39.376534278589055,39.596032854297725,0.0,32530000
2016-12-16,39.2712516784668,0.0,39.77063418750446,39.24592375657465,39.747988714183684,0.0,48876000
2016-12-19,39.440101623535156,0.0,39.61192612562435,39.04629688390096,39.24245665482477,0.0,24642000
2016-12-20,39.550350189208984,0.0,39.66109215178799,39.39392323621711,39.567236737746896,0.0,19020000
2016-12-21,39.45798110961914,0.0,39.56306264253778,39.08751518970622,39.52154530207546,0.0,24226000
2016-12-22,39.294105529785156,0.0,39.39640611568727,39.16101739671662,39.348732019453564,0.0,19444000
2016-12-23,39.2270622253418,0.0,39.36760286588477,39.09645574017445,39.27622530701769,0.0,12468000
2016-12-27,39.30849838256836,0.0,39.62185613893424,39.115172631708994,39.26529504432806,0.0,15782000
2016-12-28,38.98571014404297,0.0,39.44159008303228,38.89384005361535,39.415273287910615,0.0,23076000
2016-12-29,38.87347412109375,0.0,39.02940849989899,38.68128879745753,38.90029103032386,0.0,14886000
2016-12-30,38.328704833984375,0.0,38.872980528619,38.25868458329667,38.871491542172365,0.0,35400000
2017-01-03,39.03984451293945,0.0,39.21315801797928,38.52636006227842,38.67583462508078,0.0,33146000
2017-01-04,39.077579498291016,0.0,39.29807072080159,38.89185023479024,39.150081389038874,0.0,21460000
2017-01-05,39.4311637878418,0.0,39.45400628127621,38.984221552315184,39.03686272063126,0.0,26704000
2017-01-06,40.033546447753906,0.0,40.12045326393822,39.34098573405706,39.492748722507606,0.0,32804000
2017-01-09,40.05836868286133,0.0,40.223039973673075,39.868664991654,40.04595288505653,0.0,25492000
2017-01-10,39.96600341796875,0.0,40.18153138902927,39.90243922343087,40.11846352336331,0.0,23536000
2017-01-11,40.120941162109375,0.0,40.13286063138583,39.79616404009806,39.97642991063359,0.0,21318000
2017-01-12,40.043968200683594,0.0,40.09511659037095,39.686910764200164,40.082700792370545,0.0,27062000
2017-01-13,40.11945343017578,0.0,40.28551520853678,40.06035619953752,40.09958891035039,0.0,21984000
2017-01-17,39.95706558227539,0.0,40.08270498433531,39.746508478144705,40.07972701111318,0.0,27242000
2017-01-18,40.029571533203125,0.0,40.036273867381354,39.777296280937875,40.01665940495022,0.0,25888000
2017-01-19,39.836143493652344,0.0,40.1989106465564,39.81752168895122,39.98239380560924,0.0,18386000
2017-01-20,39.977420806884766,0.0,40.07127999295463,39.81205238584608,40.07127999295463,0.0,33400000
2017-01-23,40.68707275390625,0.0,40.764541738193145,39.91386432018569,40.08817048202374,0.0,39272000
2017-01-24,40.913516998291016,0.0,41.0143247903518,40.613120613830866,40.8355516979931,0.0,29480000
2017-01-25,41.49951171875,0.0,41.50447879622124,40.972615052258334,41.19906604644492,0.0,29890000
2017-01-26,41.324703216552734,0.0,41.61521850699497,41.069450006604846,41.60578068143234,0.0,59478000
2017-01-27,40.885711669921875,0.0,41.81137637075344,40.743185721298026,41.45183725595178,0.0,59316000
2017-01-30,39.84334182739258,0.0,40.51474590637709,39.71819876621139,40.456148795137956,0.0,64932000
2017-01-31,39.568721771240234,0.0,39.79020567427056,39.257353094261234,39.57219607311643,0.0,43212000
2017-02-01,39.51434326171875,0.0,39.78722560100159,39.29062399633536,39.712238273734485,0.0,40594000
2017-02-02,39.65513229370117,0.0,39.86221510289616,39.33085145796195,39.42023991172519,0.0,30642000
2017-02-03,39.8021240234375,0.0,40.02608956435997,39.746504884825995,39.87661502372638,0.0,29268000
2017-02-06,39.794673919677734,0.0,39.811060347888706,39.49224296960036,39.713230529892044,0.0,23690000
2017-02-07,40.074256896972656,0.0,40.24955946688524,39.81652207190894,39.92627135420719,0.0,24824000
2017-02-08,40.14427947998047,0.0,40.31610396961254,39.88654463991716,40.07574821565411,0.0,23106000
2017-02-09,40.202880859375,0.0,40.25750733996205,39.95358739497862,40.20039542649491,0.0,19794000
2017-02-10,40.406982421875,0.0,40.48544784205403,40.21380442193931,40.30915259983527,0.0,22700000
2017-02-13,40.68359375,0.0,40.7689585215192,40.49736813863291,40.52269227572555,0.0,24266000
2017-02-14,40.743682861328125,0.0,40.87031871123098,40.52269527105515,40.67167728666908,0.0,21094000
2017-02-15,40.670677185058594,0.0,40.87031123083309,40.64534926195972,40.68954525641721,0.0,26272000
2017-02-16,40.927921295166016,0.0,40.93984076517365,40.670682764915384,40.717856738553365,0.0,25752000
2017-02-17,41.122093200683594,0.0,41.122093200683594,40.80352205420017,40.87131072673661,0.0,32220000
2017-02-21,41.30037307739258,0.0,41.389265197238984,41.13599729444414,41.15139106662622,0.0,25246000
2017-02-22,41.255672454833984,0.0,41.379326525190756,41.15039391657975,41.151386574190234,0.0,19658000
2017-02-23,41.28398513793945,0.0,41.340100607162206,40.864356152102225,41.22389524921669,0.0,29456000
2017-02-24,41.1504020690918,0.0,41.16828127593122,40.92991079525681,41.10521340624504,0.0,27844000
2017-02-27,41.18218231201172,0.0,41.24276853166201,40.91997670153596,40.94728994382593,0.0,22030000
2017-02-28,40.880741119384766,0.0,41.14542835557202,40.73126279057046,40.9999244461156,0.0,45216000
2017-03-01,41.478153228759766,0.0,41.52855901879773,41.08186308934224,41.16082483544726,0.0,29930000
2017-03-02,41.24922561645508,0.0,41.4419035150586,41.20005874810038,41.40913065451548,0.0,18850000
2017-03-03,41.17224884033203,0.0,41.285476231007166,41.006933440053345,41.24574718905905,0.0,17928000
2017-03-06,41.107688903808594,0.0,41.162315385195306,40.84051623159699,41.06647087835388,0.0,22180000
2017-03-07,41.31278991699219,0.0,41.38728092425163,41.04512089299215,41.08882056634195,0.0,20752000
2017-03-08,41.4846076965332,0.0,41.62266287593509,41.306823481201555,41.39223749855806,0.0,19796000
2017-03-09,41.648983001708984,0.0,41.8138551041211,41.42700277355788,41.515894888338494,0.0,25230000
2017-03-10,41.87593078613281,0.0,41.958366838282195,41.68970517554147,41.877423561413025,0.0,34080000
2017-03-13,41.989654541015625,0.0,42.14583520767222,41.875930828183535,41.91317822360105,0.0,24472000
2017-03-14,41.99362564086914,0.0,42.07407637865082,41.75426632043514,41.895299487204724,0.0,15598000
2017-03-15,42.07209014892578,0.0,42.14310305961011,41.75277642649261,42.09145833968597,0.0,27630000
2017-03-16,42.15055465698242,0.0,42.25335156378262,42.01895552087751,42.16297045617099,0.0,19552000
2017-03-17,42.3164176940918,0.0,42.379981885256946,42.0676205467328,42.29109355665675,0.0,34246000
2017-03-20,42.131675720214844,0.0,42.22206060142159,41.970281724170036,42.21163011944799,0.0,24630000
2017-03-21,41.240779876708984,0.0,42.3849505146616,41.16927063262568,42.280664621719296,0.0,49270000
2017-03-22,41.197574615478516,0.0,41.49354952162154,41.07789495578951,41.31278731560145,0.0,28030000
2017-03-23,40.601158142089844,0.0,40.848962631120536,40.33681567286468,40.770993537323996,0.0,69742000
2017-03-24,40.444725036621094,0.0,40.8171762415367,40.169607322247906,40.725306156730454,0.0,39620000
2017-03-27,40.696998596191406,0.0,40.802280930814625,39.8954843494107,40.073268582527874,0.0,37886000
2017-03-28,40.767024993896484,0.0,41.018800126573,40.42471720211797,40.74169706645991,0.0,32410000
2017-03-29,41.28794860839844,0.0,41.355237148035265,40.839517472456095,40.969627592932916,0.0,35726000
2017-03-30,41.29242706298828,0.0,41.400683583365165,41.16827665317098,41.39174587533419,0.0,21106000
2017-03-31,41.196083068847656,0.0,41.29937629283572,41.08831909680158,41.166784513989434,0.0,28038000
2017-04-03,41.64253234863281,0.0,41.75674860455884,41.17919989479321,41.17919989479321,0.0,33430000
2017-04-04,41.44488525390625,0.0,41.47517647007919,41.17006682174813,41.28547654480553,0.0,20908000
2017-04-05,41.28794860839844,0.0,41.836198655673655,41.253682980443735,41.49155706110583,0.0,31106000
2017-04-06,41.1126594543457,0.0,41.53526643878369,41.0421428669225,41.337121344808885,0.0,25088000
2017-04-07,40.953250885009766,0.0,41.14270454122991,40.7468121727774,41.116630225932994,0.0,21146000
2017-04-10,40.95622634887695,0.0,41.18565530355066,40.90855225860102,40.98900299633599,0.0,19578000
2017-04-11,40.887691497802734,0.0,41.09015576013378,40.57334487335792,40.95523010217253,0.0,21594000
2017-04-12,40.93586349487305,0.0,41.052068847430476,40.77198405437489,40.81717649822429,0.0,18010000
2017-04-13,40.89812088012695,0.0,41.038161373090844,40.792838557241815,40.82760051608992,0.0,22448000
2017-04-17,41.573997497558594,0.0,41.60279972348374,40.94331134497357,40.97012825566789,0.0,17900000
2017-04-18,41.556617736816406,0.0,41.66139995463693,41.352516707239054,41.42750025051667,0.0,16734000
2017-04-19,41.625640869140625,0.0,41.82477858890926,41.530292698370125,41.70410249468645,0.0,19084000
2017-04-20,41.79647445678711,0.0,41.972765904502374,41.68076543436665,41.786043974183194,0.0,19180000
2017-04-21,41.872955322265625,0.0,41.907220957908365,41.744334159196214,41.85756154986221,0.0,26472000
2017-04-24,42.84480285644531,0.0,42.87906849026919,42.20418629697569,42.270732249262586,0.0,27450000
2017-04-25,43.31855773925781,0.0,43.452638499569375,42.847280291078015,42.95603691671715,0.0,33440000
2017-04-26,43.290252685546875,0.0,43.50478798702769,43.09250921184515,43.414403094541704,0.0,24744000
2017-04-27,43.41539764404297,0.0,43.472505768829805,43.223212304043464,43.3831173267084,0.0,40536000
2017-04-28,44.9901237487793,0.0,45.53092140380154,44.980689711627015,45.22352713220469,0.0,65526000
2017-05-01,45.31837463378906,0.0,45.47281624804314,44.766150101679706,44.7904853686707,0.0,42320000
2017-05-02,45.510555267333984,0.0,45.72558688033755,45.16357975647385,45.171873372910554,0.0,31744000
2017-05-03,46.036956787109375,0.0,46.089594163211615,45.31703373088921,45.432094874979676,0.0,29990000
2017-05-04,46.26639175415039,0.0,46.47844163893039,45.91529400681632,45.988792357924936,0.0,28442000
2017-05-05,46.04142379760742,0.0,46.42728346077118,45.94557929283975,46.35974485374314,0.0,38226000
2017-05-08,46.397483825683594,0.0,46.52784021946051,45.9485563495971,45.99126335624283,0.0,26596000
2017-05-09,46.29171371459961,0.0,46.556400948213145,46.1606109198396,46.529087708106076,0.0,31636000
2017-05-10,46.12336730957031,0.0,46.28327234401138,45.94359775444273,46.28227968629254,0.0,23478000
2017-05-11,46.213748931884766,0.0,46.309593445601436,45.83782338753241,45.95154331792755,0.0,16700000
2017-05-12,46.29419708251953,0.0,46.354783299583715,46.07718392880792,46.25993144890509,0.0,21012000
2017-05-15,46.535545349121094,0.0,46.593646133035826,46.15117465931676,46.33044787695571,0.0,22162000
2017-05-16,46.829532623291016,0.0,46.8349922402121,46.56037464571227,46.68055062705854,0.0,19390000
2017-05-17,45.668479919433594,0.0,46.647429866643996,45.59498536069503,46.46552723443464,0.0,47242000
2017-05-18,46.19587326049805,0.0,46.34137718129815,45.6252769298987,45.737011544217935,0.0,31938000
2017-05-19,46.38309097290039,0.0,46.569066531939164,46.23361263425482,46.256955245574495,0.0,27860000
2017-05-22,46.77291488647461,0.0,46.77405909482593,46.43224768809962,46.43224768809962,0.0,22408000
2017-05-23,47.11855697631836,0.0,47.250004552254595,46.80842723260877,47.07386086017955,0.0,25416000
2017-05-24,47.4234733581543,0.0,47.429929422235126,47.15232624429934,47.32514341033162,0.0,20496000
2017-05-25,48.14751434326172,0.0,48.30091404925139,47.44879323135425,47.5411634356624,0.0,33210000
2017-05-26,48.24336242675781,0.0,48.41766857665616,47.92354856728146,48.155462964130294,0.0,25040000
2017-05-30,48.462364196777344,0.0,48.47825808775814,48.14503574884013,48.18575745092871,0.0,29334000
2017-05-31,47.915103912353516,0.0,48.630707786010895,47.68269320253013,48.41965058211436,0.0,48962000
2017-06-01,48.01889419555664,0.0,48.24484884526092,47.6742525450033,48.11821300549909,0.0,28210000
2017-06-02,48.44845199584961,0.0,48.462356780348514,47.971714903557256,48.14353939451364,0.0,35020000
2017-06-05,48.849708557128906,0.0,49.010113706720915,48.423627287365626,48.49563285856803,0.0,25042000
2017-06-06,48.49662399291992,0.0,49.076654330212975,48.425611081651645,48.82388655689689,0.0,36292000
2017-06-07,48.713645935058594,0.0,48.86461326968123,48.46534509578166,48.66696449827986,0.0,29078000
2017-06-08,48.8363037109375,0.0,48.89390816768896,48.52791300048353,48.783662542685406,0.0,29638000
2017-06-09,47.16870880126953,0.0,48.890424117837284,46.46353546578647,48.890424117837284,0.0,66188000
2017-06-12,46.82456970214844,0.0,47.145126155887894,45.45062155702196,46.6587049340819,0.0,75270000
2017-06-13,47.34599685668945,0.0,47.67276308839115,46.88366086751784,47.27200597318294,0.0,40266000
2017-06-14,47.21488952636719,0.0,47.73085928990769,46.79228261685627,47.66977675063876,0.0,29794000
2017-06-15,46.79527282714844,0.0,46.84637196843734,45.90784437993744,46.38110722094578,0.0,42662000
2017-06-16,46.66962814331055,0.0,46.78186287408811,46.26316133079058,46.680554955705055,0.0,61894000
2017-06-19,47.543148040771484,0.0,47.67325817771824,47.12997513799296,47.17516758182106,0.0,30666000
2017-06-20,47.20844268798828,0.0,47.75420739644558,47.177651356032044,47.55059890877136,0.0,22520000
2017-06-21,47.64644241333008,0.0,47.678722731127145,47.21489396758807,47.35791623478544,0.0,24044000
2017-06-22,47.52924728393555,0.0,47.709513168166374,47.40311155561396,47.60920169564918,0.0,18828000
2017-06-23,47.95135498046875,0.0,47.97171582878982,47.38572576448415,47.51633223328281,0.0,30558000
2017-06-26,47.28988265991211,0.0,48.33473444128488,47.216388103260805,48.165391586140714,0.0,31968000
2017-06-27,46.05135726928711,0.0,47.092234561899794,46.027518331268205,46.802715736611425,0.0,51598000
2017-06-28,46.70488739013672,0.0,46.81711832533279,45.48870748080585,46.134291100136075,0.0,54428000
2017-06-29,45.577598571777344,0.0,46.246520997266416,45.22153379485336,46.17997504825767,0.0,65984000
2017-06-30,45.12767791748047,0.0,45.987793013493544,45.106820741130015,45.987793013493544,0.0,41804000
2017-07-03,44.62958908081055,0.0,45.38640719362754,44.43541463395933,45.29900785431118,0.0,34196000
2017-07-05,45.27566909790039,0.0,45.414716957529514,44.61965872451226,44.78155286734475,0.0,36278000
2017-07-06,45.026371002197266,0.0,45.436266622110274,44.679247717506776,44.8987462972256,0.0,28490000
2017-07-07,45.61732864379883,0.0,45.763825211932705,45.133639152404754,45.133639152404754,0.0,32756000
2017-07-10,46.12435531616211,0.0,46.20282073327699,45.66698642394307,45.775246724698285,0.0,23856000
2017-07-11,46.18842315673828,0.0,46.25496532121455,45.786669581794676,46.16110991505352,0.0,22264000
2017-07-12,46.870750427246094,0.0,46.993408052071736,46.4059290259948,46.61499711753443,0.0,30642000
2017-07-13,47.0361213684082,0.0,47.3981421053261,46.83003123869057,46.99291423835397,0.0,25894000
2017-07-14,47.47461700439453,0.0,47.52030577726029,47.078080587037945,47.27647193072894,0.0,21076000
2017-07-17,47.34699630737305,0.0,47.710506050708176,47.13946643378865,47.524776759371235,0.0,23310000
2017-07-18,47.941925048828125,0.0,48.07302785768165,47.20695291979107,47.3261400469452,0.0,23080000
2017-07-19,48.21455383300781,0.0,48.32132515300634,47.873886601977404,48.06309018517483,0.0,24490000
2017-07-20,48.078487396240234,0.0,48.46335062347444,47.748743190760344,48.41865829596455,0.0,32490000
2017-07-21,48.315364837646484,0.0,48.33075860890873,47.68120435521891,47.78549024101593,0.0,34220000
2017-07-24,48.683841705322266,0.0,48.974853317089625,48.208597378198625,48.28060294631745,0.0,64966000
2017-07-25,47.2119140625,0.0,47.658856261219995,46.94871582013421,47.36635567523618,0.0,93220000
2017-07-26,47.06789779663086,0.0,47.42545154537502,46.79372349675515,47.40956144638132,0.0,41766000
2017-07-27,46.38706588745117,0.0,47.26555667769257,45.687355798728845,47.26555667769257,0.0,64260000
2017-07-28,46.75653076171875,0.0,46.87075079769962,46.05979877191324,46.154154289081376,0.0,36928000
2017-07-31,46.20878601074219,0.0,46.85883664452069,45.98729830579993,46.774415271566596,0.0,39402000
2017-08-01,46.22517013549805,0.0,46.55377014048566,46.14720483049822,46.30214278280957,0.0,25554000
2017-08-02,46.20332336425781,0.0,46.313072666411024,45.522481385560226,46.11492757012874,0.0,36488000
2017-08-03,45.86861038208008,0.0,46.29519177570148,45.79859012526099,46.200836249711415,0.0,24050000
2017-08-04,46.0826416015625,0.0,46.19919552044825,45.837818888219864,46.02255550464058,0.0,21646000
2017-08-07,46.15216827392578,0.0,46.26837363293443,46.01014244862506,46.13727083101156,0.0,20644000
2017-08-08,46.024539947509766,0.0,46.47267181730712,45.96593904937776,46.039437389253806,0.0,21232000
2017-08-09,45.831363677978516,0.0,45.984316309159006,45.55078255202602,45.71763996785928,0.0,23842000
2017-08-10,45.053688049316406,0.0,45.650604966120795,44.9985652353183,45.56568347646835,0.0,36480000
2017-08-11,45.40876007080078,0.0,45.57710648548658,44.97125186213058,45.089938869229975,0.0,24136000
2017-08-14,45.81993865966797,0.0,45.919158955461896,45.59746211434112,45.812986267626506,0.0,21290000
2017-08-15,45.79759216308594,0.0,46.012619985997794,45.67840884164008,45.8974072949641,0.0,17668000
2017-08-16,46.03298568725586,0.0,46.31803378893454,45.85842948149338,45.950053303423275,0.0,20134000
2017-08-17,45.239410400390625,0.0,46.02801243427259,45.239410400390625,45.974382403862585,0.0,25544000
2017-08-18,45.224021911621094,0.0,45.45270447986538,45.04941645488731,45.20614270688362,0.0,26854000
2017-08-21,45.02488708496094,0.0,45.339733876624955,44.8629929404627,45.190751860477995,0.0,18868000
2017-08-22,45.92026138305664,0.0,45.97836217286956,45.2640009327746,45.325829872387054,0.0,23334000
2017-08-23,46.03497314453125,0.0,46.180477069648504,45.655569500189095,45.78319800819607,0.0,21804000
2017-08-24,45.750911712646484,0.0,46.22566348214492,45.46387831968186,46.11740318078704,0.0,25406000
2017-08-25,45.483245849609375,0.0,45.96321099903597,45.463881447065035,45.86066415511794,0.0,21068000
2017-08-28,45.37995147705078,0.0,45.64985585462256,45.28361064051838,45.48870811196751,0.0,21730000
2017-08-29,45.75141143798828,0.0,45.85271935472772,44.94244845692927,44.947415534188906,0.0,23712000
2017-08-30,46.162601470947266,0.0,46.22462742524172,45.66997043550764,45.689834956817634,0.0,26024000
2017-08-31,46.647281646728516,0.0,46.77888077953434,46.27135611105376,46.27135611105376,0.0,31652000
2017-09-01,46.54845428466797,0.0,46.80370747310779,46.43969765682861,46.736665197210996,0.0,18948000
2017-09-05,46.10697937011719,0.0,46.531571645984286,45.78468387872006,46.33690465390773,0.0,26528000
2017-09-06,46.0751953125,0.0,46.22939066539749,45.65109936610018,46.19140067071708,0.0,30554000
2017-09-07,46.479427337646484,0.0,46.50226982914029,45.86711671643292,46.26985912865714,0.0,24254000
2017-09-08,46.010135650634766,0.0,46.531068690667915,45.92968492426078,46.50624088573579,0.0,20230000
2017-09-11,46.13825988769531,0.0,46.600099525839425,46.030996033822795,46.39500585419847,0.0,25340000
2017-09-12,46.28675079345703,0.0,46.356771050876866,45.879090513298905,46.3125750494266,0.0,22688000
2017-09-13,46.43672561645508,0.0,46.543989482823754,46.17700164685177,46.21673068866386,0.0,22052000
2017-09-14,45.94111251831055,0.0,46.321508777230385,45.88598970906537,46.246025120031156,0.0,27952000
2017-09-15,45.701751708984375,0.0,46.00964608782036,45.506588387158,45.918768655090894,0.0,50108000
2017-09-18,45.439048767089844,0.0,45.79064280913616,45.220542839300805,45.68784590885921,0.0,26138000
2017-09-19,45.7772331237793,0.0,45.807524336946194,45.31737878785614,45.55922353067906,0.0,18734000
2017-09-20,46.262413024902344,0.0,46.37663306637203,45.78666857446864,45.83533532182918,0.0,33396000
2017-09-21,46.30561828613281,0.0,46.50823031755038,45.87754794266398,46.33293152611429,0.0,25812000
2017-09-22,46.1109504699707,0.0,46.41884485050869,46.009150013308236,46.07221787596049,0.0,21054000
2017-09-25,45.73552322387695,0.0,46.0051775620199,45.1758536976335,45.95799979803187,0.0,37136000
2017-09-26,45.92870330810547,0.0,46.22467824473899,45.743966663559156,45.87209150427826,0.0,33338000
2017-09-27,46.903526306152344,0.0,47.17218797097169,46.07172084567055,46.07172084567055,0.0,44788000
2017-09-28,47.152320861816406,0.0,47.21141808953802,46.70786409256427,46.74808945906769,0.0,20406000
2017-09-29,47.62955856323242,0.0,47.663127061955755,47.25214027877135,47.27647175719136,0.0,31620000
2017-10-02,47.339542388916016,0.0,47.79988925266893,47.06988429542131,47.67276087998377,0.0,25668000
2017-10-03,47.56401062011719,0.0,47.57444110401983,47.13445124001181,47.375799679925485,0.0,17766000
2017-10-04,47.26058578491211,0.0,47.693126916169696,47.211422706190284,47.524776712722904,0.0,19048000
2017-10-05,48.16836929321289,0.0,48.215547050836626,47.43438992478544,47.44978748397134,0.0,24276000
2017-10-06,48.611839294433594,0.0,48.64014519468903,47.84061622837873,48.00648099900952,0.0,23478000
2017-10-09,48.517974853515625,0.0,48.936364884504776,48.473778856888934,48.66695684917397,0.0,17828000
2017-10-10,48.299476623535156,0.0,48.74492608249262,47.975692141706766,48.6669607767078,0.0,19368000
2017-10-11,49.126319885253906,0.0,49.19882178651549,48.28209480452601,48.35509682341753,0.0,33866000
2017-10-12,49.0557975769043,0.0,49.36816270095758,48.915260739661186,49.036929503427615,0.0,25248000
2017-10-13,49.14767074584961,0.0,49.52161095088019,49.11390144133744,49.26287965548789,0.0,23396000
2017-10-16,49.26287841796875,0.0,49.35758250350469,48.86559940144442,49.26784549494657,0.0,18210000
2017-10-17,49.271820068359375,0.0,49.48336980977882,49.093539513117385,49.17796087815621,0.0,25804000
2017-10-18,49.303104400634766,0.0,49.49727505754901,49.01333929612928,49.25145968123735,0.0,21152000
2017-10-19,48.88794708251953,0.0,49.10794199760083,48.587005101895954,48.964919728602226,0.0,26272000
2017-10-20,49.07417297363281,0.0,49.21322082396731,48.894403425876106,49.135751848605196,0.0,23664000
2017-10-23,48.093387603759766,0.0,49.13972840620889,47.97767857013616,49.13972840620889,0.0,29568000
2017-10-24,48.19717025756836,0.0,48.28109528822817,47.72341116728823,48.17035334785728,0.0,24244000
2017-10-25,48.335723876953125,0.0,48.47278640423367,47.69957810301499,48.08940839089709,0.0,24226000
2017-10-26,48.297489166259766,0.0,49.044380756762365,48.27961374954115,48.66696243619749,0.0,40842000
2017-10-27,50.61711502075195,0.0,52.06321644327847,50.06737589801771,50.11653897414333,0.0,103354000
2017-10-30,50.509849548339844,0.0,50.90017998991915,50.03261609152603,50.355407920838246,0.0,41702000
2017-10-31,50.48651123046875,0.0,50.8520100777665,50.17762418360765,50.41599464435398,0.0,26614000
2017-11-01,50.92649459838867,0.0,51.13357737060361,50.50189857164349,50.51481069795317,0.0,27468000
2017-11-02,50.93046569824219,0.0,51.05511242575921,50.30623940305018,50.74076579854768,0.0,20980000
2017-11-03,51.27312469482422,0.0,51.281566073694215,50.66875909767566,50.75814754097896,0.0,21528000
2017-11-06,50.94635772705078,0.0,51.39181095063443,50.90166540043056,51.099810474827336,0.0,22504000
2017-11-07,51.31533432006836,0.0,51.347118308345074,50.90812115091914,51.014392349771626,0.0,22246000
2017-11-08,51.639122009277344,0.0,51.82147550210758,51.0729964409067,51.175793344448564,0.0,21774000
2017-11-09,51.21253967285156,0.0,51.348113221840876,50.63677927343953,51.348113221840876,0.0,24904000
2017-11-10,51.05411911010742,0.0,51.187703543134255,50.9155676003406,50.97416849731792,0.0,14400000
2017-11-13,50.93891143798828,0.0,51.228430283506995,50.78099551204154,50.82320619656584,0.0,17716000
2017-11-14,50.951324462890625,0.0,50.99154982984127,50.36285276704677,50.7819854051663,0.0,19184000
2017-11-15,50.69855880737305,0.0,50.85647473129203,50.42592272365695,50.61413365063871,0.0,17080000
2017-11-16,51.27411651611328,0.0,51.443955692250086,50.77850756100909,50.77850756100909,0.0,22594000
2017-11-17,50.60818099975586,0.0,51.369473770828115,50.541638827010864,51.349112919246295,0.0,27942000
2017-11-20,50.57291793823242,0.0,50.782982498845676,50.529218265732005,50.66628080712052,0.0,19070000
2017-11-21,51.37294387817383,0.0,51.403735211871876,50.785218511218964,50.81774510157183,0.0,21940000
2017-11-22,51.445945739746094,0.0,51.63197055684719,51.2209837335913,51.39827164712541,0.0,14926000
2017-11-24,51.67686462402344,0.0,51.80439462374884,51.39827257382117,51.441475918647924,0.0,10740000
2017-11-27,52.352237701416016,0.0,52.41431290332493,51.56909901522392,51.64656798821168,0.0,26158000
2017-11-28,52.01454544067383,0.0,52.75771256406461,51.646564998704896,52.39593812641948,0.0,28488000
2017-11-29,50.73579788208008,0.0,51.849177032879,50.43734135905733,51.77965311385156,0.0,49188000
2017-11-30,50.723388671875,0.0,51.07498273180343,50.405067589395586,50.77106276379495,0.0,34480000
2017-12-01,50.16520690917969,0.0,50.777021249793805,49.76047914983077,50.44479538987573,0.0,38192000
2017-12-04,49.59461212158203,0.0,50.45969438551538,49.440170492326246,50.28886253747882,0.0,38128000
2017-12-05,49.91591262817383,0.0,50.68365756747001,49.07814743481184,49.45854370819862,0.0,41346000
2017-12-06,50.57291793823242,0.0,50.90018051943311,49.716777172186404,49.734656377538364,0.0,25440000
2017-12-07,51.19615173339844,0.0,51.36052750539634,50.55756976112326,50.67471851922342,0.0,29164000
2017-12-08,51.50007247924805,0.0,51.74837329198583,51.27520899603291,51.52192231425566,0.0,25816000
2017-12-11,51.701194763183594,0.0,51.835275533011135,51.251770905008925,51.42309906945555,0.0,23856000
2017-12-12,51.67040252685547,0.0,52.158562757577066,51.33321339850234,51.62819184470908,0.0,25590000
2017-12-13,51.67686462402344,0.0,51.97755656990005,51.56612266436884,51.950493385466345,0.0,25654000
2017-12-14,52.10095977783203,0.0,52.56528108334187,51.80101045742434,51.894869649452176,0.0,31174000
2017-12-15,52.84784698486328,0.0,53.01818249173747,52.118338328537575,52.37210254356982,0.0,65518000
2017-12-18,53.49094772338867,0.0,53.55799000591776,52.73909286767121,52.94170870181027,0.0,31092000
2017-12-19,53.17014694213867,0.0,53.47605223113924,52.81607123148399,53.39460883143208,0.0,26774000
2017-12-20,52.88559341430664,0.0,53.30422596299768,52.71525789871695,53.22477167015922,0.0,25372000
2017-12-21,52.82004165649414,0.0,53.103104450120775,52.7288649070379,52.88559495460724,0.0,19914000
2017-12-22,52.645729064941406,0.0,52.84834109212675,52.61195976228227,52.69489213812721,0.0,15102000
2017-12-26,52.47787857055664,0.0,52.64572863610347,52.1530976731072,52.543924400149265,0.0,15212000
2017-12-27,52.111881256103516,0.0,52.55882346170408,52.04633175329255,52.51015671622076,0.0,25438000
2017-12-28,52.050804138183594,0.0,52.37905556891696,51.883446602248384,52.22262863361503,0.0,16742000
2017-12-29,51.96438980102539,0.0,52.12826923416761,51.889898805163526,51.98027990003585,0.0,17750000
2018-01-02,52.88806915283203,0.0,52.984409982200816,51.90628911612037,52.060730724880784,0.0,24752000
2018-01-03,53.756134033203125,0.0,53.945337618341206,52.799181717935475,52.853808200584375,0.0,28604000
2018-01-04,53.95079803466797,0.0,54.30686280983609,53.83171321839722,54.03025611003402,0.0,20092000
2018-01-05,54.73691940307617,0.0,54.83723465662795,54.2288946494033,54.32821724531144,0.0,25582000
2018-01-08,54.97081756591797,0.0,55.18584539163745,54.70662666681977,54.7369178791859,0.0,20952000
2018-01-09,54.93704605102539,0.0,55.151081210510505,54.687305528958184,55.092980432157745,0.0,18050000
2018-01-10,54.75579071044922,0.0,54.85461318776576,54.4329989073615,54.48216198161137,0.0,20856000
2018-01-11,54.90030288696289,0.0,54.95020856089552,54.605816976540225,54.93903547917465,0.0,19566000
2018-01-12,55.73161315917969,0.0,55.83242474434469,54.68328709430971,54.74585862651807,0.0,34410000
2018-01-16,55.706787109375,0.0,56.60811651443342,55.511722293303066,56.240632359723016,0.0,31506000
2018-01-17,56.21430969238281,0.0,56.245101023867136,55.470896242500274,55.928268945111796,0.0,24052000
2018-01-18,56.105552673339844,0.0,56.24062989033983,55.49523113023211,56.186003408944515,0.0,23964000
2018-01-19,56.48893356323242,0.0,56.50631643945255,56.03156462934742,56.20686343426298,0.0,35564000
2018-01-22,57.397708892822266,0.0,57.599824587752664,56.369743755177076,56.48793441808252,0.0,32360000
2018-01-23,58.10090255737305,0.0,58.18318706020457,57.54371470214178,57.598341185327385,0.0,26662000
2018-01-24,57.816349029541016,0.0,58.592039005136186,57.65793299087824,58.46639961314115,0.0,28332000
2018-01-25,58.12076187133789,0.0,58.397368564408744,57.74284727127152,58.228025723948306,0.0,29610000
2018-01-26,58.39240646362305,0.0,58.39240646362305,57.51193046149692,58.35466652766521,0.0,40376000
2018-01-29,58.379493713378906,0.0,58.94115230855167,58.200716823597794,58.424189830209066,0.0,27578000
2018-01-30,57.78903579711914,0.0,58.42617425367636,57.780590629458416,57.99462580733628,0.0,31126000
2018-01-31,58.09941101074219,0.0,58.25137098376658,57.562584028148855,58.1306948817221,0.0,30774000
2018-02-01,57.9881706237793,0.0,58.30103207525313,57.48263128630102,57.735402849425036,0.0,48242000
2018-02-02,55.217132568359375,0.0,55.7718349436155,54.98760133489535,55.71869745146713,0.0,97158000
2018-02-05,52.43119812011719,0.0,55.122777897330806,52.243979861490146,54.15936957572796,0.0,75966000
2018-02-06,53.66276931762695,0.0,53.7178921272156,50.80914758395673,51.00992585383997,0.0,68960000
2018-02-07,52.07265853881836,0.0,53.721375924615636,52.05676464846238,53.70945645404116,0.0,47384000
2018-02-08,49.73564147949219,0.0,52.57123603678574,49.69293447120432,52.41182735450188,0.0,57182000
2018-02-09,51.53632354736328,0.0,51.84372159099324,49.29068941563271,50.516799710766655,0.0,70118000
2018-02-12,52.23950958251953,0.0,52.71426135545679,51.69264994682707,52.04384994357435,0.0,41154000
2018-02-13,52.24745559692383,0.0,52.55882426476499,51.849528697529536,51.89486890399878,0.0,25302000
2018-02-14,53.12147903442383,0.0,53.22179050649651,51.981779158529335,52.091028338813956,0.0,31116000
2018-02-15,54.105743408203125,0.0,54.203027650932064,52.85529781602886,53.58679181686359,0.0,36868000
2018-02-16,54.36794662475586,0.0,54.85809217760934,54.04579890721773,54.05061822222012,0.0,33590000
2018-02-20,54.74834442138672,0.0,55.31893693633709,54.05607935429449,54.157883597803604,0.0,28462000
2018-02-21,55.1893310546875,0.0,56.313140870825045,54.940533892038474,54.94748628507396,0.0,30258000
2018-02-22,54.9554328918457,0.0,55.75942886234504,54.75480614588849,55.43018473597482,0.0,26344000
2018-02-23,55.956573486328125,0.0,55.98090496485596,54.86027405166285,55.25388175040145,0.0,25220000
2018-02-26,56.79881286621094,0.0,56.8092433496241,55.95185988632443,56.00673264014672,0.0,31182000
2018-02-27,55.53446578979492,0.0,56.81321349286915,55.520064675696425,56.67416564035271,0.0,35482000
2018-02-28,54.86106872558594,0.0,55.993319775245205,54.787074056126805,55.76985056920124,0.0,37652000
2018-03-01,53.1125373840332,0.0,55.12873871823473,52.98744357728,55.017004113184036,0.0,50318000
2018-03-02,53.579341888427734,0.0,53.732245268704624,52.04956169802064,52.29612346619665,0.0,45432000
2018-03-05,54.17576599121094,0.0,54.48216760868166,53.086718157903576,53.391630788770115,0.0,24044000
2018-03-06,54.380859375,0.0,54.718052324199114,54.11840749086809,54.58744584602216,0.0,30656000
2018-03-07,55.10490417480469,0.0,55.23302900747795,53.90521669832355,54.08935470562029,0.0,25850000
2018-03-08,55.91734313964844,0.0,55.99680121956863,55.26182913538599,55.386972201367485,0.0,27102000
2018-03-09,57.60777282714844,0.0,57.64551655047141,56.238197005229466,56.41394287453876,0.0,42560000
2018-03-12,57.82925796508789,0.0,58.45249543196276,57.477663922141424,57.79698143568713,0.0,43446000
2018-03-13,56.521705627441406,0.0,58.43809179988872,56.28134987436981,58.10238787169141,0.0,38144000
2018-03-14,57.083858489990234,0.0,57.53576778371268,56.6840940335318,56.871316087836895,0.0,25828000
2018-03-15,57.08833312988281,0.0,57.659425790721365,56.34144533214492,57.10720499300261,0.0,27908000
2018-03-16,56.40053176879883,0.0,57.401183675892725,56.21331351376442,57.314776999155065,0.0,61840000
2018-03-19,54.61724090576172,0.0,55.718204341443595,54.0804139139647,55.619878189864316,0.0,56118000
2018-03-20,54.51245880126953,0.0,54.88440990224206,53.804799970468,54.57651931969885,0.0,36638000
2018-03-21,54.173274993896484,0.0,54.93903458325711,53.888723242156914,54.26564519664748,0.0,37578000
2018-03-22,52.09748077392578,0.0,53.77698931418555,51.94006118400132,53.72633725281945,0.0,53340000
2018-03-23,50.7313346862793,0.0,52.80663345011149,50.71395559832001,51.99568512074473,0.0,43134000
2018-03-26,52.302581787109375,0.0,52.42276156835437,50.077308406348244,51.944531665199065,0.0,53302000
2018-03-27,49.913429260253906,0.0,52.880077561910994,49.50720874616309,52.7887530585986,0.0,61906000
2018-03-28,49.88661193847656,0.0,50.86342494052389,48.698741736807605,49.560842161521364,0.0,67386000
2018-03-29,51.23885726928711,0.0,51.7955487579482,49.80417526715805,50.23770901257453,0.0,54536000
2018-04-02,49.981468200683594,0.0,51.38834077611302,49.18193923537116,50.793409176318754,0.0,53608000
2018-04-03,50.326107025146484,0.0,50.70252887492903,49.36567663231315,50.350934833158654,0.0,45502000
2018-04-04,50.90862274169922,0.0,51.086308477337745,49.312546546045596,49.33290739604605,0.0,49694000
2018-04-05,51.04121017456055,0.0,51.78511994615038,50.65987050626826,51.71261804955385,0.0,27260000
2018-04-06,50.00977325439453,0.0,51.220486034468095,49.81063550973037,50.65336780440131,0.0,34928000
2018-04-09,50.42741012573242,0.0,51.626703481557804,50.35937518915097,50.49445240466592,0.0,35032000
2018-04-10,51.231407165527344,0.0,51.461828757502346,50.223306543886345,50.973172216979535,0.0,39490000
2018-04-11,50.651878356933594,0.0,51.217704611324045,50.4482698656689,51.050153842637805,0.0,29678000
2018-04-12,51.27461242675781,0.0,51.6808329367038,50.724627054430854,50.903650206687104,0.0,27140000
2018-04-13,51.11371612548828,0.0,51.96538608874161,50.80135100759755,51.69026836576851,0.0,24460000
2018-04-16,51.5462532043457,0.0,51.80746614132314,50.9880764996685,51.49758645777638,0.0,24224000
2018-04-17,53.34296417236328,0.0,53.527700808534455,52.056763900875325,52.21120932093894,0.0,46406000
2018-04-18,53.23966979980469,0.0,53.50534971247255,52.94890823030723,53.50534971247255,0.0,26882000
2018-04-19,54.015357971191406,0.0,54.336410745165054,53.04599364436395,53.106579861983114,0.0,34954000
2018-04-20,53.28337097167969,0.0,54.24628308361266,53.11502455336005,53.73229854263541,0.0,37794000
2018-04-23,53.009742736816406,0.0,53.76805364341214,52.674535118665,53.52670521919866,0.0,46826000
2018-04-24,50.65237045288086,0.0,52.49078751174178,50.18606006610717,52.24248671218052,0.0,95206000
2018-04-25,50.71196746826172,0.0,51.27362610916865,50.420463288147054,50.927495442241145,0.0,47822000
2018-04-26,51.64855194091797,0.0,52.04285297652763,50.56347865258288,51.12562975669941,0.0,41590000
2018-04-27,51.15245056152344,0.0,52.11834059972129,50.930966654437434,51.9445307834845,0.0,32396000
2018-04-30,50.520774841308594,0.0,51.49758789043829,50.49693590180427,51.15046459125742,0.0,33426000
2018-05-01,51.51298141479492,0.0,51.570585866134046,50.06786895558887,50.33851591539938,0.0,28558000
2018-05-02,50.870880126953125,0.0,51.66588906132989,50.79589279498349,51.05561296507841,0.0,32062000
2018-05-03,50.838104248046875,0.0,51.13382910206482,49.97252567420491,50.60370821178082,0.0,36302000
2018-05-04,52.05427932739258,0.0,52.069176770173414,50.49942125184415,50.49942125184415,0.0,38774000
2018-05-07,52.381038665771484,0.0,52.723198655644225,51.99915342709945,52.1049282955762,0.0,29322000
2018-05-08,52.33734130859375,0.0,52.66708551518945,52.001391097190584,52.56726658804805,0.0,24354000
2018-05-09,53.77003860473633,0.0,53.90312672017447,52.45925687394358,52.545417287106645,0.0,40656000
2018-05-10,54.50550079345703,0.0,54.64802292933899,53.913054722113564,53.932419122158564,0.0,28860000
2018-05-11,54.539772033691406,0.0,54.692232137800055,54.17477329985655,54.30835775191079,0.0,25074000
2018-05-14,54.6361083984375,0.0,55.160023257487815,54.58198203489954,54.62617803312649,0.0,30362000
2018-05-15,53.59473419189453,0.0,54.13205750128118,53.308693450893514,54.12957585717141,0.0,29898000
2018-05-16,53.72087860107422,0.0,54.093329845085066,53.44724984442436,53.49939468564467,0.0,21946000
2018-05-17,53.562957763671875,0.0,53.974141594611105,53.31018619102229,53.62751461399828,0.0,20876000
2018-05-18,52.95561218261719,0.0,53.133396414767326,52.67354206286299,52.73213917594871,0.0,31304000
2018-05-21,53.612117767333984,0.0,54.03025775583006,53.31763185497345,53.33799270324849,0.0,20464000
2018-05-22,53.12296676635742,0.0,53.96023564214606,52.971999444186096,53.809768437590726,0.0,21800000
2018-05-23,53.61758041381836,0.0,53.67171056550899,52.72468865287297,52.89452782903562,0.0,21214000
2018-05-24,53.59523391723633,0.0,53.65631267204683,52.945179560939714,53.58331444805737,0.0,15336000
2018-05-25,53.417449951171875,0.0,53.76010248718581,53.323840820074714,53.58430736540748,0.0,17988000
2018-05-29,52.655662536621094,0.0,53.30372781109111,52.40239843488871,52.882609843771405,0.0,37302000
2018-05-30,53.02711486816406,0.0,53.09713511341634,52.48234288700264,52.79023722337115,0.0,22770000
2018-05-31,53.88077926635742,0.0,54.4866338469949,53.015200735965834,53.015200735965834,0.0,61766000
2018-06-01,55.59455108642578,0.0,55.619382683488816,54.551688418864316,54.593899102855666,0.0,48432000
2018-06-04,56.577327728271484,0.0,56.706445213382665,55.71895162592636,55.73509178516148,0.0,37792000
2018-06-05,56.595703125,0.0,56.89753546827716,56.27440029390383,56.6617489595322,0.0,33560000
2018-06-06,56.45764923095703,0.0,56.76156919336508,55.9045835518841,56.72035116615059,0.0,33964000
2018-06-07,55.81106948852539,0.0,56.405004591435265,55.44656332985396,56.18153538180646,0.0,30400000
2018-06-08,55.66259002685547,0.0,55.95061990290676,55.22955255502781,55.52900557275249,0.0,25816000
2018-06-11,56.11548614501953,0.0,56.476514215651655,55.54985693605794,55.54985693605794,0.0,21586000
2018-06-12,56.57881546020508,0.0,56.60215428149233,56.15248415089527,56.16912063860182,0.0,18240000
2018-06-13,56.35385513305664,0.0,56.93537825476736,56.28383487836021,56.66820557469442,0.0,30128000
2018-06-14,57.2144660949707,0.0,57.38082718665807,56.64436990817077,56.80377860733619,0.0,26868000
2018-06-15,57.22141647338867,0.0,57.279024715664086,56.78565113400642,57.05257374344709,0.0,42450000
2018-06-18,58.27421188354492,0.0,58.31642256503494,56.79086314182349,56.7938411146851,0.0,28274000
2018-06-19,58.00605010986328,0.0,58.16545880940326,57.308325423061795,57.53129831312758,0.0,32420000
2018-06-20,58.094444274902344,0.0,58.911155253696585,58.06067497083531,58.36608390514915,0.0,32970000
2018-06-21,57.48958206176758,0.0,58.46465981906434,57.22002625620092,58.34324111806928,0.0,24762000
2018-06-22,57.38132095336914,0.0,57.72978924833498,56.973115128158604,57.56307959727281,0.0,26220000
2018-06-25,55.85824966430664,0.0,56.8067568129822,55.26083644504233,56.791363041356945,0.0,43146000
2018-06-26,55.54290771484375,0.0,56.275394380758144,55.453470013515066,56.01666686451935,0.0,31264000
2018-06-27,54.82382583618164,0.0,56.20715866247022,54.805946632406226,55.68592626132702,0.0,25878000
2018-06-28,55.33234405517578,0.0,55.73409761350508,54.428032932661665,54.72996756524977,0.0,21448000
2018-06-29,55.40336608886719,0.0,56.02794104043567,55.37108576816543,55.619386601206536,0.0,26302000
2018-07-02,55.98985290527344,0.0,56.01666981976134,54.31828923107139,54.57652422085188,0.0,24346000
2018-07-03,54.76969528198242,0.0,56.40500400772636,54.62716934795472,56.40500400772636,0.0,13580000
2018-07-05,55.8314323425293,0.0,55.99183369885461,55.04729718783454,55.1491014311372,0.0,21334000
2018-07-06,56.62102508544922,0.0,56.65876880839074,55.655979998330174,55.79716470940152,0.0,19922000
2018-07-09,57.31031036376953,0.0,57.34110169553481,56.7824248631513,57.03370365056815,0.0,18180000
2018-07-10,57.250221252441406,0.0,57.585428871928386,57.08882723640385,57.455815056992364,0.0,15968000
2018-07-11,57.302860260009766,0.0,57.818830067313776,56.662243719679154,56.840524276005084,0.0,22400000
2018-07-12,58.77180862426758,0.0,58.81799372695928,57.40391878787665,57.600324820562044,0.0,25038000
2018-07-13,59.03699493408203,0.0,59.36460226703109,58.598990431457835,58.84729123837079,0.0,24438000
2018-07-16,58.790679931640625,0.0,59.14525194104461,58.563236299685386,59.06530132350502,0.0,21114000
2018-07-17,59.53260040283203,0.0,59.7431612764593,58.1321839963052,58.21263473117882,0.0,32208000
2018-07-18,59.38759231567383,0.0,59.815662662829155,59.112474598224125,59.421361619329176,0.0,27872000
2018-07-19,58.94462966918945,0.0,59.59219865221913,58.7638674546752,59.1452564045735,0.0,25534000
2018-07-20,58.84282302856445,0.0,59.43626183113543,58.808557394491686,58.944627273095115,0.0,24948000
2018-07-23,59.865333557128906,0.0,59.914496638090185,58.648657177670486,58.64915350655503,0.0,52384000
2018-07-24,61.979854583740234,0.0,62.86976459960588,61.358109898458814,62.700425537872,0.0,66364000
2018-07-25,62.75554656982422,0.0,62.86281042575637,61.535396055189814,61.535396055189814,0.0,42556000
2018-07-26,62.985477447509766,0.0,63.05703594517183,62.02653977830506,62.12486593552039,0.0,48112000
2018-07-27,61.504112243652344,0.0,63.26158617183879,61.13166101433418,63.118067570697725,0.0,42612000
2018-07-30,60.572486877441406,0.0,61.32613001607943,60.161799389540505,60.983178154112075,0.0,36998000
2018-07-31,60.4493293762207,0.0,60.962218930757246,59.870291690011555,60.58589558311339,0.0,32894000
2018-08-01,60.58589553833008,0.0,61.25432166957766,60.09922805983379,60.98268203128828,0.0,31344000
2018-08-02,60.89080810546875,0.0,61.076041059965995,59.83006623043103,59.885189041946276,0.0,30626000
2018-08-03,60.7696418762207,0.0,61.08200322430772,60.34007871912728,61.06313136128772,0.0,21792000
2018-08-06,60.8222770690918,0.0,60.8877318560435,60.37667606491397,60.83370021001906,0.0,21634000
2018-08-07,61.688846588134766,0.0,62.13330337160922,61.388400940548124,61.429618965997314,0.0,29880000
2018-08-08,61.85719299316406,0.0,62.397994401078556,61.47967619255029,61.60193979042473,0.0,27406000
2018-08-09,62.0305061340332,0.0,62.350414670228645,61.87705339428963,62.07023138158175,0.0,16972000
2018-08-10,61.45991897583008,0.0,61.861422510049856,61.18132314034288,61.72758799864326,0.0,22174000
2018-08-13,61.33079528808594,0.0,62.03909819011221,61.262809606110416,61.42862510832055,0.0,19946000
2018-08-14,61.682891845703125,0.0,61.87011012627945,60.83916686655105,61.33973915840645,0.0,26962000
2018-08-15,60.306312561035156,0.0,61.34222286914161,60.064464012678954,61.04525529643301,0.0,36576000
2018-08-16,59.91448974609375,0.0,60.88335771621795,59.7188263137549,60.820289856203765,0.0,26864000
2018-08-17,59.639869689941406,0.0,60.04013048248111,59.00819084045266,59.6930071858273,0.0,27792000
2018-08-20,59.97805404663086,0.0,60.138455399900884,59.32532101699382,59.841487843432205,0.0,17416000
2018-08-21,59.672645568847656,0.0,60.449328204596455,59.60977472425744,59.98947764718995,0.0,24112000
2018-08-22,59.95620346069336,0.0,60.18016900011739,59.542534225653135,59.59219362925692,0.0,17748000
2018-08-23,59.85936737060547,0.0,60.648962131737576,59.80275557370696,59.94676671010853,0.0,19852000
2018-08-24,60.617679595947266,0.0,60.66733900153541,59.90798618343914,60.03020053043364,0.0,18932000
2018-08-27,61.66897964477539,0.0,61.73204750254354,60.869253747744025,60.96281362277265,0.0,23126000
2018-08-28,61.13910675048828,0.0,61.70498601828036,61.01694545084099,61.6426607576285,0.0,26080000
2018-08-29,62.04043960571289,0.0,62.107978213081914,61.397788501599045,61.45196790726364,0.0,25978000
2018-08-30,61.5349006652832,0.0,62.25571788001679,61.21061987091656,61.78866109014936,0.0,26628000
2018-08-31,60.49551773071289,0.0,61.51205987367604,60.152615102914275,61.32931234205637,0.0,36328000
2018-09-04,59.44321823120117,0.0,60.237287603304296,59.219748995781714,59.804250129799385,0.0,36620000
2018-09-05,58.9207878112793,0.0,59.54302879634427,57.70510427829342,59.284297514390566,0.0,41226000
2018-09-06,58.17389678955078,0.0,58.91184680194413,57.208503152045196,58.91184680194413,0.0,37770000
2018-09-07,57.845645904541016,0.0,58.363601017526115,57.46748123431493,57.539736859148434,0.0,28026000
2018-09-10,57.83620834350586,0.0,58.32784666516938,57.61125014812684,58.211144983753556,0.0,22308000
2018-09-11,58.46788787841797,0.0,58.533437382175194,57.41906550814524,57.68673450655227,0.0,24186000
2018-09-12,57.745826721191406,0.0,58.52996183813067,57.52434282954877,58.23746503839918,0.0,25910000
2018-09-13,58.36708068847656,0.0,58.52996748563474,57.7473250683904,58.13914071148943,0.0,28624000
2018-09-14,58.228031158447266,0.0,58.620100637865086,58.01945937937506,58.55430107224933,0.0,18880000
2018-09-17,57.40963363647461,0.0,58.461930348197946,57.30931837860379,58.10934364227521,0.0,26130000
2018-09-18,57.66637420654297,0.0,58.40432424507568,57.46127673699693,57.46127673699693,0.0,24072000
2018-09-19,58.15652084350586,0.0,58.26179938879433,57.336631067696096,57.85309721737035,0.0,23828000
2018-09-20,58.94015121459961,0.0,59.09012586485792,58.269243496368986,58.59849135111074,0.0,24508000
2018-09-21,57.90821838378906,0.0,59.20534156157746,57.905732950897864,59.19491107872768,0.0,88112000
2018-09-24,58.269744873046875,0.0,58.49967394511351,56.955738890581756,57.46525265154408,0.0,25420000
2018-09-25,58.82991027832031,0.0,58.94065601840704,58.003071898502036,58.40779965058158,0.0,19554000
2018-09-26,58.623329162597656,0.0,59.30565630433158,58.33902366102861,58.85474343691282,0.0,29246000
2018-09-27,59.326019287109375,0.0,59.69648521740127,58.779261888864106,58.93320719137608,0.0,25216000
2018-09-28,59.267913818359375,0.0,59.364254654230464,58.82246058747076,59.188455740260885,0.0,27612000
2018-10-01,59.35928726196289,0.0,60.083828842470346,59.110490123550356,59.58673089447302,0.0,27152000
2018-10-02,59.597660064697266,0.0,60.086812982038246,58.9282412677367,59.143269110523015,0.0,33758000
2018-10-03,59.73869323730469,0.0,59.910517737761836,59.28579505840794,59.84049748257566,0.0,25124000
2018-10-04,58.01250457763672,0.0,59.4685401286663,57.38609213278481,59.3602798240756,0.0,44190000
2018-10-05,57.47418975830078,0.0,58.27620032720415,56.86684617901979,57.97824010795789,0.0,23686000
2018-10-08,57.058040618896484,0.0,58.00307348601481,55.9850799373282,57.114652418200826,0.0,38648000
2018-10-09,56.553985595703125,0.0,57.32520479303016,56.492008903376394,56.91799163038284,0.0,26174000
2018-10-10,53.69356155395508,0.0,56.22374743186782,53.68909080569668,56.16961727901381,0.0,53514000
2018-10-11,53.599205017089844,0.0,54.94400227895496,53.05046235523999,53.28237294482413,0.0,58980000
2018-10-12,55.12675476074219,0.0,55.37108115365448,53.95089871193376,55.02346153187485,0.0,42026000
2018-10-15,54.241310119628906,0.0,55.293906092484484,54.07991611181197,55.06864858413319,0.0,27448000
2018-10-16,55.682945251464844,0.0,55.82894549024168,54.75032823380208,54.854117789817465,0.0,38570000
2018-10-17,55.40534591674805,0.0,56.065826976524896,54.734934491691924,55.94018758582437,0.0,29344000
2018-10-18,54.02876663208008,0.0,55.71075688521833,53.488465326188,55.71075688521833,0.0,41890000
2018-10-19,54.450382232666016,0.0,55.14065817068047,54.01784113717514,54.29692948530633,0.0,25352000
2018-10-22,54.683780670166016,0.0,55.2335197650355,54.17923401844562,54.778136186948785,0.0,30284000
2018-10-23,54.809425354003906,0.0,55.01799712327059,53.13637287414337,53.67717048776406,0.0,36974000
2018-10-24,52.178428649902344,0.0,54.93009842185369,52.08059882740994,54.83723567644148,0.0,39648000
2018-10-25,54.40618896484375,0.0,55.17145232296937,53.11403271812183,53.22527100764549,0.0,50916000
2018-10-26,53.20937728881836,0.0,54.950460995090985,51.353077092271256,51.499081126115954,0.0,83752000
2018-10-29,50.65734100341797,0.0,54.47918674799539,49.45308052745916,53.7556378047366,0.0,77614000
2018-10-30,51.45835876464844,0.0,51.52192295512571,49.697406772134414,50.08028847905828,0.0,64254000
2018-10-31,53.47257614135742,0.0,54.225919985922815,52.49079220664626,52.63034017825619,0.0,50596000
2018-11-01,53.136375427246094,0.0,53.83037576380471,52.761938882223546,53.4244052874649,0.0,29640000
2018-11-02,52.53002166748047,0.0,53.78071346584297,52.37210196057646,53.32160551728607,0.0,36780000
2018-11-05,51.65104293823242,0.0,52.56379550832725,50.714947756438804,52.39147467318943,0.0,48828000
2018-11-06,52.43169403076172,0.0,52.855543677128495,51.55072176409062,51.6207420136169,0.0,24666000
2018-11-07,54.29792022705078,0.0,54.40071712089442,52.93276217017853,53.08671124092703,0.0,41168000
2018-11-08,53.75215530395508,0.0,54.291964023462704,53.24586961674906,54.19810483729547,0.0,29764000
2018-11-09,52.94518280029297,0.0,53.41248588325865,52.297613837237265,53.33452057754619,0.0,26864000
2018-11-12,51.57853698730469,0.0,52.745053785624485,51.19962968345924,52.708802834868614,0.0,29436000
2018-11-13,51.45041275024414,0.0,52.471175505747134,51.20707522738029,51.80995183986032,0.0,30274000
2018-11-14,51.82832336425781,0.0,52.36981811650264,51.19962628892773,52.14317012513652,0.0,31318000
2018-11-15,52.87367248535156,0.0,53.22824450338173,51.238363681353256,51.880469225272485,0.0,36722000
2018-11-16,52.71376419067383,0.0,52.98738912581441,52.092515862787685,52.61047096709673,0.0,33162000
2018-11-19,50.65336608886719,0.0,52.679005312889714,50.46763680708325,52.50072475242903,0.0,37172000
2018-11-20,50.93941116333008,0.0,51.23638253887882,49.46251828027141,49.66016704846119,0.0,48982000
2018-11-21,51.52788543701172,0.0,52.07166485886432,51.322291623103176,51.4856747507233,0.0,30686000
2018-11-23,50.846046447753906,0.0,51.52688835373604,50.77249885132138,51.14996639394346,0.0,13830000
2018-11-26,52.07463455200195,0.0,52.10890018220501,51.34413329563737,51.5646245180276,0.0,38856000
2018-11-27,51.865570068359375,0.0,52.51959506032867,51.57158048851522,51.69622722074401,0.0,36064000
2018-11-28,53.942359924316406,0.0,53.97265113884249,51.43600913951251,52.081592780282605,0.0,49508000
2018-11-29,54.04515838623047,0.0,54.340386914863714,53.434336690717984,53.43831111034962,0.0,29378000
2018-11-30,54.34957504272461,0.0,54.40618684303936,53.52769991412899,54.0833950111952,0.0,51604000
2018-12-03,54.94549560546875,0.0,55.85030312066205,54.808186794147254,55.775319574819946,0.0,39824000
2018-12-04,52.18389129638672,0.0,54.84567625717546,52.14217694256749,54.78111562238167,0.0,46904000
2018-12-06,53.073307037353516,0.0,53.195968459467444,51.188208414608795,51.3615219001124,0.0,55384000
2018-12-07,51.47673416137695,0.0,53.39759131842783,51.07548068135749,52.64027301867436,0.0,42024000
2018-12-10,51.62422180175781,0.0,52.06619693605015,50.81674784847902,51.40074880172383,0.0,36154000
2018-12-11,52.230079650878906,0.0,52.66956937982034,51.63862615068184,52.46546834619843,0.0,27894000
2018-12-12,52.8225212097168,0.0,53.71491668806762,52.77832520970422,53.03705651230678,0.0,30476000
2018-12-13,52.734127044677734,0.0,53.621055291757514,52.33833322112314,53.04052863664331,0.0,26596000
2018-12-14,51.750850677490234,0.0,52.76888544144721,51.685797506654794,52.142173726397544,0.0,33732000
2018-12-17,50.481048583984375,0.0,52.29960513955605,50.05248186582283,51.522918656570035,0.0,47708000
2018-12-18,51.085906982421875,0.0,52.117346498997726,50.72487511472432,50.95579684107859,0.0,43850000
2018-12-19,50.80284118652344,0.0,52.73908805382493,50.059924106697544,51.3481095275268,0.0,49586000
2018-12-20,50.12746047973633,0.0,51.35952659177795,49.47939527335295,50.56049787114809,0.0,53470000
2018-12-21,48.64411544799805,0.0,50.852998446616745,48.35360395984508,50.419961022898505,0.0,91920000
2018-12-24,48.479248046875,0.0,49.83596111402874,48.17582440245518,48.364035340336166,0.0,31806000
2018-12-26,51.6197509765625,0.0,51.64656788807736,48.81594020202713,49.114396741681155,0.0,47466000
2018-12-27,51.83924865722656,0.0,51.83974498604085,49.51117857176377,50.51183050412712,0.0,42196000
2018-12-28,51.50156021118164,0.0,52.4192797805339,51.30391146572027,52.12429754319255,0.0,28296000
2018-12-31,51.428558349609375,0.0,52.27725032751596,50.83164526965818,52.19084364700357,0.0,29866000
2019-01-02,51.93708038330078,0.0,52.258383210106956,50.440323119107994,50.483030131321556,0.0,30652000
2019-01-03,50.457706451416016,0.0,52.48979795071456,50.35888018130735,51.69622876067198,0.0,36822000
2019-01-04,53.171634674072266,0.0,53.178090737983055,51.02174644793081,51.27859094826891,0.0,41878000
2019-01-07,53.05642318725586,0.0,53.33501902198475,52.37955564019947,53.21086860703077,0.0,39638000
2019-01-08,53.448238372802734,0.0,53.85942596931046,52.66609233631574,53.439796993941805,0.0,35298000
2019-01-09,53.3677864074707,0.0,53.76357640675438,52.957591507194564,53.7149096647112,0.0,23986000
2019-01-10,53.15276336669922,0.0,53.19348506601749,52.526055353335465,53.02017157386872,0.0,29128000
2019-01-11,52.50022888183594,0.0,52.827241390352164,52.06768776862619,52.797692774834815,0.0,30416000
2019-01-14,51.879478454589844,0.0,52.21915304227685,51.70889666746133,51.99022040994553,0.0,22886000
2019-01-15,53.49143600463867,0.0,53.6354509138121,52.011069126977254,52.151605945949925,0.0,29272000
2019-01-16,53.68114471435547,0.0,54.24752030985362,53.60019765106064,53.63297429719046,0.0,26636000
2019-01-17,54.12460708618164,0.0,54.21896260217479,53.310180768848845,53.60665198337117,0.0,24854000
2019-01-18,54.539772033691406,0.0,55.040942949478776,54.17427318221881,54.62618251068957,0.0,39112000
2019-01-22,53.162200927734375,0.0,54.20456730851409,52.81209585437609,54.03026115950947,0.0,32270000
2019-01-23,53.412986755371094,0.0,53.87780444486048,52.62736253015845,53.50138255196456,0.0,19340000
2019-01-24,53.330047607421875,0.0,53.606904374210856,52.67453362132586,53.458172431673006,0.0,27226000
2019-01-25,54.178741455078125,0.0,54.32821979037982,53.72335784534207,53.881277559779754,0.0,22382000
2019-01-28,53.14034652709961,0.0,53.78195571433053,52.82847774657626,53.63843712203488,0.0,25686000
2019-01-29,52.67055892944336,0.0,53.392122533628864,52.43442764916078,53.26946111589013,0.0,20436000
2019-01-30,54.08290100097656,0.0,54.17924184692213,52.97994835019554,53.058413778838485,0.0,25596000
2019-01-31,55.43911361694336,0.0,55.48678770419799,54.398236324628215,54.77515827459556,0.0,30766000
2019-02-01,55.160030364990234,0.0,55.86768927801988,54.86902250650593,55.241970097250416,0.0,29244000
2019-02-04,56.25503158569336,0.0,56.25503158569336,55.074113737468664,55.25487594126412,0.0,51530000
2019-02-05,56.91005325317383,0.0,56.95276026856788,55.48272129891941,55.859741801213794,0.0,71044000
2019-02-06,55.382503509521484,0.0,56.9602040299795,55.260338420411706,56.59123090728862,0.0,42112000
2019-02-07,54.56211853027344,0.0,54.86653481279246,53.93093601252303,54.83276550807552,0.0,40896000
2019-02-08,54.380859375,0.0,54.572052073661034,53.9582523957469,53.98059856099079,0.0,21516000
2019-02-11,54.37837219238281,0.0,54.921405169614864,54.27160466568931,54.47471302519907,0.0,21304000
2019-02-12,55.687416076660156,0.0,55.88233312076289,54.91668939665483,54.96386715650336,0.0,32182000
2019-02-13,55.62732696533203,0.0,56.35087589557625,55.544890913846714,55.86718639852591,0.0,20996000
2019-02-14,55.70231246948242,0.0,56.02808224531176,55.14487837694995,55.52254292988098,0.0,18952000
2019-02-15,55.304039001464844,0.0,56.19891610116407,55.15506078697294,56.11995814002343,0.0,28996000
2019-02-19,55.547874450683594,0.0,55.713242887771514,55.122782052480055,55.122782052480055,0.0,20928000
2019-02-20,55.311485290527344,0.0,55.78872249330547,54.888382027248696,55.61888332015716,0.0,21756000
2019-02-21,54.4757080078125,0.0,55.21912146218688,54.254720435235,55.16449498008729,0.0,28302000
2019-02-22,55.141151428222656,0.0,55.184354765852405,54.40766840225636,54.67086663591973,0.0,20990000
2019-02-25,55.092987060546875,0.0,55.54687789741087,54.987208395663146,55.42074217223056,0.0,28262000
2019-02-26,55.37753677368164,0.0,55.595046252775866,54.62220385964895,54.9117226954584,0.0,29426000
2019-02-27,55.4232292175293,0.0,55.519069941937,54.675841304042564,54.971319894140116,0.0,19368000
2019-02-28,55.61540985107422,0.0,55.99928422620776,55.17293836102821,55.1873394753294,0.0,30850000
2019-03-01,56.661746978759766,0.0,56.76007312824697,55.855265686142715,55.86271440723904,0.0,29006000
2019-03-04,56.99993133544922,0.0,57.52037187602105,56.15024672091556,56.959705969128706,0.0,28920000
2019-03-05,57.706600189208984,0.0,58.08302203930893,56.92022966567856,57.11216495137199,0.0,28864000
2019-03-06,57.49951934814453,0.0,57.981519071821126,57.38182500130454,57.72944463569061,0.0,21986000
2019-03-07,56.776466369628906,0.0,57.4446424511904,56.35981535101713,57.39324399962645,0.0,23332000
2019-03-08,56.7277946472168,0.0,56.964175976415284,55.78325819926275,55.95358990974161,0.0,24248000
2019-03-11,58.388427734375,0.0,58.40978502814989,56.833569766820744,56.833569766820744,0.0,34384000
2019-03-12,59.25450134277344,0.0,59.59219057424494,58.51257693337569,58.51257693337569,0.0,40262000
2019-03-13,59.26046371459961,0.0,59.638378328041775,59.191932449907874,59.624223484781695,0.0,28718000
2019-03-14,58.87460708618164,0.0,59.48691775183204,58.82146958967304,59.31956021202615,0.0,23456000
2019-03-15,58.82047653198242,0.0,59.42186038142691,58.72860644238683,59.26344433943701,0.0,49236000
2019-03-18,58.810543060302734,0.0,59.09559113955357,58.47091775527123,58.76286897269439,0.0,25852000
2019-03-19,59.53508758544922,0.0,59.59219571215117,58.89049660740537,59.03649685038681,0.0,30414000
2019-03-20,60.78255081176758,0.0,60.93997040531024,59.4019951085095,59.46059600993491,0.0,44548000
2019-03-21,61.158477783203125,0.0,61.17089358190513,60.24522891688312,60.38675841353051,0.0,24080000
2019-03-22,59.865333557128906,0.0,61.082006147817225,59.73249169949448,60.899258610279745,0.0,34284000
2019-03-25,59.244571685791016,0.0,59.90991749520336,58.948596802324914,59.43973499077729,0.0,29936000
2019-03-26,58.82842254638672,0.0,59.73273370954428,58.43610679567458,59.51919485254324,0.0,38024000
2019-03-27,58.25236511230469,0.0,58.97437201842313,57.57450116246461,58.87212448936261,0.0,28004000
2019-03-28,58.027400970458984,0.0,58.18010732930296,57.5775300453525,58.17886461287322,0.0,19234000
2019-03-29,58.26676559448242,0.0,58.548835710038425,57.74881046603974,58.34572355507541,0.0,25398000
2019-04-01,59.315589904785156,0.0,59.42633185800589,58.6983121585543,58.802601836762726,0.0,25050000
2019-04-02,59.61653137207031,0.0,59.65923838516749,58.88255194408491,59.359785387104864,0.0,16558000
2019-04-03,59.88618850708008,0.0,60.40165823904125,59.61703049963988,59.96365748665708,0.0,20286000
2019-04-04,60.337100982666016,0.0,60.370373960319476,59.79729598480945,59.887180762975085,0.0,19000000
2019-04-05,59.94725799560547,0.0,60.39767826628397,59.84197946073216,60.33659572627506,0.0,18144000
2019-04-08,59.782894134521484,0.0,60.02374623693548,59.585245375254054,59.984017195785356,0.0,17204000
2019-04-09,59.455631256103516,0.0,59.705917394296605,59.24854846083831,59.393556050409366,0.0,17528000
2019-04-10,59.699459075927734,0.0,59.78015607740735,59.41515360177267,59.62596073648912,0.0,14492000
2019-04-11,59.821624755859375,0.0,59.98748951898137,59.59865186594909,59.788851897323,0.0,14204000
2019-04-12,60.47962188720703,0.0,60.503457036940944,59.99493595492114,60.08879514493199,0.0,18668000
2019-04-15,60.64002990722656,0.0,60.79397521170884,60.044605750751046,60.48608460274428,0.0,23748000
2019-04-16,60.93947219848633,0.0,61.12271982963628,60.59135625758387,60.833697328403126,0.0,17126000
2019-04-17,61.396846771240234,0.0,61.60641120255438,60.97373970039527,61.23098200999365,0.0,24438000
2019-04-18,61.39833450317383,0.0,61.67791918215808,61.31093137605489,61.5378786782537,0.0,26636000
2019-04-22,62.01759719848633,0.0,62.030009207801015,60.99807338942072,61.379462306894624,0.0,16146000
2019-04-23,62.79776382446289,0.0,63.01875141161159,61.895437941421406,62.109473135640286,0.0,26398000
2019-04-24,62.3731689453125,0.0,62.96958955098519,62.323509536105476,62.776411531816905,0.0,20376000
2019-04-25,62.74313735961914,0.0,62.93969116917409,62.176019112396375,62.80868686922071,0.0,22146000
2019-04-26,63.176666259765625,0.0,63.220862258277876,62.587694432870975,63.0187465500366,0.0,24828000
2019-04-29,63.941436767578125,0.0,64.02536560354024,62.88442294355659,63.26705462794849,0.0,49988000
2019-04-30,59.02010726928711,0.0,59.23513509717516,58.350688518707415,58.84729012312195,0.0,124140000
2019-05-01,58.00703811645508,0.0,58.99875231447971,57.96234579176521,58.99875231447971,0.0,52784000
2019-05-02,57.73540115356445,0.0,58.31046439919676,57.35758504447007,57.991150682205536,0.0,38896000
2019-05-03,58.86715316772461,0.0,58.93667708749997,58.05272685998224,58.28364478164267,0.0,39614000
2019-05-06,59.065303802490234,0.0,59.13780570190495,57.91666245395548,57.91666245395548,0.0,31278000
2019-05-07,58.30600357055664,0.0,59.11744823972188,57.65743812559735,58.62233555909825,0.0,31028000
2019-05-08,57.917152404785156,0.0,58.62004111696695,57.89083182369358,58.202200471349755,0.0,26186000
2019-05-09,57.723976135253906,0.0,58.085504311879404,57.15139455236644,57.5576150542817,0.0,23714000
2019-05-10,57.817840576171875,0.0,58.2315098365562,56.73673782725395,57.78407127034765,0.0,26290000
2019-05-13,56.216796875,0.0,57.006887992377955,55.72416586607606,56.70992042400238,0.0,37212000
2019-05-14,55.6412353515625,0.0,56.63344600660394,55.59703934996232,56.474037299246376,0.0,36732000
2019-05-15,57.814857482910156,0.0,58.16844063383195,55.453817396826906,55.513607972720536,0.0,45786000
2019-05-16,58.54833984375,0.0,59.004219772994055,57.746821818156526,57.82975419882226,0.0,30628000
2019-05-17,57.72001266479492,0.0,58.60644465859356,57.60628894469448,58.026414282873375,0.0,24172000
2019-05-20,56.55548095703125,0.0,56.95013060432976,56.18764822364246,56.836058317808984,0.0,27066000
2019-05-21,57.0908088684082,0.0,57.24366298744961,56.51028223044764,57.034197073674996,0.0,23196000
2019-05-22,57.17970657348633,0.0,57.53229329180072,56.90508516276022,56.947795966163994,0.0,18290000
2019-05-23,56.650821685791016,0.0,56.909200609254654,56.077444467753416,56.63741323060101,0.0,23978000
2019-05-24,56.288307189941406,0.0,57.09752024409963,56.19842241268091,56.97808685033878,0.0,22240000
2019-05-28,56.32207489013672,0.0,57.18799822756347,56.27092270908838,56.31462616871305,0.0,27300000
2019-05-29,55.44358825683594,0.0,56.07129269618529,55.0343859615742,55.992827273285485,0.0,30764000
2019-05-30,55.517581939697266,0.0,55.774824268119154,55.2280630795824,55.39790227270377,0.0,19038000
2019-05-31,54.80644607543945,0.0,55.102917314032965,54.6351179040759,54.690240716220266,0.0,30156000
2019-06-03,51.4593505859375,0.0,52.912904508084715,50.901666417072974,52.912904508084715,0.0,102612000
2019-06-04,52.29463577270508,0.0,52.44361777998782,51.33321648431608,51.79058541196856,0.0,56670000
2019-06-05,51.75681686401367,0.0,52.31946813595694,51.17430486032719,52.21964920453633,0.0,43368000
2019-06-06,51.86209487915039,0.0,52.01852560860015,51.33371303626473,51.89437519824824,0.0,34064000
2019-06-07,52.93971633911133,0.0,53.18206119900053,52.06371112680689,52.174456862760884,0.0,36048000
2019-06-10,53.6518440246582,0.0,54.261669206096805,53.25168176905306,53.284356117103,0.0,29284000
2019-06-11,53.56940841674805,0.0,54.72499827461152,53.513937042244834,54.32722294052617,0.0,28734000
2019-06-12,53.48548889160156,0.0,53.679163231734776,53.01421138034348,53.53365931220592,0.0,21220000
2019-06-13,54.06849670410156,0.0,54.336662046791176,53.64042632901229,53.813739817984924,0.0,21154000
2019-06-14,53.898658752441406,0.0,54.26316112936922,53.64151495348822,53.95179245859316,0.0,22230000
2019-06-17,54.253726959228516,0.0,54.58545647750905,53.94483993336099,53.94483993336099,0.0,18832000
2019-06-18,54.80495834350586,0.0,55.44011151982296,54.57602571052356,55.10738932395313,0.0,27734000
2019-06-19,54.74189376831055,0.0,54.97380438837374,54.302400221231466,54.904280456366564,0.0,26776000
2019-06-20,55.193302154541016,0.0,55.625346972933166,54.86157260152441,55.618890908718946,0.0,25240000
2019-06-21,55.712745666503906,0.0,55.82348761830398,55.02743298931354,55.08504123376665,0.0,38952000
2019-06-24,55.396907806396484,0.0,55.71870318769854,55.172938463491526,55.600016182321795,0.0,27912000
2019-06-25,53.94831848144531,0.0,55.33880075531518,53.821682642518915,55.25487571737661,0.0,30938000
2019-06-26,53.623050689697266,0.0,54.277071975630065,53.24761767028267,53.955772903611255,0.0,36218000
2019-06-27,53.43482971191406,0.0,53.98556148262297,53.39907509252221,53.83161619332238,0.0,20086000
2019-06-28,53.67816925048828,0.0,53.68263621009912,53.3037289185293,53.453703582851155,0.0,33864000
2019-07-01,54.52437973022461,0.0,55.00260965665028,54.31347405467886,54.5268651634003,0.0,28726000
2019-07-02,55.184852600097656,0.0,55.21067685312911,54.535298376474046,54.73741407515597,0.0,19832000
2019-07-03,55.697845458984375,0.0,55.955087776465454,55.31447120455175,55.490762665497826,0.0,15340000
2019-07-05,56.194942474365234,0.0,56.25900678260704,55.4276938609159,55.51012991383004,0.0,25286000
2019-07-08,55.43812561035156,0.0,55.91635172068283,55.18287239554647,55.87612635098986,0.0,24728000
2019-07-09,55.8592414855957,0.0,56.017903795391064,54.982243590921726,55.212168870484284,0.0,26608000
2019-07-10,56.63642501831055,0.0,56.714394116776674,56.16415862272746,56.176574422118755,0.0,24190000
2019-07-11,56.8216552734375,0.0,57.261645116129735,56.59172998631426,56.77398118241368,0.0,23910000
2019-07-12,56.855918884277344,0.0,56.97709131731036,56.55199893279912,56.810730227883596,0.0,17280000
2019-07-15,57.12607192993164,0.0,57.149910869980936,56.58279264011142,56.95325476965373,0.0,18076000
2019-07-16,57.28696823120117,0.0,57.53526903124329,56.86088320964453,56.91054261189904,0.0,24776000
2019-07-17,56.92792510986328,0.0,57.52434183931919,56.89912288407239,57.15735404734908,0.0,23400000
2019-07-18,56.92693328857422,0.0,56.99024741673293,56.251554803904476,56.698993334155894,0.0,25814000
2019-07-19,56.120948791503906,0.0,57.165796726013106,56.09710985322476,57.01930016093022,0.0,32944000
2019-07-22,56.51674270629883,0.0,56.57534360962515,55.82994481738897,56.28731374781138,0.0,26030000
2019-07-23,56.92097473144531,0.0,56.95524036407721,56.2053708655286,56.81122544125863,0.0,21874000
2019-07-24,56.50382995605469,0.0,56.81122800597324,55.96650662133127,56.21034048011561,0.0,31796000
2019-07-25,56.22126007080078,0.0,56.69700450072405,55.665068696373304,56.50432283493465,0.0,44196000
2019-07-26,62.0955696105957,0.0,62.84742450878983,60.78404517580195,60.7860304913165,0.0,96116000
2019-07-29,61.5493049621582,0.0,61.94459868652512,60.99410241766122,61.630748358772806,0.0,44474000
2019-07-30,60.84064865112305,0.0,61.32384179780918,60.749274895948865,60.85405710655123,0.0,29066000
2019-07-31,60.420528411865234,0.0,61.28064358008567,59.977757610476296,60.734382529861,0.0,34510000
2019-08-01,60.03963851928711,0.0,61.28610976207798,59.87625538904078,60.28893201009128,0.0,33970000
2019-08-02,59.293739318847656,0.0,59.93485220793562,59.042953069751775,59.6289431473505,0.0,32902000
2019-08-05,57.22439956665039,0.0,58.36261040008416,56.61953763568654,58.10437543340391,0.0,51950000
2019-08-06,58.09990692138672,0.0,58.597004861877814,57.605786953817166,57.77016272379351,0.0,34188000
2019-08-07,58.300533294677734,0.0,58.52176712903884,57.09051394819349,57.40714521226035,0.0,28886000
2019-08-08,59.83056640625,0.0,59.84099310069206,58.252365719564985,58.73952952699763,0.0,29360000
2019-08-09,58.996768951416016,0.0,59.78487470410133,58.77791446440276,59.492377902427094,0.0,21314000
2019-08-12,58.3362922668457,0.0,58.84530971154173,57.98678203412523,58.55976149194646,0.0,20060000
2019-08-13,59.45662307739258,0.0,59.829570635165084,58.174897400507255,58.174897400507255,0.0,25888000
2019-08-14,57.81882858276367,0.0,58.71320931438163,57.632602981243366,58.41574164974613,0.0,31574000
2019-08-15,57.9663200378418,0.0,58.39240507922258,57.710570505000916,57.77959810031406,0.0,24374000
2019-08-16,58.47981262207031,0.0,58.734073187609184,58.192279078442624,58.57664979435135,0.0,26266000
2019-08-19,59.51522445678711,0.0,59.93932041059927,59.10006621106485,59.10006621106485,0.0,24632000
2019-08-20,58.73257827758789,0.0,59.39653746231483,58.70377604913902,59.35631209274871,0.0,18310000
2019-08-21,59.15766906738281,0.0,59.54253608769476,58.967965365834104,59.252024589319475,0.0,14814000
2019-08-22,59.07225799560547,0.0,59.49347449399108,58.528478578341726,59.29771253981895,0.0,18950000
2019-08-23,57.17325210571289,0.0,59.29821030081648,56.997456964893374,58.69781906856782,0.0,33740000
2019-08-26,58.04726028442383,0.0,58.07606250836222,57.25617283981853,57.46971166425842,0.0,24522000
2019-08-27,57.99512481689453,0.0,58.71817744858502,57.67779639602461,58.6253146989519,0.0,21544000
2019-08-28,58.153045654296875,0.0,58.42121100243633,57.471711154573526,57.69070963509963,0.0,16040000
2019-08-29,59.237125396728516,0.0,59.3965340906206,58.654609641903214,58.654609641903214,0.0,21768000
2019-08-30,59.00123596191406,0.0,59.517702090005464,58.78784866924462,59.517702090005464,0.0,22596000
2019-09-03,58.02243423461914,0.0,58.94115024840436,57.764699392098585,58.45150102835866,0.0,29598000
2019-09-04,58.669010162353516,0.0,58.77180705922492,58.152047705088485,58.43560679972394,0.0,21378000
2019-09-05,60.15732955932617,0.0,60.23976561322229,59.17157500327392,59.17157500327392,0.0,28162000
2019-09-06,59.83701705932617,0.0,60.188861155662366,59.717435910685,59.995933214785445,0.0,21442000
2019-09-09,59.81119918823242,0.0,60.5854002070004,59.225705429102874,59.790838339088786,0.0,29438000
2019-09-10,59.89015197753906,0.0,60.08879337454767,59.323033801151254,59.351339698213025,0.0,25202000
2019-09-11,60.59383773803711,0.0,60.71451383868621,59.701446100647836,59.76153598656334,0.0,26140000
2019-09-12,61.293060302734375,0.0,61.670971158516984,60.7353761029643,60.79894029593102,0.0,34518000
2019-09-13,61.5567512512207,0.0,61.622300755740135,60.933513791222566,61.14904174417859,0.0,26028000
2019-09-16,61.14655685424805,0.0,61.556751797853664,60.86399040777263,61.05816485644338,0.0,21066000
2019-09-17,61.039791107177734,0.0,61.33030261226768,60.768647793514425,61.101866312250884,0.0,19102000
2019-09-18,61.201683044433594,0.0,61.36059542200043,60.41308089171406,60.95834929507781,0.0,22702000
2019-09-19,61.5145378112793,0.0,61.79908955781436,61.18231197778946,61.18429729302146,0.0,19920000
2019-09-20,61.078521728515625,0.0,61.743473546733945,60.738350828108146,61.23693776798632,0.0,45400000
2019-09-23,61.28213119506836,0.0,61.53340998436601,60.79248195511087,60.88335938703533,0.0,21248000
2019-09-24,60.52381896972656,0.0,61.91331236824684,60.122565526241566,61.57860108694271,0.0,31664000
2019-09-25,61.90238571166992,0.0,61.99078149768227,60.093267120869385,60.377818880874166,0.0,29060000
2019-09-26,61.64762878417969,0.0,61.82690200020933,61.19462832342842,61.67593468262966,0.0,30760000
2019-09-27,60.83816909790039,0.0,61.77823484153433,60.30978348989402,61.728079108542396,0.0,27078000
2019-09-30,60.53573989868164,0.0,60.88335952672294,60.20301771344643,60.63356972337542,0.0,28082000
2019-10-01,59.84546661376953,0.0,61.1430862253723,59.769982949901106,60.5357426123736,0.0,25470000
2019-10-02,58.43163299560547,0.0,59.44221524572345,58.16644565917848,59.44221524572345,0.0,32302000
2019-10-03,58.987831115722656,0.0,59.04891366295943,57.72646249683497,58.5989934566008,0.0,32424000
2019-10-04,60.03914260864258,0.0,60.160311263996014,59.05438064920282,59.189457879453926,0.0,23248000
2019-10-07,59.97358322143555,0.0,60.496206110741845,59.77841990658086,59.810700224232654,0.0,16858000
2019-10-08,59.052391052246094,0.0,59.894130669586495,59.04643131737063,59.472516367653085,0.0,20786000
2019-10-09,59.706912994384766,0.0,60.00685853512725,59.47450227577442,59.55991630271113,0.0,17354000
2019-10-10,60.02275085449219,0.0,60.33710130972949,59.46010335958975,59.52168223783309,0.0,16932000
2019-10-11,60.35944366455078,0.0,61.00204553146064,60.27452596868297,60.69514760611892,0.0,25454000
2019-10-14,60.4433708190918,0.0,60.899750881180815,60.176201923741885,60.20500415220706,0.0,17350000
2019-10-15,61.72808074951172,0.0,61.942612260668966,60.60526367063044,60.60526367063044,0.0,27634000
2019-10-16,61.75936508178711,0.0,62.31059320094105,61.50163022692722,61.63670365930028,0.0,21892000
2019-10-17,62.227657318115234,0.0,62.73692099424398,62.07222304554555,62.12138611978965,0.0,19048000
2019-10-18,61.85123825073242,0.0,62.51668261683466,61.632235992119114,62.2470282952592,0.0,27056000
2019-10-21,61.884010314941406,0.0,62.30507902592307,61.608396262066,62.187433937520645,0.0,20544000
2019-10-22,61.7176513671875,0.0,62.10500004115205,61.64713478281577,61.96843762082674,0.0,20476000
2019-10-23,62.52859878540039,0.0,62.56633871901766,61.69579692529151,61.69579692529151,0.0,18230000
2019-10-24,62.620967864990234,0.0,62.77044619692498,62.259689727924915,62.6164971167155,0.0,20562000
2019-10-25,62.82656478881836,0.0,63.0485450292343,62.075702578747006,62.12635464371006,0.0,24262000
2019-10-28,64.06161499023438,0.0,64.52395102058992,63.194547389200785,63.33905865603972,0.0,52264000
2019-10-29,62.70191192626953,0.0,63.64396295170973,62.43334878599491,63.377786736247096,0.0,37728000
2019-10-30,62.635868072509766,0.0,63.0366252077936,62.17452471788937,62.22269513829116,0.0,28178000
2019-10-31,62.5772705078125,0.0,62.95269971367393,62.11706757623557,62.635371293682766,0.0,29114000
2019-11-01,63.25413513183594,0.0,63.2978348014475,62.5966358284961,62.82010504238802,0.0,33402000
2019-11-04,64.12963104248047,0.0,64.26669355514382,63.383986119266304,63.38870313685437,0.0,30020000
2019-11-05,64.16242218017578,0.0,64.50507851901453,64.12264009749326,64.2051291931279,0.0,25654000
2019-11-06,64.15099334716797,0.0,64.24684164220056,63.689157479854565,64.03479178148491,0.0,23060000
2019-11-07,64.99820709228516,0.0,65.7371460746189,64.27242271964337,64.27415797633661,0.0,40600000
2019-11-08,65.12284088134766,0.0,65.45209253183815,64.77497121734183,64.82041371919429,0.0,25028000
2019-11-11,64.51798248291016,0.0,64.87727147561885,64.42958291760509,64.71611996221728,0.0,20238000
2019-11-12,64.49861145019531,0.0,65.05480275889423,64.34813669531599,64.55820121111641,0.0,21718000
2019-11-13,64.45889282226562,0.0,64.77174669514169,64.2359161452668,64.26372571519087,0.0,16534000
2019-11-14,65.12731170654297,0.0,65.40242941818406,64.34218772663395,64.43405781052788,0.0,23870000
2019-11-15,66.28985595703125,0.0,66.29035607459745,65.26735043784288,65.49876847529693,0.0,35652000
2019-11-18,65.58617401123047,0.0,66.32258195695339,65.4272578691305,66.15825545220515,0.0,29748000
2019-11-19,65.32595825195312,0.0,65.93379814001467,65.19385901029838,65.93379814001467,0.0,25384000
2019-11-20,64.70967102050781,0.0,65.30311359879565,64.11872145269366,65.14121946879514,0.0,26172000
2019-11-21,64.62523651123047,0.0,65.18342068501883,64.21057848266733,64.63169257351504,0.0,19910000
2019-11-22,64.32678985595703,0.0,64.99174164026378,64.13163033770898,64.83729623933458,0.0,27714000
2019-11-25,64.89044952392578,0.0,65.11987471619895,64.46535708209427,64.51749813794629,0.0,20724000
2019-11-26,65.23110961914062,0.0,65.29318482729872,64.81098806568491,65.04786196790928,0.0,21394000
2019-11-27,65.20328521728516,0.0,65.46996152390618,65.0364278231501,65.30310412977113,0.0,19912000
2019-11-29,64.80451965332031,0.0,65.06498238811625,64.75535658278949,64.91178728994706,0.0,11740000
2019-12-02,64.0576400756836,0.0,64.84772739422539,63.614672267390304,64.60787553415649,0.0,30218000
2019-12-03,64.32381439208984,0.0,64.48178335483922,63.51534777539977,63.54365367362734,0.0,22876000
2019-12-04,65.57823181152344,0.0,65.83944475282698,64.80005639358517,64.90633138493415,0.0,30750000
2019-12-05,65.95514678955078,0.0,66.01613082090294,65.37461639567003,65.94869072658955,0.0,24254000
2019-12-06,66.57540130615234,0.0,66.74325137232466,66.21884020896762,66.21884020896762,0.0,26296000
2019-12-09,66.7214126586914,0.0,67.51051492322146,66.43735342335297,66.44728757806071,0.0,27086000
2019-12-10,66.77603912353516,0.0,67.03997999056595,66.34796874399038,66.61910827385073,0.0,21882000
2019-12-11,66.79391479492188,0.0,67.10081273636702,66.67721310369951,67.08293731986201,0.0,17008000
2019-12-12,67.05463409423828,0.0,67.32801660327978,66.56945932598867,66.83960622520256,0.0,25620000
2019-12-13,66.93346405029297,0.0,67.19482098224645,66.73680415481331,66.93941999672872,0.0,30992000
2019-12-16,67.59591674804688,0.0,67.77022286512145,67.17380239088665,67.36399860610084,0.0,27946000
2019-12-17,67.29547882080078,0.0,67.78612451939068,67.10691932174733,67.68134229977522,0.0,37080000
2019-12-18,67.17132568359375,0.0,67.56115977757484,67.09088252490885,67.36897822232179,0.0,30452000
2019-12-19,67.3411636352539,0.0,67.44346041005927,66.99080854785383,67.13159922014151,0.0,29398000
2019-12-20,67.02086639404297,0.0,67.7185911528702,66.99156404557336,67.70419382623656,0.0,66300000
2019-12-23,66.98361206054688,0.0,67.52788396295335,66.86790303817719,67.33272444290547,0.0,17662000
2019-12-24,66.7214126586914,0.0,67.05413485477206,66.6826762751171,66.96673551045554,0.0,6950000
2019-12-26,67.55767822265625,0.0,67.60371934992692,66.76659830086497,66.85101966342629,0.0,13350000
2019-12-27,67.13507843017578,0.0,67.76278667677775,67.00695738628835,67.68630656700985,0.0,20768000
2019-12-30,66.35292053222656,0.0,67.19019307204604,66.24763821220691,67.04121108745511,0.0,21018000
2019-12-31,66.39662170410156,0.0,66.44529223503848,66.00256696016368,66.05347286501099,0.0,19236000
2020-01-02,67.90381622314453,0.0,67.9420524872171,66.62159046238858,66.62159046238858,0.0,28132000
2020-01-03,67.57058715820312,0.0,68.15856627305749,66.81992586515675,66.93493774743344,0.0,23728000
2020-01-06,69.23670196533203,0.0,69.35041810666512,67.04122344136731,67.04122344136731,0.0,34646000
2020-01-07,69.19349670410156,0.0,69.67271549564418,69.04650000353651,69.42193680575292,0.0,30054000
2020-01-08,69.73876953125,0.0,70.09930131527037,69.06934689950678,69.13092199097464,0.0,30560000
2020-01-09,70.50898742675781,0.0,70.88143863523739,70.03423186106627,70.54573849204765,0.0,30018000
2020-01-10,71.0006332397461,0.0,71.25881518379731,70.43550030398244,70.89286546537721,0.0,36414000
2020-01-13,71.47239685058594,0.0,71.5364573682517,70.81638653642962,71.31845156114929,0.0,33046000
2020-01-14,71.05773162841797,0.0,71.60001823554667,70.93308868283479,71.46147050516532,0.0,31178000
2020-01-15,71.47090911865234,0.0,71.5799120298953,71.02446320125914,71.02446320125914,0.0,25654000
2020-01-16,72.09165954589844,0.0,72.10606444889174,71.55632152029573,71.88010979220724,0.0,23474000
2020-01-17,73.51640319824219,0.0,73.56134558132662,72.41543984206496,72.64834307701408,0.0,47924000
2020-01-21,73.71554565429688,0.0,74.08551143622914,73.06002787895284,73.45334005966713,0.0,40734000
2020-01-22,73.79252624511719,0.0,74.64985671867298,73.74187038901091,74.04331251492921,0.0,32216000
2020-01-23,73.82728576660156,0.0,74.26777576285404,73.60133866938567,73.87645642572805,0.0,27024000
2020-01-24,72.8370590209961,0.0,74.2665239390797,72.76454954658043,74.17191835980502,0.0,35692000
2020-01-27,71.20770263671875,0.0,71.41478920034972,70.57701648729619,71.06369150781515,0.0,35104000
2020-01-28,72.1343765258789,0.0,72.30521218229813,71.13670235442318,71.65962844222497,0.0,31548000
2020-01-29,72.43579864501953,0.0,72.77348407804247,71.84533409970389,72.44424002309124,0.0,21554000
2020-01-30,72.2972412109375,0.0,72.36875044119347,71.33184765863578,71.50863920797372,0.0,26788000
2020-01-31,71.2240982055664,0.0,73.00689625279898,70.941031637002,72.9458137062416,0.0,48344000
2020-02-03,73.79202270507812,0.0,73.99364588484838,72.45368519801852,72.60315974868554,0.0,60736000
2020-02-04,71.86172485351562,0.0,72.9756003128433,70.83028543793051,72.35832643111584,0.0,78660000
2020-02-05,71.91934204101562,0.0,72.69453954452206,71.04184774666115,72.62402295669747,0.0,39724000
2020-02-06,73.30982208251953,0.0,73.5963591584658,71.98588197112542,72.02362569501838,0.0,33588000
2020-02-07,73.45880126953125,0.0,73.78705268744903,72.81917361335594,72.86635137202896,0.0,23446000
2020-02-10,74.9212875366211,0.0,74.96200923112285,73.21496973059205,73.21496973059205,0.0,28398000
2020-02-11,74.9267578125,0.0,75.96167544925687,74.77022857534816,75.0767324778294,0.0,26892000
2020-02-12,75.39752960205078,0.0,75.51795943123352,74.89298673750011,75.20931868546857,0.0,23352000
2020-02-13,75.21825408935547,0.0,75.83999870106719,74.71867455338952,75.12042048974291,0.0,18590000
2020-02-14,75.52020263671875,0.0,75.52020263671875,74.85475066001621,75.26494562756126,0.0,23956000
2020-02-18,75.46705627441406,0.0,76.06099138957565,75.11546602411893,75.23514568129174,0.0,22414000
2020-02-19,75.81566619873047,0.0,76.08462334671637,75.55296051992494,75.73521547353279,0.0,18986000
2020-02-20,75.3915786743164,0.0,75.96217498532641,74.82893120236896,75.5827675764969,0.0,21932000
2020-02-21,73.75080871582031,0.0,75.09684500790664,73.51889810856778,74.88901582231229,0.0,34634000
2020-02-24,70.59638214111328,0.0,71.36016015828893,70.08985398658058,70.82084399363352,0.0,57342000
2020-02-25,68.95064544677734,0.0,71.41825573310474,68.65020361927465,71.16300634574496,0.0,49566000
2020-02-26,69.18553924560547,0.0,70.3038930958197,68.48135853104596,69.33253592785813,0.0,44048000
2020-02-27,65.4565658569336,0.0,68.11904040245773,65.41087329449262,67.64011718123767,0.0,59566000
2020-02-28,66.51134490966797,0.0,66.60122968273528,63.11806590820636,63.440857722867264,0.0,75782000
2020-03-02,68.98342895507812,0.0,69.07083587619785,65.88985288324025,67.12117278391376,0.0,48630000
2020-03-03,66.6136474609375,0.0,70.0282760870977,66.14733327280929,69.4954235267835,0.0,48046000
2020-03-04,68.85481262207031,0.0,68.93278551165616,66.69907060737945,67.4995922737942,0.0,38266000
2020-03-05,65.50373840332031,0.0,67.48368866451997,64.81146961605289,67.05114759625229,0.0,51226000
2020-03-06,64.479248046875,0.0,64.86708921670449,62.62394449639975,63.41900260284171,0.0,53212000
2020-03-09,60.364906311035156,0.0,62.31158374927824,59.59219431268793,59.85539256469915,0.0,67308000
2020-03-10,63.58437728881836,0.0,63.62212101344055,60.52431674969943,62.5718058305141,0.0,52228000
2020-03-11,60.35745620727539,0.0,62.6194766827972,59.397029637217365,62.060303545096545,0.0,52170000
2020-03-12,55.36661148071289,0.0,59.287779834392445,55.28666086053564,55.917343269090544,0.0,84534000
2020-03-13,60.571990966796875,0.0,60.57347995332645,55.47750501442033,58.549333478932624,0.0,74002000
2020-03-16,53.84800720214844,0.0,57.221770486043276,53.35686894783238,54.42754124919339,0.0,85048000
2020-03-17,55.60945129394531,0.0,56.15869029332871,52.44162684986951,54.284018412682315,0.0,77230000
2020-03-18,54.46726989746094,0.0,54.94897411100852,51.51149510698408,52.46646215459377,0.0,84668000
2020-03-19,55.38548278808594,0.0,57.50497742074177,52.645137610709675,54.28104124933974,0.0,73022000
2020-03-20,53.251590728759766,0.0,56.810734761928465,52.91241245924176,56.400043458327744,0.0,72036000
2020-03-23,52.471920013427734,0.0,53.20192497832547,50.332360163044875,52.705323373771314,0.0,80882000
2020-03-24,56.33746337890625,0.0,56.364280289024705,54.16036068149655,54.81339298271394,0.0,66890000
2020-03-25,54.74983215332031,0.0,57.05455969067583,53.93143138205992,55.94068413874498,0.0,81630000
2020-03-26,57.69269561767578,0.0,58.100901458540704,54.30487622162832,55.21216912318002,0.0,71434000
2020-03-27,55.15803527832031,0.0,57.14245634110623,54.91966863467143,55.900952354857296,0.0,64170000
2020-03-30,56.951271057128906,0.0,57.190137849348936,54.45138000336739,55.869671946812446,0.0,51482000
2020-03-31,57.745330810546875,0.0,58.36608282172606,56.520217005475864,56.97510426112891,0.0,49728000
2020-04-01,54.905269622802734,0.0,56.10059242596996,54.499549198520704,55.71870336433194,0.0,46884000
2020-04-02,55.661094665527344,0.0,55.96004753136843,54.447400209617925,54.53976662386721,0.0,39298000
2020-04-03,54.520904541015625,0.0,55.79518156293612,53.62354572731836,55.57046961285702,0.0,46268000
2020-04-06,58.9426383972168,0.0,59.32700907022602,56.16266282319555,56.513264193015694,0.0,53294000
2020-04-07,58.92228317260742,0.0,60.833702448664546,58.70973696814291,60.635061029853695,0.0,47746000
2020-04-08,60.10270690917969,0.0,60.53921868632913,59.004225014405584,59.91499229612837,0.0,39502000
2020-04-09,60.160804748535156,0.0,60.86200754584116,59.430057123682374,60.78801287002832,0.0,43508000
2020-04-13,60.464229583740234,0.0,60.610729951707356,58.97631521213278,60.048078669090195,0.0,34796000
2020-04-14,63.03015899658203,0.0,63.66779750037406,61.42613805596873,61.83136587448644,0.0,49408000
2020-04-15,62.69446563720703,0.0,63.587853741292676,61.59846549641983,61.857193000997036,0.0,33434000
2020-04-16,62.74412536621094,0.0,63.51534838440943,61.70871143617545,63.272014649822715,0.0,50362000
2020-04-17,63.72640609741211,0.0,64.28160487051998,63.129492966991336,63.80586418111476,0.0,38980000
2020-04-20,62.900054931640625,0.0,63.64446098068002,62.63983467043894,63.118060723981344,0.0,33910000
2020-04-21,60.40364074707031,0.0,62.28725026459147,60.07439288386016,61.9262184135737,0.0,43060000
2020-04-22,62.73121643066406,0.0,63.84375082473778,61.67792324278069,61.85372216624146,0.0,41848000
2020-04-23,63.38175964355469,0.0,64.22598088095572,62.85337782412955,63.14537830328555,0.0,31324000
2020-04-24,63.53074645996094,0.0,63.584872827696614,62.04789388185964,62.62990956897171,0.0,32792000
2020-04-27,63.360408782958984,0.0,64.36702430836527,63.018748885356715,64.35957558686549,0.0,32012000
2020-04-28,61.264251708984375,0.0,63.96476934334331,61.19125348198349,63.958813397277744,0.0,59026000
2020-04-29,66.61811065673828,0.0,67.53731921132398,65.81659644188422,66.61711799909568,0.0,75872000
2020-04-30,66.97467041015625,0.0,67.18125685872208,65.67506183367425,65.79375640618407,0.0,53378000
2020-05-01,65.58171081542969,0.0,67.1440176191019,65.10447737169582,65.97353023284143,0.0,41450000
2020-05-04,65.88909912109375,0.0,65.93181371039051,64.50854722753725,64.9669125826129,0.0,30080000
2020-05-05,67.0963363647461,0.0,68.23008020447531,66.4184800167768,66.44132629750841,0.0,33030000
2020-05-06,66.90714263916016,0.0,68.09004972747793,66.9066500990387,67.62175773507504,0.0,24308000
2020-05-07,68.16154479980469,0.0,68.41183090485656,67.30291872848656,67.83279328095287,0.0,27952000
2020-05-08,68.94668579101562,0.0,69.46265563072474,68.30656553930811,68.68646549692158,0.0,27738000
2020-05-11,69.68611907958984,0.0,70.34510735075402,68.38958697310302,68.44560772016183,0.0,28242000
2020-05-12,68.3194808959961,0.0,70.26913651210896,68.2713104732438,69.87781718353037,0.0,27812000
2020-05-13,67.0079574584961,0.0,68.80327386510248,65.9685689340413,68.38453896631944,0.0,36252000
2020-05-14,67.34564208984375,0.0,67.40970261081927,65.74559153062619,66.29731219921227,0.0,32062000
2020-05-15,68.19284057617188,0.0,68.25690109642692,66.49495642044602,67.04122125427448,0.0,34154000
2020-05-18,68.72669219970703,0.0,69.14309319754263,67.25228470671571,67.62473597046618,0.0,36448000
2020-05-19,68.20748901367188,0.0,69.1269476897765,68.20748901367188,68.87850289322596,0.0,25612000
2020-05-20,69.85794830322266,0.0,70.04169607289217,68.8910693426762,69.00677080232748,0.0,33108000
2020-05-21,69.66327667236328,0.0,70.29346275219423,69.19895535657272,69.92151164398065,0.0,27700000
2020-05-22,70.04167938232422,0.0,70.15788093193129,69.11849273793372,69.36083756737834,0.0,26188000
2020-05-26,70.36943054199219,0.0,71.56028614702075,70.1265931729172,71.37505322390662,0.0,41212000
2020-05-27,70.41015625,0.0,70.60383056180191,69.09167967012947,70.38086148536028,0.0,33716000
2020-05-28,70.35504913330078,0.0,71.55235349422617,69.3255948606554,69.36830187602924,0.0,33844000
2020-05-29,70.96039581298828,0.0,71.14165812703393,70.18719129549719,70.3654680591171,0.0,36418000
2020-06-01,71.10441589355469,0.0,71.40932849735742,70.41811058181692,70.437478772262,0.0,24342000
2020-06-02,71.4719009399414,0.0,71.4912691316603,70.45932945206445,71.04134512872544,0.0,25562000
2020-06-03,71.33087158203125,0.0,71.83601314446132,71.00296868490636,71.42621977038247,0.0,25124000
2020-06-04,70.12908172607422,0.0,71.45897764007475,69.75911598090934,71.03388530151165,0.0,29686000
2020-06-05,71.43067932128906,0.0,71.76141616660131,69.82218753740298,70.17824851809759,0.0,34698000
2020-06-08,71.8388900756836,0.0,71.90742134684552,70.63363688396181,70.63363688396181,0.0,28084000
2020-06-09,72.31314849853516,0.0,72.90112773353596,71.67005023582128,71.77681777781704,0.0,28184000
2020-06-10,72.79434967041016,0.0,73.21194027519641,72.31860145267983,72.48098811657447,0.0,30504000
2020-06-11,69.71492004394531,0.0,72.22945817301579,69.62354250078923,71.63378782991101,0.0,39826000
2020-06-12,70.17874145507812,0.0,71.3616483445136,68.82997739078206,70.9390414138141,0.0,38928000
2020-06-15,70.50997161865234,0.0,70.75578696192261,68.9243262588693,69.06734471721957,0.0,30078000
2020-06-16,71.64571380615234,0.0,72.25653170525558,70.81042644799199,71.76986421688697,0.0,34184000
2020-06-17,72.06285095214844,0.0,72.50383341430023,71.0825598812217,71.8661986589021,0.0,30992000
2020-06-18,71.30999755859375,0.0,72.07725367365481,70.86554459700417,71.96551528630526,0.0,31638000
2020-06-19,71.09944152832031,0.0,71.89797773529399,70.58446440545173,71.70926670591068,0.0,63158000
2020-06-22,72.09961700439453,0.0,72.1438092212804,70.67685040036336,70.96438017912446,0.0,30848000
2020-06-23,72.72283935546875,0.0,73.2954740398959,71.77085787242056,72.28732025413952,0.0,28596000
2020-06-24,71.11186218261719,0.0,73.26959673401689,71.00161656714448,72.57882069771837,0.0,35120000
2020-06-25,71.57667541503906,0.0,71.65464071356492,70.5174263966377,71.00906470295082,0.0,24610000
2020-06-26,67.53285217285156,0.0,71.1853547034498,67.14004013783271,71.08305792934624,0.0,85354000
2020-06-29,69.2744369506836,0.0,69.30572461242006,66.89274042358561,67.44743906783222,0.0,36204000
2020-06-30,70.20010375976562,0.0,70.45039748370317,68.72768165104351,69.0494846200175,0.0,40848000
2020-07-01,71.41329193115234,0.0,71.6596073987426,70.01187922203576,70.07544719279852,0.0,35504000
2020-07-02,72.73723602294922,0.0,73.64353241578827,71.82944685493406,71.855271107727,0.0,37182000
2020-07-06,74.2767105102539,0.0,74.81750435855518,73.1424664907637,73.50002027573657,0.0,31280000
2020-07-07,73.75428009033203,0.0,75.32452806618713,73.67332923943609,73.99363939746495,0.0,29164000
2020-07-08,74.29159545898438,0.0,74.78223348996153,73.77661837480952,74.20816676169085,0.0,24994000
2020-07-09,75.03600311279297,0.0,75.61851883856808,73.89853874777877,74.81054859775554,0.0,28466000
2020-07-10,76.56305694580078,0.0,76.66684650358317,74.31842305623277,74.79565649049827,0.0,37126000
2020-07-13,75.05339050292969,0.0,78.32062845929656,74.75061476268897,76.9732510304685,0.0,36928000
2020-07-14,75.51224517822266,0.0,75.62993951455526,73.67085014930329,74.00903571655309,0.0,31700000
2020-07-15,75.16761016845703,0.0,76.24474228245276,74.39092750376717,75.63888767287392,0.0,32214000
2020-07-16,75.38412475585938,0.0,75.41839038766379,73.81039112568035,74.49024035607862,0.0,30386000
2020-07-17,75.262451171875,0.0,75.65427055818434,74.41177391177511,75.56389325060115,0.0,29134000
2020-07-20,77.75391387939453,0.0,77.98086118912214,74.66902175040603,75.24805943564259,0.0,31146000
2020-07-21,77.39138793945312,0.0,78.81018368976436,77.1857941396302,78.81018368976436,0.0,24324000
2020-07-22,77.89147186279297,0.0,77.96645919704694,76.77958155441006,77.49468914416514,0.0,18640000
2020-07-23,75.26890563964844,0.0,78.05931158247867,74.85732404036652,77.81598165545643,0.0,32552000
2020-07-24,75.0797119140625,0.0,75.3660519890377,73.91418778068258,74.43711380413019,0.0,30880000
2020-07-27,75.98998260498047,0.0,76.52482049278846,75.24557270925112,75.2649409000255,0.0,24920000
2020-07-28,74.50713348388672,0.0,75.80524946511352,74.37404914617177,75.74069640054633,0.0,34044000
2020-07-29,75.5837631225586,0.0,76.04222701977507,74.5562941759085,74.80410246360779,0.0,22130000
2020-07-30,76.05207061767578,0.0,76.3708880652099,74.10390005803976,74.34127409809902,0.0,33428000
2020-07-31,73.64402770996094,0.0,74.93469468226937,72.20735672643626,74.73903506146729,0.0,68798000
2020-08-03,73.22142791748047,0.0,74.01697860344038,72.78391595891422,73.8267823694175,0.0,46604000
2020-08-04,72.75064086914062,0.0,73.7731464020745,72.43679435950993,73.32670053776644,0.0,38070000
2020-08-05,73.17971801757812,0.0,73.61672993040291,72.67566760439335,72.96568281003115,0.0,39590000
2020-08-06,74.49520111083984,0.0,74.60892481376608,72.80179546326212,73.0873398594088,0.0,39908000
2020-08-07,74.21661376953125,0.0,75.3267611105131,73.57847890605598,74.49023870030395,0.0,31556000
2020-08-10,74.29656982421875,0.0,74.69260992541598,73.15339190731413,73.85360202098929,0.0,25786000
2020-08-11,73.51293182373047,0.0,74.98684662304764,73.39772291210686,74.11481579178248,0.0,29088000
2020-08-12,74.8189926147461,0.0,75.10533266498275,73.75775067614931,73.77414089337864,0.0,28740000
2020-08-13,75.4064712524414,0.0,76.34008469384933,74.8877735437597,75.0037250475616,0.0,29104000
2020-08-14,74.87411499023438,0.0,75.57780319699117,74.63326289685403,75.26791971865897,0.0,27096000
2020-08-17,75.38312530517578,0.0,75.7620325361235,74.88602363001714,75.21874576432006,0.0,27566000
2020-08-18,77.40032958984375,0.0,77.59251114525708,75.66768730796404,75.79034493896614,0.0,40542000
2020-08-19,76.8505859375,0.0,78.14919419688756,76.67280172628168,77.13761552307406,0.0,33212000
2020-08-20,78.54995727539062,0.0,78.75455840157392,76.38725949298082,76.64797229426455,0.0,34138000
2020-08-21,78.48391723632812,0.0,79.3430359206154,77.86738589831718,78.31556704353055,0.0,28930000
2020-08-24,78.87027740478516,0.0,80.15995194578811,78.49137010472516,79.1573070347942,0.0,28198000
2020-08-25,79.86447143554688,0.0,80.03331417326007,78.56585542885654,78.56585542885654,0.0,44942000
2020-08-26,82.05745697021484,0.0,82.39712773008722,79.63503143883125,79.85353735128562,0.0,79868000
2020-08-27,81.16109466552734,0.0,82.18757091593535,80.73500961233613,82.12201762062756,0.0,37232000
2020-08-28,81.66166687011719,0.0,81.79872940677315,80.983310368209,81.11938024717467,0.0,29980000
2020-08-31,81.15363311767578,0.0,81.83819551686672,80.96145158804603,81.8344749454982,0.0,36468000
2020-09-01,82.47113037109375,0.0,82.72042384830421,81.05631278645836,81.2753112601159,0.0,36506000
2020-09-02,85.82666778564453,0.0,86.06999773421208,82.75021705698761,83.11994036448972,0.0,50224000
2020-09-03,81.53404998779297,0.0,84.90468375126595,80.20414625325805,84.90468375126595,0.0,62156000
2020-09-04,79.01129913330078,0.0,81.69642270449476,76.85470888647764,80.66100508382087,0.0,52172000
2020-09-08,76.09873962402344,0.0,77.66179665496126,75.88122634285476,76.15435876646477,0.0,52218000
2020-09-09,77.31888580322266,0.0,77.91679155012265,76.28054315583707,77.34719549044677,0.0,35494000
2020-09-10,76.08036804199219,0.0,78.6657262624126,75.77173482818942,77.50164179877346,0.0,32372000
2020-09-11,75.51920318603516,0.0,78.22468778948516,74.3591349740814,76.27801038608244,0.0,31942000
2020-09-14,75.44768524169922,0.0,77.66848767072217,75.27189391194321,76.427233722132,0.0,33932000
2020-09-15,76.54815673828125,0.0,77.44849721003351,76.0711733800464,76.27800988927446,0.0,26622000
2020-09-16,75.52813720703125,0.0,77.5691701315766,75.47450338435272,77.2483674306839,0.0,26234000
2020-09-17,74.26824951171875,0.0,74.90231519251618,73.00042882919834,74.29159590753285,0.0,37596000
2020-09-18,72.50333404541016,0.0,74.63936654832457,71.36810502194668,74.3914143131961,0.0,62078000
2020-09-21,71.0716323852539,0.0,71.92578773304085,69.84949659000128,71.51360750076257,0.0,57776000
2020-09-22,72.77497863769531,0.0,72.9765942138725,71.23898878022005,72.0117007268917,0.0,31664000
2020-09-23,70.2795639038086,0.0,72.5515150577612,69.90662010640514,72.4432623180634,0.0,33148000
2020-09-24,70.92910766601562,0.0,71.69481799201958,70.01337722091985,70.07197433077626,0.0,29004000
2020-09-25,71.75695037841797,0.0,72.00723650932608,70.18669474785692,71.14463971858872,0.0,26460000
2020-09-28,72.72830200195312,0.0,73.33812724546145,71.97252576543785,73.2095136633885,0.0,40158000
2020-09-29,72.96717071533203,0.0,73.33133212996597,72.4444947426073,73.01981188532375,0.0,19564000
2020-09-30,72.98057556152344,0.0,73.98122749738637,72.49787873848452,72.84152014010796,0.0,34032000
2020-10-01,73.99811553955078,0.0,74.4425761316515,73.45781422510943,73.70909301966492,0.0,35590000
2020-10-02,72.42536163330078,0.0,73.65594628822517,72.052910466983,72.60463861376776,0.0,25682000
2020-10-05,73.7959976196289,0.0,73.90475046640069,72.7158875630726,72.81222840015846,0.0,22266000
2020-10-06,72.17805480957031,0.0,73.83273158457062,71.93720274792433,73.27753291523796,0.0,24908000
2020-10-07,72.51823425292969,0.0,72.94878241969614,71.31198861286119,72.71687185027592,0.0,34924000
2020-10-08,73.7915267944336,0.0,73.99364250506075,72.75660918447879,72.75660918447879,0.0,23756000
2020-10-09,75.2460708618164,0.0,75.31062391850578,73.96633057163652,74.2270433863395,0.0,28706000
2020-10-12,77.92424011230469,0.0,79.1513468413504,76.10767659400082,76.62563172156159,0.0,49652000
2020-10-13,78.04988098144531,0.0,78.95965548891367,77.62876681977845,78.64828682700247,0.0,32020000
2020-10-14,77.8711166381836,0.0,78.84465629449534,76.99957825302243,78.39304246496536,0.0,38586000
2020-10-15,77.42665100097656,0.0,78.21997396297216,76.72644842677744,76.831723188569,0.0,30800000
2020-10-16,78.11592102050781,0.0,78.51916731491806,77.6188269104731,77.7603601765396,0.0,28694000
2020-10-19,76.20896911621094,0.0,78.86777573309871,75.88071773728663,78.48589053852709,0.0,32142000
2020-10-20,77.26774597167969,0.0,78.33891463843625,75.76502881035636,75.83356008434386,0.0,44834000
2020-10-21,79.12403869628906,0.0,80.38640385786773,78.0474066235884,78.13182799942741,0.0,51366000
2020-10-22,80.21754455566406,0.0,80.54828138638015,78.7113496149289,79.11111024547071,0.0,28672000
2020-10-23,81.4923324584961,0.0,81.55986349231203,80.47479011727754,80.75090050890515,0.0,27516000
2020-10-26,78.98200225830078,0.0,81.3552648110084,78.28924088971746,80.69826185002869,0.0,37066000
2020-10-27,79.66780853271484,0.0,79.79617962647981,78.60111074389548,79.2412309562141,0.0,24580000
2020-10-28,75.31559753417969,0.0,77.53689261986658,75.21627872388264,77.45694200054528,0.0,36680000
2020-10-29,77.82939147949219,0.0,79.14389753821341,75.59468419892224,75.6006401448401,0.0,40062000
2020-10-30,80.49961853027344,0.0,83.7766921502322,79.67774345172971,83.0372531228352,0.0,86582000
2020-11-02,80.74891662597656,0.0,82.47411027540336,80.25231497531756,80.85469150454024,0.0,50708000
2020-11-03,81.94969940185547,0.0,82.52029573143325,80.281617663079,81.03446140401488,0.0,33234000
2020-11-04,86.86207580566406,0.0,87.9662748351412,84.721724049789,84.93278125242438,0.0,71418000
2020-11-05,87.56924438476562,0.0,89.07245394160914,86.93060935423904,88.44475330060617,0.0,41316000
2020-11-06,87.4887924194336,0.0,88.0191595578896,86.42606524965649,87.10144375982115,0.0,33218000
2020-11-09,87.55086517333984,0.0,90.28515199546842,87.40287583278217,88.93638032819226,0.0,45366000
2020-11-10,86.42804718017578,0.0,87.55086419350906,85.28139122878906,85.96620374870092,0.0,52722000
2020-11-11,87.03986358642578,0.0,87.61145255562555,86.77442995080564,86.9052864826371,0.0,25280000
2020-11-12,86.89732360839844,0.0,87.8125614294318,86.6867665487704,86.78757811969534,0.0,24950000
2020-11-13,88.24711608886719,0.0,88.4467539796709,86.6346532871677,87.2842076649702,0.0,29998000
2020-11-16,88.463623046875,0.0,89.3421099523583,87.78377376605715,87.9829115083402,0.0,24936000
2020-11-17,87.90595245361328,0.0,88.64340630496632,87.74952170066857,88.24314544311564,0.0,22942000
2020-11-18,86.74537658691406,0.0,88.07080949198455,86.71359638610987,87.6616072020876,0.0,23470000
2020-11-19,87.59654998779297,0.0,87.87812376634645,86.25994785105497,86.32822905664568,0.0,24998000
2020-11-20,86.5174331665039,0.0,88.09712277002718,86.5010505266861,87.66061104507605,0.0,46270000
2020-11-23,86.15343475341797,0.0,87.09896780151934,85.30226481386683,86.88543271768849,0.0,43232000
2020-11-24,87.84286499023438,0.0,87.97794220298789,85.79736134150096,85.93690930234852,0.0,31560000
2020-11-25,87.9695053100586,0.0,88.32258834194486,87.23006627021488,88.04200720827063,0.0,20916000
2020-11-27,89.05010986328125,0.0,89.58693308542536,88.01966297279354,88.05194329189372,0.0,17698000
2020-11-30,87.43863677978516,0.0,88.79559980634644,87.15358490191596,88.45388308870092,0.0,36476000
2020-12-01,89.29393768310547,0.0,90.62135589829055,87.86720065764494,88.11550147210329,0.0,34738000
2020-12-02,90.77629089355469,0.0,91.15867625708412,88.8655158618746,89.29393477639073,0.0,24440000
2020-12-03,90.71769714355469,0.0,91.7322539122727,90.51309599849415,90.5806346083947,0.0,24546000
2020-12-04,90.77827453613281,0.0,91.03501671650999,90.23201731869553,90.60595371906307,0.0,27564000
2020-12-07,90.35567474365234,0.0,90.99579498873197,89.67533291775825,90.33183580370466,0.0,26418000
2020-12-08,90.30948638916016,0.0,90.47585126764606,89.19983151302829,89.88985740984829,0.0,21926000
2020-12-09,88.60018157958984,0.0,91.09014584777552,87.78973343827575,89.98471167795182,0.0,30152000
2020-12-10,88.16316986083984,0.0,88.4601336020262,86.42456422916642,87.88854470370597,0.0,27256000
2020-12-11,88.48299407958984,0.0,88.61608599046409,87.40189130640314,87.55385129163841,0.0,24414000
2020-12-14,87.40485382080078,0.0,89.25866832028694,87.26357061427821,88.1467781991237,0.0,32004000
2020-12-15,87.78772735595703,0.0,87.96898964699484,86.90278455846317,87.62137008253852,0.0,29646000
2020-12-16,87.55086517333984,0.0,88.04746678228955,87.2072161931232,88.04150325893988,0.0,30270000
2020-12-17,86.8010025024414,0.0,87.9870921256089,86.34214456016367,87.82450084714381,0.0,32494000
2020-12-18,85.96223449707031,0.0,87.1590461990516,85.42640396508894,87.11286109740938,0.0,80328000
2020-12-21,86.37738800048828,0.0,86.45089012706234,84.3726061318727,85.09317703107958,0.0,36568000
2020-12-22,85.58930206298828,0.0,86.27982057221251,85.04676533706252,86.13208127020164,0.0,18734000
2020-12-23,86.0302734375,0.0,86.80546328080491,85.66576348918727,85.81822357899378,0.0,20676000
2020-12-24,86.35157012939453,0.0,86.70664604729721,85.86788063556062,86.16038123324647,0.0,6936000
2020-12-28,88.20092010498047,0.0,88.9278486626272,86.72328466948211,86.9864829403542,0.0,27860000
2020-12-29,87.33831787109375,0.0,89.01286315485197,87.20771140146256,88.78194521823438,0.0,25988000
2020-12-30,86.38484191894531,0.0,87.65490569979325,85.6935733207696,87.50170301067044,0.0,26122000
2020-12-31,86.99864196777344,0.0,87.34874700149244,86.18123768239506,86.18123768239506,0.0,20238000
2021-01-04,85.8246841430664,0.0,87.43416872026468,84.81211267442745,87.27972330707433,0.0,38038000
2021-01-05,86.45437622070312,0.0,86.78958386598626,85.31691166312802,85.6637887203002,0.0,22906000
2021-01-06,86.17477416992188,0.0,86.80595280264617,84.37260065139218,84.55287028825961,0.0,52042000
2021-01-07,88.75513458251953,0.0,88.81223892370902,86.26219213131584,86.41166668470011,0.0,45300000
2021-01-08,89.746337890625,0.0,89.87694435913419,88.07403557290453,88.79137849204815,0.0,41012000
2021-01-11,87.735595703125,0.0,89.10597089875891,87.42770513845433,88.69651857886376,0.0,24194000
2021-01-12,86.73396301269531,0.0,88.29776268305017,85.67918459442328,87.09995819655241,0.0,27140000
2021-01-13,87.12378692626953,0.0,87.65191867243024,86.30985313597574,86.33816282224139,0.0,21882000
2021-01-14,86.41761779785156,0.0,88.14728197733925,86.08091743532361,87.0850474222712,0.0,23590000
2021-01-15,86.21949005126953,0.0,87.20325938884481,85.49246293754388,86.31880887329885,0.0,26844000
2021-01-19,88.93440246582031,0.0,89.84889786069577,86.48118909961785,87.0170272514447,0.0,34692000
2021-01-20,93.70376586914062,0.0,94.53855311547629,90.65611726122195,90.9506031893154,0.0,49806000
2021-01-21,93.9197769165039,0.0,96.08545271988395,93.71418312815635,94.25498450957227,0.0,41278000
2021-01-22,94.40644836425781,0.0,94.89808669345078,93.4485034198481,94.13977202265875,0.0,25442000
2021-01-25,94.32451629638672,0.0,95.82325512902538,92.74184863470315,95.38078743440725,0.0,38546000
2021-01-26,95.21044921875,0.0,95.5958125637096,93.5719124038081,93.80010242602992,0.0,26262000
2021-01-27,90.91732025146484,0.0,93.85770088425285,89.83522495819786,93.48674246543892,0.0,54966000
2021-01-28,92.5223388671875,0.0,94.29619521722682,91.50579689229504,91.57034994468418,0.0,35462000
2021-01-29,91.16314697265625,0.0,92.23282272395863,89.89482602980084,91.68110209084873,0.0,32252000
2021-02-01,94.42134094238281,0.0,95.4662911395345,91.91747959587171,92.04857859704589,0.0,32044000
2021-02-02,95.720458984375,0.0,97.12335699570865,95.07388272809686,95.47463603844963,0.0,45474000
2021-02-03,102.8000259399414,0.0,105.1057426319304,100.23308870154351,102.94552986858537,0.0,82364000
2021-02-04,102.41763305664062,0.0,103.2211326377597,101.43535658050057,102.74142132961343,0.0,37046000
2021-02-05,104.18701934814453,0.0,104.41098867484233,102.26665873893617,102.7965333239075,0.0,30702000
2021-02-08,103.93424224853516,0.0,105.45568322436593,102.89584663952469,104.57982582293067,0.0,24838000
2021-02-09,103.46743774414062,0.0,104.5410916640509,103.22062972216717,103.22062972216717,0.0,17798000
2021-02-10,104.0569076538086,0.0,104.70199873644032,102.45338665757791,103.99881065937011,0.0,22710000
2021-02-11,104.08223724365234,0.0,104.38714984460405,103.16004314219794,104.2620067842716,0.0,18914000
2021-02-12,104.49044036865234,0.0,104.72434385194158,103.44857417935044,103.80214974089506,0.0,17114000
2021-02-16,105.37389373779297,0.0,106.90243490328483,104.50285563064797,104.50285563064797,0.0,22676000
2021-02-17,105.69221496582031,0.0,105.95789864794196,104.23270512572414,104.28633894872502,0.0,21418000
2021-02-18,105.14049530029297,0.0,105.91196458117122,104.47058020173797,104.80230971925383,0.0,22432000
2021-02-19,104.34294128417969,0.0,105.8024509919462,104.15770835335391,105.24328168679479,0.0,29148000
2021-02-22,102.54227447509766,0.0,103.86025099958376,102.40620460612473,102.64754922531432,0.0,27350000
2021-02-23,102.83924865722656,0.0,103.39296222539039,99.42064156189565,100.56233433334488,0.0,33348000
2021-02-24,104.0464859008789,0.0,104.32508172701243,101.21387272735569,101.39761291100596,0.0,24966000
2021-02-25,100.8776626586914,0.0,104.0320784839666,100.37758297196469,102.66989460694384,0.0,36568000
2021-02-26,101.15079498291016,0.0,102.84668609907402,100.1178627539614,101.8291514293757,0.0,41670000
2021-03-01,103.36812591552734,0.0,103.61691926949968,101.60965936958632,102.12711438606556,0.0,28090000
2021-03-02,103.08655548095703,0.0,104.50335839508823,102.85911562585606,103.10393835710568,0.0,22692000
2021-03-03,100.6467514038086,0.0,103.71614744480857,99.81692747469612,102.65798194014774,0.0,29684000
2021-03-04,101.75814819335938,0.0,103.7520035618548,100.32694032520229,100.48089320545296,0.0,42360000
2021-03-05,104.71044158935547,0.0,105.18568971097893,101.62529942949482,102.95147492548972,0.0,43904000
2021-03-08,100.52061462402344,0.0,105.71704868302214,100.3934786674873,104.34246029802235,0.0,32948000
2021-03-09,101.93742370605469,0.0,103.19581060075826,101.69557894287719,102.79654244633463,0.0,33946000
2021-03-10,102.05313110351562,0.0,103.04484162091262,100.97749175562625,102.88394014143672,0.0,25372000
2021-03-11,105.01982116699219,0.0,105.5626078785267,102.91472773019433,102.9981564369553,0.0,24782000
2021-03-12,102.39527893066406,0.0,103.80264769910053,101.68166418139225,103.54143476958741,0.0,34516000
2021-03-15,102.62222290039062,0.0,102.650525008191,101.48103038661503,102.4141436821314,0.0,25962000
2021-03-16,103.91487884521484,0.0,105.45633217204819,102.79653257266413,103.24297844757093,0.0,29832000
2021-03-17,103.84337615966797,0.0,104.77201879784445,102.00197340640412,103.09598826972228,0.0,25980000
2021-03-18,101.11901092529297,0.0,103.06966655194852,100.9864191429741,102.3495957268019,0.0,27228000
2021-03-19,101.46563720703125,0.0,101.95726791552178,100.19830902063136,101.40852529812415,0.0,46298000
2021-03-22,101.23670196533203,0.0,102.20011027796797,100.61495731014804,101.39810354673163,0.0,39096000
2021-03-23,101.95033264160156,0.0,102.91085399063236,101.26799792835693,101.88775731913691,0.0,27340000
2021-03-24,101.55801391601562,0.0,103.20424957414686,101.38395782876545,102.56661476222142,0.0,23080000
2021-03-25,101.52326202392578,0.0,102.24382547508134,99.85318732250208,101.54560818992773,0.0,28378000
2021-03-26,101.08573913574219,0.0,101.8524951893837,100.0165559083559,101.25011869726772,0.0,29870000
2021-03-29,102.09881591796875,0.0,102.22197367164188,100.09601911737299,100.70485170424155,0.0,24596000
2021-03-30,102.07845306396484,0.0,102.83527498742784,101.50686409622793,102.18224262398039,0.0,20732000
2021-03-31,102.72850799560547,0.0,103.95496309783704,102.1382934324015,102.25623783702686,0.0,29198000
2021-04-01,106.16100311279297,0.0,106.41874552428902,104.13188971976611,104.18453088318891,0.0,33980000
2021-04-05,110.52117156982422,0.0,111.105180115244,106.84980064800281,106.91535394206188,0.0,43298000
2021-04-06,110.48145294189453,0.0,111.12256584129652,109.98732915713552,110.36971454182618,0.0,27060000
2021-04-07,111.719482421875,0.0,111.98367335089904,110.51025860275394,110.54998764451138,0.0,25798000
2021-04-08,112.50211334228516,0.0,113.42404976543713,112.11675002490396,113.12385798508923,0.0,27166000
2021-04-09,113.51717376708984,0.0,113.67410461282402,111.91980568049868,112.0680905535152,0.0,20888000
2021-04-12,111.9732437133789,0.0,112.99276379401618,111.16253789460286,112.5423472559571,0.0,31318000
2021-04-13,112.59300231933594,0.0,113.08661840783515,112.03779598848432,112.30497245933866,0.0,23310000
2021-04-14,111.9757080078125,0.0,113.12534188362673,111.69513447885198,112.98480884913563,0.0,20220000
2021-04-15,114.0525131225586,0.0,114.54598524165246,112.52993533428274,113.07519993735319,0.0,27472000
2021-04-16,114.10713195800781,0.0,114.53818027600758,113.44615836773826,114.36735223204192,0.0,22596000
2021-04-19,114.33756256103516,0.0,115.13460605925181,113.6147562178504,113.82009996228328,0.0,24688000
2021-04-20,113.90204620361328,0.0,114.69511909010087,112.81349473259375,114.61019760226046,0.0,21774000
2021-04-21,113.88516235351562,0.0,113.98597394792742,112.16096128586271,113.48589418445731,0.0,23930000
2021-04-22,112.62528228759766,0.0,114.4052008828342,112.0556786331666,113.88217636454505,0.0,21096000
2021-04-23,114.9781723022461,0.0,115.50059817563802,113.13627707825277,113.39749001494873,0.0,28670000
2021-04-26,115.5462875366211,0.0,116.26735863155254,114.90567475762384,115.20810194233374,0.0,20834000
2021-04-27,114.57196044921875,0.0,116.07814801121411,114.43042716309434,116.00614622918422,0.0,31972000
2021-04-28,118.18672180175781,0.0,121.78549247633474,117.93544300392479,119.53921415086738,0.0,59728000
2021-04-29,120.6687240600586,0.0,120.99796812868365,119.29760626955547,119.6973744934554,0.0,39554000
2021-04-30,119.68693542480469,0.0,120.53215682122773,119.29164554228579,119.4073545578527,0.0,39142000
2021-05-03,118.94452667236328,0.0,120.16269187349482,118.41465208901215,119.31946331177599,0.0,33788000
2021-05-04,116.91244506835938,0.0,118.15444173452738,114.79940262096032,117.68167902440736,0.0,35120000
2021-05-05,117.03607940673828,0.0,118.3004296430303,116.77139597649237,117.6161096916396,0.0,21806000
2021-05-06,118.25823211669922,0.0,118.32577072968985,116.3208900719667,116.73316886200305,0.0,20618000
2021-05-07,119.11933898925781,0.0,119.99931866088252,118.68779053253948,119.18439216656684,0.0,23272000
2021-05-10,116.2872085571289,0.0,118.09186007583988,115.94306704866068,117.93741467717862,0.0,26006000
2021-05-11,114.65341186523438,0.0,115.31090745163094,113.37416394960722,113.81415382184403,0.0,32110000
2021-05-12,111.19308471679688,0.0,113.49185266563957,110.74465348704614,112.31689449428335,0.0,34934000
2021-05-13,112.32980346679688,0.0,113.05637585323183,111.37384380099436,112.28609621827044,0.0,26670000
2021-05-14,115.02088165283203,0.0,115.26818980983752,113.39004359937367,113.81265055541597,0.0,26624000
2021-05-17,115.28160095214844,0.0,115.37744167096106,113.97007284866895,114.68120976985234,0.0,19842000
2021-05-18,114.38871002197266,0.0,116.36121175024678,114.37529777706739,116.0511312565923,0.0,17302000
2021-05-19,114.65091705322266,0.0,115.05067773178804,112.40677566111775,112.45047533192839,0.0,19350000
2021-05-20,117.0038070678711,0.0,117.21486427042537,115.26570140984182,115.61084317058365,0.0,23832000
2021-05-21,116.45804595947266,0.0,117.64492355651544,116.32247619940796,117.495449011379,0.0,22832000
2021-05-24,119.515625,0.0,120.10211138815971,117.20344496256361,117.54560117294325,0.0,21244000
2021-05-25,119.63480377197266,0.0,120.81771069476025,119.33286914222899,120.17759048740629,0.0,18838000
2021-05-26,120.8494873046875,0.0,121.31699115358892,119.80587831729613,119.82176841667285,0.0,21856000
2021-05-27,119.30904388427734,0.0,121.17079991286172,119.28371216920267,121.01883993257229,0.0,38962000
2021-05-28,119.75846099853516,0.0,120.58182125613297,119.56627187105762,120.27492333979943,0.0,24108000
2021-06-01,120.66475677490234,0.0,121.07003388087557,119.42673084469872,120.27690800906335,0.0,19166000
2021-06-02,120.24115753173828,0.0,121.27011158120108,119.39295810261487,120.93788952957286,0.0,17158000
2021-06-03,119.413330078125,0.0,119.66833702895615,118.3317347629738,118.93708927187338,0.0,18346000
2021-06-04,121.75479888916016,0.0,121.8590355229707,120.06684891549519,120.30273772114525,0.0,25948000
2021-06-07,122.4664306640625,0.0,122.56128630571682,121.2240854567715,121.7329551336605,0.0,23850000
2021-06-08,123.29873657226562,0.0,123.87702407383425,122.57320232387482,123.15224000185016,0.0,25060000
2021-06-09,123.72333526611328,0.0,124.39871381587993,123.52121954555179,124.12558139179419,0.0,20126000
2021-06-10,125.22306060791016,0.0,125.3054966549322,123.85243534958249,123.85293546715795,0.0,31234000
2021-06-11,124.8421630859375,0.0,125.49072462515181,124.0654729444732,125.38792773484943,0.0,25240000
2021-06-14,125.49321746826172,0.0,125.55231469981257,124.19708689260577,124.81536108339026,0.0,22550000
2021-06-15,125.17637634277344,0.0,125.99974416164899,124.7944911057671,125.66205871009532,0.0,22182000
2021-06-16,124.8421630859375,0.0,125.66353797324531,123.3061202116048,125.38941293243893,0.0,26316000
2021-06-17,125.51209259033203,0.0,126.33198237451515,124.66190780284795,124.66985664188314,0.0,25756000
2021-06-18,124.71404266357422,0.0,125.52996177651764,123.75609773304936,124.85110519296721,0.0,53306000
2021-06-21,125.59552764892578,0.0,126.17332264978903,124.28374939317251,124.88538333480659,0.0,26256000
2021-06-22,126.13630676269531,0.0,126.4049684111792,125.16992046975791,125.59054208717977,0.0,20984000
2021-06-23,125.60198211669922,0.0,126.92740750510792,125.39390287154755,125.68988157932702,0.0,19694000
2021-06-24,126.41688537597656,0.0,126.66866426237742,126.09707534496117,126.18993808468616,0.0,18934000
2021-06-25,126.1318588256836,0.0,126.63838706495982,125.58460130887231,126.09411509891109,0.0,33484000
2021-06-28,125.95755004882812,0.0,126.47152699922303,125.11759491168363,126.13681948656777,0.0,28110000
2021-06-29,125.16199493408203,0.0,126.13682272804408,124.58444240951485,125.91086806149022,0.0,20950000
2021-06-30,124.46426391601562,0.0,124.94497545455039,123.90955770269419,124.7995170032237,0.0,24006000
2021-07-01,125.50961303710938,0.0,125.60297590683362,124.00118246941788,124.00118246941788,0.0,17120000
2021-07-02,127.84410858154297,0.0,127.97224475877118,125.90736549829298,125.97738953222354,0.0,21160000
2021-07-06,128.88897705078125,0.0,129.0017156843559,127.53623468851816,128.56965953372003,0.0,21350000
2021-07-07,129.19338989257812,0.0,129.75196061243904,128.87804302390012,129.45510293925253,0.0,16680000
2021-07-08,128.2989959716797,0.0,129.14868047763076,127.16971546369011,127.37829477834435,0.0,19780000
2021-07-09,128.69381713867188,0.0,128.96695714492856,128.06710911677033,128.0681093520482,0.0,15106000
2021-07-12,129.6765899658203,0.0,129.88119869446976,128.71915266183112,128.95105568870275,0.0,16944000
2021-07-13,130.1041717529297,0.0,131.1445527781521,129.74908824958715,129.99193323710574,0.0,16618000
2021-07-14,131.18478393554688,0.0,132.09207312234085,131.00152870567544,131.00501437412322,0.0,17912000
2021-07-15,130.37429809570312,0.0,131.6937749266704,129.71035414618638,131.5994194135526,0.0,16586000
2021-07-16,130.94940185546875,0.0,131.2846019364628,129.9323595263509,130.74629346024847,0.0,14856000
2021-07-19,128.37550354003906,0.0,130.35495405691827,127.66338146690977,130.2640841948126,0.0,25710000
2021-07-20,130.21043395996094,0.0,131.10415924897688,128.31033568347462,129.12038978411883,0.0,19084000
2021-07-21,131.69924926757812,0.0,131.71588954511856,129.7138428928402,129.89808319708342,0.0,14742000
2021-07-22,132.4223175048828,0.0,132.59711620003762,131.50011571895737,131.748416553136,0.0,13608000
2021-07-23,136.87928771972656,0.0,137.86504978505846,133.7849693061165,134.34066056062528,0.0,26378000
2021-07-26,138.69537353515625,0.0,138.76340468505092,136.71542307644862,137.31035085997834,0.0,23052000
2021-07-27,135.86672973632812,0.0,139.0593897679991,134.1817728140853,139.0593897679991,0.0,42164000
2021-07-28,135.45455932617188,0.0,138.72666234133217,135.42327924102779,137.62023541491996,0.0,54688000
2021-07-29,135.6124725341797,0.0,136.21932739088976,135.21271184166667,135.45366245392933,0.0,19284000
2021-07-30,134.3019256591797,0.0,134.84853902782945,133.89789126835674,134.58996307973413,0.0,23954000
2021-08-02,135.06520080566406,0.0,135.09598076758107,133.75416538197373,134.56362836863565,0.0,20140000
2021-08-03,135.35374450683594,0.0,135.40886353152425,133.27149718319697,135.07564879525208,0.0,19064000
2021-08-04,135.1039581298828,0.0,135.6099862380814,134.49461784397866,135.32344914788342,0.0,16528000
2021-08-05,136.00926208496094,0.0,136.0191886621146,134.67837330254665,135.10395824854584,0.0,11866000
2021-08-06,136.10459899902344,0.0,136.14835171271093,135.12182242222875,135.36863804228918,0.0,13560000
2021-08-09,137.0640411376953,0.0,137.3813733514827,135.50149180055726,136.01820424284583,0.0,12374000
2021-08-10,137.1578826904297,0.0,137.60979196627912,136.29380075368363,137.1409999333521,0.0,16034000
2021-08-11,136.75364685058594,0.0,137.90402333162834,136.41646152740478,137.3431187518154,0.0,15204000
2021-08-12,137.4488983154297,0.0,137.4772080030543,135.84935549940246,136.77699788671617,0.0,14646000
2021-08-13,137.46530151367188,0.0,137.73147017710457,137.06702602115857,137.41712351554784,0.0,12580000
2021-08-16,137.97181701660156,0.0,138.04580410850207,135.24026571710425,137.06204251560223,0.0,18040000
2021-08-17,136.3673095703125,0.0,137.7756710534001,135.85779581736506,137.25174482040944,0.0,21272000
2021-08-18,135.6417694091797,0.0,137.3540507700762,135.4937800700772,136.18354830150682,0.0,14934000
2021-08-19,135.98294067382812,0.0,136.51777860048685,134.43603135275737,134.54676952198167,0.0,18296000
2021-08-20,137.49609375,0.0,137.67239280699584,135.53948186549013,136.15129248449827,0.0,15564000
2021-08-23,140.14048767089844,0.0,141.21066359063633,137.80492325587718,138.0537696568132,0.0,21090000
2021-08-24,141.43064880371094,0.0,142.03551830058282,140.39275324615252,140.58146428481382,0.0,15126000
2021-08-25,141.97840881347656,0.0,142.33894815864903,141.47138046828576,141.91186285867823,0.0,12838000
2021-08-26,141.15701293945312,0.0,142.16193096824668,141.12573285965357,141.64914376858664,0.0,14922000
2021-08-27,143.5680389404297,0.0,144.02540408531675,141.05473570762118,141.14660579968208,0.0,24562000
2021-08-30,144.4807891845703,0.0,145.49386082231186,143.61720725668386,143.7209892450342,0.0,16916000
2021-08-31,144.47332763671875,0.0,145.11890364656045,144.01446218702657,144.89295658963923,0.0,26756000
2021-09-01,144.85072326660156,0.0,145.8225728736353,144.6247762272692,144.6600269358001,0.0,15824000
2021-09-02,143.23876953125,0.0,145.33045830352296,143.12704629293356,144.95750697800352,0.0,21844000
2021-09-03,143.79098510742188,0.0,144.3888983959114,142.52962797359217,143.16626248612272,0.0,19104000
2021-09-07,144.52993774414062,0.0,144.8328726093159,143.5585881394308,143.76566713276492,0.0,15170000
2021-09-08,143.89874267578125,0.0,144.5617015116792,143.21988616428936,144.40527080864712,0.0,15486000
2021-09-09,143.92855834960938,0.0,144.67941673959078,143.4523251465258,143.89876346425862,0.0,14798000
2021-09-10,140.95639038085938,0.0,145.02652891413865,140.77810604961306,144.45494001263526,0.0,32896000
2021-09-13,142.48989868164062,0.0,143.2109621702205,141.3154407041508,142.2277006653746,0.0,20176000
2021-09-14,142.43130493164062,0.0,143.74381048199004,141.9342032105274,143.18116304752004,0.0,18916000
2021-09-15,144.2190399169922,0.0,144.59199118895913,141.28909386633424,142.78188403415967,0.0,20648000
2021-09-16,143.39222717285156,0.0,144.21310198161322,142.4415794297702,144.13464414195738,0.0,20292000
2021-09-17,140.50201416015625,0.0,143.26907403182895,140.10273843690112,142.82113534845192,0.0,60040000
2021-09-20,138.07212829589844,0.0,138.41528473171914,136.12147271475675,138.05544255479353,0.0,34918000
2021-09-21,138.69735717773438,0.0,139.85453838038688,137.9613962373602,139.16466403487448,0.0,18130000
2021-09-22,139.98057556152344,0.0,140.6211807107844,138.52379368376833,139.09861063920525,0.0,22068000
2021-09-23,140.862548828125,0.0,141.28560285700897,140.13749954100814,140.64701329530078,0.0,17272000
2021-09-24,141.66355895996094,0.0,141.93222820638988,139.89317290234948,139.98802854389947,0.0,14950000
2021-09-27,140.53924560546875,0.0,141.53144851785913,139.54504222287164,140.62315926861072,0.0,18844000
2021-09-28,135.25840759277344,0.0,138.65764658589288,134.77768845314273,138.14316192787953,0.0,42190000
2021-09-29,133.606689453125,0.0,136.46463420712936,133.33753525421145,136.17779403129396,0.0,26338000
2021-09-30,132.35972595214844,0.0,134.6684202783138,132.09602758880325,133.41201881760085,0.0,35294000
2021-10-01,135.5349884033203,0.0,136.13935777628745,132.47096495519594,132.64676386505874,0.0,28388000
2021-10-04,132.8558349609375,0.0,134.77768086582554,130.27500074672346,134.7771807482116,0.0,31530000
2021-10-05,135.25144958496094,0.0,136.4283930868425,133.08924403125957,133.08924403125957,0.0,24126000
2021-10-06,136.42044067382812,0.0,136.91505697476907,133.5724225240494,133.71048529028317,0.0,19764000
2021-10-07,138.239501953125,0.0,139.20186468657073,137.6212353104949,137.91919933786892,0.0,18250000
2021-10-08,139.1040802001953,0.0,139.36330783586791,138.48169139330832,138.95510576823614,0.0,18924000
2021-10-11,137.90379333496094,0.0,139.80692269639079,137.86307163756283,138.84981883428435,0.0,16584000
2021-10-12,135.78379821777344,0.0,138.745540235479,135.3239476426631,138.6884207411116,0.0,22536000
2021-10-13,136.96273803710938,0.0,137.60832931771716,136.0455222460123,136.81376359432022,0.0,16380000
2021-10-14,140.45086669921875,0.0,140.68874082788375,138.39195821145663,139.00078322234216,0.0,21426000
2021-10-15,140.71206665039062,0.0,141.23349226932052,140.10571197349168,141.23349226932052,0.0,21250000
2021-10-18,141.98883056640625,0.0,142.02682434979795,140.2537104011497,140.2537104011497,0.0,16564000
2021-10-19,142.844482421875,0.0,143.12753382712847,142.1234037763773,142.3175858000167,0.0,15316000
2021-10-20,141.447021484375,0.0,143.2673281563743,140.94744950875403,143.24224650306607,0.0,17940000
2021-10-21,141.81004333496094,0.0,141.8785745941508,140.674306693,141.22554231673126,0.0,14850000
2021-10-22,137.6828155517578,0.0,140.59637978581947,136.2382029644016,139.39708248718503,0.0,30182000
2021-10-25,137.82980346679688,0.0,138.2596621674926,135.81907286348965,137.86705465444,0.0,21082000
2021-10-26,138.72268676757812,0.0,139.88224736319526,138.06071289625487,139.65034433711952,0.0,28258000
2021-10-27,145.43228149414062,0.0,148.10448575533377,138.9516208762769,138.9516208762769,0.0,51850000
2021-10-28,145.1358184814453,0.0,146.42251519260307,143.77960541243874,146.29786464904376,0.0,32418000
2021-10-29,147.2627410888672,0.0,147.60292715853765,144.1798493505246,144.53094707743935,0.0,28954000
2021-11-01,142.79681396484375,0.0,147.39087936586967,142.60363216365525,147.15796094565582,0.0,32272000
2021-11-02,144.87159729003906,0.0,145.92190476918014,143.6579029222246,143.82515435561663,0.0,21150000
2021-11-03,145.79229736328125,0.0,145.91199217548765,144.06760393285256,145.28079829936905,0.0,17886000
2021-11-04,147.6724395751953,0.0,148.9308264133786,145.63835516823806,146.19951743723934,0.0,24700000
2021-11-05,148.22665405273438,0.0,149.54737380602026,147.6416528111932,148.33839245728046,0.0,20408000
2021-11-08,148.33639526367188,0.0,150.00795498418364,148.10646240892873,148.9804861104016,0.0,18388000
2021-11-09,148.23410034179688,0.0,149.3564097124549,146.5044360276713,148.72821653544935,0.0,16876000
2021-11-10,145.6294403076172,0.0,147.6893339766813,144.33727269624433,147.00377876436102,0.0,22708000
2021-11-11,145.75059509277344,0.0,147.49291393369234,145.69746138492712,146.10714864226023,0.0,12464000
2021-11-12,148.62840270996094,0.0,148.84095271018091,145.45859643930092,146.82673646210714,0.0,17048000
2021-11-15,148.37265014648438,0.0,149.45425299023046,147.64214502137054,148.9804900609706,0.0,16248000
2021-11-16,148.06275939941406,0.0,148.8141178381103,147.34169596089842,148.15661479517118,0.0,17254000
2021-11-17,148.0488739013672,0.0,148.60905113741535,147.55327246281385,148.2147462561151,0.0,15290000
2021-11-18,149.68467712402344,0.0,150.57955427530771,147.98580783493972,148.1322968361644,0.0,26658000
2021-11-19,148.93331909179688,0.0,150.81792904525201,148.86875845168012,149.9737001677065,0.0,19766000
2021-11-22,146.078857421875,0.0,149.71994106936566,146.006340366025,149.1212851153036,0.0,24608000
2021-11-23,145.75953674316406,0.0,146.69016469557673,143.90472174702623,146.11311989749078,0.0,18126000
2021-11-24,145.7202911376953,0.0,146.00087225767157,144.21211836381826,145.35529623148872,0.0,16464000
2021-11-26,141.83535766601562,0.0,144.30942385122188,141.51704044608258,144.02984300598644,0.0,16992000
2021-11-29,145.12091064453125,0.0,145.86382783094493,143.3177440474262,143.3177440474262,0.0,26276000
2021-11-30,141.48379516601562,0.0,145.63190725432978,141.10041710850942,144.46167744579685,0.0,41590000
2021-12-01,140.6554718017578,0.0,145.50344575242497,140.5382775619683,143.23233565461328,0.0,28476000
2021-12-02,142.79928588867188,0.0,143.69167751847058,140.02376969627727,140.86005722626084,0.0,21250000
2021-12-03,141.55181884765625,0.0,144.22602349422434,140.19063510360218,143.51340136241285,0.0,26688000
2021-12-06,142.81915283203125,0.0,143.3703885477596,139.6910685963369,142.59817661420388,0.0,22198000
2021-12-07,147.0303192138672,0.0,147.29203224851508,144.71218339287128,144.9579987511427,0.0,23258000
2021-12-08,147.70968627929688,0.0,148.14271234135333,146.19951300271396,147.32332270438113,0.0,18964000
2021-12-09,147.09934997558594,0.0,148.5881544801875,146.52627587455575,147.16886631613244,0.0,18580000
2021-12-10,147.6645050048828,0.0,148.38456831090036,146.3559547955763,148.08661944224747,0.0,21634000
2021-12-13,145.70738220214844,0.0,147.55275550901322,145.36522599147315,147.4350611682193,0.0,24104000
2021-12-14,143.9851837158203,0.0,144.453475676983,141.27571311088354,143.7860459692288,0.0,24778000
2021-12-15,146.3668670654297,0.0,146.51459876853517,141.73556607252738,143.38477200147105,0.0,27280000
2021-12-16,143.8540802001953,0.0,147.5418415855689,143.1131483402865,147.07056406363017,0.0,27400000
2021-12-17,141.83241271972656,0.0,143.47825446326124,140.82431191919082,141.74451325276064,0.0,43404000
2021-12-20,141.43362426757812,0.0,141.6412033642859,139.2967431830419,139.72341923536803,0.0,20264000
2021-12-21,143.2402801513672,0.0,143.70861757420647,140.77166924607343,142.17704523650013,0.0,19548000
2021-12-22,145.95022583007812,0.0,146.30180849641584,142.98451336151084,143.12059081144602,0.0,18438000
2021-12-23,146.14242553710938,0.0,147.5628051367036,145.95207772738388,146.08977678782702,0.0,13818000
2021-12-27,147.05763244628906,0.0,147.4176716335065,146.2491696571616,146.4612195080496,0.0,13256000
2021-12-28,145.45262145996094,0.0,147.3660258639741,144.9436078468954,147.3660258639741,0.0,18624000
2021-12-29,145.50875854492188,0.0,146.18338693573227,144.51555521525435,145.43427132621284,0.0,17022000
2021-12-30,145.01016235351562,0.0,146.06295539127672,144.76781748297324,145.45461535948124,0.0,12978000
2021-12-31,143.69613647460938,0.0,145.37018143979518,143.69415115951682,144.5547625195263,0.0,17298000
2022-01-03,144.0884552001953,0.0,144.56073291327203,142.52714869707975,143.49352743635552,0.0,25214000
2022-01-04,143.43495178222656,0.0,145.6135400008662,142.8386751586961,144.56124701942412,0.0,22928000
2022-01-05,136.71791076660156,0.0,143.31725067199832,136.58878949088935,143.20104152385736,0.0,49642000
2022-01-06,136.61610412597656,0.0,138.7366029033195,135.83396560825292,136.56297041590392,0.0,29050000
2022-01-07,136.0733184814453,0.0,137.3150650478679,134.8660800302803,136.96769547833836,0.0,19408000
2022-01-10,137.63214111328125,0.0,137.69768682416424,132.23556950904512,134.1807540369648,0.0,34096000
2022-01-11,139.06582641601562,0.0,139.37570228850257,135.88360867858768,137.24130661904286,0.0,23502000
2022-01-12,140.68524169921875,0.0,141.8435746287931,140.152889270692,140.59238653568121,0.0,23642000
2022-01-13,138.18536376953125,0.0,142.2123108764727,137.9698433838269,140.87645123802994,0.0,26566000
2022-01-14,138.83641052246094,0.0,140.24080142733288,136.5654521731575,136.5654521731575,0.0,23826000
2022-01-18,135.36415100097656,0.0,136.45766560995995,134.69523619519305,135.67155659072944,0.0,27382000
2022-01-19,134.73001098632812,0.0,137.4588498661424,134.57905123334535,136.0077812557023,0.0,20796000
2022-01-20,132.59910583496094,0.0,136.97466558096235,132.2395667003209,135.58617224187174,0.0,21930000
2022-01-21,129.20779418945312,0.0,133.84456641229514,129.11742445284216,132.10794589942407,0.0,41920000
2022-01-24,129.4858856201172,0.0,129.88963206882565,123.794789887795,125.17091648897643,0.0,55148000
2022-01-25,125.87409973144531,0.0,128.4594120664712,125.51903140878184,127.56254970500032,0.0,36008000
2022-01-26,128.36160278320312,0.0,131.9048453287655,126.28928199088688,129.7049036078902,0.0,39630000
2022-01-27,128.24339294433594,0.0,131.70863187790096,128.0685942727313,130.46815841958804,0.0,30248000
2022-01-28,132.38356018066406,0.0,132.46400333370082,127.8197903579095,129.11641335044254,0.0,30518000
2022-01-31,134.7761993408203,0.0,134.92021806248576,131.37497513099856,133.2858942758496,0.0,34056000
2022-02-01,136.94137573242188,0.0,137.26069326120614,133.6536327473979,136.8981837553438,0.0,51204000
2022-02-02,147.0303192138672,0.0,151.06620730263577,144.56816469067317,150.8313036002186,0.0,89750000
2022-02-03,141.68093872070312,0.0,148.10419162889508,141.23847103420349,144.30746546228593,0.0,56930000
2022-02-04,142.04396057128906,0.0,143.55287598104576,138.86719844155502,142.0449456514039,0.0,49224000
2022-02-07,137.99368286132812,0.0,142.86881432216353,137.75630885004662,142.73225190017172,0.0,44610000
2022-02-08,138.2667999267578,0.0,138.88665780131754,135.94270798535706,138.0465663228581,0.0,34256000
2022-02-09,140.49159240722656,0.0,141.20918544454267,139.42290163188508,139.89243631999759,0.0,28628000
2022-02-10,137.6604461669922,0.0,140.46972797265894,137.11171107310065,138.5518527480684,0.0,33018000
2022-02-11,133.21835327148438,0.0,138.33657184426212,132.38256584785577,137.8069473162825,0.0,38808000
2022-02-14,134.38040161132812,0.0,135.24101306880664,132.39598044356626,132.4590407262818,0.0,26792000
2022-02-15,135.4982452392578,0.0,136.96271070032822,134.61826565695532,136.53712581045966,0.0,26578000
2022-02-16,136.5530242919922,0.0,137.0084040671566,133.90728113475527,135.50320174855534,0.0,25610000
2022-02-17,131.40924072265625,0.0,135.9094355299163,131.3034582669167,135.22462294717934,0.0,30968000
2022-02-18,129.5807342529297,0.0,132.91442702027302,129.42137861017235,132.1332736916678,0.0,31858000
2022-02-22,128.5229949951172,0.0,131.00427573214853,126.87278857161775,129.1015401995207,0.0,38906000
2022-02-23,126.71783447265625,0.0,130.85352664157858,126.63689119712654,130.187597326834,0.0,26432000
2022-02-24,131.77174377441406,0.0,132.13278321849418,123.91651024825589,124.15040615809976,0.0,43166000
2022-02-25,133.60520935058594,0.0,134.4688063920162,130.86942958219572,132.61796201677484,0.0,26236000
2022-02-28,133.9741973876953,0.0,134.71859977074612,131.92248747870286,132.37860992669,0.0,29676000
2022-03-01,133.256103515625,0.0,135.1858907943642,132.47196451652619,133.5659794382893,0.0,24640000
2022-03-02,133.8356170654297,0.0,134.69374305838318,132.525581795612,133.6933411912823,0.0,23966000
2022-03-03,133.3951416015625,0.0,135.78459743953013,132.524103437031,135.05428933843208,0.0,19780000
2022-03-04,131.2239990234375,0.0,133.28689328782372,129.52214421761676,132.47594498459415,0.0,24446000
2022-03-07,125.60494995117188,0.0,131.0074853919255,125.55082358816587,131.0074853919255,0.0,39178000
2022-03-08,126.41342163085938,0.0,130.35445437995773,125.00530264909943,125.39240882417633,0.0,35250000
2022-03-09,132.95614624023438,0.0,133.28639057084638,129.20382440838281,130.50690358230835,0.0,32258000
2022-03-10,131.7801971435547,0.0,132.630866855554,130.5078979922521,130.5689729586585,0.0,24266000
2022-03-11,129.58868408203125,0.0,133.28787210455567,129.4108998529499,133.08873436948377,0.0,26600000
2022-03-14,125.87956237792969,0.0,130.13544166879467,125.55379640056044,129.68551771558873,0.0,30254000
2022-03-15,128.77923583984375,0.0,129.63014804550917,125.70774845532965,126.87327251796893,0.0,30292000
2022-03-16,132.78184509277344,0.0,132.86178813394216,128.3228571601054,130.10962580669315,0.0,32058000
2022-03-17,133.68565368652344,0.0,133.82371646057518,131.81694145631218,132.41485480698876,0.0,23994000
2022-03-18,135.87168884277344,0.0,135.9829271185476,132.02849734524702,132.97402268932734,0.0,45900000
2022-03-21,135.55087280273438,0.0,136.6473729303608,133.69655820720334,135.91736802866302,0.0,26632000
2022-03-22,139.32406616210938,0.0,140.53826078027453,135.572244498286,135.572244498286,0.0,29776000
2022-03-23,137.5621337890625,0.0,139.073292314683,137.2274338398249,138.19282761235758,0.0,25302000
2022-03-24,140.35153198242188,0.0,140.43546080800826,137.10117679824126,138.32590416951496,0.0,20544000
2022-03-25,140.55963134765625,0.0,140.9946579427402,138.75000861157588,140.790549314188,0.0,19270000
2022-03-28,140.98519897460938,0.0,141.01152334676246,138.87777915970216,139.7282973460028,0.0,23774000
2022-03-29,142.2763671875,0.0,143.18267122550785,141.5155670635571,142.18748264880705,0.0,28678000
2022-03-30,141.6749725341797,0.0,142.50528894244454,141.2017097613591,141.89893427546133,0.0,21046000
2022-03-31,138.70034790039062,0.0,141.6749868930872,138.6700528965879,141.48031989766645,0.0,29516000
2022-04-01,139.7436981201172,0.0,139.9919989395044,137.85363240418224,139.05838543379573,0.0,23480000
2022-04-04,142.66619873046875,0.0,143.06471668231862,139.8673436245369,139.8673436245369,0.0,19076000
2022-04-05,140.10423278808594,0.0,142.6140502336185,139.98553821089865,142.42485422983833,0.0,19256000
2022-04-06,136.24363708496094,0.0,138.89797324343422,135.49089950949372,138.21564616094292,0.0,23574000
2022-04-07,135.53746032714844,0.0,136.76556714091896,133.94064564684672,135.68942028348485,0.0,19448000
2022-04-08,133.09963989257812,0.0,135.32392013811082,132.84339786167584,135.32392013811082,0.0,16434000
2022-04-11,128.914306640625,0.0,132.03564686822963,128.73652239994706,131.99671346832326,0.0,24188000
2022-04-12,127.50196838378906,0.0,131.5234443825534,126.7088955200656,131.5234443825534,0.0,23004000
2022-04-13,129.40049743652344,0.0,129.7677353742412,127.5656565501985,127.75227622521733,0.0,19542000
2022-04-14,126.3880844116211,0.0,129.82183863957255,126.2475513730144,129.7615062739203,0.0,23484000
2022-04-18,127.09127807617188,0.0,127.83718073982732,125.71812943757428,126.544028184169,0.0,14918000
2022-04-19,129.643798828125,0.0,130.01400703689671,126.58522402126427,127.20646849474038,0.0,22720000
2022-04-20,127.37384796142578,0.0,131.02684338606394,127.02478860174018,130.39169402041003,0.0,22610000
2022-04-21,124.08833312988281,0.0,129.42182982228826,123.8027887062224,128.47084860610641,0.0,30158000
2022-04-22,118.80101776123047,0.0,124.59934364890013,118.33074048533157,124.15041230265557,0.0,46410000
2022-04-25,122.41230773925781,0.0,122.4401173106476,117.96201098536407,118.61777128729096,0.0,34522000
2022-04-26,118.69374084472656,0.0,121.9156953668597,118.35193320549877,121.9156953668597,0.0,49394000
2022-04-27,114.23873138427734,0.0,116.70137859150263,112.35537189616589,113.59563320730122,0.0,62238000
2022-04-28,118.59989929199219,0.0,119.6199195433108,114.36130372522322,116.3190066770598,0.0,36790000
2022-04-29,114.18510437011719,0.0,118.15146143141591,113.91445738527395,116.77885831577099,0.0,33694000
2022-05-02,116.36070251464844,0.0,116.54196482269275,112.62874187342346,113.13229964353242,0.0,30280000
2022-05-03,117.32660675048828,0.0,118.48915287275028,115.83431641589183,115.97137895180289,0.0,21216000
2022-05-04,121.74188232421875,0.0,122.30602254431851,114.95185399011818,117.20145868947985,0.0,33232000
2022-05-05,115.9530029296875,0.0,120.40926300704201,114.39963763262759,119.40339009736124,0.0,43090000
2022-05-06,114.87389373779297,0.0,116.69989134036265,113.36719849844387,114.7338456511006,0.0,35310000
2022-05-09,112.31539154052734,0.0,114.77744009456256,111.78650961830348,112.5333973417535,0.0,34520000
2022-05-10,113.80569458007812,0.0,115.89787583603854,112.6126565266581,115.25179212660056,0.0,31158000
2022-05-11,113.18643951416016,0.0,115.87801954066781,112.8775562590806,112.93764614973588,0.0,36502000
2022-05-12,112.39187622070312,0.0,114.07584796875001,109.36508870592871,111.17718906861133,0.0,41464000
2022-05-13,115.72357177734375,0.0,117.2824003997645,113.22516618735563,114.06491665409045,0.0,29738000
2022-05-16,114.01229858398438,0.0,115.81495750668452,113.55790380915248,114.5997776971142,0.0,23282000
2022-05-17,115.9083023071289,0.0,116.43072815630083,114.55357472870793,116.43072815630083,0.0,21576000
2022-05-18,111.63704681396484,0.0,114.90930135246086,111.37980448800577,114.45427007892951,0.0,27982000
2022-05-19,109.99279022216797,0.0,112.81547673433059,109.71717995492365,111.08084912114552,0.0,29192000
2022-05-20,108.57003021240234,0.0,111.78502864263129,105.65001023718413,111.32368530938997,0.0,37586000
2022-05-23,110.90753173828125,0.0,111.24423214026388,108.41236155628438,109.35565159411144,0.0,31558000
2022-05-24,105.2060546875,0.0,105.67186121319772,101.51332253396392,105.65448591446943,0.0,60386000
2022-05-25,105.12013244628906,0.0,105.82053954981045,103.5029491848717,104.4273710798225,0.0,37900000
2022-05-26,107.55994415283203,0.0,108.21471938095945,104.77103056977111,105.32970743609883,0.0,30288000
2022-05-27,112.03233337402344,0.0,112.10085706101376,108.80541557286358,109.04228944827189,0.0,29924000
2022-05-31,113.26390075683594,0.0,115.64212653780099,111.8073689362971,112.31042659770026,0.0,51302000
2022-06-01,113.3612289428711,0.0,116.60105864816693,112.77871323440435,114.15033108836371,0.0,28630000
2022-06-02,116.94571685791016,0.0,117.09668418245016,112.5378771374728,113.41190088298013,0.0,27472000
2022-06-03,113.78533935546875,0.0,115.5736007647939,112.89542555147902,115.20412752147398,0.0,25052000
2022-06-06,116.21519470214844,0.0,118.5869642982684,115.73627152712106,115.94901850213915,0.0,23786000
2022-06-07,116.43273162841797,0.0,116.94835292797092,114.34303548339527,114.86198332309024,0.0,26414000
2022-06-08,116.44115447998047,0.0,117.8395892989397,115.90358113204536,116.0821155279787,0.0,22544000
2022-06-09,114.13692474365234,0.0,117.54559734197511,114.08626889496028,115.55074956112628,0.0,23142000
2022-06-10,110.6701431274414,0.0,112.72558082808834,110.1074957189297,112.01469402868192,0.0,31324000
2022-06-13,106.15009307861328,0.0,108.47617042658251,105.86360145932794,106.71571852617872,0.0,36756000
2022-06-14,106.4654312133789,0.0,107.72033996425871,105.6291512136606,106.16349657161695,0.0,25480000
2022-06-15,109.64019775390625,0.0,111.30133066657423,107.38388705188929,108.15932691305473,0.0,33192000
2022-06-16,105.91122436523438,0.0,108.5476776894181,105.0734591737636,107.41443392201762,0.0,35314000
2022-06-17,107.13236999511719,0.0,108.50695842698342,104.91062020376842,105.81091527153718,0.0,43516000
2022-06-21,111.253662109375,0.0,111.90718700263724,108.55066284303653,108.95638703991682,0.0,39010000
2022-06-22,111.27252960205078,0.0,112.99623796594392,109.97173129239299,110.40745496583803,0.0,23922000
2022-06-23,111.91861724853516,0.0,112.42713836119685,110.27436690601084,112.18230805303997,0.0,24710000
2022-06-24,117.7323226928711,0.0,117.83114137959278,112.83085975768661,112.83085975768661,0.0,39122000
2022-06-27,115.82984924316406,0.0,118.43949333453007,115.21232521362278,118.12663187072046,0.0,32840000
2022-06-28,111.80638885498047,0.0,117.0554643974944,111.67975300839639,115.56019602922068,0.0,28232000
2022-06-29,111.49352264404297,0.0,112.8919499930628,110.7957979560574,111.38625499397321,0.0,18628000
2022-06-30,108.62911987304688,0.0,110.5731224594056,106.58063817299123,109.74845884295402,0.0,38046000
2022-07-01,108.33960723876953,0.0,109.06002666130433,106.37703963705644,107.60066073190902,0.0,31028000
2022-07-05,113.1129379272461,0.0,113.27740841849858,105.52734366856437,106.78375273297814,0.0,36398000
2022-07-06,114.43042755126953,0.0,115.5611859137045,111.48756876631111,113.31655194729665,0.0,28852000
2022-07-07,118.49510192871094,0.0,119.04732267098471,114.74873626836842,115.2195211975183,0.0,32184000
2022-07-08,119.35174560546875,0.0,119.61642905396496,116.71528477183757,116.75104317989522,0.0,29082000
2022-07-11,115.73052215576172,0.0,117.98708304067769,115.4444776257993,117.84356444687418,0.0,26718000
2022-07-12,114.06890106201172,0.0,117.04851086046862,113.83599022833464,116.04438078226042,0.0,24970000
2022-07-13,111.42449188232422,0.0,114.37430681051723,111.06296746769611,111.8734232163138,0.0,38958000
2022-07-14,110.68256378173828,0.0,111.22634312396899,108.58243373717531,110.07273103343994,0.0,32366000
2022-07-15,112.00054168701172,0.0,113.22566302710332,111.06246509935403,112.19520866227708,0.0,34330000
2022-07-18,109.16297149658203,0.0,114.019734722899,108.55711691536104,112.66897771337737,20.0,33354000
2022-07-19,113.84095764160156,0.0,114.0296611037204,109.74895758124637,110.97060089567981,0.0,30992300
2022-07-20,113.92041015625,0.0,115.53933630923396,112.49020262380105,113.2847606801528,0.0,26780100
2022-07-21,114.25810241699219,0.0,114.42694515033254,111.14937898253623,114.30775803280672,0.0,27267800
2022-07-22,107.62350463867188,0.0,112.41074399445272,106.86866804792542,111.05005281577733,0.0,44455300
2022-07-25,107.47452545166016,0.0,109.82841994073779,106.28268455297305,108.1399698271348,0.0,28289900
2022-07-26,104.72335815429688,0.0,107.00772119291918,104.04797960863033,106.69983059538612,0.0,36626600
2022-07-27,112.82788848876953,0.0,113.62245412544925,107.68309531399403,108.85507546044991,0.0,41474600
2022-07-28,113.81116485595703,0.0,113.92041782741244,111.09078253730561,112.0333375805428,0.0,23303800
2022-07-29,115.84722137451172,0.0,116.10545632985595,112.46040238141096,112.62924510786948,0.0,31336200
2022-08-01,114.69510650634766,0.0,116.32395911457525,113.91047508521356,114.74476211880085,0.0,22856200
2022-08-02,115.11225891113281,0.0,116.28423905657122,113.48340617713905,113.65224891208656,0.0,17911000
2022-08-03,117.97268676757812,0.0,118.60833627340719,115.36056481635995,115.54926829064244,0.0,25302800
2022-08-04,118.06206512451172,0.0,118.68778040206465,116.90994579468722,117.49593961314318,0.0,15757700
2022-08-05,117.41648864746094,0.0,118.05213811703545,115.916749628212,116.13525555416687,0.0,15615700
2022-08-08,117.33702850341797,0.0,120.03854249031357,117.02913792819682,118.31037099893213,0.0,17061100
2022-08-09,116.70137023925781,0.0,117.39660941392303,115.76775685253138,117.18803766152347,0.0,15424300
2022-08-10,119.8299789428711,0.0,120.95229593723543,118.54874578423936,118.77717829844902,0.0,20497000
2022-08-11,119.005615234375,0.0,121.50848413489655,118.73745368620968,121.25025674111944,0.0,16671600
2022-08-12,121.8163833618164,0.0,121.8163833618164,119.58167598999256,120.33651260174194,0.0,16121100
2022-08-15,122.04481506347656,0.0,122.42223715562085,120.74372120486865,121.37937069132897,0.0,15525000
2022-08-16,121.67733764648438,0.0,122.39045233747291,120.7089659505267,121.48862659584758,0.0,15626200
2022-08-17,119.50221252441406,0.0,121.31977625687284,119.3830254087065,120.10806710190032,0.0,17589200
2022-08-18,120.0385513305664,0.0,120.86291188739557,118.73745743361086,119.4128359800731,0.0,15652000
2022-08-19,117.31716918945312,0.0,119.18438854880354,116.8702231858715,119.05527485578983,0.0,20187000
2022-08-22,114.28789520263672,0.0,115.70817612252117,113.89061239572106,115.31089331560553,0.0,19316000
2022-08-23,113.98993682861328,0.0,115.14205626777331,113.52313765330499,113.54299838473824,0.0,14390700
2022-08-24,113.92041015625,0.0,114.93050374532602,113.00666498155272,113.67210934285143,0.0,16051200
2022-08-25,116.90003204345703,0.0,116.97949013059649,114.2680492104395,114.3673680305937,0.0,14874700
2022-08-26,110.54351806640625,0.0,115.80749042633003,110.46405999260524,115.02285899700776,0.0,31698700
2022-08-29,109.59004211425781,0.0,111.19903409464067,109.06364560826388,110.02705396566685,0.0,20386100
2022-08-30,109.16297149658203,0.0,110.61304731436921,108.06051529649395,110.27535427321912,0.0,20548200
2022-08-31,108.40812683105469,0.0,111.01031427026847,108.30880803019457,110.87126643355653,0.0,25898000
2022-09-01,109.79862213134766,0.0,110.46406648910384,107.45466185914013,108.45779168410175,0.0,22784400
2022-09-02,107.94132995605469,0.0,110.91597642992579,107.39506513529723,110.58324667157567,0.0,20618100
2022-09-06,106.7494888305664,0.0,108.13996732096346,105.7860804639774,107.40003574804634,0.0,20565100
2022-09-07,109.72909545898438,0.0,110.2356236471069,106.88356276802085,107.0275814788406,0.0,22987200
2022-09-08,108.6762924194336,0.0,109.82841176964932,107.32553546006159,108.43792577293826,0.0,21660700
2022-09-09,111.020263671875,0.0,111.2387696103016,109.25236301011765,109.30202620613818,0.0,21732900
2022-09-12,111.10964965820312,0.0,111.87441282213105,110.17603618382878,111.22882919788367,0.0,19732900
2022-09-13,104.59423065185547,0.0,108.6266409540578,104.28634007264407,108.14990006532268,0.0,33015000
2022-09-14,105.15043640136719,0.0,105.37886891760193,103.78974514853898,104.72335867803716,0.0,22115800
2022-09-15,103.19381713867188,0.0,105.488114175741,102.60782329250287,104.29627333045454,0.0,26494900
2022-09-16,102.92565155029297,0.0,103.32293437151624,101.16272181821269,102.27014133618319,0.0,64540100
2022-09-19,103.14415740966797,0.0,103.31300014587099,101.67422082295761,101.84306355916064,0.0,19738600
2022-09-20,101.13788604736328,0.0,102.46877472936795,100.43271266812418,102.18074488530593,0.0,24001700
2022-09-21,99.33026123046875,0.0,102.78660436929312,99.31039292163136,101.54510028084249,0.0,26596800
2022-09-22,99.8864517211914,0.0,100.98890794782774,98.7343398779962,98.77406134022748,0.0,21272700
2022-09-23,98.49596405029297,0.0,99.42957752599564,97.34385222568528,99.37991433269849,0.0,25657000
2022-09-26,98.1384048461914,0.0,99.75733089662333,97.71132717109782,97.93976723907117,0.0,22437900
2022-09-27,97.42330169677734,0.0,99.7771960919519,96.67839927042913,99.23093885915345,0.0,24225000
2022-09-28,100.05529022216797,0.0,100.7108079843318,97.1352779092305,97.35377625241257,0.0,24617000
2022-09-29,97.42330169677734,0.0,98.62508427952042,95.8639729207233,98.62508427952042,0.0,21921500
2022-09-30,95.49649810791016,0.0,98.81777167666374,95.37731098487271,97.06576112897415,0.0,26277800
2022-10-03,98.62509155273438,0.0,99.2905359507366,96.36058164450401,96.5592268527031,0.0,24840000
2022-10-04,101.71395111083984,0.0,102.02184170152195,100.35325989509371,100.35325989509371,0.0,22580900
2022-10-05,101.52523040771484,0.0,102.04169272788808,99.06208318390524,100.00563075268983,0.0,18475500
2022-10-06,101.54509735107422,0.0,103.02497563763859,100.81012907362776,100.81012907362776,0.0,17156200
2022-10-07,98.89325714111328,0.0,100.73068182096326,98.53570332932688,99.96591857647248,0.0,24249900
2022-10-10,98.03910064697266,0.0,99.31039970801406,97.20481347974177,99.17135184680892,0.0,16529900
2022-10-11,97.38358306884766,0.0,99.43951352228164,96.58901742661037,97.5822206906372,0.0,21617700
2022-10-12,97.63187408447266,0.0,98.97071152564483,97.00615124132109,97.60207162441023,0.0,17343400
2022-10-13,99.03230285644531,0.0,99.8467292817352,94.62247765839079,95.27799549163242,0.0,32812200
2022-10-14,96.51949310302734,0.0,100.60155910753977,96.37051109853005,99.94107803038207,0.0,22624800
2022-10-17,100.09501647949219,0.0,101.07828551788228,98.8336517597424,98.84357833583454,0.0,23311600
2022-10-18,100.70088195800781,0.0,103.51164911498128,99.9659136378853,103.23355340345059,0.0,21610500
2022-10-19,99.60835266113281,0.0,100.96804357643693,98.9578057590965,100.0155620443566,0.0,21573700
2022-10-20,99.84671783447266,0.0,102.29993098406972,99.29052645976014,100.13474767567425,0.0,25125100
2022-10-21,100.79026794433594,0.0,100.92931579147759,97.56235742026016,97.79078992161887,0.0,28988700
2022-10-24,102.27013397216797,0.0,102.39924765931433,99.61828326607534,101.39611031290339,0.0,24680800
2022-10-25,104.21681213378906,0.0,104.38565485926829,102.31979038357485,102.59789364485361,0.0,29910200
2022-10-26,94.17552185058594,0.0,97.870238760226,93.9272210644815,96.10233837556866,0.0,71504300
2022-10-27,91.97061920166016,0.0,94.5231512445966,91.275379959436,93.66899584555583,0.0,54036500
2022-10-28,95.92356872558594,0.0,96.20166441454593,91.69549886314017,91.90109265695114,0.0,35696900
2022-10-31,94.0166244506836,0.0,95.69513281131775,93.73852117209412,95.12900725488336,0.0,29868700
2022-11-01,89.88489532470703,0.0,95.51139272035945,89.81537139938067,94.94029629746328,0.0,43220600
2022-11-02,86.47820281982422,0.0,90.67945571418004,86.41861305229293,90.2921070701484,0.0,43553600
2022-11-03,82.92253875732422,0.0,85.96174591136683,82.88280971728332,85.75813742273455,0.0,48510400
2022-11-04,86.11071014404297,0.0,86.1405126036997,83.3098775618658,84.9288035473077,0.0,40173300
2022-11-07,88.04747009277344,0.0,88.33549994609857,86.36895416660064,86.74636867567865,0.0,26899900
2022-11-08,88.30570983886719,0.0,89.79054393617074,87.05427154783787,88.55401066611286,0.0,30172000
2022-11-09,86.80596923828125,0.0,88.88176048138935,86.76624019729557,87.9431836735296,0.0,26743900
2022-11-10,93.52994537353516,0.0,93.907367446618,91.02707659419585,91.71238166301086,0.0,42371200
2022-11-11,96.07256317138672,0.0,96.69827855261605,93.52003087052077,94.06628816531267,0.0,30569100
2022-11-14,95.37730407714844,0.0,96.51948929652994,94.46653690557272,94.85090758255207,0.0,24170100
2022-11-15,98.04903411865234,0.0,99.73747675154047,96.36058390822414,97.9993709210509,0.0,31831000
2022-11-16,98.31718444824219,0.0,99.17133982210024,97.23658189289007,97.35377611417863,0.0,24660200
2022-11-17,97.83052062988281,0.0,98.80386315402339,96.44003455719891,96.51949263621844,0.0,21818700
2022-11-18,97.1352767944336,0.0,98.48603376380899,96.08247624099918,98.33705176706893,0.0,24969900
2022-11-21,95.17867279052734,0.0,98.04902968311204,95.01975662742383,96.89691023323071,0.0,18696900
2022-11-22,96.6684799194336,0.0,96.88499296690813,93.76832807468752,95.50643386608218,0.0,18868900
2022-11-23,98.14834594726562,0.0,98.39565410483331,96.67840178689299,96.67840178689299,0.0,17568900
2022-11-25,96.93663024902344,0.0,98.26752646971741,96.86710632852339,97.79574889038956,0.0,8567800
2022-11-28,95.59581756591797,0.0,97.16508059755766,95.23826377193576,96.53935766931889,0.0,19974500
2022-11-29,94.79132080078125,0.0,95.73486085921611,93.74845435510949,95.34751219711848,0.0,20220000
2022-11-30,100.7604751586914,0.0,100.7604751586914,94.02655776955798,94.47350381618423,0.0,39888100
2022-12-01,100.59162902832031,0.0,101.89272292672392,99.98577440901639,100.71081615225447,0.0,21771500
2022-12-02,100.14468383789062,0.0,100.46250856946295,98.49596283330087,98.69460802649564,0.0,18821500
2022-12-05,99.19120788574219,0.0,101.05842720345457,98.67970883582956,99.1365814057739,0.0,19955500
2022-12-06,96.64859771728516,0.0,99.52888841594041,96.10234052217703,98.99255779667037,0.0,20877600
2022-12-07,94.50328826904297,0.0,96.64860329233407,94.37913786605618,96.11227264212648,0.0,26647900
2022-12-08,93.31143951416016,0.0,95.21839545602491,93.16246509314973,95.03961857327319,0.0,25593200
2022-12-09,92.43742370605469,0.0,93.84777046478493,92.38776051386506,93.26178420015137,0.0,21885300
2022-12-12,92.92408752441406,0.0,93.23694895236896,91.2753741783329,92.45728081525563,0.0,27380900
2022-12-13,95.19852447509766,0.0,99.12168163156254,94.73171776226799,97.40343677461024,0.0,34788500
2022-12-14,94.66219329833984,0.0,96.559215022131,93.30150978220338,94.89063336539503,0.0,26452900
2022-12-15,90.58013916015625,0.0,93.39090635596996,89.81537594287904,92.90423885406629,0.0,28298800
2022-12-16,90.24243927001953,0.0,91.12638947177149,89.39821810377244,90.58012470550287,0.0,48485500
2022-12-19,88.5440673828125,0.0,90.58012940979408,88.32059817683806,90.26230468678754,0.0,23020500
2022-12-20,89.02081298828125,0.0,89.16979500537836,87.44162330865628,88.1269360407789,0.0,21976800
2022-12-21,89.63658905029297,0.0,90.29707008944192,88.30570039579547,89.12012671896804,0.0,20336400
2022-12-22,87.66011810302734,0.0,88.57386324456762,86.34909015895764,88.32556244017913,0.0,23656100
2022-12-23,89.19959259033203,0.0,89.48762247808462,87.02448235409203,87.02448235409203,0.0,17815000
2022-12-27,87.33235931396484,0.0,88.89168806405394,86.94004737673795,88.70297702770877,0.0,15470900
2022-12-28,85.87236022949219,0.0,87.91835669371382,85.78297556573423,86.90529261675617,0.0,17879600
2022-12-29,88.34542846679688,0.0,88.75760873609705,86.39875095299075,86.4384799933794,0.0,18280700
2022-12-30,88.12693786621094,0.0,88.22625668715288,86.4384876000366,86.77120981783928,0.0,19190300
2023-01-03,89.09032440185547,0.0,90.92775639198945,88.41494591977562,89.21944566804987,0.0,20738500
2023-01-04,88.10706329345703,0.0,90.61986641464313,87.20325223631956,90.3914339004661,0.0,27046500
2023-01-05,86.18024444580078,0.0,87.61045958011077,85.97167266830384,87.47141172844614,0.0,23136100
2023-01-06,87.56079864501953,0.0,87.86868921535695,84.98839839038199,86.76623304587501,0.0,26612600
2023-01-09,88.19644165039062,0.0,90.21264280732377,87.97793574771123,88.58875355562785,0.0,22996700
2023-01-10,88.63346099853516,0.0,88.86686438189274,86.11072368934886,86.130591998912,0.0,22855600
2023-01-11,91.6329345703125,0.0,91.8216380363287,89.13005812040355,89.44788285939553,0.0,25998800
2023-01-12,91.28531646728516,0.0,91.99048988187711,89.95442014101864,91.7719839493901,0.0,22754200
2023-01-13,92.16926574707031,0.0,92.34804263733666,90.31197291916662,90.90590804551623,0.0,18630700
2023-01-17,91.53362274169922,0.0,92.33811501604687,90.22258706862888,92.14940395809764,0.0,22935800
2023-01-18,91.15618896484375,0.0,92.95189902627715,90.77877447476529,92.30830832014499,0.0,19641600
2023-01-19,93.27171325683594,0.0,93.7583806880333,90.7589028736261,90.76883702702898,0.0,28707700
2023-01-20,98.605224609375,0.0,98.744272468271,95.25813426339823,95.29785572804852,0.0,53704800
2023-01-23,100.5220947265625,0.0,100.71080575893171,98.0788157696066,98.45623025680598,0.0,31791800
2023-01-24,98.53569030761719,0.0,100.40290962876882,98.02915454493625,98.87338334191755,0.0,27391400
2023-01-25,96.07256317138672,0.0,97.05583236404428,94.61453835317467,96.53936237974118,0.0,31000900
2023-01-26,98.48603820800781,0.0,98.5356938241358,96.16193865558921,97.61201449571318,0.0,24542100
2023-01-27,100.02549743652344,0.0,100.88958698363005,98.29732591984958,98.37678399769513,0.0,29020400
2023-01-30,97.28424835205078,0.0,98.73333142649015,96.85717068197916,98.07385063828548,0.0,24365100
2023-01-31,99.19120788574219,0.0,99.23093692367725,97.12534337835456,97.1948673003561,0.0,22306800
2023-02-01,100.74060821533203,0.0,101.49544482401241,97.75106424391362,99.06209226028501,0.0,26392600
2023-02-02,108.06050872802734,0.0,108.08036945745748,105.81586742547779,106.06416821981836,0.0,46622600
2023-02-03,104.50483703613281,0.0,107.28580131974107,102.5978887997948,102.80646055275001,0.0,36823400
2023-02-06,102.7667465209961,0.0,103.9883823348809,101.51530824301913,101.9870782943574,0.0,25573000
2023-02-07,107.3056869506836,0.0,107.93140231057068,102.84421329966486,102.92565669885428,0.0,33738800
2023-02-08,99.32032775878906,0.0,102.87599731116323,97.78583051352528,101.99204700031318,0.0,73546000
2023-02-09,94.8111801147461,0.0,99.9261783018846,93.22205645071823,99.85665437838149,0.0,97798600
2023-02-10,94.21526336669922,0.0,96.36057850251893,93.8875044670127,95.08927952165693,0.0,49325300
2023-02-13,94.35430145263672,0.0,94.70192104774392,93.41076146912589,94.36423560607946,0.0,43116600
2023-02-14,94.30464172363281,0.0,94.52811850783154,92.02027888800052,94.0166194610737,0.0,42513100
2023-02-15,96.44003295898438,0.0,96.67839961455326,93.71865820674988,94.09607270952888,0.0,36964500
2023-02-16,95.1290054321289,0.0,97.21473072757868,94.32451322985784,94.89063877544477,0.0,35642100
2023-02-17,93.94709014892578,0.0,95.0992095361386,92.81483906979004,94.4238310347647,0.0,31095100
2023-02-21,91.42436218261719,0.0,92.78008249699454,91.37469898910733,92.60626889724948,0.0,28367200
2023-02-22,91.17606353759766,0.0,91.7322549459406,90.25238419014835,91.30914786599993,0.0,29891100
2023-02-23,90.4510269165039,0.0,91.50382002098485,89.39823381202298,91.50382002098485,0.0,32423700
2023-02-24,88.74270629882812,0.0,89.51740359895886,88.25603884215047,89.02080198835822,0.0,31295600
2023-02-27,89.48761749267578,0.0,89.83523713868681,89.00094998826033,89.47768333777833,0.0,22724300
2023-02-28,89.6862564086914,0.0,90.8284340829204,88.91155150939896,88.93141981779948,0.0,30546900
2023-03-01,89.89482116699219,0.0,90.58012620254601,89.23930343663592,89.54720157250273,0.0,26323900
2023-03-02,91.6825942993164,0.0,91.85144461943293,89.15985700522896,89.24924924264828,0.0,23328600
2023-03-03,93.38096618652344,0.0,93.47035841930149,92.03021673850138,92.10966723953366,0.0,30242500
2023-03-06,94.93037414550781,0.0,95.64548174079101,93.65907512168873,93.71866489544904,0.0,28288200
2023-03-07,93.52994537353516,0.0,95.43689373660693,93.20616470053571,94.77144939806718,0.0,24101500
2023-03-08,94.00668334960938,0.0,95.5858727828209,93.76334584040264,93.76334584040264,0.0,25395200
2023-03-09,92.03022003173828,0.0,95.26805728523553,91.72729272669056,93.84777628448488,0.0,24438900
2023-03-10,90.39143371582031,0.0,92.546683040593,90.18286193383003,91.87130449901218,0.0,32850100
2023-03-13,91.0370101928711,0.0,92.4473569375284,89.3286994531277,89.94945146160775,0.0,31508600
2023-03-14,93.60940551757812,0.0,94.18546521629575,92.14939554007007,92.43742538942888,0.0,32303900
2023-03-15,95.89378356933594,0.0,96.58902286226427,92.40763779470394,92.90423945466418,0.0,38367300
2023-03-16,100.38304901123047,0.0,101.27693342357118,95.21839530498953,95.91363452706608,0.0,54499500
2023-03-17,101.76360321044922,0.0,102.78660133674433,100.0652265768613,100.1546112313736,0.0,76140300
2023-03-20,101.23719787597656,0.0,101.88278144213052,100.10494688566168,100.37310840335154,0.0,26033900
2023-03-21,105.12062072753906,0.0,105.239807836819,101.16767632232389,101.28686343160382,0.0,33122800
2023-03-22,103.51164245605469,0.0,106.77928201141202,103.50170830198485,104.42538761445692,0.0,32336900
2023-03-23,105.53778839111328,0.0,106.37306821219377,104.69356707273279,105.17030042962385,0.0,31385800
2023-03-24,105.3391342163086,0.0,105.43846060328934,104.02810623008074,105.02130947957274,0.0,25236200
2023-03-27,102.35952758789062,0.0,104.68362720286413,101.93244987448958,104.60416912187331,0.0,25393400
2023-03-28,100.67108154296875,0.0,102.29993425894689,99.5984202195082,102.29993425894689,0.0,24913500
2023-03-29,101.20741271972656,0.0,102.1211578913809,100.34332316406291,102.02183908186011,0.0,26148300
2023-03-30,100.63135528564453,0.0,100.9193851440288,99.60835712718224,100.75054240628135,0.0,25009800
2023-03-31,103.29313659667969,0.0,103.48184763642851,100.75053873603554,101.01870027577499,0.0,28108000
2023-04-03,104.19696044921875,0.0,104.23668191245343,101.68414976863062,101.97217963109028,0.0,20719900
2023-04-04,104.40553283691406,0.0,105.37886782015485,103.88906288138487,104.12742954987694,0.0,20377200
2023-04-05,104.23667907714844,0.0,105.81587620043213,103.39444313724364,105.39873264995701,0.0,21864200
2023-04-06,108.15983581542969,0.0,108.88486994702083,104.10260143442055,105.05110478252844,0.0,34684200
2023-04-10,106.22309112548828,0.0,107.23616274656032,104.88226817057756,106.66010300732641,0.0,19741500
2023-04-11,105.39873504638672,0.0,106.49125714141704,104.56444034892777,106.1932931257089,0.0,18721300
2023-04-12,104.50483703613281,0.0,106.85574568787112,104.25653624772822,106.66008606087541,0.0,22761600
2023-04-13,107.45466613769531,0.0,107.52915335326844,105.71656038395149,105.74635527018073,0.0,21650700
2023-04-14,108.71601867675781,0.0,108.83520578572724,106.85872601073001,106.9580523903073,0.0,20758700
2023-04-17,105.69668579101562,0.0,105.98471563667432,104.60416375483595,104.71341671620785,0.0,29043400
2023-04-18,104.40553283691406,0.0,106.32241549456636,104.06783977713886,106.27275229892479,0.0,17641400
2023-04-19,104.30621337890625,0.0,105.00642356528094,103.09451164663112,103.50668437218644,0.0,16732000
2023-04-20,105.18022918701172,0.0,106.16151300008715,103.92879092869914,103.93872508324043,0.0,22515300
2023-04-21,105.19015502929688,0.0,105.91518912518399,104.76804063635475,105.36892433167526,0.0,22379000
2023-04-24,106.05422973632812,0.0,106.59056033951099,104.64388310066502,105.32919568987732,0.0,21410900
2023-04-25,103.89900207519531,0.0,106.70976934794172,103.84933887714503,105.88540875656405,0.0,31408100
2023-04-26,103.74008178710938,0.0,106.29261396828335,102.56810158850384,104.8425380577273,0.0,37068200
2023-04-27,107.6334457397461,0.0,108.4081431113503,103.71028810752743,104.5147879436502,0.0,38235200
2023-04-28,107.48445892333984,0.0,107.5539828490293,105.31927549503187,107.06731536920317,0.0,23957900
2023-05-01,106.97792053222656,0.0,107.94132889158566,106.76934876023223,106.9878546863804,0.0,20926300
2023-05-02,105.25968933105469,0.0,106.99779511039645,103.78974510926527,106.92827118232437,0.0,20343100
2023-05-03,105.39873504638672,0.0,107.39506818799623,104.90213340523296,105.49805385910953,0.0,17116300
2023-05-04,104.49491119384766,0.0,105.57750665771563,103.98837542350432,105.43845881135304,0.0,19780600
2023-05-05,105.49308013916016,0.0,105.71655693366536,104.02711419522396,104.60416655966024,0.0,20710600
2023-05-08,107.50431060791016,0.0,107.68308748428713,105.07096583601026,105.07592912402055,0.0,17266000
2023-05-09,107.20636749267578,0.0,109.84332106306702,106.99282484113037,108.04065463419487,0.0,24782400
2023-05-10,111.5168685913086,0.0,112.73851202035469,107.74270048683408,107.81222441677718,0.0,47533500
2023-05-11,116.10546112060547,0.0,117.63499503069592,114.14884951109016,115.07252883414675,0.0,57115100
2023-05-12,117.11852264404297,0.0,117.45621568135543,115.75783907343545,116.20477749432098,0.0,31293800
2023-05-15,116.16505432128906,0.0,117.9875814245368,115.68832099194549,115.6982475688829,0.0,22107900
2023-05-16,119.27377319335938,0.0,120.37622939354988,116.03593609387349,116.03593609387349,0.0,32370100
2023-05-17,120.65432739257812,0.0,121.4488854015928,118.64805269642255,119.3631602088131,0.0,26659600
2023-05-18,122.68045806884766,0.0,123.0578801410531,120.66425675010093,120.73378067221154,0.0,27014500
2023-05-19,122.41230773925781,0.0,125.61935752369067,121.88591119830268,123.35584785105966,0.0,30268900
2023-05-22,125.01449584960938,0.0,126.18647598812527,122.61093822482968,122.67053557257758,0.0,29760200
2023-05-23,122.45203399658203,0.0,124.5675542670934,122.21366732973814,124.08088677883805,0.0,24477900
2023-05-24,120.81324005126953,0.0,121.91569624058509,119.92928978452667,121.05160670428555,0.0,23087900
2023-05-25,123.50482177734375,0.0,125.12374791339717,122.06468010570865,124.35897717270534,0.0,33812700
2023-05-26,124.57748413085938,0.0,125.14360968107697,122.45202977898711,123.22176381435877,0.0,25154700
2023-05-30,123.79286193847656,0.0,125.52103360389422,122.05475611808832,125.43164894177919,0.0,27230700
2023-05-31,122.531494140625,0.0,124.05109398083634,122.26332500556427,122.859245471475,0.0,41548800
2023-06-01,123.52468872070312,0.0,124.19013306768964,122.46196156531565,122.66059918074647,0.0,25017700
2023-06-02,124.37885284423828,0.0,125.88355524057309,123.50482908884814,123.6438769449257,0.0,19367500
2023-06-05,125.76932525634766,0.0,127.12008228724162,123.53461793608714,123.7630580184978,0.0,22672500
2023-06-06,127.04063415527344,0.0,128.0040425414935,125.11381738283332,125.73953271626199,0.0,19450100
2023-06-07,122.10441589355469,0.0,128.6694903002165,121.79651771841579,126.70790772443188,0.0,34179300
2023-06-08,121.83623504638672,0.0,122.88903559388704,121.18072487297998,121.75181368346898,0.0,24815000
2023-06-09,122.0348892211914,0.0,123.440272765704,121.58794320057325,121.72699105297721,0.0,20304500
2023-06-12,123.50482177734375,0.0,123.90210459013463,121.51841529092877,122.55631086147115,0.0,22255700
2023-06-13,123.58427429199219,0.0,125.00455516894341,123.00325133017657,124.79598340656389,0.0,19287700
2023-06-14,123.53461456298828,0.0,123.94183152300235,121.32970976566907,122.95856245064682,0.0,24659600
2023-06-15,124.9350357055664,0.0,125.30252363003528,122.30304562013968,123.0380138915381,0.0,24517100
2023-06-16,123.21678161621094,0.0,125.83883735265093,122.94862009710313,125.83883735265093,0.0,56699200
2023-06-20,123.00822448730469,0.0,124.32422337741933,121.99516047767672,122.6953706074044,0.0,22698000
2023-06-21,120.43583679199219,0.0,122.57122544704417,120.03855394819693,122.39741183490251,0.0,22612000
2023-06-22,123.02808380126953,0.0,123.09263685690468,118.78710187008443,119.83990242071009,0.0,20781900
2023-06-23,122.18385314941406,0.0,122.60100424831347,121.0317413888654,121.21051826623973,0.0,29573100
2023-06-26,118.28057098388672,0.0,121.88590361816736,118.18125217474844,120.64042892943593,0.0,23185000
2023-06-27,118.20111846923828,0.0,119.08009787155268,116.11539320271264,117.03906493174689,0.0,27221700
2023-06-28,120.2570571899414,0.0,120.445760663912,116.80070637736142,117.15826017099177,0.0,19753100
2023-06-29,119.19432067871094,0.0,120.08820509315471,118.39975507086332,119.27377117746433,0.0,18517500
2023-06-30,120.1478042602539,0.0,121.20059733209916,120.05841202304715,120.27691796117499,0.0,23871800
2023-07-03,119.74057006835938,0.0,120.1974426108369,118.89138561335984,119.50220343261864,0.0,13888300
2023-07-05,121.7965087890625,0.0,122.53148463160333,119.24397680317581,119.24397680317581,0.0,17830300
2023-07-06,120.10807037353516,0.0,120.32657630284791,118.43948859587533,119.82004051921739,0.0,17732500
2023-07-07,119.32343292236328,0.0,120.92249069504712,119.27376973089793,120.06833532910896,0.0,20997700
2023-07-10,116.07566833496094,0.0,118.2607124874439,115.8472282498414,118.2607124874439,0.0,32960100
2023-07-11,116.90995025634766,0.0,117.42144930905465,115.04273092843452,115.96641022723787,0.0,18286600
2023-07-12,118.80697631835938,0.0,120.13786504538717,118.19118757116681,118.48915157925278,0.0,22059600
2023-07-13,123.98155975341797,0.0,124.48312465153188,120.23717937113332,120.71392025078217,0.0,31535900
2023-07-14,124.84564971923828,0.0,126.22620167725829,124.05109163887107,124.27952415068,0.0,20499800
2023-07-17,124.20999908447266,0.0,126.4149115662746,123.65380767556394,125.20320235897519,0.0,20675300
2023-07-18,123.23665618896484,0.0,124.14046717028396,122.46195889710873,124.05604580668826,0.0,21045800
2023-07-19,121.94548797607422,0.0,124.61720701529471,121.63759740814825,123.94182853457329,0.0,22313800
2023-07-20,118.71757507324219,0.0,123.85243370302909,117.87831717246172,121.28997525366809,0.0,27541700
2023-07-21,119.4922866821289,0.0,120.47556340564832,118.26071671097489,120.04848568324671,0.0,56514600
2023-07-24,121.05160522460938,0.0,122.51161516437215,120.55500361666499,121.09729778588722,0.0,22276100
2023-07-25,121.95542907714844,0.0,122.84931352572141,120.7039908491463,121.0516104742748,0.0,31820800
2023-07-26,128.7787322998047,0.0,130.47710130804813,127.83519227799407,129.47397151823998,0.0,46216900
2023-07-27,128.9873046875,0.0,132.6919638210211,128.3019920018063,130.90419489205476,0.0,35931600
2023-07-28,132.10595703125,0.0,133.1587651922078,130.03016590418054,130.07982909702133,0.0,26971000
2023-07-31,132.20529174804688,0.0,132.9203993357979,131.23195675836118,132.10596535610605,0.0,18381900
2023-08-01,130.9935760498047,0.0,132.01657418500386,129.8613249508911,129.96560704872977,0.0,22154300
2023-08-02,127.7656478881836,0.0,129.53354821744418,126.98101651937522,128.95748859312334,0.0,22705800
2023-08-03,127.89480590820312,0.0,128.88800930701325,126.90656579847243,127.49751545563038,0.0,15018100
2023-08-04,127.66635131835938,0.0,131.0333100522414,127.44288965874705,128.71915959449422,0.0,20521900
2023-08-07,131.04324340820312,0.0,131.162422952378,128.55029347196347,128.6297515531065,0.0,17621000
2023-08-08,130.9439239501953,0.0,131.0432503456523,129.24555473547406,130.08976847653778,0.0,16836000
2023-08-09,129.265380859375,0.0,131.5696193874244,128.6247757544011,131.29152372439458,0.0,17745200
2023-08-10,129.32501220703125,0.0,131.7454452051303,129.15119859334655,131.0730446111846,0.0,17855700
2023-08-11,129.28526306152344,0.0,129.5534321779395,127.87491628883082,128.32384002810613,0.0,15205500
2023-08-14,130.93399047851562,0.0,131.01344855968142,128.7092096711116,128.96745222367028,0.0,17526200
2023-08-15,129.38458251953125,0.0,131.09289320176865,128.93664388435008,130.6956028366682,0.0,14769200
2023-08-16,128.2324676513672,0.0,130.00830942211613,127.58689162386746,128.40131037925053,0.0,17548400
2023-08-17,129.57330322265625,0.0,131.59048969658667,128.96744863133736,129.56336149086283,0.0,23665600
2023-08-18,127.23927307128906,0.0,128.9475839288437,126.13681682199599,128.182813158233,0.0,23627200
2023-08-21,128.0537109375,0.0,128.38146988796382,126.29575177830536,126.98105699218148,0.0,21851100
2023-08-22,128.8085174560547,0.0,130.0599479547289,128.04871766131012,128.25232612331058,0.0,15557900
2023-08-23,132.3046112060547,0.0,133.1587666047098,129.62295031499127,129.96065093684385,0.0,26497000
2023-08-24,129.5335693359375,0.0,134.05264726921672,129.41438979253613,133.81130263179728,0.0,18680400
2023-08-25,129.80174255371094,0.0,130.50690841449438,127.16974469838915,129.25547770410984,0.0,20678100
2023-08-28,130.89425659179688,0.0,132.33441350474482,129.96065821754578,131.18229403641834,0.0,16715500
2023-08-29,134.56910705566406,0.0,136.36183155765067,132.07615732382428,132.09404031601602,0.0,30803300
2023-08-30,135.9993133544922,0.0,136.31714566801028,134.10329175046678,134.64857148727685,0.0,21773400
2023-08-31,136.4164581298828,0.0,137.45930930885152,135.89006167504502,136.11849415514433,0.0,28147900
2023-09-01,135.87020874023438,0.0,137.63810932726088,135.01605333205805,137.48911974549722,0.0,16671600
2023-09-05,135.78082275390625,0.0,136.4363253799754,134.63862992522493,135.51265363342227,0.0,17730200
2023-09-06,134.4499053955078,0.0,136.5455646455554,133.77453452880073,136.0837288186092,0.0,15814300
2023-09-07,135.2742919921875,0.0,135.6517141113346,133.04952620794418,133.6851757398823,0.0,16976000
2023-09-08,136.26748657226562,0.0,136.58034802933074,134.94652439525694,134.94652439525694,0.0,17810700
2023-09-11,136.80381774902344,0.0,137.3242583003249,135.62190348575507,136.4462639816068,0.0,17180800
2023-09-12,135.14517211914062,0.0,136.70449332504472,135.00610911668778,136.1979651285559,0.0,15212900
2023-09-13,136.5654296875,0.0,136.76406728148459,134.01289038181304,134.9762986254692,0.0,16394900
2023-09-14,138.0453338623047,0.0,138.60152529250038,136.12844358850901,137.4494058127637,0.0,19064600
2023-09-15,137.3600311279297,0.0,138.41282429084436,136.24763303166813,137.85663282025402,0.0,48958800
2023-09-18,138.0155487060547,0.0,138.97894204444447,136.6945863886662,136.6945863886662,0.0,16233600
2023-09-19,137.8863983154297,0.0,138.22905462249415,136.56543627683354,137.31033865652537,0.0,15479100
2023-09-20,133.67523193359375,0.0,137.89634606670882,133.60571558145466,137.88641948928324,0.0,21473500
2023-09-21,130.46719360351562,0.0,132.2847575657389,130.1990244536583,131.49019184899007,0.0,22058400
2023-09-22,130.35792541503906,0.0,132.1059576638238,129.6229495606802,130.78499553434196,0.0,17348700
2023-09-25,131.27166748046875,0.0,131.32133067237535,129.1462132005402,129.88118903755412,0.0,14650000
2023-09-26,128.5701446533203,0.0,130.51185862892362,127.31871414095764,130.02419854988267,0.0,20378800
2023-09-27,130.56651306152344,0.0,130.82474046483253,128.50064836981147,128.5602381432613,0.0,18764200
2023-09-28,132.22515869140625,0.0,133.26801002061293,129.8017402418512,129.8017402418512,0.0,18201400
2023-09-29,130.95384216308594,0.0,133.97317308868733,130.42744570288266,133.16868095724752,0.0,23237300
2023-10-02,134.25128173828125,0.0,134.43999278095146,131.16738988460972,131.25677454006015,0.0,19210400
2023-10-03,132.3939971923828,0.0,134.320813935823,131.91229300652276,134.01290819587905,0.0,19628700
2023-10-04,135.34381103515625,0.0,135.64177504098322,132.52310228908374,132.75154994809577,0.0,22848000
2023-10-05,135.06570434570312,0.0,135.57223250583104,133.54113384477424,135.20475218309574,0.0,15922900
2023-10-06,137.78709411621094,0.0,138.2400036865355,134.0228601531263,134.0228601531263,0.0,20826700
2023-10-09,138.55184936523438,0.0,139.01865609163104,135.77087731470144,137.05211795696582,0.0,16599100
2023-10-10,138.25389099121094,0.0,139.78343250100227,137.48912023631527,138.561781577511,0.0,19554900
2023-10-11,140.73690795898438,0.0,141.25337793081044,138.8895491704142,138.89949090290392,0.0,20146300
2023-10-12,139.3364715576172,0.0,141.41227778281169,138.50218449906495,141.19377186437015,0.0,18173100
2023-10-13,137.63812255859375,0.0,140.37935835866287,137.0322679067029,139.69404561987548,0.0,19438700
2023-10-16,139.5351104736328,0.0,139.94728309632643,138.37306465275998,138.7802664102757,0.0,17345600
2023-10-17,140.03170776367188,0.0,140.28993510875256,137.58743643765555,139.078226138239,0.0,17424000
2023-10-18,138.33334350585938,0.0,141.02493090489875,137.76225468439802,139.79335345416348,0.0,18304900
2023-10-19,138.03536987304688,0.0,140.04661534964382,137.65796298059868,138.84980373242794,0.0,21831200
2023-10-20,135.8106231689453,0.0,138.09497860916554,135.31897723552584,137.64804016021287,0.0,24970300
2023-10-23,136.96273803710938,0.0,138.07513611189734,134.1917073156668,135.3040902353741,0.0,20780700
2023-10-24,139.16763305664062,0.0,139.75363448575294,137.8069494682728,138.21416643365018,0.0,26535200
2023-10-25,125.8090591430664,0.0,129.21575431429392,125.23299941526155,128.88799540941807,0.0,58796100
2023-10-26,122.60099792480469,0.0,124.60726493182497,121.48860768101271,123.62399594575068,0.0,33907400
2023-10-27,122.561279296875,0.0,123.59421155863207,120.63446261844938,123.18699459977336,0.0,37367700
2023-10-30,124.89530181884766,0.0,125.68986740616607,123.03800911557579,123.61406878750469,0.0,24165600
2023-10-31,124.4483642578125,0.0,125.69979483666724,123.08270985488477,125.41176499874506,0.0,21123400
2023-11-01,126.70293426513672,0.0,126.87177699365125,124.0759150866492,124.48808775404078,0.0,26536600
2023-11-02,127.7060775756836,0.0,129.20580904934013,127.23927082893425,128.67941253152986,0.0,24091700
2023-11-03,129.48390197753906,0.0,129.8414557513251,128.1331449604673,128.21260303853958,0.0,19529400
2023-11-06,130.55657958984375,0.0,130.665832566441,129.04690622824918,129.3349436915877,0.0,15360400
2023-11-07,131.50009155273438,0.0,132.3741151780464,130.24866103428275,131.08294804658382,0.0,19223800
2023-11-08,132.35426330566406,0.0,132.63235901096158,131.26174879344643,131.46038641793334,0.0,15093600
2023-11-09,130.79495239257812,0.0,133.0495282543986,130.6161679078342,132.45360017869294,0.0,17976500
2023-11-10,133.14881896972656,0.0,133.35739831059152,129.9804983273355,130.63601607853604,0.0,20872900
2023-11-13,132.73167419433594,0.0,133.19848090776173,131.8675922654779,132.45357851251777,0.0,16409900
2023-11-14,134.509521484375,0.0,136.30723226569063,134.1817777176159,134.72802743226794,0.0,22317300
2023-11-15,135.45306396484375,0.0,135.90992897259557,134.41019752225017,135.711291353787,0.0,15840900
2023-11-16,137.7572784423828,0.0,137.936062895952,135.1550909527121,136.0291146033218,0.0,17615100
2023-11-17,136.00926208496094,0.0,137.0620551562761,134.55917860130444,136.88328583703222,0.0,25565300
2023-11-20,136.98257446289062,0.0,137.48414689533257,134.569098120999,134.57902469651415,0.0,19569400
2023-11-21,137.67784118652344,0.0,138.0204975488539,136.76906680496015,137.00247019444495,0.0,17648100
2023-11-22,139.06832885742188,0.0,140.14099022883187,138.05525725857697,138.15458364957178,0.0,17306400
2023-11-24,137.2805633544922,0.0,138.72766131128793,136.53566086855264,138.59158384910427,0.0,8828600
2023-11-27,137.11170959472656,0.0,138.68097252431508,136.6051662457298,136.63497628544607,0.0,17886400
2023-11-28,137.67784118652344,0.0,137.71757780669284,136.108578101595,136.6945795859927,0.0,17046900
2023-11-29,135.47291564941406,0.0,138.72069448225272,135.36863355280897,138.04035268879304,0.0,21014700
2023-11-30,133.00978088378906,0.0,136.02912732923033,131.8874563324484,135.47292076448537,0.0,29913500
2023-12-01,132.41387939453125,0.0,132.5926487251152,131.25380344096993,132.41387939453125,0.0,24268000
2023-12-04,129.7421417236328,0.0,130.5565604849325,128.5204908490656,130.40163011784776,0.0,24117100
2023-12-05,131.4901885986328,0.0,132.63236636910744,128.84826409665897,129.48391362332904,0.0,19235100
2023-12-06,130.53668212890625,0.0,132.40390889193193,130.41750260107986,131.9966919650887,0.0,16360600
2023-12-07,137.50900268554688,0.0,139.04847093043568,135.30409000552925,135.67158555558592,0.0,38419400
2023-12-08,135.71127319335938,0.0,137.0521034622798,134.6485537396497,134.73793838289058,0.0,23016100
2023-12-11,133.7844696044922,0.0,133.87385425633943,131.98677421586547,132.91046108352194,0.0,24502900
2023-12-12,132.73167419433594,0.0,133.62555100659748,131.92718203228492,132.36419386230722,0.0,26584000
2023-12-13,133.05943298339844,0.0,133.86392514494486,132.04636148308018,133.63052178837836,0.0,25414500
2023-12-14,132.29469299316406,0.0,134.11722794371502,130.1692382728527,133.854029642663,0.0,29619100
2023-12-15,132.93032836914062,0.0,133.91360510923639,131.72856084188126,132.0165831357041,0.0,58594000
2023-12-18,136.25753784179688,0.0,137.4394519740675,132.8607850053577,132.95016964853528,0.0,25699800
2023-12-19,137.16139221191406,0.0,137.82683665485703,136.51580092482197,137.06206581233658,0.0,20661000
2023-12-20,138.7107696533203,0.0,142.10553763734032,138.46246884060355,139.37621401279182,0.0,33507300
2023-12-21,140.8362274169922,0.0,141.06465992680535,139.51825079333318,139.81322925621407,0.0,18101500
2023-12-22,141.74996948242188,0.0,142.27636599411244,141.08948083232403,141.16398320036313,0.0,18513500
2023-12-26,141.8492889404297,0.0,142.96664254548668,141.53145664055373,142.00818993528947,0.0,11170100
2023-12-27,140.4786834716797,0.0,142.34591060897586,140.09231985374717,141.85923551433922,0.0,17288400
2023-12-28,140.3197479248047,0.0,141.303024555929,139.87082419725482,140.88588102744305,0.0,12192500
2023-12-29,139.97215270996094,0.0,140.47372529386737,138.9491543851225,139.72385185140635,0.0,14881000
2024-01-02,138.61143493652344,0.0,139.65927218386082,136.80381300921306,138.6511715510144,0.0,20071900
2024-01-03,139.406005859375,0.0,140.13103997328284,137.48911574634155,137.65797363177793,0.0,18974300
2024-01-04,137.1017608642578,0.0,139.6791243393909,137.07196598114118,138.89947135773542,0.0,18253300
2024-01-05,136.45620727539062,0.0,137.86655420990613,135.9198841360995,137.4116744725351,0.0,15439500
2024-01-08,139.57484436035156,0.0,139.6840973184582,136.9428619447068,137.06204147897657,0.0,17645300
2024-01-09,141.59104919433594,0.0,141.8294234239338,138.83987202032304,139.10804113423583,0.0,19579700
2024-01-10,142.8226318359375,0.0,143.5426951064754,141.49174310459878,141.5513328753932,0.0,16641900
2024-01-11,142.69349670410156,0.0,145.6631796192662,141.2483842823702,143.91017664161336,0.0,17471100
2024-01-12,143.2596435546875,0.0,143.75624518425926,142.38561983701592,143.35895478755444,0.0,13998700
2024-01-16,143.10072326660156,0.0,144.84875549642337,142.08368109749628,142.45513207374046,0.0,19198900
2024-01-17,141.91880798339844,0.0,142.43527790298106,139.55497946211506,141.93867629128815,0.0,17884500
2024-01-18,144.00453186035156,0.0,144.59548895392675,142.37567928148383,142.4650639288118,0.0,18876800
2024-01-19,146.96426391601562,0.0,147.03378025237419,144.80901500767453,145.31057226771088,0.0,27181000
2024-01-22,146.7060546875,0.0,148.99538084129608,146.57693341892895,147.69925791016107,0.0,21829200
2024-01-23,147.66944885253906,0.0,147.84823331444744,146.18958574018595,146.7159822392896,0.0,14113600
2024-01-24,149.328125,0.0,150.53983426098853,148.82158160830878,149.26852007062226,0.0,19245000
2024-01-25,152.5957489013672,0.0,153.70813170761585,150.19219882067753,150.70866876146974,0.0,21495100
2024-01-26,152.74473571777344,0.0,153.06256806252554,151.76147410574225,151.83099045923157,0.0,19494500
2024-01-29,153.78759765625,0.0,154.14515145585057,151.8806491100736,152.59575670927472,0.0,20909300
2024-01-30,152.00978088378906,0.0,153.98624591780757,151.73664086026346,152.96324764515455,0.0,26578900
2024-01-31,140.8362274169922,0.0,144.60046116076612,140.5879265982581,144.4018235367947,0.0,43908600
2024-02-01,141.7400665283203,0.0,143.63707353987303,141.29311286591138,142.71340163506835,0.0,25526900
2024-02-02,142.56439208984375,0.0,142.90209272277824,137.23089532785647,139.9324094608562,0.0,42136100
2024-02-05,143.94496154785156,0.0,145.67314092040462,142.9319049910857,143.06101112768457,0.0,29254400
2024-02-06,144.4216766357422,0.0,145.74263867089806,143.53772642034644,144.9679414104424,0.0,21517700
2024-02-07,145.68304443359375,0.0,146.00087674584566,144.22304960880777,145.12685304223172,0.0,21436100
2024-02-08,146.21939086914062,0.0,146.60673954948905,145.4248251990445,145.97109004442805,0.0,18241300
2024-02-09,149.19898986816406,0.0,149.67076746269106,146.42794437992504,146.9444143010264,0.0,21877700
2024-02-12,147.71913146972656,0.0,149.56649032528404,147.55028871715868,148.52362376640664,0.0,17236100
2024-02-13,145.3751678466797,0.0,147.03381560382212,144.12373709565372,145.07721896911178,0.0,18138500
2024-02-14,146.1399383544922,0.0,146.82525108162173,144.56570439760185,146.36837087850864,0.0,16651800
2024-02-15,142.961669921875,0.0,143.77608865890562,140.9156737705867,143.47813982528345,0.0,26724300
2024-02-16,140.79647827148438,0.0,143.4979921513447,140.5581192059589,143.2298382026285,0.0,21865100
2024-02-20,141.2334747314453,0.0,142.35479882473894,139.8429964835782,139.9820443083649,0.0,18625600
2024-02-21,142.8623504638672,0.0,143.00139831132194,140.94547548430683,141.67050960638667,0.0,16440800
2024-02-22,144.33230590820312,0.0,145.20631447694223,143.03119689930858,145.12685639704245,0.0,23024700
2024-02-23,144.30250549316406,0.0,144.96299419604122,143.80590382697437,143.98468830744434,0.0,14519400
2024-02-26,137.80694580078125,0.0,142.86234651762354,137.79701922447967,142.474997870765,0.0,33513000
2024-02-27,139.1477813720703,0.0,139.53513003332552,137.5586501102096,138.46246870483137,0.0,22364000
2024-02-28,136.4959259033203,0.0,138.33335811960436,135.7113019435236,138.15458879525067,0.0,30628700
2024-02-29,138.82994079589844,0.0,138.998783519723,136.6349702311013,137.40966750750945,0.0,35485000
2024-03-01,137.14151000976562,0.0,139.04845847886628,137.03722790932866,138.66110980787832,0.0,28551500
2024-03-04,133.28785705566406,0.0,135.70134854294074,131.95696849827638,135.6119487433549,0.0,43571500
2024-03-05,132.8707275390625,0.0,133.10910177124268,130.65588856888178,131.8378028431057,0.0,28447600
2024-03-06,131.65902709960938,0.0,133.82421817550758,131.0531724800545,133.32761652521933,0.0,23175200
2024-03-07,134.32083129882812,0.0,134.89689108097627,131.75836474585773,132.98000066649072,0.0,24107300
2024-03-08,135.3636474609375,0.0,138.0403371616575,133.8837845014997,134.11718784246213,0.0,26495200
2024-03-11,137.9956512451172,0.0,139.02857587653116,136.13836616172082,136.13836616172082,0.0,22536400
2024-03-12,138.6710205078125,0.0,139.32653823137912,137.2706155684734,137.31033702668464,0.0,19019700
2024-03-13,139.813232421875,0.0,141.22357928560828,139.0583882165814,139.10805141246854,0.0,19637000
2024-03-14,143.3589630126953,0.0,143.74631169978204,140.52337178857226,141.33283491602936,0.0,36117900
2024-03-15,141.20372009277344,0.0,143.35896956872452,140.17079526499822,142.43529771692286,0.0,41039500
2024-03-18,147.4708251953125,0.0,151.89057695283617,147.1331397026208,148.35477554681722,0.0,47676700
2024-03-19,146.9146270751953,0.0,148.60306961691788,146.01080845492217,147.96742012514895,0.0,17748400
2024-03-20,148.66265869140625,0.0,148.74211677188956,146.66135470166356,147.7787083842636,0.0,17730000
2024-03-21,147.7290496826172,0.0,150.27660316481433,147.0040004336908,149.29831255997556,0.0,19843900
2024-03-22,150.7384796142578,0.0,151.52310360783267,149.06989007305708,149.21887967151255,0.0,19252900
2024-03-25,150.1226806640625,0.0,150.42660064743754,147.78866187880232,149.92404302458425,0.0,15114700
2024-03-26,150.6689453125,0.0,152.15875033896853,150.0035008859537,150.2120802578947,0.0,19312700
2024-03-27,150.9073028564453,0.0,151.65220528716614,149.1096074151183,151.11091133945177,0.0,16622000
2024-03-28,151.22511291503906,0.0,151.63232986193898,150.3014412187363,150.96688554033764,0.0,21105600
2024-04-01,155.4363250732422,0.0,155.9329267507925,150.61928273897215,150.79806722353212,0.0,24469800
2024-04-02,154.81057739257812,0.0,154.9297720816141,152.41696920681449,153.69819466209617,0.0,17598100
2024-04-03,155.3071746826172,0.0,155.48595913367262,153.08439459854065,153.8670331186225,0.0,17266200
2024-04-04,150.9073028564453,0.0,155.11847489887006,150.84771308680024,154.02596042686008,0.0,24184800
2024-04-05,152.8937225341797,0.0,153.7875994661611,150.05414549387086,150.649073316628,0.0,16297300
2024-04-08,155.07875061035156,0.0,155.59024966391866,152.94336974324503,152.96819376178502,0.0,16641500
2024-04-09,157.06515502929688,0.0,158.80326064686437,155.57535021423902,156.28053116160086,0.0,21521500
2024-04-10,156.58843994140625,0.0,157.08504160417482,155.1383564178868,156.80694588543082,0.0,16339200
2024-04-11,159.69712829589844,0.0,160.0248871549839,156.85656667223518,157.26378360216657,0.0,17841700
2024-04-12,158.1080322265625,0.0,160.6009669981502,157.52204592984705,158.3215672940823,0.0,16989800
2024-04-15,155.26747131347656,0.0,159.73688609456082,155.0886868415919,159.19062125696797,0.0,21140900
2024-04-16,154.93971252441406,0.0,156.16134832204972,153.9961724342877,154.58215873546226,0.0,15413200
2024-04-17,155.813720703125,0.0,157.6024745493931,155.0737740239414,156.12161126603937,0.0,16237800
2024-04-18,156.38978576660156,0.0,157.4078130055725,155.14828174098898,155.85841840642055,0.0,14016100
2024-04-19,154.66162109375,0.0,156.91619685740514,152.86392552225382,156.6778226064857,0.0,21479900
2024-04-22,156.87643432617188,0.0,158.10304082117602,154.60200578359263,154.9496177926356,0.0,17243900
2024-04-23,158.8330535888672,0.0,159.38924495487626,156.89133951837178,157.51209151705658,0.0,16115400
2024-04-24,160.0050506591797,0.0,160.29307293528493,157.74054844711983,158.00870241467607,0.0,19485700
2024-04-25,156.87643432617188,0.0,157.204193183894,151.72966397455428,152.3176355102756,0.0,36197800
2024-04-26,172.5094451904297,0.0,175.22088535227135,170.23500165301834,174.79381530280207,0.0,56500800
2024-04-29,166.75881958007812,0.0,170.21517780105322,165.92453248746162,169.60932321246955,0.0,35914600
2024-04-30,163.52098083496094,0.0,168.71542953697917,163.38193298755766,166.24236316851517,0.0,29420800
2024-05-01,164.4446563720703,0.0,167.66262494833143,163.7791969107278,165.05049575778264,0.0,25223200
2024-05-02,167.3150177001953,0.0,167.38453404353805,164.56384059343182,165.537175485777,0.0,17041100
2024-05-03,167.84141540527344,0.0,168.69557076948902,163.8586608459886,168.38766504505602,0.0,22767100
2024-05-06,168.67572021484375,0.0,168.74523656600897,166.74890336567313,168.06986558861053,0.0,15147900
2024-05-07,171.80429077148438,0.0,172.29096581083274,168.84454938451893,168.96372892269463,0.0,21102400
2024-05-08,169.99667358398438,0.0,170.74057579361528,169.3630094192717,169.58945661024885,0.0,14569900
2024-05-09,170.413818359375,0.0,171.26797377514256,168.77502387588422,169.98673307395165,0.0,11937700
2024-05-10,169.13259887695312,0.0,170.17546546908537,166.76878511054522,168.5366859350783,0.0,18740500
2024-05-13,169.73841857910156,0.0,169.78808176946214,164.63335480464102,164.71976905896994,0.0,19648600
2024-05-14,170.7614288330078,0.0,171.60565766413922,169.2616973696119,170.42374336258686,0.0,18729500
2024-05-15,172.6981658935547,0.0,172.86303797761985,170.86073403251723,171.12890312228032,0.0,20958200
2024-05-16,174.23764038085938,0.0,175.14145898339967,172.8670301894522,173.4132950126952,0.0,17247300
2024-05-17,176.08499145507812,0.0,176.28859993291974,173.79069445146914,174.35682755889388,0.0,16546400
2024-05-20,177.24703979492188,0.0,178.72690278063692,176.02043330554352,176.1048470859633,0.0,17495100
2024-05-21,178.31971740722656,0.0,178.59782827950428,176.1048782470159,177.18746622861286,0.0,14706000
2024-05-22,176.7901611328125,0.0,177.63637518954954,175.57845207443984,177.18743633175416,0.0,16189400
2024-05-23,173.87017822265625,0.0,178.6872205930412,173.35370823070926,177.56489594373735,0.0,14928400
2024-05-24,175.1315460205078,0.0,176.09892509965346,174.00922140142632,175.32025707912294,0.0,11403600
2024-05-28,176.81004333496094,0.0,177.29670321864995,174.48593625775842,174.54554118185376,0.0,15655300
2024-05-29,176.19424438476562,0.0,177.01860487232003,175.0619933251889,175.60825812478257,0.0,15023800
2024-05-30,172.38035583496094,0.0,175.48908689657685,172.0525969396879,175.48908689657685,0.0,18826300
2024-05-31,172.7776336669922,0.0,173.234498647724,169.80795067192355,172.22142715011307,0.0,28085200
2024-06-03,173.23451232910156,0.0,174.66472746101607,171.2779006771184,172.6981892321732,0.0,20742800
2024-06-04,173.939697265625,0.0,173.99928703829391,172.04267534190697,173.26431114685838,0.0,14066600
2024-06-05,175.8665008544922,0.0,176.7603776874857,174.0985851861043,175.33513349634194,0.0,15233900
2024-06-06,177.13780212402344,0.0,177.4953558930094,176.00555104808095,176.22404181599816,0.0,14255800
2024-06-07,174.75411987304688,0.0,178.2005365812026,174.59520370576436,177.24706988766712,0.0,14716300
2024-06-10,175.6291046142578,0.2,177.45867433844847,173.39185457486468,175.45011672149846,0.0,17099800
2024-06-11,177.18028259277344,0.0,177.37914625134988,174.4458655634547,176.71294465034026,0.0,14402400
2024-06-12,178.54249572753906,0.0,181.0482200434598,176.77258356019271,178.7314214935462,0.0,18600400
2024-06-13,175.73849487304688,0.0,177.4984541099869,175.6589463784239,176.83225253638392,0.0,15956900
2024-06-14,177.35926818847656,0.0,177.71722886878834,174.85554617328688,174.85554617328688,0.0,12361600
2024-06-17,177.76693725585938,0.0,178.9004768092494,175.48992027637692,175.977133968316,0.0,15272900
2024-06-18,175.4501495361328,0.0,177.89621671251533,174.6248508798992,177.77688637091632,0.0,15640300
2024-06-20,176.7030029296875,0.0,177.7271651627615,175.46008612524582,175.70866948613414,0.0,16753200
2024-06-21,179.23854064941406,0.0,181.47777846659835,177.0510101132299,177.47858138255626,0.0,58903200
2024-06-24,179.76553344726562,0.0,181.04823206356787,179.20870915616425,180.25276228814133,0.0,18198300
2024-06-25,184.52841186523438,0.0,184.69744673874425,180.0787634051556,180.1185452414668,0.0,18797000
2024-06-26,184.319580078125,0.0,184.87640436233303,182.94741028413344,183.15621180454954,0.0,13375700
2024-06-27,185.80116271972656,0.0,186.43753556757085,184.39914881090033,184.59305113060682,0.0,13025700
2024-06-28,182.38064575195312,0.0,185.5227432016718,182.2861828572196,184.66761579883254,0.0,23032400
2024-07-01,183.444580078125,0.0,184.28975439076217,181.6945435299368,183.43462703353134,0.0,11815900
2024-07-02,185.5525665283203,0.0,185.89063626145088,182.0226797308145,182.43036008846724,0.0,12555500
2024-07-03,186.328125,0.0,186.55681742120683,184.33448178719718,185.2443052947994,0.0,7409100
2024-07-05,190.87225341796875,0.0,191.17054131148387,186.25854687293653,186.25854687293653,0.0,14303400
2024-07-08,189.40065002441406,0.0,190.59286104667993,188.24723463939952,190.2806449249132,0.0,12097600
2024-07-09,189.36087036132812,0.0,191.76715556228163,189.15205365470237,190.66344479257373,0.0,10198500
2024-07-10,191.5682830810547,0.0,192.2145937443777,189.53983437871398,189.66910258030822,0.0,12052900
2024-07-11,186.2386474609375,0.0,191.31969170381163,185.7613716807593,190.25574769105722,0.0,16452000
2024-07-12,185.72161865234375,0.0,187.62079936803704,185.08524578930252,185.86082474199884,0.0,14449100
2024-07-15,187.1236114501953,0.0,188.82391312654403,185.43324764615406,185.43324764615406,0.0,12186000
2024-07-16,184.4488525390625,0.0,189.26142273214708,184.07100097790882,187.88925290644931,0.0,12760100
2024-07-17,181.58518981933594,0.0,184.18040101707552,180.59085625962464,183.63351452476908,0.0,17376600
2024-07-18,178.20445251464844,0.0,183.00708517888938,177.20018113362187,182.49996537952947,0.0,17877200
2024-07-19,178.37347412109375,0.0,180.93885620153185,177.84647861485163,179.34791663817788,0.0,14485900
2024-07-22,182.31105041503906,0.0,183.25566419065754,180.8692547249465,181.31671693074068,0.0,16303900
2024-07-23,182.55963134765625,0.0,184.17044671555993,182.29115706223075,182.79826167041253,0.0,23772600
2024-07-24,173.3819122314453,0.0,176.94162766782634,172.5864576395385,174.39613656014743,0.0,31250700
2024-07-25,168.20143127441406,0.0,174.20719796643118,168.09205400022609,173.26258432880184,0.0,28967900
2024-07-26,167.7241668701172,0.0,168.87759736716222,164.92513082283665,167.81366841574962,0.0,25150100
2024-07-29,170.16029357910156,0.0,171.1844558514704,168.75827972854137,169.53385863048427,0.0,13768900
2024-07-30,170.88616943359375,0.0,171.96998939296338,169.15602354470616,170.8563406400204,0.0,13681400
2024-07-31,172.16883850097656,0.0,174.91320865604047,170.74694888658044,173.92881303446427,0.0,15650200
2024-08-01,171.47279357910156,0.0,174.68448624625722,169.5437843354653,171.00545566245466,0.0,17177800
2024-08-02,167.44577026367188,0.0,169.245526803925,165.44716521247585,167.23696870655328,0.0,18907800
2024-08-05,159.729736328125,0.0,164.99970702790134,155.7126355760506,156.478261463729,0.0,34907800
2024-08-06,159.63027954101562,0.0,161.43003576435538,157.23394754524335,160.03299853205522,0.0,36146500
2024-08-07,159.839111328125,0.0,163.85621202253907,159.33200670134502,162.31500722379837,0.0,19334200
2024-08-08,162.91159057617188,0.0,164.56218776245834,161.11184943969516,161.42406553399982,0.0,15733600
2024-08-09,164.4528045654297,0.0,164.58207276583246,160.01807081379508,160.72903074368634,0.0,13549200
2024-08-12,163.02098083496094,0.0,165.75539806973325,162.62325348792436,165.05439110341254,0.0,12435000
2024-08-13,164.98974609375,0.0,165.59629011991402,163.8363307946276,164.24897251060386,0.0,12717600
2024-08-14,161.1118621826172,0.0,164.02526734280278,158.62602833400268,163.27951718821842,0.0,22515900
2024-08-15,162.24539184570312,0.0,162.59341463206414,160.5749188847497,161.2908402029654,0.0,18392500
2024-08-16,163.80648803710938,0.0,166.00395633125356,162.15589096929418,162.48402280848563,0.0,16853100
2024-08-19,167.44577026367188,0.0,167.51538089759572,165.14886210140853,166.0537093084597,0.0,13100800
2024-08-20,168.00259399414062,0.0,169.44437452745237,167.7042909111701,167.78383941145057,0.0,12622500
2024-08-21,166.6801300048828,0.0,167.68440138112788,165.6261389190102,166.04375716969605,0.0,15269600
2024-08-22,164.55226135253906,0.0,168.4599848429793,164.09486125288578,168.0821332464103,0.0,19123800
2024-08-23,166.4812469482422,0.0,166.99830460508238,164.72128761615647,165.60624380473357,0.0,14281600
2024-08-26,166.97840881347656,0.0,168.4202044524346,165.37754652596405,167.20213990843885,0.0,11990300
2024-08-27,165.43722534179688,0.0,167.29164775200093,165.21847074114297,166.66025139285182,0.0,13718200
2024-08-28,163.56784057617188,0.0,166.4414634298573,162.35475264200346,165.8349194627731,0.0,15208700
2024-08-29,162.47409057617188,0.0,166.68013227630968,161.06412637762125,165.11902137221767,0.0,17133800
2024-08-30,164.1743927001953,0.0,164.3434275620666,162.48402890915824,163.2894365572667,0.0,18498800
2024-09-03,157.7112274169922,0.0,162.45420217078595,156.96050081516395,162.38956806965845,0.0,26533100
2024-09-04,156.91575622558594,0.0,159.4910761689926,156.54785771147758,157.17925397775187,0.0,17410700
2024-09-05,157.70127868652344,0.0,160.10258710131595,156.6273968253213,156.88591803970726,0.0,14139500
2024-09-06,151.26795959472656,0.0,158.31778043968708,151.07405728029937,157.79078490061713,0.0,24999100
2024-09-09,148.88833618164062,0.2,153.966117760885,147.5541792056116,152.9605245521996,0.0,28057700
2024-09-10,149.35630798339844,0.0,151.63633754172483,148.89134773184537,150.79003544164266,0.0,20401800
2024-09-11,151.4869842529297,0.0,151.81554806620483,148.0520210302128,150.43160574548077,0.0,18991500
2024-09-12,154.8622283935547,0.0,154.93193066114088,152.83112436992744,154.13541361945022,0.0,20980800
2024-09-13,157.6798858642578,0.0,158.58094104280494,155.42973945471823,155.68064025177955,0.0,16733900
2024-09-16,158.2971954345703,0.0,158.5461060421012,156.92320401946452,157.64006778453728,0.0,14157600
2024-09-17,159.58155822753906,0.0,160.88584730457183,158.7153542251151,159.3923837460219,0.0,12064800
2024-09-18,160.1092529296875,0.0,160.92568699517338,158.9642702393375,160.14908713362692,0.0,16756500
2024-09-19,162.52867126464844,0.0,164.2710454691448,161.81379771037444,164.1017880837837,0.0,17548200
2024-09-20,163.9225616455078,0.0,164.03208291554088,162.46891707891413,163.80308942085253,0.0,46362700
2024-09-23,162.35940551757812,0.0,165.88397275654322,162.2399181046613,164.61950271655863,0.0,15648400
2024-09-24,162.9269256591797,0.0,163.8329639111907,161.32394074881324,163.5342681455247,0.0,18774100
2024-09-25,162.27975463867188,0.0,163.50139761204187,162.06567998392188,162.25983753751672,0.0,13607900
2024-09-26,163.11610412597656,0.0,164.7788251915405,162.787540294966,164.31087202546163,0.0,18234500
2024-09-27,164.56973266601562,0.0,166.2424198697135,163.11610320738927,163.19575642587947,0.0,13604300
2024-09-30,166.4614715576172,0.0,166.63072895908564,163.92258015099264,164.06196949292544,0.0,14070100
2024-10-01,167.68609619140625,0.0,169.69729815329652,165.1770730146529,168.12418129125342,0.0,18629500
2024-10-02,166.58094787597656,0.0,168.14411392735968,165.52556923373535,167.02898397228472,0.0,12745000
2024-10-03,166.4813690185547,0.0,167.17831564598703,164.64937549349344,165.09742671826152,0.0,11004300
2024-10-04,167.8254852294922,0.0,168.8111767024193,166.23246646010332,168.60208510793254,0.0,11422100
2024-10-07,163.67364501953125,0.0,169.15962888910855,163.41478347821553,168.4029461736727,0.0,14034700
2024-10-08,164.97793579101562,0.0,165.37620184985647,163.59399352017417,164.70910810033513,0.0,11723900
2024-10-09,162.3494415283203,0.0,165.5354940563339,160.41789291037858,164.13661774956313,0.0,19666400
2024-10-10,162.4689178466797,0.0,163.5950013001064,160.9356352512682,161.40358838977565,0.0,12900500
2024-10-11,163.8031005859375,0.0,164.54983242552584,161.79189857746948,162.61828363635632,0.0,10946000
2024-10-14,165.6251220703125,0.0,166.88957700087903,164.0619561840233,164.1913945597103,0.0,9981800
2024-10-15,166.17271423339844,0.0,168.35317356937637,165.32642728967718,166.41167388401854,0.0,14829300
2024-10-16,166.01341247558594,0.0,166.55105266505137,164.49605145370796,165.30649971580135,0.0,9968500
2024-10-17,163.79312133789062,0.0,167.19821643099237,163.65373201334134,166.65062527959674,0.0,15113400
2024-10-18,164.33078002929688,0.0,165.64502008827174,164.03208427288982,164.15155649853372,0.0,13091300
2024-10-21,165.0775146484375,0.0,165.4956826376428,163.58901891443685,163.8628296926184,0.0,11384000
2024-10-22,166.0930633544922,0.0,166.74022480209356,163.95242319647124,163.98229125145,0.0,11958600
2024-10-23,163.7632598876953,0.0,166.86967454799074,162.91995064208177,165.704759555194,0.0,12754300
2024-10-24,163.81304931640625,0.0,164.33078763866595,162.06072409253227,163.87278543199432,0.0,12764400
2024-10-25,166.26231384277344,0.0,166.67051564133874,164.50997366436278,164.64439509849527,0.0,14566400
2024-10-28,167.60643005371094,0.0,169.86256206708674,165.06753901516458,169.84662534790536,0.0,20858300
2024-10-29,170.3942413330078,0.0,171.11110508314272,167.9250524115973,168.6468840430168,0.0,28916100
2024-10-30,175.3724365234375,0.0,182.98909414615085,174.97915355569205,181.61511808403742,0.0,49698300
2024-10-31,171.93748474121094,0.0,177.64251131508703,171.80804637049553,173.95863755379753,0.0,32801900
2024-11-01,171.89764404296875,0.0,173.0625589507953,169.56784461190855,170.79248043711254,0.0,21752900
2024-11-04,169.9362335205078,0.0,171.1708355365351,168.74644878064223,170.49380601285034,0.0,16194000
2024-11-05,170.66305541992188,0.0,171.34705817597293,169.6275788891059,170.08558104548533,0.0,12518300
2024-11-06,177.55288696289062,0.0,177.86153363431225,174.27721540294266,174.5858772666596,0.0,27061500
2024-11-07,181.48568725585938,0.0,181.78438300082175,178.11046028006697,178.32950281355292,0.0,16730400
2024-11-08,179.0762481689453,0.0,181.55540329027707,178.7875185486928,181.20692236266052,0.0,15021500
2024-11-11,181.17706298828125,0.0,181.29156734251112,179.20569513512734,179.28534835646568,0.0,12503400
2024-11-12,182.52117919921875,0.0,183.22309374945092,180.20133049340726,180.58963043690287,0.0,14065800
2024-11-13,179.70350646972656,0.0,181.8192466194637,179.33510844230398,181.3562613464338,0.0,13969700
2024-11-14,176.57717895507812,0.0,179.6586932804585,175.26292374510342,178.96671454665437,0.0,17925800
2024-11-15,173.13226318359375,0.0,175.11359710727302,171.99224833661086,174.8746374525842,0.0,21708900
2024-11-18,176.02957153320312,0.0,176.13909280002633,173.65993786500817,174.19261017148003,0.0,18662800
2024-11-19,178.7974395751953,0.0,179.38486486474858,174.3528880122025,174.471372723143,0.0,15392900
2024-11-20,176.55726623535156,0.0,178.32950846808063,174.56598146219105,178.05072981522193,0.0,15729800
2024-11-21,168.5025177001953,0.0,174.8148865873952,164.58963534340768,174.69043129296793,0.0,38839400
2024-11-22,165.84417724609375,0.0,167.53178337066268,164.98792409496505,166.43160267043936,0.0,24497000
2024-11-25,168.69168090820312,0.0,169.7172065350398,166.6705280950971,167.257968644597,0.0,21395700
2024-11-26,169.87649536132812,0.0,170.74768243022393,168.6916785168623,168.75142982025878,0.0,14937500
2024-11-27,170.07562255859375,0.0,170.39422019006713,168.93062481450642,169.93621805397308,0.0,12433400
2024-11-29,169.7470703125,0.0,170.12540407605727,168.01464714823365,169.3189362005132,0.0,9250700
2024-12-02,172.22622680664062,0.0,172.84353545661656,169.5280442738957,169.57782943487248,0.0,16593400
2024-12-03,172.2660675048828,0.0,173.56040577757184,171.75828011299862,172.36562263829046,0.0,15721500
2024-12-04,175.32266235351562,0.0,175.66117711522332,171.99722046364053,172.02708851953844,0.0,18239800
2024-12-05,173.55043029785156,0.0,176.93562368996317,173.25173452909203,176.54732374826511,0.0,16145500
2024-12-06,175.72093200683594,0.0,176.06841023086653,172.7937409307028,173.1223047445848,0.0,13319500
2024-12-09,176.52830505371094,0.2,177.46525783971273,174.8337806994744,175.14776627345978,0.0,19887800
2024-12-10,185.92787170410156,0.0,187.4230296378457,182.08033134621863,183.9393165192724,0.0,34317400
2024-12-11,196.07501220703125,0.0,196.25442385309114,185.65873341528825,186.0973154961447,0.0,41664500
2024-12-12,193.00494384765625,0.0,196.07001433446632,192.65606760610342,195.66632294012962,0.0,25197800
2024-12-13,190.76222229003906,0.0,193.7126587699419,190.6425993125333,192.08793082002458,0.0,18883200
2024-12-16,197.52032470703125,0.0,199.992314777292,193.4833954424774,193.73757714576846,0.0,32248600
2024-12-17,196.48367309570312,0.0,202.22508900404006,196.0550684770214,197.88912513239245,0.0,24129500
2024-12-18,189.5361785888672,0.0,198.04861948645635,188.6689918668289,196.19462306691972,0.0,27638400
2024-12-19,189.08763122558594,0.0,193.97182278625914,188.90821957957144,192.65607654402254,0.0,26981200
2024-12-20,192.3371124267578,0.0,193.5083072410875,185.76837404956783,186.4063074568899,0.0,45319700
2024-12-23,195.35733032226562,0.0,195.85571627268868,191.0114042261952,193.40365070441305,0.0,15235900
2024-12-24,196.9322509765625,0.0,197.03191905065805,194.56789854953635,195.53676105342174,0.0,6809800
2024-12-26,196.46376037597656,0.0,197.52033622530104,195.23771990822095,196.1049218602123,0.0,7907900
2024-12-27,193.4136199951172,0.0,196.1647202757909,191.3523024429326,195.83578371138285,0.0,14693000
2024-12-30,192.06797790527344,0.0,193.1544556150159,189.74549757657897,190.24887224804684,0.0,12209500
2024-12-31,189.82525634765625,0.0,192.6261831490538,188.96803184531277,191.82378901400236,0.0,14355200
2025-01-02,190.0146484375,0.0,192.57634453093496,188.10084805074,190.86688422631914,0.0,17545200
2025-01-03,192.50656127929688,0.0,193.87213391074388,190.7323085199097,192.10286987789056,0.0,12875000
2025-01-06,197.32098388671875,0.0,198.9158098969417,194.43033607710257,194.5200419032114,0.0,19483300
2025-01-07,196.07501220703125,0.0,201.48747646329343,195.30749356553247,197.62997397768044,0.0,16966800
2025-01-08,194.75926208496094,0.0,197.00199887323063,193.12455676767007,193.32390810694315,0.0,14335300
2025-01-10,192.5464324951172,0.0,196.98206455558247,190.98150846908007,194.78916934463103,0.0,20753800
2025-01-13,191.6692657470703,0.0,191.86863229863644,188.05099402103852,190.73231291855885,0.0,13169100
2025-01-14,190.43328857421875,0.0,192.6461235720949,189.02783644133166,191.87860489385017,0.0,13651200
2025-01-15,196.34413146972656,0.0,197.16149175688608,192.7059199913067,193.72263162353136,0.0,12894900
2025-01-16,193.7824249267578,0.0,196.34412075053376,193.67277941152807,195.19285044538734,0.0,13449600
2025-01-17,196.91229248046875,0.0,198.16821960282297,194.67951794230683,197.41067843197106,0.0,22109100
2025-01-21,198.98558044433594,0.0,203.18198165088893,198.79619134868744,199.8627293790569,0.0,19005200
2025-01-22,199.38429260253906,0.0,201.4675423346555,198.55697005615318,199.90261827692612,0.0,15477400
2025-01-23,198.9357452392578,0.0,201.28812762165109,196.18466016542135,199.33444793070097,0.0,15170800
2025-01-24,201.2482452392578,0.0,201.91609581228664,199.1390785263405,199.20487496402947,0.0,12732400
2025-01-27,193.14450073242188,0.0,198.0286770954344,192.077947468968,193.56314311700586,0.0,24970200
2025-01-28,196.43385314941406,0.0,196.59332510027124,191.98824361312455,194.0216516747315,0.0,15939200
2025-01-29,196.54347229003906,0.0,197.81935429110533,194.55990597999036,196.73286138104575,0.0,12287800
2025-01-30,201.97589111328125,0.0,202.58193012039442,198.82808076772176,199.11514547234088,0.0,14571500
2025-01-31,204.93630981445312,0.0,206.411527975635,202.92282630706868,203.0573850388532,0.0,17060300
2025-02-03,201.98587036132812,0.0,204.55754385594432,201.00903809438392,201.56223923433402,0.0,16719500
2025-02-04,207.0395050048828,0.0,208.02629948497267,203.6006296665919,203.83986040606993,0.0,28285400
2025-02-05,192.67601013183594,0.0,193.92197499920485,189.29695401991273,192.47665879496333,0.0,43666400
2025-02-06,192.68597412109375,0.0,193.2042997692843,189.87508526379926,190.37347121526227,0.0,20816600
2025-02-07,186.53590393066406,0.0,192.39193919392628,184.50249582506203,192.11783298882085,0.0,29565700
2025-02-10,187.5924835205078,0.0,189.37671388134663,187.00439170282652,188.44970803135288,0.0,16606000
2025-02-11,186.46612548828125,0.0,188.19053660602074,185.47931583791075,186.2318834848387,0.0,13028100
2025-02-12,184.83140563964844,0.0,186.22689542176803,183.03722839190226,184.6320543020691,0.0,17632300
2025-02-13,187.27352905273438,0.0,187.38317458159915,184.28321303955016,185.32981147653763,0.0,12729300
2025-02-14,186.2667694091797,0.0,187.5426362882782,185.50922820269398,186.2269052233785,0.0,12714200
2025-02-18,185.20022583007812,0.0,187.173829973565,182.98739095029217,186.83493117095733,0.0,19796000
2025-02-19,186.5259552001953,0.0,186.75520850886727,184.90121192111516,185.58399832945472,0.0,13120500
2025-02-20,186.03750610351562,0.0,186.5159523550358,184.00409812740568,185.89795864642505,0.0,12063800
2025-02-21,180.99383544921875,0.0,186.8648210730536,180.5452911558963,186.68539423000573,0.0,19520800
2025-02-24,180.6051025390625,0.0,184.49250685544612,180.2961056843669,183.20667779988295,0.0,18734000
2025-02-25,176.7974395751953,0.0,180.17649594747144,176.19938551849802,179.57345316387003,0.0,20832500
2025-02-26,174.1360626220703,0.0,177.50515679618596,173.029645111073,176.37382606939352,0.0,23637200
2025-02-27,169.66055297851562,0.0,176.01994740253818,169.20402365784025,175.3720517468169,0.0,25930500
2025-02-28,171.6640625,0.0,171.94315742282225,167.84642419410588,169.75026222513335,0.0,30049800
2025-03-03,168.1155548095703,0.0,174.43508509945715,167.0988431977501,173.16918050892346,0.0,24122000
2025-03-04,172.0528106689453,0.0,174.5995557564392,166.99916947110347,167.39788738556237,0.0,30711400
2025-03-05,174.4251251220703,0.0,175.18266631177056,170.37821831917367,171.76374589997425,0.0,18848000
2025-03-06,173.64764404296875,0.0,176.15949834739462,171.95112715118205,171.99299899435542,0.0,19082400
2025-03-07,175.18267822265625,0.0,176.32895993375635,171.69397623813677,172.68277843809483,0.0,16395300
2025-03-10,167.4588623046875,0.2,170.09333760834892,165.21856474391475,169.80395112078375,0.0,28990700
2025-03-11,165.63267517089844,0.0,168.30208065925785,162.89841848850494,166.33120734425228,0.0,23705900
2025-03-12,168.64637756347656,0.0,169.1752673518877,165.13373869034936,168.11748777506543,0.0,19880100
2025-03-13,164.3852996826172,0.0,167.76820552881753,163.72669229913674,167.62849908664165,0.0,15206200
2025-03-14,167.2692413330078,0.0,167.89792789698524,164.16574856488666,164.9690719773977,0.0,18611100
2025-03-17,166.22146606445312,0.0,168.1075107039109,165.46304658969382,166.97487590206185,0.0,17839100
2025-03-18,162.32962036132812,0.0,166.0917361122214,158.4677229909182,165.61274474870302,0.0,24616800
2025-03-19,165.93206787109375,0.0,167.78118741272533,162.70883071557313,163.57201100984685,0.0,24955700
2025-03-20,164.70465087890625,0.0,166.68050364483307,162.7986437263556,163.48220798963953,0.0,19981500
2025-03-21,165.90211486816406,0.0,166.1216557270406,162.68885163572668,163.0381253367192,0.0,29882100
2025-03-24,169.5744171142578,0.0,170.14323170803982,167.0896371412489,168.91081531503914,0.0,18742800
2025-03-25,172.42843627929688,0.0,172.54819553776656,170.19313314600385,170.82180453881222,0.0,13841600
2025-03-26,166.79025268554688,0.0,171.58021155127406,166.5118295600408,170.94155138430105,0.0,22498000
2025-03-27,163.73666381835938,0.0,167.08963361496558,163.50714935773365,166.36116540619523,0.0,21571200
2025-03-28,155.7334442138672,0.0,163.46722744812823,155.01395983965068,162.02026459805788,0.0,34866500
2025-03-31,155.90309143066406,0.0,156.80121735692813,151.89151406467764,154.4860645445433,0.0,33591600
2025-04-01,158.5475616455078,0.0,159.74504769962883,154.93014665745514,154.97505067146278,0.0,20111400
2025-04-02,158.527587890625,0.0,159.93962031962053,156.20246156153843,156.63156970946335,0.0,17113300
2025-04-03,152.31063842773438,0.0,154.36332590944218,151.8615678363665,152.51521130834698,0.0,28416100
2025-04-04,147.4308624267578,0.0,152.7696585204793,147.23126874135036,149.58633109667096,0.0,39832200
2025-04-07,148.92771911621094,0.0,154.60579993715052,142.3614860124179,143.08995421575065,0.0,47823000
2025-04-08,146.27328491210938,0.0,154.11683856421288,144.90615649348965,153.25364308480528,0.0,35304400
2025-04-09,160.7229766845703,0.0,161.53127930904452,145.50488757744728,146.02380373183385,0.0,46479500
2025-04-10,155.0448760986328,0.0,159.6951284840176,151.88151129987415,158.42778175519828,0.0,35270500
2025-04-11,159.0664520263672,0.0,159.52549618373823,155.2594476417932,155.2594476417932,0.0,22582000
2025-04-14,161.1321258544922,0.0,163.686766627887,159.5853661782517,161.9703645032261,0.0,18255900
2025-04-15,158.34796142578125,0.0,161.71092019595181,157.3151386924203,161.2319288394032,0.0,15690800
2025-04-16,155.17462158203125,0.0,157.84900646503428,153.58795225695732,155.1446855741514,0.0,16921500
2025-04-17,153.03909301757812,0.0,156.74133649905758,150.5842338964966,156.2822923546128,0.0,19513400
2025-04-21,149.5464324951172,0.0,150.74391856133738,148.08948070952727,150.64911612185406,0.0,16147800
2025-04-22,153.5779571533203,0.0,154.28647817349793,150.55429866627406,150.75389234645476,0.0,15910300
2025-04-23,157.38998413085938,0.0,159.68517460141064,156.0228556241092,157.57958900662848,0.0,18575700
2025-04-24,161.1321258544922,0.0,161.3716291370705,157.7591936190999,158.19328094694924,0.0,30787500
2025-04-25,163.5071563720703,0.0,167.8879698596393,162.65892887309212,166.75035587414118,0.0,35148100
2025-04-28,162.08013916015625,0.0,164.60484399235878,160.04441449921725,163.91628536051073,0.0,20871200
2025-04-29,161.7209014892578,0.0,162.33959932204192,159.0564900529909,161.70593348449245,0.0,15955200
2025-04-30,160.5533447265625,0.0,161.03632552341878,156.82615942714932,159.5255011706688,0.0,20639500
2025-05-01,162.44935607910156,0.0,163.59695884625,160.59324751027046,162.17993201602457,0.0,21904300
2025-05-02,165.46304321289062,0.0,166.3511802953172,163.31754813877285,164.60983654805946,0.0,16844900
2025-05-05,165.70254516601562,0.0,166.75035109742606,164.12584947218224,164.1707534829321,0.0,15309300
2025-05-06,164.8543243408203,0.0,166.39111049603875,162.7886636287067,163.61692872306404,0.0,10691900
2025-05-07,152.4802703857422,0.0,166.64058037151528,149.1771989680043,165.7225072906682,0.0,78729800
2025-05-08,155.42410278320312,0.0,157.08063299058793,153.7775613966295,155.59374524152167,0.0,38387500
2025-05-09,154.0569610595703,0.0,156.10265920444155,153.5081089022484,155.22451097958617,0.0,22871000
2025-05-12,159.24609375,0.0,160.10429487952555,157.55962750025756,158.7671023741996,0.0,31884900
2025-05-13,160.5533447265625,0.0,161.72089473004775,157.25027318025747,159.58537318722793,0.0,24944300
2025-05-14,166.46095275878906,0.0,167.98775006260223,160.59325160571225,160.97246133997137,0.0,31769200
2025-05-15,165.05389404296875,0.0,167.15947947237044,163.49716078272107,166.79025857078503,0.0,22717600
2025-05-16,167.0796356201172,0.0,170.29289879987024,166.6006443117216,168.57649678235524,0.0,36271400
2025-05-19,167.51873779296875,0.0,167.59857222526293,165.06887289763344,165.36824821202137,0.0,21374700
2025-05-20,164.9740753173828,0.0,169.32493740245837,163.91628057612473,167.4089568284216,0.0,33563300
2025-05-21,169.70416259765625,0.0,174.1648107504269,164.5449821761113,164.60485419531173,0.0,45567600
2025-05-22,171.62013244628906,0.0,177.75727288119202,171.52035082957954,172.98727611426764,0.0,45024100
2025-05-23,169.23513793945312,0.0,170.84676411617667,168.90582662036127,169.92369658602146,0.0,24963600
2025-05-27,173.61595153808594,0.0,173.92530044273832,170.8517585839039,170.94156660908797,0.0,24341300
2025-05-28,173.0172119140625,0.0,176.1107161118287,172.65297018501624,173.61594729418155,0.0,25999200
2025-05-29,172.5980987548828,0.0,175.0329804174553,171.42055991285764,174.63382348309548,0.0,21174700
2025-05-30,172.48831176757812,0.0,173.0770735186819,168.17234979116824,172.04923004578563,0.0,36258300
2025-06-02,170.01348876953125,0.0,170.70404207052295,168.29708672339368,168.65633401739595,0.0,24742900
2025-06-03,167.35906982421875,0.0,169.4446927986556,166.33121111323524,168.51165174308437,0.0,25386700
2025-06-04,169.03555297851562,0.0,169.22515784223899,167.44388927750356,167.92787503026992,0.0,18508700
2025-06-05,169.4546661376953,0.0,171.999333247985,168.9956372255751,171.26087623375113,0.0,25375400
2025-06-06,174.55398559570312,0.0,175.4620851142868,171.93947270561807,171.93947270561807,0.0,22258100
2025-06-09,177.47137451171875,0.21,177.75610840952234,175.5031325772629,175.71293650196031,0.0,18817600
2025-06-10,179.8492431640625,0.0,182.2820814822952,176.3174115528641,177.6012524442818,0.0,32908000
2025-06-11,178.63034057617188,0.0,181.587704115862,177.84105272420047,181.06816418757248,0.0,18994400
2025-06-12,176.8119659423828,0.0,177.97093371422645,175.95273331776258,177.32150502104858,0.0,17345900
2025-06-13,175.7229461669922,0.0,178.18374417661255,173.41501140826213,173.4249969901244,0.0,20873200
2025-06-16,177.78109741210938,0.0,178.08581772153445,175.66299550545116,175.74791106095938,0.0,18132500
2025-06-17,177.0717315673828,0.0,178.5554060908411,175.78289022905207,176.84194122313968,0.0,17656100
2025-06-18,173.8246307373047,0.0,177.66520741745524,172.68564937270733,177.12168687013792,0.0,32531800
2025-06-20,167.58021545410156,0.0,175.2084072749372,166.1215277486504,174.70885376714864,0.0,55402600
2025-06-23,165.86175537109375,0.0,168.32955099660168,163.18415580302408,167.17059840849774,0.0,36975600
2025-06-24,167.5902099609375,0.0,169.09885600930554,166.7609493398623,167.5352511496685,0.0,27310300
2025-06-25,171.3368682861328,0.0,173.2051935344053,168.41048297188135,168.49939276403427,0.0,23627400
2025-06-26,174.27423095703125,0.0,174.4940357220232,170.70742680723183,173.23016594590123,0.0,25909100
2025-06-27,178.11080932617188,0.0,178.68029238922279,172.55577684017305,174.47406045255778,0.0,74053100
2025-06-30,177.23159790039062,0.0,181.41785885338717,175.34328619730314,180.6235705829387,0.0,43964600
2025-07-01,176.7520294189453,0.0,177.06175016091657,174.50403858767385,176.64711220363492,0.0,25778500
2025-07-02,179.59947204589844,0.0,179.77431882306013,175.93275111969743,176.38734664225254,0.0,19325900
2025-07-03,180.38877868652344,0.0,180.60858345440707,178.03088546799643,179.65943481772604,0.0,13287400
2025-07-07,177.4014434814453,0.0,180.1789598314395,176.48226683459202,179.9741410589373,0.0,20991400
2025-07-08,175.0035858154297,0.0,178.63033385947716,173.76468764691197,178.62034827773374,0.0,24108600
2025-07-09,177.50135803222656,0.0,180.11901356387378,173.72473469070374,175.95273909172283,0.0,31288000
2025-07-10,178.54042053222656,0.0,179.4296251657738,175.5830723051054,176.512234511381,0.0,24693700
2025-07-11,181.14808654785156,0.0,182.44692868840252,177.38245509455163,177.75112886809936,0.0,23975700
2025-07-14,182.64674377441406,0.0,184.5650273381907,180.5496192082718,181.9074143693571,0.0,20990400
2025-07-15,182.93649291992188,0.0,185.24442758915293,182.22712026096616,183.77573911870363,0.0,23911600
2025-07-16,183.60589599609375,0.0,185.16950087616138,182.91650973311008,184.1554078901505,0.0,21152600
2025-07-17,184.53506469726562,0.0,185.02162933119868,181.33792526233427,182.95148859796868,0.0,21654400
2025-07-18,185.77395629882812,0.0,187.19268639627012,184.56503013215195,186.45334173485833,0.0,21033400
2025-07-21,190.9792938232422,0.0,191.08919620124823,186.88296433744753,186.9329227356617,0.0,24665000
2025-07-22,191.93844604492188,0.0,193.18732979274287,188.32666875796485,192.2481667751554,0.0,26212900
2025-07-23,191.33897399902344,0.0,193.18732802696937,190.010159874068,192.1882210378446,0.0,34068100
2025-07-24,193.0274658203125,0.0,198.79231737351353,191.77858209315576,197.9330847594232,0.0,45252100
2025-07-25,193.9066925048828,0.0,195.10061746773786,191.95843686256575,192.75771028339912,0.0,31101800
2025-07-28,193.2472686767578,0.0,194.6460275845246,191.68366382649796,194.23639006720387,0.0,25553500
2025-07-29,196.25457763671875,0.0,196.4843832196581,192.817662416167,193.1273831421187,0.0,31891600
2025-07-30,197.26368713378906,0.0,198.30275169861974,195.3853611085289,196.12470577159496,0.0,21150500
2025-07-31,192.68777465820312,0.0,196.65423062723093,191.90847242579005,196.4244402882278,0.0,27852000
2025-08-01,189.78036499023438,0.0,191.44687467641603,188.5314812837375,189.6105186355703,0.0,21236700
2025-08-04,195.5751953125,0.0,195.9049024520249,190.74950667153828,191.00428383507187,0.0,23386000
2025-08-05,195.1455841064453,0.0,198.5225553573162,194.5011558308944,195.37037403152394,0.0,19010200
2025-08-06,196.74415588378906,0.0,197.20375182865104,194.2933433951165,195.0756489615275,0.0,15383700
2025-08-07,197.10382080078125,0.0,198.19284373359994,195.04566289247066,197.53344472313984,0.0,14660600
2025-08-08,201.90953063964844,0.0,203.24833036524188,197.72326985656238,197.80320024624658,0.0,24379900
2025-08-11,201.449951171875,0.0,201.97947666721265,199.6215835153614,201.37500595004394,0.0,16690200
2025-08-12,203.97769165039062,0.0,204.9468266736469,201.2201465346662,201.91453322711988,0.0,19854000
2025-08-13,202.84869384765625,0.0,205.24654455972473,198.46261470892654,204.79694945685728,0.0,19573000
2025-08-14,203.63800048828125,0.0,205.2365625759638,202.14432512407217,202.37911588398708,0.0,17777100
2025-08-15,204.72702026367188,0.0,207.14485738883576,201.9045460206804,204.53718749330082,0.0,21111400
2025-08-18,204.10755920410156,0.0,205.95591322393057,203.22835542424343,204.88687667774633,0.0,13000200
2025-08-19,202.30918884277344,0.0,204.10756930819693,200.75056906348905,203.72291858829,0.0,13476600
2025-08-20,200.01123046875,0.0,201.9894580373513,197.28367265876727,201.49989012472352,0.0,13971700
2025-08-21,200.4408416748047,0.0,203.17840034597594,200.22103691495778,200.54075847297617,0.0,11768900
2025-08-22,206.535400390625,0.0,209.0431534739571,201.94950291655513,203.7778705571345,0.0,25723700
2025-08-25,208.9732208251953,0.0,210.90148999026277,205.7660806926536,206.8151460768586,0.0,22788800
2025-08-26,207.76429748535156,0.0,208.2738518119723,206.26563698618554,208.18392059569848,0.0,23051000
2025-08-27,208.02407836914062,0.0,209.3828645197921,206.20569628356685,206.2756410923181,0.0,15249000
2025-08-28,212.1803436279297,0.0,212.70986910562976,207.4146143286289,207.6543902459798,0.0,20915700
2025-08-29,213.3393096923828,0.0,215.14769086553312,210.78159829310974,211.08133343259135,0.0,24682200
2025-09-02,211.8007049560547,0.0,212.17936432543956,206.77519781054198,208.80338386353435,0.0,28900100
2025-09-03,230.8936309814453,0.0,231.59300282388122,224.91896021781164,226.27774633104264,0.0,72250300
2025-09-04,232.45223999023438,0.0,232.56214237085004,226.55749949973745,229.94947205835598,0.0,32196000
2025-09-05,234.95999145507812,0.0,235.9191408833356,232.17248963182874,232.4522383723282,0.0,26127700
2025-09-08,234.16000366210938,0.21,238.39999389648438,233.72999572753906,235.7899932861328,0.0,23128800
2025-09-09,239.94000244140625,0.0,240.58999633789062,233.3800048828125,234.19000244140625,0.0,22854800
2025-09-10,239.55999755859375,0.0,242.0800018310547,238.11000061035156,239.25,0.0,19990100
2025-09-11,240.77999877929688,0.0,242.57000732421875,236.5800018310547,240.13999938964844,0.0,21308600
2025-09-12,241.3800048828125,0.0,242.42300415039062,238.5,240.8000030517578,0.0,14536600
2025-09-15,251.75999450683594,0.0,252.75,244.97999572753906,245.13999938964844,0.0,29935200
2025-09-16,251.4199981689453,0.0,253.22999572753906,249.71499633789062,252.3300018310547,0.0,24493500
2025-09-17,249.85000610351562,0.0,251.9499969482422,246.5800018310547,251.4600067138672,0.0,20491300
2025-09-18,252.3300018310547,0.0,254.13999938964844,250.11000061035156,251.86000061035156,0.0,21166400
2025-09-19,255.24000549316406,0.0,256.70001220703125,252.0679931640625,253.39999389648438,0.0,41616800
2025-09-22,252.8800048828125,0.0,256.30999755859375,250.80999755859375,254.77999877929688,0.0,20079000
2025-09-23,252.33999633789062,0.0,254.77000427246094,251.08999633789062,253.65499877929688,0.0,17521100
2025-09-24,247.8300018310547,0.0,252.9600067138672,247.22000122070312,252.14999389648438,0.0,16958500
2025-09-25,246.57000732421875,0.0,247.31500244140625,241.64999389648438,244.83999633789062,0.0,17379800
2025-09-26,247.17999267578125,0.0,250.1199951171875,246.63999938964844,247.78500366210938,0.0,16594600
2025-09-29,244.36000061035156,0.0,251.6479949951172,243.1999969482422,248.27499389648438,0.0,23157200
2025-09-30,243.5500030517578,0.0,243.6750030517578,239.5709991455078,243.05999755859375,0.0,22541200
2025-10-01,245.5399932861328,0.0,247.14999389648438,239.1999969482422,241.17999267578125,0.0,23967700
2025-10-02,246.42999267578125,0.0,247.63499450683594,243.10499572753906,245.63999938964844,0.0,20657500
2025-10-03,246.4499969482422,0.0,247.1179962158203,242.47000122070312,245.22999572753906,0.0,19941400
2025-10-06,251.50999450683594,0.0,252.1999969482422,245.69000244140625,245.77999877929688,0.0,18309000
2025-10-07,247.1300048828125,0.0,251.5500030517578,246.80999755859375,248.92999267578125,0.0,13811200
2025-10-08,245.4600067138672,0.0,247.25999450683594,245.08999633789062,246.1999969482422,0.0,14136500
2025-10-09,242.2100067138672,0.0,245.55499267578125,239.67999267578125,245.05999755859375,0.0,19375700
2025-10-10,237.49000549316406,0.0,244.83999633789062,236.68499755859375,242.16000366210938,0.0,22449100
2025-10-13,244.63999938964844,0.0,244.99000549316406,240.75,241.02999877929688,0.0,12465000
2025-10-14,246.19000244140625,0.0,248.02499389648438,241.17799377441406,241.7550048828125,0.0,17705400
2025-10-15,251.7100067138672,0.0,252.75999450683594,246.7899932861328,248.0850067138672,0.0,16048100
2025-10-16,251.8800048828125,0.0,257.5799865722656,250.6699981689453,252.46499633789062,0.0,18946000
2025-10-17,253.7899932861328,0.0,254.8800048828125,248.58999633789062,251.35000610351562,0.0,17653800
2025-10-20,257.0199890136719,0.0,257.8800048828125,254.60000610351562,255.22999572753906,0.0,13726800
2025-10-21,251.33999633789062,0.0,255.3800048828125,244.6699981689453,255.25,0.0,27836400
2025-10-22,252.52999877929688,0.0,257.17999267578125,250.4510040283203,255.00999450683594,0.0,19650200
2025-10-23,253.72999572753906,0.0,255.86000061035156,252.76800537109375,253.6999969482422,0.0,13241300
2025-10-24,260.510009765625,0.0,262.510009765625,256.1000061035156,257.29998779296875,0.0,18406000
2025-10-27,269.92999267578125,0.0,270.79998779296875,264.94000244140625,265.3599853515625,0.0,22987700
2025-10-28,268.42999267578125,0.0,271.3800048828125,267.1700134277344,270.20001220703125,0.0,20101200
2025-10-29,275.1700134277344,0.0,275.9700012207031,268.42999267578125,268.6099853515625,0.0,26287900
2025-10-30,281.8999938964844,0.0,291.92999267578125,280.45001220703125,291.7200012207031,0.0,48570000
2025-10-31,281.82000732421875,0.0,286.2850036621094,277.52301025390625,283.2049865722656,0.0,29932800
2025-11-03,284.1199951171875,0.0,285.94000244140625,280.3699951171875,282.4200134277344,0.0,19691800
2025-11-04,278.05999755859375,0.0,281.8340148925781,276.864990234375,277.06500244140625,0.0,18123700
2025-11-05,284.75,0.0,286.70001220703125,277.8800048828125,279.3800048828125,0.0,20063200
2025-11-06,285.3399963378906,0.0,288.80999755859375,281.6199951171875,285.7349853515625,0.0,23103800
2025-11-07,279.70001220703125,0.0,284.5,275.739990234375,284.2099914550781,0.0,21991100
2025-11-10,290.5899963378906,0.0,291.4599914550781,283.5400085449219,285.2650146484375,0.0,19508200
2025-11-11,291.739990234375,0.0,292.3399963378906,287.8800048828125,288.20001220703125,0.0,14156700
2025-11-12,287.42999267578125,0.0,292.3599853515625,284.3800048828125,292.0849914550781,0.0,16998800
2025-11-13,279.1199951171875,0.0,283.510009765625,278.0,282.9849853515625,0.0,18060200
2025-11-14,276.9800109863281,0.0,279.1499938964844,271.4100036621094,271.8949890136719,0.0,18330500
2025-11-17,285.6000061035156,0.0,294.5199890136719,284.2300109863281,286.3999938964844,0.0,34197900
