Price,Close,Dividends,High,Low,Open,Stock Splits,Volume
Ticker,JPM,JPM,JPM,JPM,JPM,JPM,JPM
Date,,,,,,,
2015-11-18,51.4649658203125,0.0,51.54127139380576,50.64092034678599,50.72485182059022,0.0,12911400
2015-11-19,51.62520217895508,0.0,51.74728061657952,51.15213440757792,51.56416004949392,0.0,12839500
2015-11-20,51.533634185791016,0.0,51.96854913042986,51.41154993823757,51.876985944764776,0.0,11209600
2015-11-23,51.03005599975586,0.0,51.564165961835165,50.95375623982982,51.35815020660648,0.0,11339000
2015-11-24,50.95375061035156,0.0,51.22843437277646,50.38912546372165,50.48831455853702,0.0,10910000
2015-11-25,51.01478958129883,0.0,51.213173579943785,50.77825861991669,51.068199986168906,0.0,7772000
2015-11-27,51.251304626464844,0.0,51.373388840424354,50.84691085499148,51.121594515104654,0.0,4052500
2015-11-30,50.877445220947266,0.0,51.51837004805032,50.877445220947266,51.33524950049191,0.0,15147500
2015-12-01,51.58705139160156,0.0,51.75491434347513,51.11398360189407,51.381035652011974,0.0,12708800
2015-12-02,50.86219787597656,0.0,51.79306424320768,50.7248559822378,51.754917274629285,0.0,13440900
2015-12-03,50.205989837646484,0.0,51.14448756003413,50.03812694192287,50.991888102810556,0.0,14626900
2015-12-04,51.800716400146484,0.0,51.88464791394663,50.381518212090356,50.43492864620857,0.0,17786000
2015-12-07,51.121612548828125,0.0,51.69386940571799,50.663808227575785,51.625201377114145,0.0,11686000
2015-12-08,50.32808303833008,0.0,51.09109219140597,50.12969902856695,50.54935639127783,0.0,13084500
2015-12-09,49.94658279418945,0.0,50.80115521542782,49.62612031921196,50.0610353413381,0.0,16770200
2015-12-10,50.06103515625,0.0,50.740112893176615,49.656641202945195,50.00762474395122,0.0,12839000
2015-12-11,48.88597869873047,0.0,49.71766140483384,48.45869267818478,49.44297774238647,0.0,17889300
2015-12-14,49.03858947753906,0.0,49.41246810638763,48.527374807028316,49.00807423803444,0.0,17638200
2015-12-15,50.434898376464844,0.0,50.85455569359793,49.648999965558545,49.648999965558545,0.0,18126600
2015-12-16,51.526004791259766,0.0,51.686236007434694,50.289933746111,51.05294286387595,0.0,21720000
2015-12-17,50.5722541809082,0.0,51.884631074796154,50.419654653325395,51.80833131100475,0.0,18122100
2015-12-18,49.137794494628906,0.0,50.33571872650803,49.137794494628906,50.33571872650803,0.0,23819600
2015-12-21,50.00761413574219,0.0,50.02287175546306,49.465878405545894,49.6108461674341,0.0,18869300
2015-12-22,50.114444732666016,0.0,50.35860744500197,49.5803406185868,50.297565311593424,0.0,12149500
2015-12-23,50.91559982299805,0.0,51.00715718940117,50.39675340195633,50.45016380612397,0.0,12524500
2015-12-24,50.81641387939453,0.0,51.03768725606836,50.60277222503317,50.83167732401947,0.0,4468200
2015-12-28,50.64854049682617,0.0,50.70195089942885,50.13732581172947,50.579872474035845,0.0,6610600
2015-12-29,51.17502212524414,0.0,51.35051678654597,50.92322771518843,50.99952746394231,0.0,9820800
2015-12-30,50.80876922607422,0.0,51.159758507538164,50.7019484260798,51.15212678716799,0.0,7190700
2015-12-31,50.381492614746094,0.0,50.95374947010904,50.35860327193922,50.50357687144645,0.0,14654300
2016-01-04,48.86827850341797,0.44,49.20625360231976,48.39972018505284,49.12176202522507,0.0,25393200
2016-01-05,48.95276641845703,0.0,49.260015667853544,48.42275948538063,48.92972353055013,0.0,16566700
2016-01-06,48.246097564697266,0.0,48.491898172237576,47.88507664042115,48.17696596069066,0.0,22961500
2016-01-07,46.2950553894043,0.0,47.623915917414436,46.149112185810544,47.20912626908538,0.0,27630900
2016-01-08,45.258079528808594,0.0,47.06318125632834,45.204310827963376,46.955643854637906,0.0,22373300
2016-01-11,45.18896484375,0.0,45.488534249824774,44.582143111858585,45.18896484375,0.0,20925500
2016-01-12,45.28880310058594,0.0,45.74968142385837,44.628212888350795,45.66518691808304,0.0,22971600
2016-01-13,44.044437408447266,0.0,45.84185613851615,43.714142300729634,45.67286712614686,0.0,28808100
2016-01-14,44.70503616333008,0.0,45.61142715343493,44.00604001979242,44.67431034972571,0.0,31296300
2016-01-15,43.814002990722656,0.0,44.221109718080214,43.18413853587059,43.36080754831207,0.0,38131700
2016-01-19,43.79095458984375,0.0,44.52835933640361,43.40689077753783,44.344007417220055,0.0,22818900
2016-01-20,42.63875961303711,0.0,43.15340660249148,41.98585235839145,42.73093703006345,0.0,34646100
2016-01-21,42.439056396484375,0.0,43.41457894943629,42.29311318500642,42.81544026737712,0.0,31301100
2016-01-22,43.7448616027832,0.0,43.9061676741423,43.245577556949186,43.35311493785525,0.0,22732200
2016-01-25,42.75397491455078,0.0,43.66804555009052,42.70788621143265,43.38383920629644,0.0,21114400
2016-01-26,43.8447151184082,0.0,43.89848380410354,42.869192930519944,42.89991580079328,0.0,17535700
2016-01-27,43.814002990722656,0.0,44.75879967300075,43.44530206082202,43.844728800758006,0.0,20560000
2016-01-28,43.998348236083984,0.0,44.52835815835572,43.49906705139995,44.182700150390296,0.0,15497900
2016-01-29,45.703590393066406,0.0,45.734316199093456,44.17501524022337,44.42081875826561,0.0,26992200
2016-02-01,45.21199417114258,0.0,45.81881572088171,44.88937903285838,45.44243188124589,0.0,16807900
2016-02-02,43.80632019042969,0.0,44.53604206476341,43.59124537995536,44.45923046964387,0.0,22448200
2016-02-03,44.09821319580078,0.0,44.39778254393977,42.26238837603636,44.06748738312633,0.0,31543200
2016-02-04,44.85865783691406,0.0,44.95083233837924,43.829366625000034,43.829366625000034,0.0,21651300
2016-02-05,44.359371185302734,0.0,45.42706813548039,44.10588765776015,44.9969185326315,0.0,22001300
2016-02-08,43.42993927001953,0.0,43.72182567559942,42.661811598162835,43.54515666269332,0.0,28267600
2016-02-09,43.16876220703125,0.0,43.545143007313534,42.34686609029805,42.469766362047686,0.0,26300000
2016-02-10,42.64643859863281,0.0,44.0981990859803,42.60803281016558,43.45297187713987,0.0,22389600
2016-02-11,40.76454162597656,0.0,41.40976908749726,40.32670901960626,41.40208909886576,0.0,44334700
2016-02-12,44.15964889526367,0.0,44.221097568276754,42.377590495105,42.74629425387832,0.0,37011400
2016-02-16,44.820247650146484,0.0,45.01227956455187,44.27487771647707,44.72807315168075,0.0,23730700
2016-02-17,45.14286804199219,0.0,45.511569008924525,44.85097867768853,45.20431673806017,0.0,21580100
2016-02-18,44.405452728271484,0.0,45.21198603355445,43.97530026470607,45.196623131622765,0.0,17037800
2016-02-19,44.41313171386719,0.0,44.68197516618191,43.844719006066384,44.16733114884405,0.0,15658200
2016-02-22,44.98923873901367,0.0,45.22735937867699,44.87401841300812,44.94315002257653,0.0,14882800
2016-02-23,43.10732650756836,0.0,44.62053904244796,42.98442619048306,44.474595831588765,0.0,31772500
2016-02-24,43.1226806640625,0.0,43.176449358741955,41.73237165853082,42.40064181395694,0.0,25560100
2016-02-25,43.79095458984375,0.0,43.806317493956904,43.04587278648883,43.11500438991087,0.0,14473300
2016-02-26,44.198062896728516,0.0,44.63589539520105,43.89081068403673,44.27487448481433,0.0,20947500
2016-02-29,43.24558639526367,0.0,44.251834678288134,43.237906407989584,44.09820856123619,0.0,19554100
2016-03-01,45.473148345947266,0.0,45.473148345947266,43.52978378868954,43.598915380531494,0.0,23958100
2016-03-02,45.90330123901367,0.0,46.01084155768856,45.28879978317044,45.47315168501045,0.0,20943100
2016-03-03,46.05692672729492,0.0,46.05692672729492,45.396336572171855,45.7650403709828,0.0,15790600
2016-03-04,46.12607192993164,0.0,46.5101358143277,45.72664513853875,46.164477732336266,0.0,18459000
2016-03-07,46.04157257080078,0.0,46.12606708532146,45.56533422461784,45.7343232536592,0.0,12832400
2016-03-08,45.15054702758789,0.0,45.703599930792905,45.07373542666486,45.48084218587147,0.0,14132900
2016-03-09,45.411705017089844,0.0,45.734320147880766,45.073729912133324,45.434750838687016,0.0,13238800
2016-03-10,45.019954681396484,0.0,45.83416798208451,44.40545324780911,45.77271930381276,0.0,21139200
2016-03-11,45.5806884765625,0.0,45.71126875226788,45.050681527246596,45.619094267642076,0.0,21055000
2016-03-14,45.411705017089844,0.0,45.55765114323251,45.01227829477338,45.434750838687016,0.0,13436100
2016-03-15,45.473148345947266,0.0,45.480828331630214,44.88168982244916,44.96618431583087,0.0,10910500
2016-03-16,45.258079528808594,0.0,45.8956268819368,44.912424431996314,45.30416824246497,0.0,17423900
2016-03-17,45.12750244140625,0.0,45.41939178828467,44.54372667782405,45.14286534704981,0.0,19405700
2016-03-18,46.45635223388672,0.0,46.83273600938844,45.82648789951565,46.12605716462214,0.0,29570200
2016-03-21,46.441001892089844,0.0,46.71752834395319,46.056938026762914,46.25665287763078,0.0,12684400
2016-03-22,46.27201461791992,0.0,46.53317815696852,45.79577332718886,46.07998269009521,0.0,12042700
2016-03-23,46.04157257080078,0.0,46.479405118612846,45.9801238794423,46.34882481811695,0.0,11658700
2016-03-24,45.688236236572266,0.0,45.7112791304168,45.21967786056883,45.549973013155686,0.0,12921200
2016-03-28,45.62678909301758,0.0,45.89563263091957,45.45780005195072,45.72664358985271,0.0,11159700
2016-03-29,45.34257125854492,0.0,45.57301188252272,44.958507458814275,45.57301188252272,0.0,15933400
2016-03-30,45.86489486694336,0.0,46.26432154072965,45.61141430156736,45.67286298128692,0.0,13307100
2016-03-31,45.488521575927734,0.0,46.03389151863608,45.40402706336104,45.66519058848785,0.0,14904700
2016-04-01,45.98779296875,0.0,46.133739070217096,44.981547811092355,45.33488576064887,0.0,15417500
2016-04-04,45.809818267822266,0.44,46.09612880178328,45.6241014919296,45.99553209184692,0.0,12305000
2016-04-05,45.15982437133789,0.0,45.52351820888564,45.04375099071283,45.33780139025928,0.0,12886600
2016-04-06,45.50802993774414,0.0,45.56219671436898,44.84254902278991,45.02052599625266,0.0,12167900
2016-04-07,44.35504913330078,0.0,45.21398374377293,44.16159549857708,45.08243373718934,0.0,19226800
2016-04-08,44.680057525634766,0.0,45.33006192549895,44.64136443308106,44.656841079728835,0.0,13547700
2016-04-11,45.03601837158203,0.0,45.56221262991749,44.81161138896595,44.81161138896595,0.0,17627800
2016-04-12,45.87173843383789,0.0,45.95685853048964,45.03602002061968,45.144353615678604,0.0,17779200
2016-04-13,47.81401062011719,0.0,48.10032123019074,46.72293202035001,46.80031230895298,0.0,37516800
2016-04-14,48.43305969238281,0.0,48.68068014745841,47.674721679730204,47.73662531756477,0.0,24249900
2016-04-15,47.87590789794922,0.0,48.67293893360517,47.55090718676656,48.65746228756765,0.0,19290700
2016-04-18,48.18544006347656,0.0,48.42532367488654,47.61281590637832,47.69793599274537,0.0,13813100
2016-04-19,48.99794387817383,0.0,49.12175410530268,48.402106237657286,48.402106237657286,0.0,19255600
2016-04-20,49.70985794067383,0.0,49.76402473708284,48.866402696056575,49.12176002886065,0.0,14594400
2016-04-21,49.214603424072266,0.0,50.034850848693345,49.01341294306325,49.72532385282142,0.0,15395800
2016-04-22,49.500919342041016,0.0,49.81818024807029,49.24555911521524,49.24555911521524,0.0,12444700
2016-04-25,49.214603424072266,0.0,49.48544028342726,48.866389243551595,49.214603424072266,0.0,10687200
2016-04-26,49.469966888427734,0.0,49.57830045853953,49.00567931598618,49.3771099643131,0.0,12048000
2016-04-27,49.60926055908203,0.0,50.01938140275409,49.214613411662405,49.415806885369726,0.0,15284100
2016-04-28,49.214603424072266,0.0,49.84913110892835,49.02114978961936,49.2455567140331,0.0,12852500
2016-04-29,48.90507888793945,0.0,49.22234272717488,48.51817162292706,48.81995881733782,0.0,16376400
2016-05-02,49.36164474487305,0.0,49.524145137657406,48.85866396507108,49.28426149697401,0.0,10247300
2016-05-03,48.409828186035156,0.0,48.68066203554991,47.82172761013516,48.67292519064987,0.0,19120300
2016-05-04,47.643760681152344,0.0,48.17769164760012,47.41161691103889,47.78304753359406,0.0,17030200
2016-05-05,47.388404846191406,0.0,47.976502611641095,47.24911798955654,47.666975607592875,0.0,14033900
2016-05-06,47.6669807434082,0.0,47.72888733163521,46.885429254188224,46.970549337066046,0.0,11057900
2016-05-09,47.36518859863281,0.0,47.891382736576354,47.24137838687365,47.48899881039198,0.0,11197100
2016-05-10,48.0074577331543,0.0,48.17769493519126,47.47352377840329,47.62828728632921,0.0,11897200
2016-05-11,47.82947540283203,0.0,48.44078661562855,47.82947540283203,47.953285605003636,0.0,11254000
2016-05-12,47.798519134521484,0.0,48.40983326107622,47.488992172454616,48.18542636117113,0.0,11071700
2016-05-13,47.35746765136719,0.0,48.28604602725072,47.218180747391195,47.74437506199622,0.0,15122300
2016-05-16,47.713409423828125,0.0,47.96876966571411,47.202691891924665,47.36519225392383,0.0,10951300
2016-05-17,47.713409423828125,0.0,48.10031673441767,47.31876526584893,47.535432415181155,0.0,12180900
2016-05-18,49.555084228515625,0.0,49.65567799413878,47.73661827450652,47.74435807301183,0.0,24007100
2016-05-19,49.05209732055664,0.0,49.694364728430806,48.67292989459177,49.160430870832315,0.0,16076200
2016-05-20,49.14496994018555,0.0,49.67116712037083,49.0366363552737,49.41580685433395,0.0,11862000
2016-05-23,49.10627365112305,0.0,49.42353751803766,48.87412986223623,49.09853680396981,0.0,9347500
2016-05-24,49.94199752807617,0.0,50.11997158901953,49.37711319562039,49.4777069733824,0.0,13839400
2016-05-25,50.70033264160156,0.0,51.22652683322552,50.23604503810682,50.25152463700772,0.0,18935200
2016-05-26,50.321163177490234,0.0,50.74676357477079,50.22830920261954,50.739023775619245,0.0,9428400
2016-05-27,50.63068389892578,0.0,50.65389738975338,50.33663650888255,50.46044376120846,0.0,10116000
2016-05-31,50.50688171386719,0.0,50.93248215060857,50.26700105156068,50.862841662998626,0.0,15139400
2016-06-01,50.831878662109375,0.0,51.00985269895764,49.7253236415899,50.11223090885215,0.0,14031000
2016-06-02,50.924739837646484,0.0,50.92473983764649,50.42176504198488,50.7003328824151,0.0,10637600
2016-06-03,50.01936340332031,0.0,50.18960351952437,49.17590557137765,49.71757625322603,0.0,20261700
2016-06-06,50.51461410522461,0.0,50.886047695882134,49.98841996230616,50.01937325350568,0.0,13193500
2016-06-07,50.344383239746094,0.0,50.87057747970256,50.328909543161075,50.6461705049246,0.0,9924100
2016-06-08,50.49141311645508,0.0,50.6693931089931,50.23605282862414,50.243792629274864,0.0,9428000
2016-06-09,50.1044921875,0.0,50.220565550921044,49.73305860529995,50.13544547799471,0.0,10817800
2016-06-10,49.40031814575195,0.0,49.57829512778038,49.199127673157925,49.46996156931682,0.0,16678400
2016-06-13,48.959259033203125,0.0,49.78723761832367,48.95151923274398,49.121759420417376,0.0,14314900
2016-06-14,48.03841018676758,0.0,49.11401197268579,47.72888317631747,48.502697750574406,0.0,19509300
2016-06-15,47.95329666137695,0.0,48.73484818930873,47.90686671790694,48.29377405788418,0.0,16982100
2016-06-16,48.1467399597168,0.0,48.208643585806286,47.125305038361304,47.55090243028141,0.0,16791200
2016-06-17,48.19316864013672,0.0,48.52590912871771,47.92233473169555,48.20864528517168,0.0,15751500
2016-06-20,48.2628173828125,0.0,49.40806267472932,48.239603888637305,49.09853859554205,0.0,12213200
2016-06-21,48.71163558959961,0.0,48.75032573393533,48.08484462463339,48.54139541227992,0.0,11611600
2016-06-22,48.52590560913086,0.0,49.2997200935445,48.50269211919621,48.711622384212056,0.0,12643500
2016-06-23,49.562835693359375,0.0,49.64021598541721,49.16044872867805,49.29199876741909,0.0,16583600
2016-06-24,46.119354248046875,0.0,47.74436686481358,45.91816372788446,46.800312000364414,0.0,44108700
2016-06-27,44.57945251464844,0.0,45.46160054657241,44.14611534463843,45.43064725902856,0.0,37300700
2016-06-28,46.05745315551758,0.0,46.080666652855655,45.08244494115327,45.80209287732299,0.0,29088700
2016-06-29,47.35746765136719,0.0,47.36520450075729,46.42888927548366,46.70746308343565,0.0,21483000
2016-06-30,48.0848388671875,0.0,48.12352900689065,47.218167339989634,47.690194719225936,0.0,21343600
2016-07-01,47.77290344238281,0.48,48.357782295851415,47.694920785192735,48.08484002083848,0.0,14217800
2016-07-05,46.43938446044922,0.0,47.25821433245175,46.088456522491576,47.1412403363645,0.0,23357700
2016-07-06,46.93846893310547,0.0,47.01645455254453,45.82329986132816,46.018259447655,0.0,20429800
2016-07-07,47.24261474609375,0.0,47.67932237434997,46.91508105005398,47.19582336813161,0.0,13771400
2016-07-08,48.2174186706543,0.0,48.48256092012982,47.82749939811082,47.82749939811082,0.0,16998800
2016-07-11,48.560546875,0.0,49.09083732709178,48.45916703052269,48.67752087261414,0.0,13151400
2016-07-12,49.28579330444336,0.0,49.56653563762487,49.04404230090423,49.15321921384198,0.0,16588100
2016-07-13,49.25459671020508,0.0,49.46515345008552,48.84908035652951,49.1922111807114,0.0,18526900
2016-07-14,50.00323486328125,0.0,50.673896289668455,49.948646419258765,50.48673081042493,0.0,28985900
2016-07-15,50.05003356933594,0.0,50.53353556578277,49.60552587652181,50.49454126215006,0.0,17607100
2016-07-18,49.87845993041992,0.0,50.22159070679757,49.831671533530034,50.01103102140423,0.0,10824400
2016-07-19,49.80048370361328,0.0,49.987643264986964,49.488547134860355,49.605524091854605,0.0,9737400
2016-07-20,49.855072021484375,0.0,50.08902593483732,49.68350661165157,49.995443179557114,0.0,10411100
2016-07-21,49.66790771484375,0.0,50.050029848160946,49.62111931371948,49.9096586950932,0.0,9808700
2016-07-22,49.94086456298828,0.0,49.979852923096324,49.597733675738,49.83168763517162,0.0,8195700
2016-07-25,49.80827331542969,0.0,50.04222421951327,49.66010510364108,49.894056007724664,0.0,8168300
2016-07-26,50.01103210449219,0.0,50.11241489954182,49.6835014197808,49.89405813488695,0.0,8067800
2016-07-27,50.16701126098633,0.0,50.447753592082464,49.95645153781649,49.972051639374875,0.0,11806800
2016-07-28,49.98764419555664,0.0,50.05783275093789,49.69130772205712,49.90966153934048,0.0,10013400
2016-07-29,49.88627243041992,0.0,50.13582052560561,49.71470699941179,49.75369833150056,0.0,13210400
2016-08-01,49.75369644165039,0.0,50.15141277360568,49.60552819540192,50.026641705600106,0.0,11422600
2016-08-02,49.63672637939453,0.0,49.91746874175206,49.426169607626385,49.58993499405226,0.0,13550000
2016-08-03,50.424354553222656,0.0,50.43214865355883,49.63671609154033,49.66790736712232,0.0,13122300
2016-08-04,50.346370697021484,0.0,50.549130369073765,50.120216822366146,50.29178224104919,0.0,9873000
2016-08-05,51.703285217285156,0.0,51.757873664042755,50.74408142460796,50.79866987136556,0.0,20752700
2016-08-08,51.54732894897461,0.0,51.851465519204304,51.34456925225608,51.52393474352559,0.0,11359200
2016-08-09,51.36795425415039,0.0,51.68768488379534,51.227583113168734,51.609702238737626,0.0,10097000
2016-08-10,50.90784454345703,0.0,51.52391752980655,50.814267752924174,51.40694059194628,0.0,11556100
2016-08-11,51.04822540283203,0.0,51.227590868343306,50.705094572999336,50.90005419000512,0.0,9604500
2016-08-12,50.93904113769531,0.0,50.962435336406635,50.58031620816793,50.666098903239096,0.0,7685400
2016-08-15,51.250980377197266,0.0,51.33676307680001,51.048220728163976,51.12620337788607,0.0,8371600
2016-08-16,51.24318313598633,0.0,51.43814274582482,50.87665811753874,50.97024087215146,0.0,10128900
2016-08-17,51.383544921875,0.0,51.45373346245754,51.11060270781855,51.3133623309865,0.0,11868100
2016-08-18,51.430335998535156,0.0,51.46153024601079,51.1028053245826,51.172993868826346,0.0,9313600
2016-08-19,51.360164642333984,0.0,51.399158947634625,50.86106847290318,51.250987727126976,0.0,9084900
2016-08-22,51.31337356567383,0.0,51.3757561213349,51.00923703918045,51.27437926240223,0.0,9055600
2016-08-23,51.28996658325195,0.0,51.73447421275144,51.2821724833919,51.52392047233359,0.0,8949600
2016-08-24,51.430335998535156,0.0,51.648695730864546,51.289964859742014,51.46153024601079,0.0,10167200
2016-08-25,51.523929595947266,0.0,51.578518053106635,51.30557576730976,51.39915852945252,0.0,9978700
2016-08-26,51.640899658203125,0.0,52.155589906949054,51.352357309105,51.72668235794325,0.0,14038600
2016-08-29,52.210174560546875,0.0,52.327151501659216,51.82805543929464,51.851449637578234,0.0,14583100
2016-08-30,52.63909149169922,0.0,52.717074141007224,52.21017799596302,52.21017799596302,0.0,13791200
2016-08-31,52.63909149169922,0.0,52.84964523980032,52.13999539649424,52.60789724203706,0.0,14952300
2016-09-01,52.41294479370117,0.0,52.8106640940291,51.97623713824812,52.74827558619421,0.0,12226500
2016-09-02,52.63129425048828,0.0,52.70148280339738,52.233580932885346,52.56111164727427,0.0,13720700
2016-09-06,52.59230422973633,0.0,52.678086930739234,52.02301957305298,52.639092630394316,0.0,16649400
2016-09-07,52.373958587646484,0.0,52.70928344420339,52.21798731165927,52.373958587646484,0.0,10070400
2016-09-08,52.44414138793945,0.0,52.779472195396636,52.24918175452704,52.420747183881296,0.0,12253000
2016-09-09,51.976226806640625,0.0,52.58449976288198,51.96842675728783,52.272563235408505,0.0,19686900
2016-09-12,52.29595184326172,0.0,52.48311730955419,51.28216567446609,51.5785020715552,0.0,16453000
2016-09-13,51.88263702392578,0.0,52.13998507040086,51.32895258889048,51.55510639188128,0.0,18876100
2016-09-14,51.7812614440918,0.0,52.444122772466756,51.633090271390266,51.67987866289865,0.0,12648600
2016-09-15,51.96843719482422,0.0,52.19459107392172,51.53952363969178,51.69549490960157,0.0,12531300
2016-09-16,51.3289680480957,0.0,51.67209888007292,51.03263157028516,51.53952181791193,0.0,25161500
2016-09-19,51.617515563964844,0.0,51.96844053182823,51.352367362940264,51.58632130797984,0.0,13466900
2016-09-20,51.82805633544922,0.0,52.13219281778348,51.65649094547718,52.05421017225832,0.0,10092200
2016-09-21,52.12438201904297,0.0,52.35053580921382,51.71106872826955,52.12438201904297,0.0,14116800
2016-09-22,52.55330276489258,0.0,52.57669696203228,52.124389318351085,52.241366253743685,0.0,12781700
2016-09-23,52.44414138793945,0.0,52.951037624750896,52.38955292857181,52.55331830667473,0.0,13967400
2016-09-26,51.29777145385742,0.0,52.09320999173601,51.110611894819264,51.93723873445829,0.0,16408100
2016-09-27,51.750083923339844,0.0,51.78907822866067,50.77528578727588,51.009239719809486,0.0,13711400
2016-09-28,52.02302169799805,0.0,52.06981010056717,51.461537068388125,51.921644842533254,0.0,11278000
2016-09-29,51.196407318115234,0.0,52.41295367864423,50.96245334892277,52.01523431089568,0.0,18727200
2016-09-30,51.92943572998047,0.0,52.295960726613146,51.531722433361615,51.531722433361615,0.0,21680100
2016-10-03,51.8670539855957,0.0,52.18678463782368,51.67209438433394,51.74227698493464,0.0,14901700
2016-10-04,52.31479263305664,0.48,52.77038837199963,51.92203892561185,52.00844522068538,0.0,17226900
2016-10-05,53.170989990234375,0.0,53.46948060079822,52.471888986666315,52.542581765637365,0.0,16280000
2016-10-06,53.31239318847656,0.0,53.39094273547595,52.668277314367494,53.20242262408816,0.0,17485000
2016-10-07,53.50090026855469,0.0,53.555885537356026,52.94319082987112,53.24953818361357,0.0,18497000
2016-10-10,53.9172248840332,0.0,54.24713653798525,53.595169981731125,53.681570278098555,0.0,13027500
2016-10-11,53.657997131347656,0.0,54.058607497924854,53.359506540474314,53.807245423256624,0.0,15657100
2016-10-12,53.51662063598633,0.0,53.87795334535157,53.45378459436135,53.61874044040117,0.0,11899800
2016-10-13,53.21026611328125,0.0,53.312385904078866,52.48760079091498,52.99032501455634,0.0,17890000
2016-10-14,53.037452697753906,0.0,54.22357045331595,52.86464611788218,54.042907122058345,0.0,24163800
2016-10-17,52.76253128051758,0.0,53.24954803207773,52.42476285456936,52.9589081329771,0.0,14963400
2016-10-18,53.178855895996094,0.0,53.57946640311303,53.05317781104465,53.29668322078892,0.0,11870300
2016-10-19,53.68943405151367,0.0,53.80726136989102,53.26525930112301,53.26525930112301,0.0,12705800
2016-10-20,53.61874008178711,0.0,53.94865177166021,53.36737793812957,53.4773485014206,0.0,14122000
2016-10-21,53.79940414428711,0.0,53.83082516177463,53.17885253303797,53.26525883289205,0.0,12175700
2016-10-24,54.097896575927734,0.0,54.2392881470718,53.80725668164666,54.17644611701981,0.0,10197100
2016-10-25,54.042903900146484,0.0,54.14501769029363,53.71298628400759,54.10573992865125,0.0,9945100
2016-10-26,54.302127838134766,0.0,54.396390889555654,53.705146491307865,53.705146491307865,0.0,9801300
2016-10-27,54.38068771362305,0.0,54.80485649647348,54.27856790153778,54.58491535190015,0.0,14210700
2016-10-28,54.286415100097656,0.0,54.63204026242269,53.783690860140695,54.6163267588921,0.0,12766500
2016-10-31,54.40424728393555,0.0,54.65560942645696,54.38068301947201,54.53778211119307,0.0,14336300
2016-11-01,54.176448822021484,0.0,54.81270792746491,53.673724542396485,54.577059292422895,0.0,15564500
2016-11-02,53.948638916015625,0.0,54.08217371205615,53.422350489541955,53.925074657060804,0.0,12449800
2016-11-03,53.71299362182617,0.0,54.34925868827272,53.58731555470253,54.090039809088786,0.0,10369700
2016-11-04,53.225990295410156,0.0,53.85439270456995,53.13172723721018,53.79940741885664,0.0,13571300
2016-11-07,54.891258239746094,0.0,54.961957026309214,54.20001384383607,54.26285587790413,0.0,16515100
2016-11-08,55.009090423583984,0.0,55.417557688228726,54.38853876637326,54.74987150482253,0.0,17531700
2016-11-09,57.538421630859375,0.0,58.24537954573224,56.022391988444475,56.132362553764,0.0,50948400
2016-11-10,60.20914840698242,0.0,60.68045168751952,58.300365026802794,58.300365026802794,0.0,56192300
2016-11-11,60.24055862426758,0.0,60.26412288512766,59.517887331201685,59.934211247195904,0.0,27574300
2016-11-14,62.455692291259766,0.0,63.18621438068591,60.68044396770725,60.68044396770725,0.0,46130700
2016-11-15,62.337852478027344,0.0,62.37713023558728,61.09674965164388,61.56020202048466,0.0,28126300
2016-11-16,60.79826354980469,0.0,61.54449305487036,60.389796415685396,61.44237926781295,0.0,26054900
2016-11-17,61.28529357910156,0.0,61.63091880285629,60.955381861670254,61.214600779486304,0.0,19306700
2016-11-18,61.041786193847656,0.0,61.59949579136157,60.91610811205761,61.238163065913675,0.0,19770000
2016-11-21,61.308860778808594,0.0,61.40311784025812,60.711873420193726,61.269583007907,0.0,11983500
2016-11-22,61.685909271240234,0.0,61.70947353975825,61.08107107180458,61.54451766718489,0.0,14410100
2016-11-23,61.94512939453125,0.0,62.24362012304201,61.18318606883692,61.952986148503136,0.0,13373700
2016-11-25,61.921546936035156,0.0,62.40855766617971,61.638763805588695,62.13363128739721,0.0,6185700
2016-11-28,61.52095413208008,0.0,61.95298570321826,61.28529945819611,61.41098354905351,0.0,13007200
2016-11-29,61.99223327636719,0.0,62.180759339026054,61.57591537564922,61.57591537564922,0.0,14144100
2016-11-30,62.97412109375,0.0,63.256904211473525,62.60493169044734,62.77774426160563,0.0,25351900
2016-12-01,64.24664306640625,0.0,64.63153996706059,63.35116521993566,63.35116521993566,0.0,23823600
2016-12-02,64.09740447998047,0.0,64.27807382405896,63.547551681386835,64.25450956025439,0.0,16931500
2016-12-05,65.40132904052734,0.0,65.42489329689619,64.63938612223245,64.64724287200345,0.0,18529800
2016-12-06,65.73910522460938,0.0,65.83336226135341,64.74936438818294,65.66840645410649,0.0,16130000
2016-12-07,66.03760528564453,0.0,66.05331279636954,65.07928532188512,65.62914408439163,0.0,18996900
2016-12-08,66.8624038696289,0.0,67.16089457695448,65.93550473399516,66.1633026394332,0.0,20844900
2016-12-09,67.15303039550781,0.0,67.160887148053,66.09259653386465,66.78384093418512,0.0,14567200
2016-12-12,66.55603790283203,0.0,67.38867374481919,66.2104127640697,67.05090535728652,0.0,14511300
2016-12-13,66.57962799072266,0.0,67.29443681332992,65.84124890528317,66.7524406271402,0.0,16669000
2016-12-14,66.55603790283203,0.0,67.64789259889093,65.79409484307612,65.88835188605111,0.0,22622600
2016-12-15,67.55365753173828,0.0,67.93855460011468,66.68960032003815,67.0823541428971,0.0,19438900
2016-12-16,66.72100067138672,0.0,67.78143446593882,66.68172290409203,67.78143446593882,0.0,23008500
2016-12-19,67.10588073730469,0.0,67.11373748737611,66.13185348150016,66.61101335580317,0.0,21685100
2016-12-20,67.9699478149414,0.0,67.97780456620933,67.2001539931526,67.38867407296584,0.0,14587300
2016-12-21,68.14276123046875,0.0,68.18988975277036,67.57719499106796,67.89139912328454,0.0,11400500
2016-12-22,68.25273895263672,0.0,68.47268007042528,67.71859366960194,67.89926301232596,0.0,13924200
2016-12-23,68.37840270996094,0.0,68.45695222970959,67.86782184217843,68.33912495361452,0.0,10759400
2016-12-27,68.44124603271484,0.0,68.46481628480419,68.14275542864318,68.37841000597781,0.0,6946400
2016-12-28,67.9463882446289,0.0,68.64548933210331,67.82856093925717,68.46482599108626,0.0,9455600
2016-12-29,67.46723175048828,0.0,68.07992657854602,66.79955164280858,68.00923378743751,0.0,14689000
2016-12-30,67.78142547607422,0.0,67.88353926737283,67.28655803570318,67.63217717168426,0.0,13617800
2017-01-03,68.51983642578125,0.0,68.93615453039816,67.53795184208177,68.60623675563473,0.0,20550700
2017-01-04,68.64620208740234,0.48,68.8594599788059,68.24337493018814,68.68569116486617,0.0,15266600
2017-01-05,68.01429748535156,0.0,68.80415112608159,67.34292309595205,68.56719262342057,0.0,14300800
2017-01-06,68.02220153808594,0.0,68.41712838068166,67.88002763370726,68.23545938160126,0.0,12893300
2017-01-09,68.06959533691406,0.0,68.53560614949541,67.54828897764769,67.71416356549119,0.0,12806600
2017-01-10,68.26705932617188,0.0,68.63829154998099,67.7062638911368,67.98271149628003,0.0,13989000
2017-01-11,68.78044128417969,0.0,68.78044128417969,67.8563141749742,68.26703532591985,0.0,14713100
2017-01-12,68.11698913574219,0.0,68.93053757494812,67.94322033783293,68.52771648100158,0.0,21337400
2017-01-13,68.48030853271484,0.0,69.64139435371334,68.00639755147802,68.8041514193248,0.0,28296000
2017-01-17,65.99227142333984,0.0,67.31132550372388,65.77900757435272,67.08226723404744,0.0,30024600
2017-01-18,66.30032348632812,0.0,66.52938178930131,65.58155370533234,66.05546473426399,0.0,21270100
2017-01-19,65.7947998046875,0.0,66.87689525686586,65.65262593181905,66.39508413359519,0.0,16555600
2017-01-20,66.08705139160156,0.0,66.21343086419716,65.78690918334439,65.89748820881309,0.0,18436800
2017-01-23,66.11865997314453,0.0,66.3477182951534,65.72373307853053,65.79482305313626,0.0,12179200
2017-01-24,66.9164047241211,0.0,67.13756279031233,66.00017156292274,66.28451936977014,0.0,15175300
2017-01-25,67.95112609863281,0.0,68.06170515610947,67.27185130207239,67.80105193801164,0.0,17551000
2017-01-26,68.51980590820312,0.0,68.67777423184333,67.88792056143177,67.88792056143177,0.0,15962800
2017-01-27,68.66197967529297,0.0,68.70147476917822,68.14067336131295,68.44872183618631,0.0,12535400
2017-01-30,67.95112609863281,0.0,68.32235837420731,67.3903305853993,68.07750560780995,0.0,13661900
2017-01-31,66.84532928466797,0.0,68.04591051359682,66.41880748171482,67.61148848481862,0.0,15655100
2017-02-01,67.09808349609375,0.0,68.00641664707751,66.88482560379303,67.56410041053869,0.0,15430900
2017-02-02,66.81372833251953,0.0,67.06648732708625,66.47409699230924,66.61626488759386,0.0,11081400
2017-02-03,68.85945129394531,0.0,68.96213011372905,67.82474479285095,68.07749775594675,0.0,17885200
2017-02-06,68.53560638427734,0.0,69.07270716864669,68.40923291942292,68.55140683370027,0.0,11828400
2017-02-07,68.49612426757812,0.0,69.03322510648115,68.30656103799659,68.82786142587241,0.0,9392800
2017-02-08,67.89582061767578,0.0,68.17226819641567,67.429809845815,68.0695893889138,0.0,13970900
2017-02-09,68.87525177001953,0.0,68.97793662493251,67.89583470522186,67.89583470522186,0.0,13749100
2017-02-10,68.71724700927734,0.0,69.09637929943469,68.6303626516601,69.09637929943469,0.0,10992500
2017-02-13,69.6256103515625,0.0,70.09162117878593,69.05691467853285,69.06481490346548,0.0,18739100
2017-02-14,70.73927307128906,0.0,70.84985207222834,69.59398797894487,69.74406206283544,0.0,17932100
2017-02-15,71.5528793334961,0.0,71.77404354128535,70.5734619462919,71.15005808519548,0.0,17381800
2017-02-16,71.50545501708984,0.0,71.90828209433032,70.90516451341264,71.40277620474075,0.0,17672700
2017-02-17,71.26851654052734,0.0,71.45807977988675,70.84199473238864,70.94467356493608,0.0,15776600
2017-02-21,71.88458251953125,0.0,71.995161548667,71.45016060070856,71.48965569373067,0.0,14068300
2017-02-22,71.924072265625,0.0,72.11364148259507,71.4185664059152,71.49755056660013,0.0,11839000
2017-02-23,71.97936248779297,0.0,72.14523103469227,71.49755126894513,72.018857581576,0.0,11067000
2017-02-24,71.34749603271484,0.0,71.51336460951737,70.87358495240672,71.22901675611122,0.0,15062300
2017-02-27,71.42646789550781,0.0,71.66342640786677,71.10262499702428,71.33958350938322,0.0,12361000
2017-02-28,71.57655334472656,0.0,71.73452169388533,70.76299887085086,70.96836254564224,0.0,15183500
2017-03-01,73.93032836914062,0.0,74.23047672625809,73.1483746474911,73.29054859925532,0.0,24451400
2017-03-02,72.77711486816406,0.0,74.18305340174554,72.6902304845288,74.14356433488732,0.0,16862500
2017-03-03,73.29842376708984,0.0,73.5432764790439,72.77711744680727,72.77711744680727,0.0,12817500
2017-03-06,72.6033706665039,0.0,72.9193134387957,71.95569069505395,72.86402390560268,0.0,15059200
2017-03-07,72.20051574707031,0.0,72.73761037488715,72.042541421738,72.38217868857204,0.0,11156800
2017-03-08,72.04254913330078,0.0,73.33790860916163,71.95566475159384,73.20363493783452,0.0,17378400
2017-03-09,72.32689666748047,0.0,72.77711299559493,71.99515958910243,72.35059131220676,0.0,13726200
2017-03-10,72.09786224365234,0.0,72.66655800964406,71.50547182509547,72.62706290463082,0.0,13729900
2017-03-13,72.1610336303711,0.0,72.49277073404316,71.82139630248622,72.12153853541257,0.0,10004300
2017-03-14,72.27950286865234,0.0,72.39008188787955,71.69500688004615,71.89247027525253,0.0,10237700
2017-03-15,72.45326232910156,0.0,73.10094194127495,71.97934542049836,72.50855183162476,0.0,16601400
2017-03-16,72.38219451904297,0.0,73.30632192645858,72.32690499961055,72.69023698818151,0.0,14492000
2017-03-17,71.62391662597656,0.0,72.69811788313666,71.60022198482075,72.53224936894189,0.0,21734700
2017-03-20,71.11052703857422,0.0,72.01095976678387,70.9209638395052,71.30009023764325,0.0,14623600
2017-03-21,69.02532196044922,0.0,71.59234676807307,68.76466876448656,71.37118867190092,0.0,33089200
2017-03-22,69.1358871459961,0.0,69.56240882856538,67.93531228203085,68.63038130578916,0.0,21741000
2017-03-23,69.02532196044922,0.0,69.90206014606463,68.7883634139184,68.88314803775197,0.0,16090100
2017-03-24,68.94635772705078,0.0,69.57823732370285,68.53563026442443,69.3412847347488,0.0,16093200
2017-03-27,68.90684509277344,0.0,69.03322459563019,67.31924326435353,67.55619579305038,0.0,16689300
2017-03-28,69.98101806640625,0.0,70.3127550862145,68.70145926825907,68.73304810491365,0.0,16264400
2017-03-29,69.72039031982422,0.0,70.15481230808722,69.5703221997838,69.98104351278202,0.0,10207600
2017-03-30,70.3206558227539,0.0,70.66029306726185,69.60189227457904,69.66507597445423,0.0,11631000
2017-03-31,69.3807373046875,0.0,70.09160674963404,69.30965337324521,70.06791210581994,0.0,16987600
2017-04-03,69.12799835205078,0.0,69.64140450073975,68.40133433986952,69.4992305830429,0.0,19831800
2017-04-04,69.35838317871094,0.5,69.64436486437731,68.88969467542708,69.02473989901074,0.0,14280800
2017-04-05,68.46864318847656,0.0,70.33546303370683,68.42097555082195,70.24013381912711,0.0,17635500
2017-04-06,68.69903564453125,0.0,69.04062451069382,67.7219306355026,68.30183957042273,0.0,14379600
2017-04-07,68.4607162475586,0.0,68.96118112398305,68.08735096451589,68.26211820855555,0.0,13097100
2017-04-10,68.22237396240234,0.0,68.86583552055026,67.84106924568356,68.38125597830951,0.0,15081600
2017-04-11,68.10323333740234,0.0,68.15089492112551,67.36444848604121,67.95229690797177,0.0,14690500
2017-04-12,67.84107208251953,0.0,68.27798400789341,67.54714488634735,68.26209883600303,0.0,14730600
2017-04-13,67.04669952392578,0.0,69.10417230941353,67.04669952392578,67.92052968788093,0.0,30529800
2017-04-17,68.20649719238281,0.0,68.38126440104271,67.02285481654522,67.07846201377974,0.0,19071700
2017-04-18,67.65043640136719,0.0,68.0237956098053,67.31678710208425,67.80931240237358,0.0,14127000
2017-04-19,67.09437561035156,0.0,68.25418768738469,67.01493758932538,67.92054436263525,0.0,17588500
2017-04-20,67.96025848388672,0.0,68.14296530488224,67.16586624473308,67.50745514999842,0.0,15635800
2017-04-21,67.14200592041016,0.0,68.06350350491621,67.1340663645204,67.92051270941457,0.0,19820600
2017-04-24,69.50932312011719,0.0,69.94624128973643,68.65137802017321,68.75465289339157,0.0,25468300
2017-04-25,70.1130599975586,0.0,70.80417735958629,70.1130599975586,70.34343447181173,0.0,18253800
2017-04-26,70.24808502197266,0.0,70.74061024537471,70.01771061396508,70.18453220719884,0.0,12832200
2017-04-27,69.59671020507812,0.0,70.20045005283498,69.1200760350521,70.20045005283498,0.0,13329000
2017-04-28,69.11209106445312,0.0,69.78732292592558,69.0723690475958,69.58872496309668,0.0,10755600
2017-05-01,69.15977478027344,0.0,69.69996165455888,68.762578727438,69.39809483626702,0.0,15712300
2017-05-02,68.71491241455078,0.0,69.01677921208125,68.33360156333248,68.88173401798053,0.0,14414200
2017-05-03,69.11209106445312,0.0,69.19152903743891,68.33358438344318,68.36536078478328,0.0,11540500
2017-05-04,69.1915512084961,0.0,69.69202211405731,68.77052436210577,69.6602457025351,0.0,11540100
2017-05-05,69.11209106445312,0.0,69.38218138475057,68.65134233611518,69.31068902728201,0.0,9436000
2017-05-08,69.1915512084961,0.0,69.36631844150281,68.83407718515018,69.14388962157818,0.0,8162200
2017-05-09,68.91351318359375,0.0,69.77939764470378,68.71491516289176,69.3186548428304,0.0,10273900
2017-05-10,69.45368194580078,0.0,69.49340396388364,68.69106647229636,68.73872804541256,0.0,8334900
2017-05-11,69.23922729492188,0.0,69.49343255735089,68.59576548945195,69.18361402243187,0.0,10907400
2017-05-12,69.04857635498047,0.0,69.15185123149337,68.58782737245326,68.85792390248832,0.0,8738800
2017-05-15,69.3822250366211,0.0,69.50138510143383,69.00092010209954,69.19157256936032,0.0,8835600
2017-05-16,69.59671020507812,0.0,69.97801511680602,69.38222088909042,69.39811212917292,0.0,9795000
2017-05-17,66.94342041015625,0.0,69.59669320783539,66.70510641371159,69.59669320783539,0.0,24679700
2017-05-18,66.69715881347656,0.0,67.36445131729855,66.22052477402123,66.78454242779529,0.0,23350100
2017-05-19,67.34857940673828,0.0,67.79343716311443,66.8481144308151,66.89577603021759,0.0,13412900
2017-05-22,67.28500366210938,0.0,67.75369811936773,66.89575325778758,67.66631450972177,0.0,11636000
2017-05-23,68.1270751953125,0.0,68.37333483218997,67.13408496824995,67.32473739484116,0.0,11753000
2017-05-24,68.08733367919922,0.0,68.29387728433193,67.71396849094265,68.22237885686192,0.0,9833800
2017-05-25,67.80134582519531,0.0,68.3812545649947,67.58686268406511,68.30975614413192,0.0,12238500
2017-05-26,67.80928802490234,0.0,67.96816396879277,67.53919164741413,67.61069006467494,0.0,8113500
2017-05-30,66.64952850341797,0.0,67.64251907688744,66.55419922650084,67.62662783370118,0.0,12603200
2017-05-31,65.25931549072266,0.0,66.58594890949136,64.85417380245717,66.51445652606684,0.0,28327900
2017-06-01,65.98220825195312,0.0,65.99809948853202,64.86211850237918,65.50557418701248,0.0,17123500
2017-06-02,65.64857482910156,0.0,65.92661090349786,65.12427909748739,65.37053875470527,0.0,14998500
2017-06-05,65.76771545410156,0.0,66.3396786729222,65.60089385873388,65.64855544005891,0.0,9080200
2017-06-06,65.90278625488281,0.0,66.10932995544822,65.24343917355677,65.37054485413007,0.0,12196800
2017-06-07,66.65746307373047,0.0,66.8163391148518,66.01400116750438,66.18082282890153,0.0,13711100
2017-06-08,67.48361206054688,0.0,68.10324304088631,66.64155830423125,66.65744954155679,0.0,17951000
2017-06-09,69.0803451538086,0.0,69.15184360356399,67.83314963918494,67.92847888528163,0.0,19120200
2017-06-12,69.0962142944336,0.0,69.6999478111068,69.02471586754386,69.08032306146717,0.0,16053400
2017-06-13,69.32659149169922,0.0,69.7873403349749,69.09622313079173,69.54902635656808,0.0,12557200
2017-06-14,69.18360137939453,0.0,69.3583686017636,68.17472613307822,68.92939616342055,0.0,16175700
2017-06-15,68.77049255371094,0.0,69.17563403731558,68.50834182545334,68.51628743984152,0.0,12509700
2017-06-16,68.4607162475586,0.0,69.0803411595311,68.33361059344568,68.99295753751127,0.0,16936600
2017-06-19,69.96211242675781,0.0,70.08921807267559,68.9929530891925,69.08828232363084,0.0,15972300
2017-06-20,69.52519226074219,0.0,69.84295030528074,69.4060382971795,69.7079051060893,0.0,11197800
2017-06-21,69.20744323730469,0.0,69.54903208916735,68.9214615910601,69.49342488354928,0.0,10005900
2017-06-22,69.12799072265625,0.0,69.39808716028955,68.83406955493572,69.05649835020427,0.0,12180600
2017-06-23,69.00090026855469,0.0,69.90650680365262,68.80230223786249,69.63641639106207,0.0,18812000
2017-06-26,69.30276489257812,0.0,69.6443537369505,68.81024567096962,69.12005810415262,0.0,10082400
2017-06-27,69.94621276855469,0.0,70.65322111057189,69.50929477709258,69.67611635727006,0.0,15415200
2017-06-28,71.352294921875,0.0,71.55089293780772,70.3831356344065,70.3831356344065,0.0,17466200
2017-06-29,72.4088363647461,0.0,73.60042443637418,71.74154389305458,73.3541587802744,0.0,27697800
2017-06-30,72.60746002197266,0.0,73.0840942068272,72.41680756017733,73.05231778640591,0.0,16892700
2017-07-03,74.08514404296875,0.5,74.66824273677226,73.01480634259487,73.13461571646668,0.0,13208100
2017-07-05,74.82799530029297,0.0,74.91585957364482,73.97332053647149,74.38069070436937,0.0,17535400
2017-07-06,74.58837890625,0.0,75.49098369147391,74.18899798367497,74.71618372662726,0.0,16596100
2017-07-07,74.96378326416016,0.0,75.21938676077625,74.46855491737976,75.05164753744081,0.0,12817800
2017-07-10,74.43660736083984,0.0,74.82799890110722,74.35672631280832,74.68422154634617,0.0,13987200
2017-07-11,74.14903259277344,0.0,74.54841334861851,73.70971132371716,74.54841334861851,0.0,13262300
2017-07-12,73.8934326171875,0.0,74.1490360691493,73.54197558546491,73.97330755328801,0.0,13540100
2017-07-13,74.36470794677734,0.0,74.5883602323749,73.75764739010702,74.0372188411717,0.0,12820100
2017-07-14,73.68576049804688,0.0,73.97331517288173,72.35183003615981,72.53554179870743,0.0,22235200
2017-07-17,72.99881744384766,0.0,73.4780731542259,72.88699131456163,73.34228515353101,0.0,14374200
2017-07-18,72.74323272705078,0.0,73.15060292812058,72.1441614112705,72.2479982454744,0.0,14719400
2017-07-19,72.8470687866211,0.0,73.18255335138271,72.6873188750725,72.9588949435188,0.0,11651200
2017-07-20,72.8470687866211,0.0,73.26242830715701,72.60744391929822,72.8071343557682,0.0,11561700
2017-07-21,72.59944152832031,0.0,72.97486045636315,72.30389754167507,72.73522953810296,0.0,10971300
2017-07-24,72.91095733642578,0.0,73.11863705723641,72.61541944680366,72.65535387006936,0.0,10725100
2017-07-25,74.12510681152344,0.0,74.70021026092307,73.70175788519711,73.78163895051092,0.0,16447700
2017-07-26,73.43016052246094,0.0,74.43660193239138,73.23047010508168,74.36471021321952,0.0,11815500
2017-07-27,73.12664031982422,0.0,73.53400442275488,72.81512372625679,73.35029263376305,0.0,12332400
2017-07-28,72.91095733642578,0.0,73.28637626071401,72.61541944680366,73.04674534485041,0.0,9351900
2017-07-31,73.3263168334961,0.0,73.77362137644124,73.08668591745128,73.0946752397374,0.0,11520300
2017-08-01,74.30878448486328,0.0,74.39664874107176,73.70971333475111,73.87745252549449,0.0,12523700
2017-08-02,74.37269592285156,0.0,74.45257086710895,73.89344016323962,74.18099483782031,0.0,10165600
2017-08-03,73.88545227050781,0.0,74.38866991372905,73.67777253616525,74.04520216211425,0.0,11078800
2017-08-04,74.81202697753906,0.0,75.40310895472292,74.66026029788397,74.68422217486773,0.0,14324000
2017-08-07,75.09957122802734,0.0,75.23536534648568,74.85195705483706,74.99573440244679,0.0,7978300
2017-08-08,74.82799530029297,0.0,76.0580890331509,74.76409290257016,75.0436582750224,0.0,13745400
2017-08-09,74.70817565917969,0.0,74.82799112470695,74.14904494547606,74.26886041100333,0.0,11214400
2017-08-10,73.63786315917969,0.0,74.34077145304629,73.54200953516931,74.20498338958396,0.0,13252300
2017-08-11,73.02278137207031,0.0,74.02123333600936,72.87900404550041,73.58990135629963,0.0,10679500
2017-08-14,73.87744140625,0.0,74.20493651083902,73.7496427490424,73.78159393686079,0.0,10994800
2017-08-15,74.06917572021484,0.0,74.73214330507398,74.00527332112273,74.53245287846224,0.0,8812700
2017-08-16,73.55799102783203,0.0,74.46858533137339,73.39025173598957,74.31681859843808,0.0,11085400
2017-08-17,72.40775299072266,0.0,73.45412892061194,72.28793751084127,73.29437901014906,0.0,13837500
2017-08-18,72.4796371459961,0.0,73.11864896296956,72.04032185413662,72.13616936083481,0.0,13040700
2017-08-21,72.39176940917969,0.0,72.6393896758089,72.01635653577236,72.56749795515267,0.0,11502100
2017-08-22,73.1346206665039,0.0,73.25443614255315,72.68731605625953,72.74322913254008,0.0,9211800
2017-08-23,73.22248840332031,0.0,73.7576573150228,72.55951468604009,72.58348265763732,0.0,8811300
2017-08-24,73.1026611328125,0.0,73.58192298237294,73.01480296073181,73.43015632374096,0.0,8623200
2017-08-25,73.39820861816406,0.0,73.8694811675599,73.3263229937518,73.39021929520675,0.0,11794600
2017-08-28,73.16655731201172,0.0,73.63782979897447,72.7911384056347,73.6138679273448,0.0,7292900
2017-08-29,72.7671890258789,0.0,72.9349282501493,72.13616655701327,72.24799270652686,0.0,10886100
2017-08-30,72.93490600585938,0.0,73.39019978832494,72.83905853211898,72.88698226898917,0.0,9165300
2017-08-31,72.59944152832031,0.0,73.36625193505854,72.5275559092827,73.33430073968601,0.0,13217400
2017-09-01,73.24645233154297,0.0,73.77363802820798,72.64738100027931,72.88701197041226,0.0,9815800
2017-09-05,71.4971694946289,0.0,72.77518713919648,71.10577182998881,72.70329540921549,0.0,16897300
2017-09-06,71.97640228271484,0.0,72.30389134258742,71.60098338685914,71.88853802649045,0.0,11845700
2017-09-07,70.7143783569336,0.0,71.99239596711766,70.35493799890543,71.9764234131454,0.0,14592300
2017-09-08,70.6264877319336,0.0,71.4252492021271,70.4827104235361,70.538623482687,0.0,14242200
2017-09-11,71.7208023071289,0.0,72.08823189909384,71.04983941749111,71.40129645939982,0.0,13219000
2017-09-12,72.59944152832031,0.0,72.88699619260557,71.96841913136474,72.0243321997498,0.0,14003800
2017-09-13,72.80711364746094,0.0,73.08667896018929,72.14414012437172,72.37578169608,0.0,12485400
2017-09-14,72.6633529663086,0.0,73.1106575690825,72.47963509355893,72.84706474499009,0.0,10562800
2017-09-15,73.18252563476562,0.0,73.25441123951651,72.4955903059483,72.75119372406176,0.0,18171800
2017-09-18,74.22091674804688,0.0,74.39664525222298,73.36624219106302,73.43014457332099,0.0,11318700
2017-09-19,75.03567504882812,0.0,75.3711534957841,73.90142881844145,74.05319548952212,0.0,12626100
2017-09-20,75.56285858154297,0.0,76.11400612638317,74.85196112802915,75.16347771579055,0.0,15311600
2017-09-21,75.90632629394531,0.0,76.17790845130092,75.23536936530505,75.4510323512056,0.0,10851500
2017-09-22,75.74656677246094,0.0,75.86638223567479,75.42706090191322,75.64272386044406,0.0,8358300
2017-09-25,75.179443359375,0.0,75.78649778258774,74.64426846034354,75.49095989325366,0.0,10463400
2017-09-26,74.84397888183594,0.0,75.10757174073504,74.55642414377674,74.90788128897553,0.0,9358100
2017-09-27,76.02613830566406,0.0,76.45747035186531,75.5468825079076,75.85839908115271,0.0,15090200
2017-09-28,76.18589782714844,0.0,76.58527872472136,75.81048490244773,76.3536370728408,0.0,10270400
2017-09-29,76.28972625732422,0.0,76.2977094860284,75.89832866438152,76.12198704352066,0.0,11438400
2017-10-02,77.35208129882812,0.0,77.38403249861032,76.2497923296496,76.49740651037628,0.0,13797200
2017-10-03,77.75945281982422,0.0,77.82335522049092,77.29616955609312,77.34409940362731,0.0,9633500
2017-10-04,76.96868133544922,0.0,77.83134547253538,76.90477893402023,77.71951931706884,0.0,12166600
2017-10-05,78.00508117675781,0.56,78.25414885382399,76.76780333323634,77.12934468456943,0.0,14236200
2017-10-06,77.86849212646484,0.0,78.446963138068,77.50695080905737,78.37465732646211,0.0,10231900
2017-10-09,77.45874786376953,0.0,77.98900887764022,77.24181816697177,77.90063102038026,0.0,7765100
2017-10-10,78.03724670410156,0.0,78.0774207038578,77.32219364222112,77.49894943364177,0.0,10631500
2017-10-11,77.80423736572266,0.0,77.94082526315948,77.24183824577342,77.79620747093101,0.0,14283600
2017-10-12,77.1213150024414,0.0,78.33449713593683,76.82404955169643,78.17381343984172,0.0,18251600
2017-10-13,77.01689147949219,0.0,77.69980656213667,76.29380239740733,76.71158992469711,0.0,13190600
2017-10-16,78.60765838623047,0.0,78.69603625545003,77.40251231107999,77.40251231107999,0.0,12434000
2017-10-17,78.43092346191406,0.0,78.8808427860401,78.18989174988022,78.79246490027377,0.0,10335700
2017-10-18,78.72815704345703,0.0,79.17808231487489,78.4389215581486,78.85670887234458,0.0,10158600
2017-10-19,78.82459259033203,0.0,78.89689841669752,78.0050897800482,78.08543776004132,0.0,9133900
2017-10-20,79.94937896728516,0.0,80.25468038189521,79.32270409379201,79.76458723627849,0.0,15326600
2017-10-23,79.81279754638672,0.0,80.33502869297705,79.73245570760884,79.94938541496744,0.0,9238600
2017-10-24,81.08221435546875,0.0,81.29914404922401,80.15023805064733,80.24664579925944,0.0,13000800
2017-10-25,81.16256713867188,0.0,81.50804258708028,80.49572431194946,81.34735889792327,0.0,14632700
2017-10-26,81.74104309082031,0.0,82.28737624802729,81.4036036456987,81.42770558753736,0.0,13054400
2017-10-27,81.76516723632812,0.0,82.1347508771835,81.18670208604513,81.49200364839103,0.0,10400400
2017-10-30,81.47591400146484,0.0,81.893695287744,81.0420606678153,81.25094824610984,0.0,8839500
2017-10-31,80.83319091796875,0.0,81.70892773882247,80.80105294339266,81.44380017553058,0.0,8690200
2017-11-01,81.08221435546875,0.0,81.70888924020349,80.92956671026991,81.22683210807593,0.0,8418200
2017-11-02,81.62052917480469,0.0,81.76514695893384,80.47162905549415,81.04206416797845,0.0,8731800
2017-11-03,81.47591400146484,0.0,81.57232176692692,80.92958085498285,81.22684630474433,0.0,7103500
2017-11-06,80.96975708007812,0.0,81.70088206872136,80.87334930465491,81.41967637789506,0.0,8121500
2017-11-07,79.33878326416016,0.0,80.94564469735833,78.9370679058606,80.79299089970374,0.0,18822600
2017-11-08,78.44696807861328,0.0,79.03347514945132,78.05328877691316,78.95312718079916,0.0,18524700
2017-11-09,78.43894958496094,0.0,78.91297696124653,77.78013655073494,78.02920427577615,0.0,13697800
2017-11-10,78.34252166748047,0.0,79.00936442517624,78.3344856449475,78.58354717626679,0.0,9314000
2017-11-13,78.62374114990234,0.0,78.77639496839613,77.62748864163152,77.68372855428332,0.0,9303100
2017-11-14,78.14971160888672,0.0,78.55946303524465,77.8122721423287,78.20595151997972,0.0,11043800
2017-11-15,78.88887023925781,0.0,79.33075349038508,77.08918087891895,77.44269238357309,0.0,15384100
2017-11-16,79.11385345458984,0.0,79.58787481374476,78.98530154924411,79.16205735424839,0.0,9808000
2017-11-17,78.84869384765625,0.0,79.06562358424924,78.390738562248,78.59159625110583,0.0,9017900
2017-11-20,79.54768371582031,0.0,79.66016353531207,78.54339523486502,79.09775830816284,0.0,9483200
2017-11-21,79.48340606689453,0.0,79.98153534938874,79.4673401486097,79.9413613591412,0.0,13389400
2017-11-22,79.25041198730469,0.0,79.95742887003583,79.21023799625694,79.56374950246772,0.0,7342200
2017-11-24,78.99330139160156,0.0,79.45929264048677,78.94509751402359,79.40305274008264,0.0,3680000
2017-11-27,78.67997741699219,0.0,79.6440919119777,78.67997741699219,78.98527891014315,0.0,13076200
2017-11-28,81.43573760986328,0.0,81.7089011101992,78.71210798150264,78.90492963642741,0.0,16773000
2017-11-29,83.33987426757812,0.0,83.73355361816502,81.91779840961846,82.27934592438166,0.0,21105500
2017-11-30,83.97457122802734,0.0,85.69391850721637,83.58892793769097,84.15132695680217,0.0,23945900
2017-12-01,84.1915054321289,0.0,84.61732273069124,82.1106166910676,84.27988330122938,0.0,19683500
2017-12-04,85.92691040039062,0.0,87.09188858625296,85.78229263006598,86.55359149159058,0.0,23576600
2017-12-05,84.93870544433594,0.0,86.29650546243415,83.65321738592164,84.82622562233034,0.0,17193900
2017-12-06,84.30400848388672,0.0,84.97085763287528,83.98263488307487,84.80213787162967,0.0,15476200
2017-12-07,84.054931640625,0.0,84.51288694674061,83.3398787263338,83.51662835158099,0.0,13371800
2017-12-08,85.10741424560547,0.0,85.11545026891383,83.82995624592601,84.15936577498132,0.0,13506900
2017-12-11,84.85835266113281,0.0,85.21185800061235,84.60928497617726,84.93869450511954,0.0,10591200
2017-12-12,85.84660339355469,0.0,86.26439095722714,84.79411071723182,85.89481342301981,0.0,15508800
2017-12-13,84.76998901367188,0.0,86.05547712216432,84.74588706940183,85.7260675379649,0.0,15020300
2017-12-14,84.08706665039062,0.0,85.52520232293212,84.07099460249404,85.260074829541,0.0,13034200
2017-12-15,85.27613830566406,0.0,85.58143978036337,84.52091144809881,84.99493877242917,0.0,29350600
2017-12-18,85.93495178222656,0.0,86.47324891045507,85.54930845710679,86.1197435507103,0.0,12713100
2017-12-19,85.57341766357422,0.0,86.3607764281901,85.51717775181595,86.24829660467356,0.0,12149900
2017-12-20,85.27613830566406,0.0,86.55359637048846,85.23596431676333,86.44914645122257,0.0,13091500
2017-12-21,86.6339340209961,0.0,86.8267556730588,85.61357359738088,85.6376755376775,0.0,12323700
2017-12-22,86.3286361694336,0.0,87.14010298586348,85.81444095280429,86.93120926357955,0.0,14573400
2017-12-26,85.98316192626953,0.0,86.76249078671198,85.48503875091168,86.12777971614226,0.0,7403700
2017-12-27,86.14385986328125,0.0,86.2000997796472,85.70197042776934,85.70197042776934,0.0,9496500
2017-12-28,86.60179901123047,0.0,86.64196686986496,86.09563985866782,86.28846151730741,0.0,7440600
2017-12-29,85.91889190673828,0.0,86.99548623890816,85.91889190673828,86.84283242506385,0.0,8925700
2018-01-02,86.7303466796875,0.0,86.7865865867853,85.81443611855755,86.47324908585611,0.0,13578800
2018-01-03,86.81874084472656,0.0,87.16421637592826,86.35275558262184,86.65805711706167,0.0,11901000
2018-01-04,88.06246185302734,0.56,88.86200008102426,87.3840611128921,87.51328264877385,0.0,12953700
2018-01-05,87.49710845947266,0.0,88.47432917443128,87.04484550232337,88.24011981115878,0.0,14155000
2018-01-08,87.62637329101562,0.0,87.77174447934586,86.98027775140935,87.34370880304677,0.0,12466500
2018-01-09,88.07054138183594,0.0,88.5389540540877,87.61827215943751,87.80402658032612,0.0,13292300
2018-01-10,89.03968048095703,0.0,89.40310528357735,88.3451300994683,88.40974087021661,0.0,15834500
2018-01-11,89.51617431640625,0.0,89.58886297655475,88.87816295726945,89.37888104477541,0.0,13676800
2018-01-12,90.9941177368164,0.0,91.13948890241515,89.5161785801663,90.17035190617203,0.0,18884200
2018-01-16,90.67105865478516,0.0,91.60789630715699,89.70192177999262,90.05727484284013,0.0,22703300
2018-01-17,91.2525634765625,0.0,91.50292871799805,89.89576785405498,90.36418678409738,0.0,14940300
2018-01-18,91.4706039428711,0.0,91.84210662057079,90.6710595436263,91.06679588081204,0.0,14572900
2018-01-19,91.2686996459961,0.0,92.34282440511174,91.09910099981994,92.01978288570308,0.0,18785500
2018-01-22,92.33474731445312,0.0,92.38320230722418,90.85680841871942,90.98602994827111,0.0,12475700
2018-01-23,92.23783874511719,0.0,92.58511393229077,91.54328837077001,91.8017252894837,0.0,12320800
2018-01-24,93.41693878173828,0.0,93.68345353351057,92.60125107958082,92.76277181067988,0.0,15904500
2018-01-25,93.44117736816406,0.0,93.82075790909201,92.9404593453414,93.71577003757601,0.0,13510000
2018-01-26,93.94190979003906,0.0,93.94190979003906,92.84355133932347,93.441185561688,0.0,13883900
2018-01-29,93.8449935913086,0.0,94.77375339045189,93.69962243873293,93.69962243873293,0.0,11679900
2018-01-30,92.96470642089844,0.0,94.16805290025415,92.85971852727108,93.30390376488495,0.0,14279100
2018-01-31,93.41693878173828,0.0,94.21648303705514,93.00505906894941,93.40078917327675,0.0,13141400
2018-02-01,94.38610076904297,0.0,94.48301076268105,93.26351482417267,93.4977180832128,0.0,13800600
2018-02-02,92.29437255859375,0.0,94.42647869987256,92.14092351850357,94.07920350919946,0.0,16477300
2018-02-05,87.86864471435547,0.0,92.54473707361471,83.97593489056683,91.26063027772818,0.0,30097600
2018-02-06,90.54183959960938,0.0,90.84065976864032,86.09995114107099,86.29377727582585,0.0,33114800
2018-02-07,91.15562438964844,0.0,92.43165304632991,89.76652381900192,90.08957146639297,0.0,21878300
2018-02-08,87.12562561035156,0.0,91.34946066799141,87.0933202258592,91.34946066799141,0.0,27425800
2018-02-09,88.8700942993164,0.0,89.68578845001181,85.793078309719,88.11093304055296,0.0,28188000
2018-02-12,90.24299621582031,0.0,91.04254036904437,88.89427918233429,89.78265541318531,0.0,18043300
2018-02-13,90.80027770996094,0.0,91.30100190650792,89.48386569470621,89.90382335254235,0.0,16358200
2018-02-14,92.90007019042969,0.0,93.0938963108013,90.88103013183,90.96179050184973,0.0,15186900
2018-02-15,93.28772735595703,0.0,93.67537959156066,92.24590196013787,93.47347558837758,0.0,12130200
2018-02-16,92.61742401123047,0.0,93.7400100114383,92.47205285198515,92.51243612573982,0.0,13214300
2018-02-20,92.64163970947266,0.0,93.19081888981626,92.04400553609399,92.59318471643759,0.0,13461500
2018-02-21,93.02928924560547,0.0,94.85449697382707,92.60932547404181,92.87584023350092,0.0,14212500
2018-02-22,92.85970306396484,0.0,94.030743959132,92.68202653385741,93.2796607301645,0.0,17070400
2018-02-23,94.74143981933594,0.0,94.80605058414751,93.12620766877666,93.12620766877666,0.0,12162500
2018-02-26,95.92056274414062,0.0,96.0255567819559,94.74952184842805,95.41176681265028,0.0,16511200
2018-02-27,94.78182983398438,0.0,96.37283460138684,94.77375194740256,96.03363730441572,0.0,17563300
2018-02-28,93.27967071533203,0.0,95.69444141811964,93.15044916628607,95.15334004514047,0.0,17735600
2018-03-01,91.60790252685547,0.0,94.20034969648003,90.97796289930851,93.2635181421242,0.0,18690000
2018-03-02,91.5190658569336,0.0,91.71289201611995,89.74231271420987,90.76798255826112,0.0,18353700
2018-03-05,92.92430114746094,0.0,93.62692933221592,90.3641597365595,90.49338126270266,0.0,13933000
2018-03-06,93.00508117675781,0.0,93.538104645384,92.3266803893162,93.39273348819097,0.0,10674400
2018-03-07,92.65778350830078,0.0,92.95659747556644,91.34944341082287,91.86631714181196,0.0,13006500
2018-03-08,92.66587829589844,0.0,93.06161465845071,91.43022653265254,92.96469849916032,0.0,11173700
2018-03-09,95.33101654052734,0.0,95.36332192777063,93.41696393731539,94.1276701334224,0.0,15366600
2018-03-12,95.02411651611328,0.0,95.90441513748083,94.69299094627054,95.29870304187568,0.0,12339300
2018-03-13,93.8853759765625,0.0,95.67828478752286,93.54617867763004,95.4602249799076,0.0,13312300
2018-03-14,92.83546447753906,0.0,94.1599543350677,92.55280008628995,94.13572683890656,0.0,12905100
2018-03-15,93.06968688964844,0.0,93.6834769119118,92.73856745977932,93.57848902666012,0.0,8748000
2018-03-16,93.231201171875,0.0,94.16803260982915,93.15043463550894,93.15043463550894,0.0,19888900
2018-03-19,92.49626922607422,0.0,93.23927454545996,91.50290489206586,92.95661014804384,0.0,13214900
2018-03-20,92.5851058959961,0.0,93.2392729418542,92.43165687077145,92.77086030345865,0.0,9921200
2018-03-21,92.66587829589844,0.0,94.19227237539307,92.23784270853848,92.72241118174556,0.0,13633000
2018-03-22,88.79741668701172,0.0,91.74521764560811,88.46629718207768,91.42216986793849,0.0,22550400
2018-03-23,86.42300415039062,0.0,89.58078002757583,86.22110011706398,89.05582830860213,0.0,23081500
2018-03-26,89.088134765625,0.0,89.77461341649597,87.74749517224318,88.18360862887259,0.0,20217500
2018-03-27,87.35983276367188,0.0,90.20264490913681,86.65721069443595,89.70192070490943,0.0,18039900
2018-03-28,87.22254180908203,0.0,88.16745119989112,86.13226126879292,87.44867333902383,0.0,19189300
2018-03-29,88.81355285644531,0.0,89.4677199946213,87.04487143945393,87.6263560785537,0.0,13274600
2018-04-02,87.10139465332031,0.0,89.42733295142362,85.67191687562918,88.80546510748057,0.0,18822500
2018-04-03,88.29668426513672,0.0,88.4339775460077,86.6249189086771,87.51329553297909,0.0,14050700
2018-04-04,89.63731384277344,0.0,89.81499037980846,86.43107677433825,86.49568754446412,0.0,15302600
2018-04-05,90.81428527832031,0.56,91.58541496054396,90.41654835591639,90.61135739239845,0.0,16627000
2018-04-06,88.54962158203125,0.0,90.54643770555087,87.51875050375513,89.73472604953649,0.0,18906000
2018-04-09,89.61295318603516,0.0,91.70717039718251,89.19897857618803,89.2963861881719,0.0,15974300
2018-04-10,91.32568359375,0.0,91.61790029635671,90.44091463506058,91.01722918940474,0.0,13951400
2018-04-11,89.79154968261719,0.0,90.75748238585162,89.71037355904612,90.63573058623253,0.0,14503300
2018-04-12,92.02375030517578,0.0,92.85169344815581,90.50584731803268,90.55454803442318,0.0,16435500
2018-04-13,89.53180694580078,0.0,93.46860762629285,88.51716727593843,93.36308113719096,0.0,39152800
2018-04-16,89.45873260498047,0.0,90.48149093111338,89.11781522722546,90.05128478401284,0.0,16580500
2018-04-17,89.45873260498047,0.0,90.84675866544119,89.2801550662894,90.40032101158141,0.0,15501400
2018-04-18,88.7363052368164,0.0,90.15680043072355,88.38726902717023,89.71847545631667,0.0,16081400
2018-04-19,90.6844253540039,0.0,90.80618333850016,88.88242452349064,88.90677488181622,0.0,17911000
2018-04-20,90.48151397705078,0.0,91.51238522269564,90.00260080195598,91.15523624721439,0.0,15584400
2018-04-23,90.04317474365234,0.0,90.8711179124696,89.79965876836394,90.56266971092367,0.0,11285800
2018-04-24,89.62108612060547,0.0,91.64224639220498,88.95547662340593,90.70877675746942,0.0,16453100
2018-04-25,89.28015899658203,0.0,89.71848401279209,88.15188034467523,89.50743725842395,0.0,13548200
2018-04-26,89.36944580078125,0.0,89.95387914285118,88.752543251611,89.2639255223562,0.0,10299500
2018-04-27,88.80123901367188,0.0,89.41814148541762,88.58207344146807,88.92299697679985,0.0,9384000
2018-04-30,88.2979965209961,0.0,89.53180175603714,88.27364616118993,89.08535785002846,0.0,13744900
2018-05-01,88.2979965209961,0.0,88.4522237235934,87.29147576083956,88.03013017739089,0.0,10503400
2018-05-02,87.59991455078125,0.0,88.87430151746793,87.44569355764091,87.75414173678963,0.0,12162100
2018-05-03,87.0479507446289,0.0,87.47815690421457,85.37582682084518,87.33204856766962,0.0,15379100
2018-05-04,88.01388549804688,0.0,88.26551410221504,86.02519463512839,86.39046236329945,0.0,11967900
2018-05-07,88.77690124511719,0.0,89.02852986315126,87.95707078289027,88.28175666630503,0.0,9356700
2018-05-08,90.09187316894531,0.0,90.37597100430652,88.70384700800768,88.90677491796117,0.0,12543200
2018-05-09,92.05622100830078,0.0,92.24291121940757,90.1243433218686,90.45714807025573,0.0,11368100
2018-05-10,92.77052307128906,0.0,92.89228105454048,91.52048641611982,91.8776415155591,0.0,9159700
2018-05-11,92.42149353027344,0.0,93.12768493009362,92.26726632743635,92.932869665604,0.0,10253000
2018-05-14,92.45393371582031,0.0,93.1032991483162,92.32405691360107,92.62439237408299,0.0,8710700
2018-05-15,91.74776458740234,0.0,92.46207478554449,91.37437798058635,92.46207478554449,0.0,11536200
2018-05-16,91.9993896484375,0.0,92.28349366235214,91.42307515635208,91.63412190607302,0.0,7571100
2018-05-17,91.69095611572266,0.0,92.05623010929897,91.07405346800881,91.88576519657528,0.0,8617200
2018-05-18,90.20549011230469,0.0,91.56105292390193,89.97009305152272,91.52046487474865,0.0,11806300
2018-05-21,91.03345489501953,0.0,91.35002191564907,90.84675850684083,90.95228497562927,0.0,9441900
2018-05-22,91.73152160644531,0.0,92.7705113724817,91.14708831483296,91.19578902484483,0.0,11507600
2018-05-23,91.30943298339844,0.0,91.53671123265757,90.1973920933994,91.32567068284142,0.0,11453900
2018-05-24,90.28666687011719,0.0,91.03343991420435,89.38566666956122,91.02532106574102,0.0,14084800
2018-05-25,89.8239974975586,0.0,90.16491484102367,89.45060475810565,89.66165148195573,0.0,8283500
2018-05-29,85.984619140625,0.0,88.63891362882627,85.19725781439243,88.62268211996945,0.0,30643800
2018-05-30,87.94893646240234,0.0,88.1518643297327,86.56902944170275,87.37262206232818,0.0,17490800
2018-05-31,86.86125946044922,0.0,87.81907938966293,86.38234639940836,87.6242641481202,0.0,19808200
2018-06-01,87.98953247070312,0.0,88.42785744692242,87.50250678363754,87.94082556698925,0.0,13594200
2018-06-04,88.03013610839844,0.0,88.68762683180664,87.88402774684874,88.46846119304753,0.0,9415400
2018-06-05,87.53496551513672,0.0,87.91647091242376,86.90995038265838,87.85965135492573,0.0,10415200
2018-06-06,89.58049011230469,0.0,89.88893828206048,88.05447457733221,88.20058290887293,0.0,15453600
2018-06-07,89.93763732910156,0.0,90.50583290607348,89.31261600156512,90.24608547190526,0.0,13444400
2018-06-08,90.18927764892578,0.0,90.21362800641181,89.33697797970608,89.79154069329505,0.0,10383200
2018-06-11,89.96200561523438,0.0,90.83865570261695,89.91329870402296,90.19740274200572,0.0,12642900
2018-06-12,89.44252014160156,0.0,90.53021091922167,88.8986685599223,90.21364383063856,0.0,15294100
2018-06-13,89.26393127441406,0.0,90.46526105019842,88.94736422587167,89.66166824950376,0.0,14979700
2018-06-14,87.689208984375,0.0,89.5804986243457,87.48628107088979,89.515560205742,0.0,20487300
2018-06-15,87.58367919921875,0.0,87.97329728284494,86.26058538336584,87.50250928120226,0.0,26028600
2018-06-18,87.81097412109375,0.0,87.98955169036047,86.60152539224501,87.06420082495016,0.0,9786800
2018-06-19,87.2995834350586,0.0,87.56744355150185,86.52845371366591,86.77196966628843,0.0,12707200
2018-06-20,87.2914810180664,0.0,88.18436269098984,87.21031108286775,87.81097603478074,0.0,8876900
2018-06-21,87.26712799072266,0.0,87.83532371262359,86.47164778719245,86.93432321584575,0.0,11048700
2018-06-22,85.83850860595703,0.0,87.96519539848765,85.64369954028713,87.79473669191792,0.0,19478900
2018-06-25,85.05926513671875,0.0,85.79791952305138,84.38554297625657,85.7654565065504,0.0,16907600
2018-06-26,85.1160888671875,0.0,85.40018672197742,83.6955934003691,84.99433087431503,0.0,17086800
2018-06-27,83.80110931396484,0.0,85.97649679151834,83.79299665630087,84.96997607589462,0.0,16276800
2018-06-28,85.17291259765625,0.0,85.60311882632898,84.02028342029367,84.15827292894924,0.0,14491300
2018-06-29,84.58033752441406,0.0,86.77196233422487,84.53975566431802,86.59338480977353,0.0,18972400
2018-07-02,85.29466247558594,0.0,85.30277513329746,83.91474894180426,84.19073412570799,0.0,11130000
2018-07-03,84.1014404296875,0.0,85.86285313756323,84.02838316447684,85.5625238052197,0.0,8311700
2018-07-05,84.64824676513672,0.56,85.18688450504938,84.49318146088638,84.98285383167661,0.0,10723400
2018-07-06,84.92572784423828,0.0,85.28482383180668,83.40773909418196,84.15857672514515,0.0,12173700
2018-07-09,87.55365753173828,0.0,87.70055989242334,85.45622207594356,85.45622207594356,0.0,13900800
2018-07-10,87.01499938964844,0.0,88.46769671382908,86.94154511318402,88.1575661211242,0.0,14575900
2018-07-11,86.82730102539062,0.0,87.37410178707138,86.68039867769045,86.76200970940775,0.0,10186500
2018-07-12,87.20269775390625,0.0,87.78214404733613,86.48451211413143,87.66788738252018,0.0,12456800
2018-07-13,86.80281066894531,0.0,87.97802934670865,85.80713998100937,87.56996799765439,0.0,21289100
2018-07-16,90.24684143066406,0.0,90.40190049548906,87.30880122389135,87.36592955862088,0.0,24662600
2018-07-17,90.18156433105469,0.0,90.53249736439028,89.5694722654593,90.33662964682604,0.0,14821900
2018-07-18,91.02216339111328,0.0,91.50367902008685,89.93671870984596,90.11626669941163,0.0,14244900
2018-07-19,89.68370056152344,0.0,90.66304506583356,89.55312419999166,90.63856238720388,0.0,16775300
2018-07-20,90.81812286376953,0.0,91.19353851643965,89.59393895120645,89.77348692129246,0.0,13578100
2018-07-23,92.50749969482422,0.0,93.23384834391656,90.53248440687699,90.63857810818072,0.0,18140000
2018-07-24,93.16040802001953,0.0,93.67456308261586,92.56463570570642,92.67073564232939,0.0,14000400
2018-07-25,94.00101470947266,0.0,94.27849344427509,92.53199132957101,92.94005268770789,0.0,13329100
2018-07-26,93.731689453125,0.0,94.33561849870048,93.51133906707786,94.19687913613295,0.0,11897800
2018-07-27,94.6947250366211,0.0,94.91508167377003,93.69905425014998,94.0010219198819,0.0,12802700
2018-07-30,95.2659912109375,0.0,95.98417683758758,94.7191843518582,94.89873231515101,0.0,13411600
2018-07-31,93.81330108642578,0.0,95.55164640779904,93.70720737786485,95.55164640779904,0.0,15843800
2018-08-01,94.39274597167969,0.0,95.2333512807487,94.08261538862949,94.4661940193359,0.0,13531600
2018-08-02,94.7926254272461,0.0,94.87423642833201,93.30728279200957,93.50315043991982,0.0,11058100
2018-08-03,95.5597915649414,0.0,95.59243721589155,94.62125556284026,94.67022092600484,0.0,11016100
2018-08-06,95.58427429199219,0.0,95.91888129618121,94.81711711057606,95.31495235896047,0.0,9857400
2018-08-07,95.93521881103516,0.0,96.53914782113624,95.75567083401336,96.09027787858176,0.0,10562100
2018-08-08,96.13108825683594,0.0,96.52282364429088,95.71486395945857,95.75567258280758,0.0,8997100
2018-08-09,95.388427734375,0.0,96.07397410341058,95.24152538576185,95.90258906778234,0.0,9694200
2018-08-10,94.44987487792969,0.0,94.62941662657165,93.59294362429357,94.26216393302562,0.0,12630600
2018-08-13,92.94820404052734,0.0,94.57228629948884,92.89107570658965,94.31112731198488,0.0,10336300
2018-08-14,93.56846618652344,0.0,93.8867535325105,92.75234350932135,93.25833558421263,0.0,10597600
2018-08-15,92.79314422607422,0.0,93.30730548837013,92.19737816936284,92.89108118711195,0.0,10152100
2018-08-16,93.66638946533203,0.0,94.1070964231158,93.2828170678645,93.32361946256289,0.0,10118600
2018-08-17,93.66638946533203,0.0,93.91122873960792,93.2828170678645,93.56029576729055,0.0,8505100
2018-08-20,93.5439682006836,0.0,93.89490114353633,93.12774395996968,93.51947929409499,0.0,8618700
2018-08-21,94.11526489257812,0.0,94.98851588962854,93.75616892972765,94.15607351618269,0.0,10976700
2018-08-22,93.82959747314453,0.0,94.18869333750915,93.67453221780163,94.10707611268442,0.0,8314700
2018-08-23,93.63372802734375,0.0,93.97649794952933,93.38888881062837,93.82143269717493,0.0,9265400
2018-08-24,93.59293365478516,0.0,94.03364057600926,93.40522272987603,93.83777290874995,0.0,8845700
2018-08-27,95.24967193603516,0.0,95.71486158869166,93.99284233158107,94.03365095391929,0.0,13768000
2018-08-28,94.78447723388672,0.0,95.5108258418567,94.6457378877624,95.48634316036667,0.0,8302600
2018-08-29,94.4743423461914,0.0,94.97217756932763,94.14789210087774,94.95585163247564,0.0,7221700
2018-08-30,94.0091781616211,0.0,94.70288122870282,93.83779313750834,94.33562226858504,0.0,8991800
2018-08-31,93.5113296508789,0.0,93.72351704525512,92.89107472715139,93.71536030229389,0.0,13065700
2018-09-04,93.97651672363281,0.0,94.04996476740851,92.73600691001535,93.31545319704568,0.0,10174200
2018-09-05,93.51947784423828,0.0,94.42537435182494,93.24199917241141,93.85409107069857,0.0,11462400
2018-09-06,93.11959075927734,0.0,93.60926309156068,92.62991842699401,93.44604105630674,0.0,9877600
2018-09-07,93.29913330078125,0.0,93.66638597197675,92.73600672686173,93.44603561456368,0.0,10955600
2018-09-10,92.80130004882812,0.0,93.82961626770017,92.76049765476289,93.73167931420525,0.0,8276900
2018-09-11,93.38890075683594,0.0,93.51132038085342,92.36874760089152,92.66255220792517,0.0,9333800
2018-09-12,92.28716278076172,0.0,93.75618000625177,92.0994518071347,93.24202491130863,0.0,10800800
2018-09-13,92.64623260498047,0.0,93.14406787724096,91.9525296568126,92.52381919911409,0.0,12470800
2018-09-14,92.62992858886719,0.0,93.43788833709716,92.40957819444891,92.88292463922193,0.0,10337900
2018-09-17,92.90740966796875,0.0,93.38892532202402,92.46670886801628,92.86660726691068,0.0,9561300
2018-09-18,93.28282928466797,0.0,93.57663396166868,92.67889398943197,93.30731196999766,0.0,7944200
2018-09-19,95.99234008789062,0.0,96.35142978900664,93.3970700347882,93.3970700347882,0.0,16052800
2018-09-20,96.81660461425781,0.0,97.31443981002792,96.36774099983111,96.71051093663408,0.0,15590000
2018-09-21,96.1800537109375,0.0,97.30630696056659,96.09027972070557,97.22468971379449,0.0,24788200
2018-09-24,95.25785064697266,0.0,96.67790252239715,95.02117429664814,96.10661907438804,0.0,12492500
2018-09-25,94.98851776123047,0.0,96.27799308367182,94.93138942297152,95.51899874593323,0.0,9308300
2018-09-26,93.87042236328125,0.0,95.38025421322095,93.576623944254,95.28231725586417,0.0,14023600
2018-09-27,93.46237182617188,0.0,94.47436848933815,93.16857337326165,94.19688352475312,0.0,13283000
2018-09-28,92.09127807617188,0.0,93.23385104684722,91.83011907371937,92.75234166559989,0.0,15815100
2018-10-01,92.62992858886719,0.0,93.53582530490652,92.25451288538132,92.52383487696538,0.0,10146300
2018-10-02,93.01351928710938,0.0,93.13593895606607,92.06681382213542,92.51568386613566,0.0,13753100
2018-10-03,93.88677215576172,0.0,94.39277055754404,93.42974535836035,93.80516111715764,0.0,17142000
2018-10-04,94.73323822021484,0.8,95.99886915487816,93.86209217913316,94.14152028502943,0.0,16357400
2018-10-05,94.19905853271484,0.0,95.41537506408727,93.70595079662434,95.1934815989468,0.0,13777600
2018-10-08,94.7743148803711,0.0,95.15235943631858,93.15529375220842,93.89494887042024,0.0,14370900
2018-10-09,94.1168441772461,0.0,94.53598313107676,93.41828343427741,94.24012107779907,0.0,14069500
2018-10-10,91.61026000976562,0.0,94.47025202503006,91.61026000976562,94.26479257628478,0.0,23086400
2018-10-11,88.86530303955078,0.0,91.61024405726376,88.24892480064764,91.19932523132832,0.0,33705600
2018-10-12,87.89554595947266,0.0,91.08428048244106,86.78606623704917,90.70623586510321,0.0,32075700
2018-10-15,87.39423370361328,0.0,89.45704845671227,87.37779970551645,88.10101475415516,0.0,18903200
2018-10-16,89.26802062988281,0.0,89.39951141231641,87.71474774975566,88.06813824085003,0.0,19302800
2018-10-17,90.26244354248047,0.0,91.05962718046796,88.9475043680228,89.0707750170934,0.0,18794500
2018-10-18,88.83245849609375,0.0,90.27067486796042,88.6023448798152,89.59676801880508,0.0,17582500
2018-10-19,88.68453216552734,0.0,89.76113782468055,88.158550132905,88.4708525525988,0.0,15234500
2018-10-22,87.41065979003906,0.0,89.03789495299941,87.20520036147468,88.8817500509749,0.0,16199100
2018-10-23,86.49842834472656,0.0,87.24630375147626,85.22457724822698,85.63549614772687,0.0,21407500
2018-10-24,84.88762664794922,0.0,86.31762265645631,84.57533054291025,86.09572921053055,0.0,23168900
2018-10-25,86.17792510986328,0.0,87.0326373022229,85.24103037922646,85.61907507140221,0.0,17464700
2018-10-26,84.99444580078125,0.0,85.93134019308353,84.42738210236048,85.47111312882936,0.0,19174900
2018-10-29,86.1697006225586,0.0,87.63257104843075,85.22458580479416,85.84918435037876,0.0,18445200
2018-10-30,87.69010162353516,0.0,87.92022150296965,86.17792289371917,86.87648385629994,0.0,18019700
2018-10-31,89.59674835205078,0.0,90.79663697948254,88.58589143526676,88.82422513413337,0.0,20860000
2018-11-01,89.56387329101562,0.0,90.58295026046699,89.02145741155226,90.08984890557916,0.0,13065000
2018-11-02,89.0707778930664,0.0,91.06784398411182,88.3393427577159,90.31997485172946,0.0,19009200
2018-11-05,89.65428161621094,0.0,89.81865293649619,89.10365180103598,89.2598029877758,0.0,10276400
2018-11-06,90.07341766357422,0.0,90.13094605623851,88.56123918775606,89.3091082923918,0.0,10825000
2018-11-07,91.61846923828125,0.0,91.82392866257132,89.8679509304505,90.70622889282343,0.0,12679600
2018-11-08,92.35811614990234,0.0,92.81012938160318,91.22398240962191,91.23220254205026,0.0,11662500
2018-11-09,91.46233367919922,0.0,92.34169991443662,91.08428902639974,92.2348632528167,0.0,10432200
2018-11-12,89.53922271728516,0.0,91.99652216912,89.2515807512195,91.56916301657282,0.0,13279700
2018-11-13,90.06519317626953,0.0,91.32261016107216,89.66249444708721,89.66249444708721,0.0,13746100
2018-11-14,88.20787048339844,0.0,90.98568055399764,87.09839048221946,90.59120184119564,0.0,18361400
2018-11-15,90.45970153808594,0.0,90.46792167309692,87.78050810595587,88.9557366074933,0.0,19100000
2018-11-16,90.3939208984375,0.0,91.02673939692045,89.21047895226738,89.95012781732734,0.0,13798600
2018-11-19,91.08429718017578,0.0,91.38837319436274,90.01590538783472,90.3692959403667,0.0,13987000
2018-11-20,89.12830352783203,0.0,90.8048533287781,88.74204504335941,90.22134926528271,0.0,18936200
2018-11-21,88.4626235961914,0.0,90.08164512591335,88.4626235961914,89.60497767927059,0.0,10619600
2018-11-23,87.64899444580078,0.0,88.2571526054207,87.16410692857905,87.72295683123969,0.0,6488400
2018-11-26,89.79398345947266,0.0,90.38570757111971,88.30645304821445,88.52835272514393,0.0,13948300
2018-11-27,90.17204284667969,0.0,90.42681055379677,89.27623639983705,89.38307932485367,0.0,9238200
2018-11-28,91.1747055053711,0.0,91.5527502154538,89.47350117493595,90.23781073035614,0.0,13977300
2018-11-29,90.45144653320312,0.0,91.05961088704632,90.10627623731814,90.62403168114561,0.0,11144300
2018-11-30,91.38014221191406,0.0,91.48697886308469,90.05698292146685,90.27887635701336,0.0,18652700
2018-12-03,92.2430648803711,0.0,92.7772606578582,91.83214601616936,92.35812166073764,0.0,16034500
2018-12-04,88.12566375732422,0.0,91.7170906738796,87.71474488667948,91.7170906738796,0.0,23555900
2018-12-06,86.4491195678711,0.0,86.58883048803824,84.5506699998141,86.30118851412801,0.0,27213900
2018-12-07,84.88762664794922,0.0,87.92021011972481,84.57533054291025,86.42446558274908,0.0,19248600
2018-12-10,83.30148315429688,0.0,85.05199547923638,81.59205895888292,84.54246003626928,0.0,23636400
2018-12-11,82.48783874511719,0.0,85.19168508929344,82.35634172491653,84.75610591247107,0.0,16860700
2018-12-12,83.02204895019531,0.0,84.56710797409282,82.23308544166503,83.54803089267344,0.0,22621500
2018-12-13,83.10425567626953,0.0,83.80281667903004,82.73442483707213,83.45764624521323,0.0,17250900
2018-12-14,82.422119140625,0.0,83.77815285392361,82.06872861255475,82.17556527634335,0.0,19879500
2018-12-17,81.37016296386719,0.0,82.64400780165855,80.90171566504394,81.99475518221494,0.0,25113500
2018-12-18,80.98387908935547,0.0,82.91519622473417,80.63870879693,81.70709393112168,0.0,20837200
2018-12-19,79.95660400390625,0.0,82.66045124308667,79.38953388929961,80.87706463962462,0.0,28767900
2018-12-20,79.2662582397461,0.0,80.77022301226373,78.64166598732774,79.39775530559746,0.0,31825200
2018-12-21,77.39246368408203,0.0,80.89349444794428,76.99798505357982,79.45527830606686,0.0,41313900
2018-12-24,75.72412872314453,0.0,77.43355272404003,75.72412872314453,76.34050702701437,0.0,17009300
2018-12-26,78.86357116699219,0.0,78.86357116699219,74.87765825043462,76.17616375310423,0.0,22542900
2018-12-27,79.75114440917969,0.0,79.84154707280788,76.88293211532884,77.92666340886551,0.0,20304700
2018-12-28,79.57852172851562,0.0,80.80305777246103,79.2580056248663,80.49897565894561,0.0,17963300
2018-12-31,80.22781372070312,0.0,81.20579650517935,79.5292465273448,80.20315331812999,0.0,13237200
2019-01-02,81.61671447753906,0.0,82.00297926836829,78.84712494947657,78.85533881344622,0.0,15670900
2019-01-03,80.45680236816406,0.8,81.9315527450701,80.10882883854366,81.72442474109914,0.0,16286400
2019-01-04,83.4228744506836,0.0,83.62171555876013,81.42615751697576,82.11382398700297,0.0,16935200
2019-01-07,83.48084259033203,0.0,84.06908515239554,82.61090275681903,83.2074322059659,0.0,15430700
2019-01-08,83.32344818115234,0.0,84.35908813881858,82.47836875695636,84.20166884251901,0.0,13578800
2019-01-09,83.1825942993164,0.0,84.08566921748886,82.79319270302406,83.52228088432963,0.0,14230300
2019-01-10,83.17430877685547,0.0,83.45600610858439,82.24637317727874,82.86775709960074,0.0,14376100
2019-01-11,82.77662658691406,0.0,82.99203512878333,81.98124960400988,82.76005280920465,0.0,15439900
2019-01-14,83.62998962402344,0.0,83.97796309005733,81.74098358436073,81.91497031737768,0.0,21258500
2019-01-15,84.24311065673828,0.0,84.89763597485343,81.69129186938832,81.93156113713027,0.0,26504900
2019-01-16,84.92245483398438,0.0,85.70953847232116,84.34249913426707,84.71532689536491,0.0,18533000
2019-01-17,85.27045440673828,0.0,85.75099288876963,84.44194239815114,84.59936170251709,0.0,14247600
2019-01-18,86.65404510498047,0.0,86.91088805825805,85.19586890534495,85.97466568984203,0.0,16428700
2019-01-22,85.2870101928711,0.0,85.82553782799837,84.61591130919312,85.40300134391792,0.0,17083700
2019-01-23,85.07160186767578,0.0,85.91668122166305,84.48335917911758,85.70127267951666,0.0,12146700
2019-01-24,85.1213150024414,0.0,85.41129291742578,84.45850924262632,84.61592221302101,0.0,11296800
2019-01-25,85.65983581542969,0.0,86.42206516611718,85.12130187292789,85.75925950853637,0.0,14369400
2019-01-28,86.06582641601562,0.0,86.36409124908634,84.99704515101973,85.2456012855937,0.0,12283100
2019-01-29,86.30609130859375,0.0,87.08489459134637,85.94155033625732,86.06582207623295,0.0,9743300
2019-01-30,86.50494384765625,0.0,87.19260402666406,85.98297722472793,86.28124206038835,0.0,12526300
2019-01-31,85.75098419189453,0.0,85.99954029768007,85.11303279124333,85.67642115278547,0.0,17520600
2019-02-01,86.06582641601562,0.0,86.86948408728699,85.76756158294491,86.16525013405422,0.0,13000800
2019-02-04,86.37236022949219,0.0,86.37236022949219,85.34500730696651,85.99124553760434,0.0,9871500
2019-02-05,85.99124908447266,0.0,86.6209198853672,85.57699314302383,86.59605921920328,0.0,12763000
2019-02-06,85.9498291015625,0.0,86.6789236730276,85.72613365325502,85.92497475408885,0.0,8745000
2019-02-07,84.82304382324219,0.0,85.75097940249722,84.0442469559642,85.54385143292598,0.0,13177500
2019-02-08,83.97796630859375,0.0,84.78990442712447,82.9008983150638,84.57449588525378,0.0,12892600
2019-02-11,83.58027648925781,0.0,84.5164989626033,83.48913967643578,84.30937099183397,0.0,10978500
2019-02-12,85.00531768798828,0.0,85.27044123694675,84.41707501126932,84.46678370137278,0.0,12852300
2019-02-13,85.41128540039062,0.0,86.04095618968552,85.25387244384983,85.25387244384983,0.0,10754100
2019-02-14,84.85619354248047,0.0,85.41958192889462,83.96968599690692,84.89762166895511,0.0,11518500
2019-02-15,87.44943237304688,0.0,87.57370409950573,85.88354540922448,86.08238649260274,0.0,14716900
2019-02-19,87.14288330078125,0.0,87.30030258705514,86.00781970389254,86.91918786543164,0.0,12764900
2019-02-20,87.5654296875,0.0,87.65656650733935,86.89433071222446,87.16774117174248,0.0,10030300
2019-02-21,87.38314819335938,0.0,87.81397158574786,86.96060536854324,87.36657441612677,0.0,8400100
2019-02-22,86.99376678466797,0.0,87.89684190099749,86.81149311908521,87.57372270148093,0.0,10647300
2019-02-25,87.90509033203125,0.0,88.87444750647583,87.56540382109918,87.61511250049347,0.0,11230700
2019-02-26,87.23401641845703,0.0,87.38314880938206,86.11552664704128,86.57949127612183,0.0,15465400
2019-02-27,87.12631225585938,0.0,87.30857955961704,86.58777827013913,87.14287971218498,0.0,9968800
2019-02-28,86.46349334716797,0.0,87.16772712430904,86.31436096792275,87.0020272900559,0.0,15156900
2019-03-01,86.52151489257812,0.0,87.74771552567005,86.33095433704698,87.0766164570998,0.0,13813300
2019-03-04,86.3226547241211,0.0,87.75597673547763,85.56041899119708,86.92746485620528,0.0,12466300
2019-03-05,86.2563705444336,0.0,86.62091778681081,85.5521367252408,86.2729380004308,0.0,10856600
2019-03-06,85.93323516845703,0.0,86.63746885443676,85.79238969546962,86.04922630162815,0.0,9070800
2019-03-07,85.3118667602539,0.0,85.72612268794589,84.64077418012693,85.54384906839441,0.0,12705700
2019-03-08,85.34501647949219,0.0,85.5272901171685,84.49993076318276,84.49993076318276,0.0,10582400
2019-03-11,86.45520782470703,0.0,86.620913982621,85.88353896277373,86.14866249439248,0.0,9763200
2019-03-12,86.19839477539062,0.0,86.81977881530459,85.95812552143178,86.65407261203367,0.0,10219100
2019-03-13,86.48834991455078,0.0,86.97717518394332,86.12380268456609,86.3226500760361,0.0,13022200
2019-03-14,87.27545166015625,0.0,87.71456833292456,86.54636337060099,86.57950460935963,0.0,10926500
2019-03-15,88.2779541015625,0.0,88.48508209680686,87.1843185395141,87.33345094893183,0.0,24811700
2019-03-18,88.80821228027344,0.0,89.30531826631643,88.23653691974894,88.27796505235484,0.0,12935500
2019-03-19,88.48507690429688,0.0,89.81069473186146,88.27794892120727,89.64498855276314,0.0,12889300
2019-03-20,86.5960693359375,0.0,88.36080389814582,86.50493883353279,88.17853025124685,0.0,14920700
2019-03-21,85.22901916503906,0.0,85.74269248392852,84.74019387007847,85.74269248392852,0.0,19751000
2019-03-22,82.65235137939453,0.0,84.77333988392904,82.45350396631116,84.35908392157187,0.0,31115200
2019-03-25,81.96466827392578,0.0,83.32342704808241,81.26871511194335,82.51148274594341,0.0,21032300
2019-03-26,82.78490447998047,0.0,83.18259295858343,81.87354268777679,82.70205455724268,0.0,15987100
2019-03-27,82.50321960449219,0.0,83.22402093898033,82.08896363899991,82.75176939116092,0.0,12753200
2019-03-28,83.43944549560547,0.0,83.5140148649923,82.63578781790414,82.8512027148554,0.0,12454100
2019-03-29,83.87029266357422,0.0,84.49995738349219,83.34003904099347,84.12712942246058,0.0,14523400
2019-04-01,86.69548034667969,0.0,86.72862157953689,84.60763324502656,84.63248758940851,0.0,17499300
2019-04-02,87.10973358154297,0.0,87.35828965976229,86.43864101981191,86.66233643337438,0.0,10295400
2019-04-03,87.28372192382812,0.0,88.12052066021224,86.81975731167554,87.66483661538827,0.0,11499200
2019-04-04,88.12690734863281,0.8,88.26883692030327,87.2002218313176,87.28371206268037,0.0,11952100
2019-04-05,87.91822814941406,0.0,88.58611203940787,87.65107586729911,88.32731005750635,0.0,9933700
2019-04-08,88.20207214355469,0.0,88.20207214355469,87.58428374768525,87.75125151865142,0.0,8056300
2019-04-09,87.5508804321289,0.0,87.82637659057433,87.0332702012532,87.72619848547112,0.0,9092200
2019-04-10,87.9432601928711,0.0,88.26050786180537,87.21694341275719,87.76794212976043,0.0,10882300
2019-04-11,88.686279296875,0.0,89.10370505463804,88.12692394071973,88.25215294193096,0.0,11183800
2019-04-12,92.84384155273438,0.0,93.37814604347744,90.89863588237279,91.36615708883194,0.0,25834100
2019-04-15,91.7835693359375,0.0,92.66850982397293,91.09899141003234,92.60172018012584,0.0,15163800
2019-04-16,92.75199890136719,0.0,92.99410659684706,91.71678484126222,91.75017966506063,0.0,11583200
2019-04-17,95.42351531982422,0.0,95.72406232629693,92.67685351419944,93.25289663543002,0.0,17791900
2019-04-18,94.72223663330078,0.0,95.96616340373916,94.61370824709157,95.61552735345353,0.0,12501900
2019-04-22,94.83914184570312,0.0,95.11464440631158,94.05438566165341,94.19630890702905,0.0,7975900
2019-04-23,94.95601654052734,0.0,95.48197711021726,94.21299914689475,94.3382281572691,0.0,9193100
2019-04-24,94.79739379882812,0.0,95.29830344304916,94.17959908052421,94.55528609074877,0.0,9245700
2019-04-25,94.84749603271484,0.0,95.29831668598466,93.92081019589567,94.34658631888591,0.0,9311800
2019-04-26,95.5654525756836,0.0,95.65728675057436,94.83912947502338,95.13132622721605,0.0,7889300
2019-04-29,96.9429702758789,0.0,97.81121670591804,95.54876326038027,95.67399227450932,0.0,14242200
2019-04-30,96.88452911376953,0.0,97.44387814779242,96.2249955964272,97.20177042349621,0.0,11389100
2019-05-01,96.1415023803711,0.0,97.67762609236947,96.09975725735335,96.60901718499468,0.0,10412900
2019-05-02,96.3502426147461,0.0,96.65913368290391,95.65731414013192,96.14987361066105,0.0,8613300
2019-05-03,96.9429702758789,0.0,97.41048513458757,96.5672832334918,96.84278579069323,0.0,8185400
2019-05-06,96.08306121826172,0.0,96.40030888165826,94.93931867849322,95.32334962471003,0.0,9387000
2019-05-07,94.5135498046875,0.0,95.19812786866902,93.7454878537643,95.19812786866902,0.0,15017700
2019-05-08,94.01262664794922,0.0,94.89756718772088,93.88739765076743,94.05437177014694,0.0,9575800
2019-05-09,93.93749237060547,0.0,94.12116072830086,92.31788471606156,92.78539953971402,0.0,12205900
2019-05-10,93.92914581298828,0.0,94.20464197241104,92.28448730798588,93.29465687763356,0.0,13189000
2019-05-13,91.3744888305664,0.0,92.20934028217289,90.98211399861667,91.9004493215016,0.0,13783700
2019-05-14,92.10082244873047,0.0,93.269615888901,91.41624443468102,91.45798955981319,0.0,10503600
2019-05-15,91.75018310546875,0.0,92.58503462349957,90.67322388287961,91.17413351981577,0.0,10142000
2019-05-16,92.92733001708984,0.0,93.64530290619146,92.32623584301292,92.351286741443,0.0,9672700
2019-05-17,92.47648620605469,0.0,93.29464337555777,91.69173022608594,91.83365343455351,0.0,9570100
2019-05-20,92.96072387695312,0.0,93.34475484652025,92.14257288030515,92.31789095101544,0.0,8518200
2019-05-21,93.27796936035156,0.0,93.43658682854262,92.85219327328706,93.03586163905653,0.0,7967900
2019-05-22,92.51824188232422,0.0,93.32804884686396,92.45980253279102,93.00245727526303,0.0,7918900
2019-05-23,90.6982650756836,0.0,91.65834556001342,89.74653488966241,91.53311656302928,0.0,14558000
2019-05-24,91.5915756225586,0.0,91.80028853930932,91.15745555825869,91.43295176761598,0.0,8537300
2019-05-28,90.59809112548828,0.0,91.69175103211903,90.53130783949764,91.16579045758748,0.0,11665500
2019-05-29,90.34764862060547,0.0,90.49792217577257,89.37921762743686,89.70480926873012,0.0,9966400
2019-05-30,89.37921142578125,0.0,91.14909913389826,88.94509139064962,90.70662879922209,0.0,10367800
2019-05-31,88.46086120605469,0.0,88.98681534041037,87.52582526445556,88.12691934338277,0.0,10952800
2019-06-03,88.87828826904297,0.0,89.21223013670082,87.90986385918767,88.32728960140714,0.0,11680700
2019-06-04,91.61660766601562,0.0,91.7501869718472,89.43764460258016,90.03873873999848,0.0,12858600
2019-06-05,91.94221496582031,0.0,92.15092788977111,90.69828772250914,91.71680781049514,0.0,8340500
2019-06-06,92.14257049560547,0.0,92.55999628251594,90.94038219109146,91.95890213025893,0.0,8726700
2019-06-07,91.13240051269531,0.0,91.85036700362066,90.9654263769122,91.5832147557797,0.0,10618900
2019-06-10,92.11751556396484,0.0,92.84383869436938,92.01733745591714,92.45980775155914,0.0,11380600
2019-06-11,92.4013671875,0.0,93.14438453636886,92.14256525255358,92.5182458916314,0.0,9847700
2019-06-12,91.22423553466797,0.0,92.5850477788384,90.90699420572786,92.41807362986005,0.0,9670500
2019-06-13,91.44964599609375,0.0,91.96725628655976,91.04057049120014,91.38285633872802,0.0,8406900
2019-06-14,91.68339538574219,0.0,92.0841269253754,90.68992002015639,91.47468250184008,0.0,9077400
2019-06-17,91.18247985839844,0.0,92.14256033632013,91.04890056399725,91.58320500277934,0.0,8128600
2019-06-18,92.42642211914062,0.0,93.01082207499842,90.98213238289166,91.0071769123947,0.0,11057300
2019-06-19,91.75851440429688,0.0,93.16105854953858,91.58319001673136,92.5182258163028,0.0,13126500
2019-06-20,91.99230194091797,0.0,92.7436633025297,91.02387100550638,92.56834522685946,0.0,13638000
2019-06-21,91.36614227294922,0.0,93.2278573895903,91.07393917776626,91.99228084363683,0.0,27089500
2019-06-24,90.7149887084961,0.0,91.64166823491267,90.61480421158564,91.23259268566768,0.0,13039600
2019-06-25,89.96360778808594,0.0,90.98212773189188,89.8884678340056,90.73166971084017,0.0,18660100
2019-06-26,90.56470489501953,0.0,91.25762688627908,90.29755263624888,90.41443135137278,0.0,10324600
2019-06-27,90.86524200439453,0.0,91.4579922253703,90.53130647125192,90.86524200439453,0.0,10906600
2019-06-28,93.33642578125,0.0,93.86238007714402,92.58505795182052,92.70193668424142,0.0,21634700
2019-07-01,94.90594482421875,0.0,95.60721721938397,94.40503506061313,94.53026409386784,0.0,12724500
2019-07-02,95.00611877441406,0.0,95.34005433345928,94.52190329662099,94.76401103551753,0.0,10174900
2019-07-03,94.85477447509766,0.8,95.73757719573284,94.38394977849511,95.29196791987067,0.0,6849400
2019-07-05,95.41809844970703,0.0,96.07389192679335,94.93886426148961,95.43491728550774,0.0,7929400
2019-07-08,94.89681243896484,0.0,95.40967778936407,94.58572817928665,94.97247794254577,0.0,6917200
2019-07-09,95.30037689208984,0.0,95.41808306569165,94.29146499993003,94.40076175698731,0.0,8947300
2019-07-10,95.0229263305664,0.0,95.70394796914128,94.78751397728345,95.31719818667564,0.0,9242300
2019-07-11,95.93094635009766,0.0,96.14954627398191,95.1070031527347,95.31719366025662,0.0,11595200
2019-07-12,96.93985748291016,0.0,96.98189173261021,95.78801127744873,95.95616110525846,0.0,10783400
2019-07-15,95.76280975341797,0.0,97.16688099835936,95.4517254500422,97.1416591602895,0.0,12946600
2019-07-16,96.78850555419922,0.0,97.10799274491784,94.93882565321279,95.40965664656588,0.0,16945000
2019-07-17,95.83847045898438,0.0,96.63719830665525,95.61987693034274,96.20840783746377,0.0,13120900
2019-07-18,96.4101791381836,0.0,96.74648522854137,95.46852978258798,95.78801704045004,0.0,9397200
2019-07-19,95.46009826660156,0.0,96.78850348800107,95.34239212440198,96.59512544609966,0.0,10402800
2019-07-22,96.07386779785156,0.0,96.22520520951745,94.81272483880413,94.9304374163263,0.0,9061100
2019-07-23,97.83106994628906,0.0,97.90673544973444,96.53629565534683,96.58673932431043,0.0,12752200
2019-07-24,98.22623443603516,0.0,98.26826869094243,97.12483175957337,97.17528184576987,0.0,10011000
2019-07-25,97.28458404541016,0.0,98.57094906149852,96.95668733207414,98.27668360267208,0.0,10138400
2019-07-26,97.71337127685547,0.0,97.95719305307229,97.13324338121873,97.33502448706841,0.0,12800400
2019-07-29,97.40228271484375,0.0,98.52049778662546,97.35183904422382,97.91514808116452,0.0,8500400
2019-07-30,97.18366241455078,0.0,97.59564035327939,96.48583493072263,96.84736279490043,0.0,7121100
2019-07-31,97.52840423583984,0.0,97.67974167140673,96.56993594875154,97.61247916348682,0.0,13648000
2019-08-01,94.9556655883789,0.0,98.20100753281208,94.66980316303496,96.96508632411535,0.0,15664500
2019-08-02,94.94725036621094,0.0,95.36763135491913,93.66088556708466,94.50164754450104,0.0,11025500
2019-08-05,92.1222915649414,0.0,93.30776905723177,91.02929840529094,93.14802222548924,0.0,15855300
2019-08-06,92.84532165527344,0.0,92.90417472204665,91.08812623675371,92.52583449486221,0.0,10203500
2019-08-07,90.8275146484375,0.0,91.0377051410663,89.070325209023,90.8022928156428,0.0,17320900
2019-08-08,92.3661117553711,0.0,92.551080417531,91.40764361009238,91.68509660333223,0.0,10903300
2019-08-09,92.26524353027344,0.0,92.86218393222663,91.04614088627852,91.93734678010911,0.0,9980800
2019-08-12,90.53324890136719,0.0,91.23108287375298,90.13808975038957,91.17222979261832,0.0,9393700
2019-08-13,91.92891693115234,0.0,92.76127595612631,89.98675870189018,90.76025822706328,0.0,12124700
2019-08-14,88.11186218261719,0.0,89.88587055638332,87.81759034427752,89.37300521148381,0.0,19491800
2019-08-15,88.44816589355469,0.0,89.44026537810107,87.72511001085958,88.12867862088923,0.0,13365600
2019-08-16,90.56688690185547,0.0,90.78548682572644,89.01147842918894,89.4318594442072,0.0,11830600
2019-08-19,91.38243103027344,0.0,92.27363676782663,91.1554216802705,92.17274301065805,0.0,8265400
2019-08-20,90.22218322753906,0.0,91.17224855141026,90.16333013429531,90.67619555306487,0.0,8374000
2019-08-21,90.47438049316406,0.0,91.16380493302107,90.33985552221456,90.97883630521734,0.0,8189300
2019-08-22,91.40765380859375,0.0,91.87006910108109,90.7434509996883,91.11338836528262,0.0,9343400
2019-08-23,89.13758850097656,0.0,91.45809352333941,88.37249838147068,90.80230015961857,0.0,14762300
2019-08-26,89.85224151611328,0.0,89.953128855621,89.1291856486165,89.64205100613178,0.0,8209500
2019-08-27,88.90217590332031,0.0,90.43236255247942,88.1454887879108,90.25580329463475,0.0,14331800
2019-08-28,89.79340362548828,0.0,90.13811278464975,88.31366038874253,88.34729164577158,0.0,10585500
2019-08-29,91.82801818847656,0.0,92.39132713698895,90.81910003291998,90.91999377282696,0.0,10002200
2019-08-30,92.3661117553711,0.0,92.95464257633,92.03821509590757,92.34929292362663,0.0,10170300
2019-09-03,91.27313232421875,0.0,91.63466028697115,90.23058910713274,91.62625728434158,0.0,9868800
2019-09-04,92.37451934814453,0.0,92.66878475281638,91.27311681279457,92.02139444803359,0.0,6929200
2019-09-05,94.47642517089844,0.0,95.61145255101486,93.49272878792638,93.53476945235857,0.0,13224700
2019-09-06,94.67820739746094,0.0,94.98929164032262,94.13171082573308,94.72024806240343,0.0,7836600
2019-09-09,97.0239486694336,0.0,97.57884832587592,95.51057430730752,95.60305865246555,0.0,13985100
2019-09-10,98.2598648071289,0.0,98.59616450139224,97.30139656656628,97.78063068684759,0.0,14333100
2019-09-11,98.5289077758789,0.0,98.53731077802745,97.00712408677687,98.27667659230241,0.0,9919200
2019-09-12,99.13426208496094,0.0,99.60508680734546,97.46114089097667,97.990825118165,0.0,12283500
2019-09-13,101.08482360839844,0.0,101.2277516167307,99.84049295799225,100.05068346948276,0.0,16257200
2019-09-16,100.18521118164062,0.0,100.78215148065541,99.52941137989363,99.96661124772496,0.0,11993900
2019-09-17,99.68913269042969,0.0,99.72276393430258,98.57091788604598,99.56301712953235,0.0,10735400
2019-09-18,100.68965148925781,0.0,100.95869505283314,98.9997181978448,99.4789522459166,0.0,10665600
2019-09-19,100.37017822265625,0.0,101.17730907722954,100.12635644140404,100.63922184084736,0.0,9382600
2019-09-20,99.96662139892578,0.0,101.17731453888727,99.9413995606254,100.67285852936114,0.0,21862800
2019-09-23,99.94979095458984,0.0,100.1515784665677,98.94087905272231,99.02495397546036,0.0,9135100
2019-09-24,98.6465835571289,0.0,100.26925408809804,98.40276186533004,99.84046377393427,0.0,11696500
2019-09-25,99.20992279052734,0.0,99.51259764440464,98.47005448910808,98.59616366613575,0.0,9389400
2019-09-26,98.39439392089844,0.0,99.25197491066493,98.3271314090528,99.10904046936639,0.0,9899200
2019-09-27,98.97449493408203,0.0,99.74799436635718,98.60455763407894,99.17627600021807,0.0,10207800
2019-09-30,98.94929504394531,0.0,99.85731325015638,98.55413582486447,99.51260411967483,0.0,9755000
2019-10-01,97.15005493164062,0.0,100.05068136334734,97.03234876084416,99.54622542929033,0.0,11250300
2019-10-02,95.21630096435547,0.0,96.60355961230012,94.94725736832116,96.52788769320952,0.0,12548700
2019-10-03,95.08070373535156,0.9,95.69090269484013,93.66537863424732,95.14849859071373,0.0,12735200
2019-10-04,97.14012145996094,0.0,97.41132027759751,95.14849807087525,95.2078226101742,0.0,9453100
2019-10-07,96.92825317382812,0.0,97.88592264339802,96.67400143774891,96.77570342535864,0.0,6771600
2019-10-08,94.76712036132812,0.0,95.81801489830134,94.63152419489097,95.81801489830134,0.0,10806300
2019-10-09,95.45359802246094,0.0,95.9027769261124,94.97900170571508,95.4874986830699,0.0,7273700
2019-10-10,96.79264831542969,0.0,97.80117198874086,95.76717754418198,95.885826627408,0.0,10994100
2019-10-11,98.42833709716797,0.0,99.99620582798413,98.199515668388,98.33511187576725,0.0,15076500
2019-10-14,98.6910400390625,0.0,99.04699375436417,98.02152298388407,98.18254304477593,0.0,8779000
2019-10-15,101.66574096679688,0.0,103.04715877112588,99.89447531215212,100.72501876451074,0.0,23379000
2019-10-16,101.42845153808594,0.0,102.22510086822246,101.17419982586249,101.6657496876867,0.0,11087700
2019-10-17,101.99629211425781,0.0,103.03023978741332,101.59796737467585,102.33529230534187,0.0,10818500
2019-10-18,102.17424011230469,0.0,102.56408797113122,101.58099477624023,101.69964384345312,0.0,10417400
2019-10-21,104.70826721191406,0.0,104.89471113886401,103.38616736536513,103.43702158716022,0.0,12714600
2019-10-22,105.7591552734375,0.0,106.02187728396056,104.34383678349374,104.62350588964541,0.0,12549100
2019-10-23,106.0388412475586,0.0,106.06426512644009,105.23371510960199,105.2591389884835,0.0,8828300
2019-10-24,105.96255493164062,0.0,106.49648221032564,105.14895854104702,106.18290597468348,0.0,8020500
2019-10-25,106.81005859375,0.0,107.33550912403749,105.72526333912141,105.9371376143501,0.0,9055700
2019-10-28,107.21685028076172,0.0,107.81009561100727,107.12362509088183,107.26769803310016,0.0,9522200
2019-10-29,107.14905548095703,0.0,107.98807577499343,106.73378372453955,106.83547923539878,0.0,9797300
2019-10-30,106.55579376220703,0.0,107.00496610860914,105.86931683980872,106.82699252602842,0.0,8513700
2019-10-31,105.8693618774414,0.0,106.55583909187234,104.97101680247434,106.35243508306027,0.0,11589100
2019-11-01,108.31014251708984,0.0,108.47116258497014,106.80159210079118,106.95414185228698,0.0,11682600
2019-11-04,109.17459869384766,0.0,109.68308926960226,108.95424113908408,109.39494331682985,0.0,9159900
2019-11-05,109.41190338134766,0.0,110.42889752504824,109.19154581349473,109.65767190112729,0.0,13747600
2019-11-06,109.58138275146484,0.0,110.03902551692754,108.97118377632786,109.06440897896768,0.0,11231100
2019-11-07,110.17461395263672,0.0,111.26787943187654,110.10681263839092,110.5390314684572,0.0,13528900
2019-11-08,110.49667358398438,0.0,110.5136142147272,109.53899774406806,110.07292504338837,0.0,9293400
2019-11-11,110.10681915283203,0.0,110.25937535185564,109.6237525414455,109.83562681158222,0.0,8679000
2019-11-12,109.46273040771484,0.0,110.70006895303472,109.33559808147751,109.861055086055,0.0,9099000
2019-11-13,108.88644409179688,0.0,109.17460298768397,107.98809906736193,108.58982781055279,0.0,8023300
2019-11-14,108.9881362915039,0.0,109.19152732673946,108.13215591228774,108.24233467756031,0.0,8483400
2019-11-15,109.77629852294922,0.0,109.77629852294922,108.81862266008305,109.52204680614285,0.0,10163600
2019-11-18,110.70008087158203,0.0,110.72550475321083,109.31866921988697,109.80173590261512,0.0,8749300
2019-11-19,110.66617584228516,0.0,111.23399736272319,110.3271692341118,111.01365276624539,0.0,8824500
2019-11-20,109.8610610961914,0.0,110.70007500907082,109.27628598613582,110.42888264213194,0.0,11782800
2019-11-21,110.11530303955078,0.0,110.78483305749653,109.65766024963534,110.17463404975543,0.0,7705500
2019-11-22,110.84415435791016,0.0,111.20858488257852,110.25939214595958,110.30175666101631,0.0,8167900
2019-11-25,111.4374008178711,0.0,111.92895069863903,110.91194381055101,111.23399685389752,0.0,10068500
2019-11-26,111.58995056152344,0.0,111.7170828957949,110.47973134050069,111.7170828957949,0.0,10490700
2019-11-27,111.92044067382812,0.0,112.23401039462429,111.5729638345922,112.11536134363844,0.0,6607900
2019-11-29,111.66622161865234,0.0,112.21710253405152,111.40349956702555,111.75944682391803,0.0,5712000
2019-12-02,111.42046356201172,0.0,112.49678868142648,111.31876803103074,112.13235814244189,0.0,8615600
2019-12-03,109.9881820678711,0.0,110.14073828352379,108.97965836300355,109.97971175158284,0.0,10361300
2019-12-04,112.15776062011719,0.0,112.26793937884031,110.1661502384049,110.49667358279507,0.0,10318200
2019-12-05,112.7679443359375,0.0,112.97981857764242,112.02214286696743,112.44589135037725,0.0,9587400
2019-12-06,114.44601440429688,0.0,115.07316697790864,114.11549101874843,114.14939814801437,0.0,10170600
2019-12-09,113.91209411621094,0.0,114.80196870288847,113.91209411621094,114.09854452224928,0.0,8498200
2019-12-10,113.98835754394531,0.0,114.21718537701348,112.61541640909464,112.92898619130641,0.0,7532900
2019-12-11,113.71715545654297,0.0,114.42906285361472,113.57308250036094,113.81038065545835,0.0,9011900
2019-12-12,116.97157287597656,0.0,117.35294404824062,113.74261045540906,113.97990864845255,0.0,13717400
2019-12-13,115.94609069824219,0.0,117.6580386754745,115.44607045026727,116.9122369959315,0.0,10592100
2019-12-16,116.39522552490234,0.0,117.66647092276745,116.37828489714352,117.27662957588389,0.0,11372000
2019-12-17,117.10716247558594,0.0,117.52244077883881,116.30204268353222,116.72579130374803,0.0,11546800
2019-12-18,116.98851776123047,0.0,117.81907439884635,116.71732535866076,117.08174297844114,0.0,10381500
2019-12-19,116.40375518798828,0.0,117.14107367459624,116.19188087052326,116.75121924047652,0.0,9350400
2019-12-20,116.31050109863281,0.0,117.70039575891074,116.0223422702573,116.9715477704858,0.0,29992600
2019-12-23,116.27660369873047,0.0,116.87833235126766,116.00541134154155,116.61561030994153,0.0,9738400
2019-12-24,116.59866333007812,0.0,116.6410407753448,116.15796117650984,116.38678903552538,0.0,3324300
2019-12-26,117.83598327636719,0.0,117.88684396168767,116.76814165665213,116.86136684873843,0.0,6770900
2019-12-27,117.92072296142578,0.0,118.4546501683854,117.52239836762685,118.05632557458647,0.0,7868200
2019-12-30,117.4885482788086,0.0,118.71741670885508,117.35294561475031,118.56486047884405,0.0,6963000
2019-12-31,118.14110565185547,0.0,118.20890698032606,117.20038323347038,117.38683365381921,0.0,7201600
2020-01-02,119.57332611083984,0.0,119.58180935558035,118.02240534106326,118.47157763194235,0.0,10803700
2020-01-03,117.99543762207031,0.9,118.75455190748959,116.92074044720282,117.27897283882531,0.0,10386800
2020-01-06,117.90159606933594,0.0,117.93572087182815,116.42601722411898,116.47719141305848,0.0,10259000
2020-01-07,115.8971939086914,0.0,117.58600713011337,115.8460197224056,117.09130163802044,0.0,10531300
2020-01-08,116.80133819580078,0.0,117.34721802508894,115.6584043367915,115.74369033257923,0.0,9695300
2020-01-09,117.22779846191406,0.0,117.90161374194888,116.88661545984517,117.74809115211846,0.0,9469000
2020-01-10,116.05925750732422,0.0,117.06571790596989,115.83748534065424,117.03160611906601,0.0,10190900
2020-01-13,117.02308654785156,0.0,117.02308654785156,115.7948537921805,116.16162388593253,0.0,12355200
2020-01-14,118.38777923583984,0.0,120.0595301766622,117.44101767733363,117.65425214533234,0.0,24906000
2020-01-15,116.61369323730469,0.0,118.21722096354445,116.12751229336101,117.57751741507246,0.0,16293400
2020-01-16,117.06573486328125,0.0,117.62013933066623,116.71602717656744,117.23631985210737,0.0,10783800
2020-01-17,117.87599182128906,0.0,117.95275309352783,117.12541546807066,117.31304979527756,0.0,14697700
2020-01-21,116.71602630615234,0.0,117.7651493584699,116.58809081918695,117.01455979547204,0.0,8474200
2020-01-22,116.57954406738281,0.0,117.19366038678179,116.32367311329932,117.0572002162037,0.0,7549100
2020-01-23,116.46013641357422,0.0,116.63073440728017,114.90779618628719,115.75220940185298,0.0,9345700
2020-01-24,113.56868743896484,0.0,116.36632298715534,112.86076036480024,116.31514879044954,0.0,15166400
2020-01-27,112.6134033203125,0.0,113.38958002539138,110.63459392411696,111.11223712268826,0.0,12860500
2020-01-28,114.66044616699219,0.0,115.12103996352734,112.99721971239458,113.30427790515111,0.0,13062800
2020-01-29,114.4898681640625,0.0,115.6072149013974,114.02928735420899,114.98457378341716,0.0,9326000
2020-01-30,115.9057388305664,0.0,116.11044862623585,113.17633996230927,113.17633996230927,0.0,9048900
2020-01-31,112.89486694335938,0.0,115.00162470911452,112.13575269274963,114.7116289313086,0.0,12785200
2020-02-03,113.75631713867188,0.0,114.49838191985872,113.15073855213411,113.15073855213411,0.0,10021100
2020-02-04,115.39395141601562,0.0,116.51131088755996,115.21484176291797,115.61572357767702,0.0,9157100
2020-02-05,117.35572814941406,0.0,117.47513894053233,116.00808464119365,116.4857408204668,0.0,10150700
2020-02-06,117.3727798461914,0.0,117.95277134591886,116.94631091469805,117.91013486460868,0.0,8992300
2020-02-07,116.99748229980469,0.0,117.42395122107604,116.25543054152811,116.62218756671813,0.0,6379800
2020-02-10,117.48368072509766,0.0,117.57750442243119,116.63926744909593,116.80985244021127,0.0,5960700
2020-02-11,117.70541381835938,0.0,118.40482904612207,117.51776646529122,117.92717295616825,0.0,6578600
2020-02-12,117.70541381835938,0.0,118.80569782971567,117.53482886506042,118.21718169305393,0.0,7958000
2020-02-13,117.60306549072266,0.0,117.99540958196854,116.34070820331128,117.49217941438036,0.0,7447500
2020-02-14,117.2448501586914,0.0,117.8674911852553,116.80131880390637,117.56895771255778,0.0,6627600
2020-02-18,115.6924819946289,0.0,117.45806947740358,115.18925181912422,117.14247364318713,0.0,8996400
2020-02-19,117.27045440673828,0.0,118.03809342766525,116.28956786355221,116.77574878766036,0.0,7071200
2020-02-20,117.27045440673828,0.0,118.01250632795444,116.45162817158825,116.99750799008778,0.0,7422800
2020-02-21,115.8375015258789,0.0,116.78426317602805,115.07838726691611,116.46868029757844,0.0,9772800
2020-02-24,112.72428131103516,0.0,113.61133104241492,111.56428519166154,112.11016495284912,0.0,13618400
2020-02-25,107.69193267822266,0.0,112.78396607792857,107.1204593841625,111.73485618688234,0.0,20797200
2020-02-26,108.01605987548828,0.0,109.98634442858257,107.7601758912994,108.26341265823086,0.0,24825600
2020-02-27,103.52107238769531,0.0,107.14605836191781,103.46136699665117,104.83459749806623,0.0,23005500
2020-02-28,99.03462219238281,0.0,101.06461209482144,96.09198897786212,100.23726127307044,0.0,45931400
2020-03-02,103.64900207519531,0.0,103.70018276994622,97.6272630872416,99.47813661365242,0.0,27355400
2020-03-03,99.75960540771484,0.0,104.86870106400947,99.14548914375574,103.17988784552098,0.0,32547700
2020-03-04,102.22461700439453,0.0,102.51461930542256,97.8319850456324,100.92815412025874,0.0,25795900
2020-03-05,97.20933532714844,0.0,99.30756181960847,96.02375214450721,98.6593271813802,0.0,25025600
2020-03-06,92.18553924560547,0.0,94.09611851542618,89.57554457896957,90.63319236873855,0.0,38159400
2020-03-09,79.69853210449219,0.0,84.63704410999605,79.32323728657455,82.36822581244057,0.0,40352000
2020-03-10,85.89083862304688,0.0,86.3855441362734,80.67086316213042,84.44084688554771,0.0,31102700
2020-03-11,81.84793090820312,0.0,85.33645076358523,80.6452916942855,83.33204122805486,0.0,38127000
2020-03-12,75.1011962890625,0.0,82.70087076714677,73.62561063106503,76.41471513127894,0.0,49725200
2020-03-13,88.62875366210938,0.0,88.69698372796896,78.47026320418993,81.87348257977852,0.0,38543300
2020-03-16,75.36559295654297,0.0,80.15910627125355,72.11590165750557,72.67030608358408,0.0,38589700
2020-03-17,79.97147369384766,0.0,83.11028599006661,74.63207965849347,77.52353913838473,0.0,35239800
2020-03-18,71.55294799804688,0.0,77.43821982972815,68.54207875348987,74.77705168210393,0.0,41525600
2020-03-19,72.75559997558594,0.0,75.15235321112064,65.5994520558926,69.56560778529222,0.0,32175100
2020-03-20,71.2203140258789,0.0,76.3038230844429,70.35032023875877,73.60854272791018,0.0,30150800
2020-03-23,67.40766906738281,0.0,71.43353627220614,66.60590550327349,70.52089314371092,0.0,32536600
2020-03-24,75.42528533935547,0.0,76.84968981718208,70.7085406326347,72.41441612916438,0.0,34363200
2020-03-25,78.239990234375,0.0,81.15703605959611,72.10736513665405,76.116170346234,0.0,38111700
2020-03-26,83.69026184082031,0.0,84.07408125961126,79.78380503544935,80.24439224243798,0.0,29826300
2020-03-27,77.72822570800781,0.0,80.89262442309257,77.23352668930148,79.48528214428039,0.0,30041500
2020-03-30,79.74969482421875,0.0,80.25292506907633,76.16735819443304,77.31882307490702,0.0,21656900
2020-03-31,76.78999328613281,0.0,80.32115545036916,76.20146408962697,78.51293138036175,0.0,23379300
2020-04-01,71.95384216308594,0.0,73.83030295051823,71.00708056825061,72.58501439050956,0.0,28029600
2020-04-02,74.64059448242188,0.0,74.98177093033236,70.75972458881424,71.22884301811608,0.0,24018000
2020-04-03,72.43438720703125,0.9,75.3903653296298,71.33127624369743,74.11489677125488,0.0,21199400
2020-04-06,77.09672546386719,0.0,78.41528009224497,75.57995368987405,76.6916778956684,0.0,26820800
2020-04-07,78.11366271972656,0.0,81.44021598324495,77.88959255961318,81.39712329186953,0.0,22563800
2020-04-08,81.26783752441406,0.0,81.75044398393759,78.0360837507765,79.37187136553476,0.0,22903300
2020-04-09,88.55870056152344,0.0,89.96343426803097,83.4999247273159,83.52577771347525,0.0,42055900
2020-04-13,84.6202621459961,0.0,88.8603224827133,83.85325960205819,88.8603224827133,0.0,26911900
2020-04-14,82.30200958251953,0.0,87.90371704101562,80.69905892224051,87.05914902349468,0.0,46151300
2020-04-15,78.242919921875,0.0,79.31155140749956,77.67412805975556,78.55316883302736,0.0,30118600
2020-04-16,75.2610855102539,0.0,78.05331900579343,75.0197822739137,77.76030981167177,0.0,32449600
2020-04-17,82.02622985839844,0.0,82.47436354229212,78.38942812460716,79.28570206741522,0.0,30191900
2020-04-20,79.03578186035156,0.0,81.62118528362124,77.9585304339892,79.69075256858574,0.0,23679400
2020-04-21,76.7433853149414,0.0,78.7513767430344,76.12288751354849,76.37281060438842,0.0,23035000
2020-04-22,76.9933090209961,0.0,79.17367138090435,76.85542426059878,78.15674579476867,0.0,16662400
2020-04-23,77.03640747070312,0.0,78.66521118582205,76.92437568355962,77.3380365707212,0.0,16638800
2020-04-24,78.1739730834961,0.0,78.51007496969021,76.26077368514795,78.11364727251306,0.0,15809200
2020-04-27,81.54363250732422,0.0,82.41404699167406,78.88928321390823,79.2340050114334,0.0,22870200
2020-04-28,82.12104034423828,0.0,84.76676986856634,81.89697018248124,84.292776560046,0.0,20238900
2020-04-29,84.33583068847656,0.0,85.70609086741894,83.8273647741076,85.3872287647818,0.0,20462600
2020-04-30,82.52606201171875,0.0,83.45680205422322,81.48328363607445,82.38817070170651,0.0,19127600
2020-05-01,80.36295318603516,0.0,80.78523388724018,79.147810469786,80.57840346267332,0.0,18547700
2020-05-04,79.4063491821289,0.0,79.8631026921542,78.25153891716084,79.30293068786986,0.0,15725900
2020-05-05,79.28569793701172,0.0,81.19027750062662,79.1995191455625,80.7076710084948,0.0,18064100
2020-05-06,77.79476928710938,0.0,79.94065839830844,77.50176011852318,79.42357914049667,0.0,20978000
2020-05-07,78.6048812866211,0.0,80.06994717142709,78.061948934764,78.71691306795071,0.0,16771900
2020-05-08,79.88895416259766,0.0,81.0782438115361,79.38049470255947,79.97513952702869,0.0,20487800
2020-05-11,77.5362548828125,0.0,78.51870772312314,76.98470264176166,78.51870772312314,0.0,31907600
2020-05-12,75.00254821777344,0.0,78.24292217476633,74.89051644247277,77.69137000017442,0.0,27962900
2020-05-13,72.41715240478516,0.0,74.85605133234056,71.87422002613319,74.4423838712096,0.0,35451600
2020-05-14,75.42483520507812,0.0,75.9333013123646,71.0124174402602,71.28819355056132,0.0,35152500
2020-05-15,74.02871704101562,0.0,75.21800021186493,73.5116376873864,74.84742546967685,0.0,26099000
2020-05-18,77.94989776611328,0.0,78.55316241070821,75.73506946064497,76.43313274117595,0.0,30504400
2020-05-19,76.4159164428711,0.0,78.59627258713259,76.34697076379818,77.60520639430234,0.0,19597300
2020-05-20,78.70830535888672,0.0,79.62181252902566,77.88097699394594,78.17398624662394,0.0,20552400
2020-05-21,77.70860290527344,0.0,79.07887006087515,77.27770235917563,77.7947816994889,0.0,14621400
2020-05-22,77.10536193847656,0.0,77.87236455530436,76.45901097541794,77.5707354208814,0.0,13557900
2020-05-26,82.57778930664062,0.0,84.0256155608437,79.81140829102463,80.05271157088826,0.0,41233900
2020-05-27,87.36077880859375,0.0,88.403557337874,85.14595027160566,87.96403694122844,0.0,39402000
2020-05-28,86.05946350097656,0.0,88.722425902674,85.66303576035271,88.71381262517549,0.0,24713900
2020-05-29,83.86186981201172,0.0,85.47344036813612,83.40511624357025,85.02530665240707,0.0,26526400
2020-06-01,84.97358703613281,0.0,85.75782919213798,83.9221886434765,84.24105741707541,0.0,15176800
2020-06-02,85.25798797607422,0.0,86.5420698477185,84.39618682664458,86.42141821280002,0.0,21195000
2020-06-03,89.86000061035156,0.0,90.42017265785006,87.09361978195895,87.54176004996607,0.0,25941100
2020-06-04,91.73011016845703,0.0,91.87661477582374,88.58453487341494,89.47218894454566,0.0,26784700
2020-06-05,95.85812377929688,0.0,99.77069435598533,94.39305820067291,99.04678470479807,0.0,42231000
2020-06-08,97.77133178710938,0.0,98.40906933265937,96.47001686515374,97.73686552926071,0.0,24881800
2020-06-09,95.26349639892578,0.0,96.20285646179421,93.94494174002642,95.35829504793352,0.0,17031100
2020-06-10,91.40263366699219,0.0,95.23765297294173,91.22165620300673,95.19456028269792,0.0,24913300
2020-06-11,83.77568054199219,0.0,87.54175355416406,83.19827540780936,86.20595927655752,0.0,36259200
2020-06-12,86.06809997558594,0.0,87.15396490199655,83.879123839374,86.79200992652633,0.0,24856800
2020-06-15,87.25735473632812,0.0,87.41247918552685,82.62086753808651,83.09485416201254,0.0,22153600
2020-06-16,87.95541381835938,0.0,91.07513601330088,85.58546091039831,90.80797978950085,0.0,22193600
2020-06-17,85.73196411132812,0.0,88.36907299775265,85.49927416545557,88.36045314697449,0.0,15639800
2020-06-18,85.26660919189453,0.0,86.62825003274855,84.568545778681,85.03391919581632,0.0,16591900
2020-06-19,84.29277038574219,0.0,86.69719644052941,83.36203011858353,86.636870621593,0.0,40371200
2020-06-22,83.37926483154297,0.0,84.41342362580167,83.19828737129876,83.81016542498764,0.0,16216900
2020-06-23,84.39617919921875,0.0,86.15425417416917,84.32723353549041,85.29245310262604,0.0,15381400
2020-06-24,81.5781021118164,0.0,83.45682235508511,81.27646644154666,83.37926340560168,0.0,22919800
2020-06-25,84.42204284667969,0.0,84.63749314178912,81.23338110906849,81.3109400592977,0.0,25743600
2020-06-26,79.79418182373047,0.0,82.18999503919638,79.28572219609234,81.96592485285333,0.0,41896300
2020-06-29,80.14751434326172,0.0,81.43159633420686,79.44083759807468,80.49223615006501,0.0,18499700
2020-06-30,81.06101989746094,0.0,81.57810588468287,79.7769379325751,80.00100808870317,0.0,19137000
2020-07-01,80.37158203125,0.0,82.4829923485511,80.17336486155438,81.77631562510545,0.0,18755700
2020-07-02,80.63263702392578,0.9,82.6340906038801,79.99738887607853,82.44264577469076,0.0,27845600
2020-07-06,82.66890716552734,0.0,82.84294431444968,81.34620757207924,82.17289398809785,0.0,18625300
2020-07-07,80.3367691040039,0.0,81.8857222172024,80.05830569757599,81.64206756646439,0.0,25757200
2020-07-08,81.1895751953125,0.0,81.22437731541518,79.88427660142705,80.31067228315054,0.0,18762200
2020-07-09,79.4317626953125,0.0,81.9031312776958,78.99666320058436,81.38100657274892,0.0,25600800
2020-07-10,83.77405548095703,0.0,84.27006864937312,79.94518516150946,80.05830864234417,0.0,28954200
2020-07-13,84.97492218017578,0.0,86.38464012041351,83.73924136075314,85.91473856639466,0.0,32079200
2020-07-14,85.46224975585938,0.0,86.97639427672664,84.0960374833159,85.60148479364084,0.0,42731700
2020-07-15,86.78494262695312,0.0,88.14245083976452,85.84512618465709,87.7943699382744,0.0,22508400
2020-07-16,87.02859497070312,0.0,88.08153485659624,85.7581053570034,85.95824738869463,0.0,16886900
2020-07-17,85.4187240600586,0.0,87.0895042930494,85.40131636480987,87.01988679023549,0.0,16137700
2020-07-20,84.67036437988281,0.0,85.61887809218808,84.63555562359298,84.78348785850622,0.0,14458100
2020-07-21,86.5064926147461,0.0,87.06341948764155,84.96623654510397,85.02715021435527,0.0,17798100
2020-07-22,85.87993621826172,0.0,87.13301818756877,84.87050225280966,86.71532641083012,0.0,14271200
2020-07-23,86.13228607177734,0.0,86.45425540091378,85.25338336435674,85.71458769783683,0.0,12870200
2020-07-24,85.52313995361328,0.0,86.84584589315742,85.22727553816458,86.67180214369624,0.0,12744200
2020-07-27,84.322265625,0.0,84.95750703545782,83.68701757545217,84.85308742776066,0.0,11959100
2020-07-28,84.68777465820312,0.0,85.1837878709229,83.97421167430637,83.97421167430637,0.0,11754300
2020-07-29,86.74143981933594,0.0,86.7675447280545,84.40930614682895,84.47021981353619,0.0,12743500
2020-07-30,84.42670440673828,0.0,85.05324875157503,83.5826169500965,84.87921160649438,0.0,14834800
2020-07-31,84.09600830078125,0.0,84.34836673986909,82.88643254593624,83.95677995040607,0.0,14535000
2020-08-03,83.6261215209961,0.0,84.90531509717118,83.4085717737307,84.42670299755078,0.0,12962800
2020-08-04,83.14752960205078,0.0,83.4956039430904,82.6950223361513,83.46080182026043,0.0,13366200
2020-08-05,84.59203338623047,0.0,85.68848584769083,83.29543889775735,83.42597005920821,0.0,15260900
2020-08-06,84.61815643310547,0.0,85.36652817084703,84.00901973452144,84.9140275717692,0.0,10482100
2020-08-07,86.4803695678711,0.0,86.57609198383813,84.02640878572493,84.34838478844051,0.0,14743700
2020-08-10,87.57682037353516,0.0,88.79510021155335,87.04599849153503,87.11561599978543,0.0,14989900
2020-08-11,90.34405517578125,0.0,92.38032418130405,90.07429562443974,90.37886393064646,0.0,31518600
2020-08-12,89.57827758789062,0.0,92.6152699135887,88.50793001135787,92.38031912995949,0.0,19240800
2020-08-13,89.082275390625,0.0,89.94377055493369,88.4470271896513,88.76029936559839,0.0,13598600
2020-08-14,89.1170883178711,0.0,89.90026215529396,88.2555864741589,88.32520399186953,0.0,12134400
2020-08-17,86.76753997802734,0.0,88.76029644991743,86.61090389519913,88.32519695751587,0.0,14988000
2020-08-18,85.55796813964844,0.0,86.9415880460474,85.38393098974157,86.9415880460474,0.0,13246500
2020-08-19,85.75811004638672,0.0,87.53331007995939,85.57536242263633,86.08007941212816,0.0,13533000
2020-08-20,84.73129272460938,0.0,85.30562070517426,84.23527947994728,84.6355702879998,0.0,13672600
2020-08-21,84.68777465820312,0.0,85.77552351408792,84.35710139608732,84.64426204833087,0.0,12228300
2020-08-24,87.07211303710938,0.0,87.20264421975726,84.77478812323699,85.67109206414509,0.0,17898300
2020-08-25,87.45499420166016,0.0,88.74289156483493,86.84585759420045,88.12504446986583,0.0,13648900
2020-08-26,86.22801208496094,0.0,87.25484712719867,86.19320996882988,86.96768651502457,0.0,12052400
2020-08-27,89.06487274169922,0.0,89.32593511615238,86.1497072094015,86.1497072094015,0.0,22163900
2020-08-28,89.43034362792969,0.0,89.8480420472672,88.59495342834579,89.75231963115009,0.0,13756700
2020-08-31,87.18524932861328,0.0,88.91694366625562,87.03731043696351,88.86473384513934,0.0,14219400
2020-09-01,87.14173126220703,0.0,87.77697948208062,86.1845136468192,86.62831701579687,0.0,11595600
2020-09-02,88.45573425292969,0.0,88.70809277267317,86.63701479653423,86.9763918929602,0.0,14475700
2020-09-03,88.17725372314453,0.0,91.36217815786898,87.57681437402748,89.90894762792392,0.0,23281200
2020-09-04,90.08299255371094,0.0,91.55363090651028,88.2120701189342,90.5442035749225,0.0,26325500
2020-09-08,86.95027160644531,0.0,90.12649888681918,86.56738860893806,89.61308472782711,0.0,22108600
2020-09-09,87.77696990966797,0.0,88.49053277849579,86.63700477794843,87.71605624912502,0.0,13434000
2020-09-10,86.87195587158203,0.0,89.12576778629645,86.70661595970594,88.23816784899921,0.0,15922800
2020-09-11,87.95101165771484,0.0,88.20337016151723,86.66311423125637,86.99379409648984,0.0,13784300
2020-09-14,89.16928100585938,0.0,90.03077604497362,88.2120635580557,88.3338908710985,0.0,19017400
2020-09-15,86.39334869384766,0.0,89.49995860786989,86.2715213747951,89.39553898530538,0.0,23683000
2020-09-16,86.75883483886719,0.0,88.00321963419152,85.94085231990027,86.52388403766497,0.0,19270600
2020-09-17,85.76679229736328,0.0,86.44554630460016,85.02712463919721,85.8886195992217,0.0,18290100
2020-09-18,85.58406829833984,0.0,86.57609460375366,84.79219067939327,85.18377756449667,0.0,20121600
2020-09-21,82.93865966796875,0.0,83.5826116700893,81.6420650934782,82.84293725249384,0.0,28378800
2020-09-22,82.03366088867188,0.0,83.24324366679359,81.5115427905231,82.6341003530435,0.0,19257000
2020-09-23,80.7022476196289,0.0,82.97346737804838,80.63263675032529,82.47745424914592,0.0,19952700
2020-09-24,80.63263702392578,0.0,82.05976275540314,79.5187768031052,80.33676593179015,0.0,18366500
2020-09-25,81.33748626708984,0.0,81.55503597610031,79.94516945724087,80.10180551329202,0.0,13293100
2020-09-28,83.6783447265625,0.0,84.3483950810031,82.10327991469384,82.72112045008743,0.0,20894100
2020-09-29,82.97346496582031,0.0,83.56520049178955,82.08586499641187,83.56520049178955,0.0,12848200
2020-09-30,83.77405548095703,0.0,84.58334082301396,82.89515926405113,82.97347398791557,0.0,16400600
2020-10-01,84.38319396972656,0.0,85.07934915226112,83.56520482518002,84.51372514116778,0.0,15778700
2020-10-02,85.18377685546875,0.0,85.79291348035748,82.74721707773122,82.88645210004366,0.0,15149600
2020-10-05,86.9842529296875,0.9,87.16868965535305,85.6580573871989,86.35189461272078,0.0,13871900
2020-10-06,86.08839416503906,0.0,88.58269521930475,85.6404793555092,87.88885811936775,0.0,19220400
2020-10-07,87.59025573730469,0.0,88.13478124660377,86.65928088145847,86.91398110706844,0.0,16358500
2020-10-08,89.3907241821289,0.0,89.51368200268132,87.73957151992599,88.2753191812038,0.0,15659000
2020-10-09,88.8813247680664,0.0,89.6805573122476,87.92400933896013,89.58394663766089,0.0,13689100
2020-10-12,89.97038269042969,0.0,90.46221394239792,88.57392367045094,88.79349215089366,0.0,16058000
2020-10-13,88.51244354248047,0.0,90.65543402625146,88.05574405776932,90.4622126940166,0.0,21697300
2020-10-14,88.02061462402344,0.0,89.52246224514188,87.91521933982803,88.73201436542209,0.0,15204100
2020-10-15,89.33802032470703,0.0,89.39071461338928,86.98424605356315,87.03694034224539,0.0,17171200
2020-10-16,89.15357971191406,0.0,89.87376399541103,88.45974257160516,89.0657536677213,0.0,13275000
2020-10-19,87.65174102783203,0.0,89.46976779767418,87.44095045980806,89.2326300838218,0.0,11725700
2020-10-20,88.15235137939453,0.0,89.38192944569683,87.93278291031227,88.0996503903402,0.0,11257100
2020-10-21,87.2740707397461,0.0,88.69687002069236,87.23893898333172,88.14355993373519,0.0,10730500
2020-10-22,90.3568115234375,0.0,90.67299064636003,87.22137413837046,87.2301587530899,0.0,14837200
2020-10-23,91.17359924316406,0.0,91.73569392806895,90.40072072659412,90.90133651473434,0.0,15087600
2020-10-26,88.91645050048828,0.0,90.19872962992837,88.04696118888336,90.1548199539938,0.0,12410700
2020-10-27,87.23895263671875,0.0,88.63540499408123,87.08964767411365,88.27531616069847,0.0,10391700
2020-10-28,84.78855895996094,0.0,86.33432282449631,84.37576917505395,85.63170105860812,0.0,16389500
2020-10-29,85.34186553955078,0.0,86.0532718907112,83.64679679776455,84.4196820483391,0.0,14208800
2020-10-30,86.10597229003906,0.0,86.43971395331475,84.51629870609453,85.9917990975048,0.0,15194500
2020-11-02,88.04695892333984,0.0,88.60026907090601,85.94788482770709,87.29164282943789,0.0,15011600
2020-11-03,90.82229614257812,0.0,91.99039519463676,90.18993793956147,90.47976319869638,0.0,17482600
2020-11-04,88.04695892333984,0.0,89.64541716145135,86.88763763746444,88.70566435169401,0.0,18886500
2020-11-05,91.64787292480469,0.0,92.30657829805537,88.70565693109117,88.75835121672802,0.0,17837400
2020-11-06,90.42707061767578,0.0,92.30657603385936,89.92645481431282,92.24509713522522,0.0,12552800
2020-11-09,102.67021942138672,0.0,104.42676720720789,96.91752274254318,99.38547693809659,0.0,47792400
2020-11-10,102.33647155761719,0.0,103.15326655007448,100.72923541820606,103.0654405004905,0.0,20539300
2020-11-11,100.80828094482422,0.0,102.72291838654897,100.08809658788363,102.6614394792747,0.0,14443400
2020-11-12,99.56990814208984,0.0,100.08808649390002,98.41936484956454,98.83215462850359,0.0,22063000
2020-11-13,100.19348907470703,0.0,100.87854165112181,99.74556750524422,100.73801460944793,0.0,11847900
2020-11-16,103.02152252197266,0.0,104.17205909038898,101.64263288248598,103.45187482073412,0.0,19858600
2020-11-17,101.97637939453125,0.0,102.26621137926662,100.63262144801,101.34402113718058,0.0,14553200
2020-11-18,101.22105407714844,0.0,104.17205454118009,101.17713770746515,103.05664307791781,0.0,12571200
2020-11-19,101.49331665039062,0.0,101.72166971113586,99.73676907692898,100.2813012369531,0.0,10202500
2020-11-20,100.62383270263672,0.0,101.57237004972635,100.2022583148088,100.50087490216556,0.0,12718900
2020-11-23,103.52213287353516,0.0,103.78561098714914,101.50210049900879,101.9236748617672,0.0,13209200
2020-11-24,108.3087158203125,0.0,108.4668053593094,105.13814712760002,105.45432620559383,0.0,20121600
2020-11-25,107.17575073242188,0.0,107.48314522225526,105.80564574876604,106.59609350883568,0.0,11715600
2020-11-27,106.46434783935547,0.0,107.45679479063351,106.34139004718641,107.14940031021085,0.0,5983600
2020-11-30,103.53092193603516,0.0,106.02522322451355,103.43431127376358,105.39286496262613,0.0,14411800
2020-12-01,105.16451263427734,0.0,106.7805400596731,105.06790197131194,105.69147562273541,0.0,12668900
2020-12-02,107.18453216552734,0.0,107.42166313616185,104.75171005955453,105.1293680503407,0.0,10811300
2020-12-03,106.48190307617188,0.0,107.05278232969819,105.70902462106798,107.01765057709848,0.0,12904400
2020-12-04,107.4480209350586,0.0,108.28238512340128,106.8771482859846,107.57098544023673,0.0,13583700
2020-12-07,107.04401397705078,0.0,107.29871419656688,105.57729826186629,106.40287782162896,0.0,9724300
2020-12-08,107.14942169189453,0.0,107.43925370299925,106.06036387220527,106.30627950561589,0.0,9592100
2020-12-09,106.3150634765625,0.0,108.29117984824062,105.77931583529612,108.17699994720779,0.0,13073900
2020-12-10,105.62999725341797,0.0,106.07791881118719,105.00642359884017,105.38408163760678,0.0,13668400
2020-12-11,105.00641632080078,0.0,105.4104214760171,103.96127502604241,104.46189083801673,0.0,9981600
2020-12-14,103.8997802734375,0.0,106.6399898995366,103.73290612800837,106.5697263961247,0.0,12112400
2020-12-15,105.67391204833984,0.0,106.18331250244727,104.1808491456916,104.76929103197196,0.0,12590200
2020-12-16,105.98129272460938,0.0,106.34138818157076,105.26989312515504,105.6563357227337,0.0,11169400
2020-12-17,105.10302734375,0.0,106.6663536848114,105.02398591559854,106.49948621403692,0.0,11618000
2020-12-18,104.5848617553711,0.0,105.2874768827331,103.87345531176794,104.6375560472312,0.0,28954800
2020-12-21,108.51073455810547,0.0,109.78422893345451,106.35017503608123,108.17698621370133,0.0,28323600
2020-12-22,106.85957336425781,0.0,108.48437858036873,106.80687907962962,108.37020539677519,0.0,11788200
2020-12-23,109.84571075439453,0.0,111.11920516360543,107.45680479717065,107.83446282277146,0.0,14973200
2020-12-24,109.36265563964844,0.0,110.26728332369215,108.5282981716898,109.86327146056314,0.0,4164900
2020-12-28,110.08284759521484,0.0,111.23339096262885,109.5998009698195,110.5044220162326,0.0,8072600
2020-12-29,109.79301452636719,0.0,110.90841935396391,109.68761925340074,110.83815583865294,0.0,8389200
2020-12-30,110.10041046142578,0.0,110.53076277207974,109.69640529418157,110.21458364976728,0.0,7398000
2020-12-31,111.60224151611328,0.0,111.83059455988432,109.62612564285982,109.86325659934367,0.0,8580200
2021-01-04,110.54833984375,0.0,112.29610305445911,109.591017794198,111.979923909717,0.0,16819900
2021-01-05,111.14985656738281,0.9,111.7248472199308,109.486806264693,110.56601803585446,0.0,13731200
2021-01-06,116.36897277832031,0.0,117.4481843750366,113.12249011062129,114.89169442823635,0.0,24909100
2021-01-07,120.1904525756836,0.0,122.24272857699094,119.3500862898361,120.03123124691415,0.0,21940400
2021-01-08,120.32315063476562,0.0,120.6150699023772,118.64240456347848,120.27891798853807,0.0,12035100
2021-01-11,122.11890411376953,0.0,122.25158857488871,118.63358162399228,119.04934426604656,0.0,15937900
2021-01-12,124.03845977783203,0.0,125.31228436315072,122.80886783743016,123.34847371043575,0.0,18033500
2021-01-13,124.1534652709961,0.0,124.54267746209823,122.16311767775332,122.59656251495366,0.0,14816800
2021-01-14,124.87881469726562,0.0,126.27648246266072,123.84383569017514,124.27729397433723,0.0,18565600
2021-01-15,122.64078521728516,0.0,125.30342292244399,121.19888475842625,121.57041465929207,0.0,27881000
2021-01-19,122.11003112792969,0.0,124.4630675360618,121.9154317801787,123.72000766967543,0.0,19843800
2021-01-20,120.27892303466797,0.0,122.22503806914982,119.81008666038535,121.91543652838514,0.0,16028800
2021-01-21,119.2704849243164,0.0,120.44700321539297,118.81934429305484,120.03124060509111,0.0,13411700
2021-01-22,118.3504867553711,0.0,118.89009265102118,116.9439776741862,117.37743601590796,0.0,12933200
2021-01-25,116.8731918334961,0.0,117.80202329451,115.05092042311257,116.89088758931824,0.0,14212800
2021-01-26,116.39555358886719,0.0,117.8020629472625,116.18324494125773,117.43053293737947,0.0,11307800
2021-01-27,113.10481262207031,0.0,114.86516924139438,112.65366530641379,114.63516489538672,0.0,17603900
2021-01-28,115.09517669677734,0.0,116.91744848133696,114.10443013381125,114.90940496726641,0.0,13761800
2021-01-29,113.82133483886719,0.0,116.51936408852859,113.39673116121955,116.05052776785551,0.0,14808100
2021-02-01,114.66171264648438,0.0,115.05979297601515,113.65327037401816,114.467099795841,0.0,11080700
2021-02-02,118.1912612915039,0.0,118.88124736372752,116.07707042960679,116.71398272672216,0.0,12253600
2021-02-03,119.54467010498047,0.0,120.09311699032621,118.10276987658477,118.22661315707914,0.0,10600800
2021-02-04,122.2957992553711,0.0,122.65848804781446,119.83661536645198,119.83661536645198,0.0,12419500
2021-02-05,122.05696105957031,0.0,123.39271413153303,121.52620978084512,123.30424883612434,0.0,10051300
2021-02-08,123.96771240234375,0.0,124.10925149221164,122.23389229623851,122.25158805694961,0.0,10136400
2021-02-09,123.47233581542969,0.0,123.82617003281722,122.55234525356583,123.33963786047673,0.0,8614800
2021-02-10,123.5430908203125,0.0,124.613447975595,122.99463030061976,123.84385121949033,0.0,10323200
2021-02-11,123.19808959960938,0.0,124.33037508436246,122.26925807751614,123.54308262234028,0.0,9201000
2021-02-12,124.9496078491211,0.0,125.26806402674143,122.95926011347139,123.00349276273438,0.0,8324600
2021-02-16,127.95721435546875,0.0,128.54990744507236,125.96686700359928,126.98416374885444,0.0,12130600
2021-02-17,128.35528564453125,0.0,128.60297221782562,126.60377037892783,127.33798897044537,0.0,10810100
2021-02-18,128.78875732421875,0.0,128.9656744138584,126.85148347257905,127.38224823940674,0.0,10587800
2021-02-19,130.93832397460938,0.0,131.66368800393482,129.02758724219436,129.02758724219436,0.0,11969800
2021-02-22,132.16793823242188,0.0,132.85792436425152,129.85027970184925,129.92104924074323,0.0,11488400
2021-02-23,133.2294464111328,0.0,134.73326190410847,132.32715171618398,134.025580055088,0.0,16234400
2021-02-24,135.57362365722656,0.0,136.0159231108233,132.78714249873033,132.78714249873033,0.0,15061400
2021-02-25,133.73365783691406,0.0,137.0243668890657,133.21174771521092,136.4670787497506,0.0,18127700
2021-02-26,130.18641662597656,0.0,133.45942980944986,129.60257812085268,132.95521546259403,0.0,19829200
2021-03-01,133.1321563720703,0.0,133.9106078515838,131.34526252041903,132.2652530867368,0.0,14845500
2021-03-02,132.69869995117188,0.0,134.2644440646608,132.54831973092533,132.76062836428483,0.0,14221700
2021-03-03,135.26405334472656,0.0,137.09516648615423,133.41524444165822,133.77791981886887,0.0,14324100
2021-03-04,133.18521118164062,0.0,136.56438553366922,131.46908711786972,134.99864166648848,0.0,20093900
2021-03-05,133.49481201171875,0.0,135.7770786015314,130.89408930477163,135.5382331392038,0.0,18465100
2021-03-08,135.26405334472656,0.0,137.51978377806284,133.3533160248715,134.87482757609928,0.0,17133300
2021-03-09,134.3086395263672,0.0,136.44936703613178,132.53060076977812,134.01672029804837,0.0,16238800
2021-03-10,137.2278289794922,0.0,138.13896474875366,134.02557184584634,134.37941949763726,0.0,14342200
2021-03-11,136.51129150390625,0.0,138.1300954085091,135.66207072796956,136.3255198192648,0.0,11771500
2021-03-12,138.13011169433594,0.0,139.43932777401042,137.17475676839,138.75818284722513,0.0,12849500
2021-03-15,137.4401092529297,0.0,138.81124007272078,136.19283522134114,138.30702578290973,0.0,12101100
2021-03-16,135.79481506347656,0.0,136.75903842667637,134.62715116650276,136.3078842068739,0.0,12805600
2021-03-17,137.1924285888672,0.0,138.77586804512734,135.38785292416864,137.4135782952125,0.0,13952400
2021-03-18,139.45703125,0.0,143.03081887900163,138.97935371435443,139.41281209696447,0.0,21898500
2021-03-19,137.23666381835938,0.0,137.9443455915944,133.74250109177612,137.56396107059388,0.0,54418800
2021-03-22,133.54788208007812,0.0,136.20167848334194,133.2294259717702,135.16669950581783,0.0,19944800
2021-03-23,132.21218872070312,0.0,134.56521209134934,131.76988916636878,132.98178562591332,0.0,17076300
2021-03-24,133.23826599121094,0.0,135.5028367434765,132.56597576722785,132.6898190584328,0.0,13079800
2021-03-25,134.94558715820312,0.0,135.31711713775,132.0971771504335,132.68985689146615,0.0,15608300
2021-03-26,137.1924285888672,0.0,137.5108847059207,134.94555351147807,136.4936014558951,0.0,16754400
2021-03-29,135.06056213378906,0.0,135.98939373724446,133.60982038575042,134.5651888780552,0.0,17570300
2021-03-30,136.65283203125,0.0,137.88242394198636,136.12208079877772,136.63514977203639,0.0,13184300
2021-03-31,134.66249084472656,0.0,136.661693057917,134.56518442286412,135.59132241743015,0.0,16736700
2021-04-01,135.9716796875,0.0,136.04243570928358,134.0609431496057,134.3705446131025,0.0,16561500
2021-04-05,136.69244384765625,0.9,137.86699815555494,135.78484851236016,137.38649372872118,0.0,13508000
2021-04-06,135.73143005371094,0.0,137.27970227269196,135.126366579395,135.95388225645738,0.0,13071600
2021-04-07,137.85812377929688,0.0,138.12506923723635,135.8293600228129,136.22978499842708,0.0,16903500
2021-04-08,138.02716064453125,0.0,138.37418559360765,135.52679965536444,137.0305789604979,0.0,12335500
2021-04-09,139.05935668945312,0.0,139.73560667687073,137.89370901101884,138.64114535143966,0.0,12122400
2021-04-12,138.76573181152344,0.0,139.92248640186983,138.42761357304795,138.4365067765255,0.0,12273400
2021-04-13,137.11062622070312,0.0,138.0983144704772,135.63354044583306,137.69790325081829,0.0,16113600
2021-04-14,134.54800415039062,0.0,136.8792990267172,134.29884517753345,134.77934956690817,0.0,19939600
2021-04-15,135.4022216796875,0.0,135.42891486108562,132.86627440501968,134.58359910286302,0.0,17694100
2021-04-16,136.40768432617188,0.0,137.48434531218592,135.86490044463787,136.9148682542981,0.0,13773400
2021-04-19,135.8292999267578,0.0,136.92377446233144,135.4466886823407,136.51445646426745,0.0,11900200
2021-04-20,132.82174682617188,0.0,135.02846857350923,132.2700562062852,135.0195753744832,0.0,13716700
2021-04-21,133.95184326171875,0.0,134.01413640997936,130.61505945253734,131.50486846831905,0.0,12236700
2021-04-22,131.13113403320312,0.0,133.73828118606122,131.03325451052095,133.6759880455333,0.0,15256100
2021-04-23,133.6404266357422,0.0,134.47684933543007,130.52609488514796,130.96209264068943,0.0,14041900
2021-04-26,133.96963500976562,0.0,135.66028018228653,133.80947591392436,134.16539406739864,0.0,10799100
2021-04-27,134.58360290527344,0.0,134.86834828477384,133.5692212512655,133.91624619665225,0.0,12821200
2021-04-28,135.45562744140625,0.0,136.0429046710835,134.7170843030076,135.63358653534854,0.0,8943700
2021-04-29,138.08944702148438,0.0,138.16952656486842,136.31872240135627,136.62125417241137,0.0,12976900
2021-04-30,136.86148071289062,0.0,137.46655771893083,136.14963100236255,137.11953285194144,0.0,11705100
2021-05-03,136.46112060546875,0.0,138.34751150412657,136.2564683194128,137.78694101819863,0.0,11801100
2021-05-04,138.3474884033203,0.0,138.48986109045978,135.37552984066895,136.0250865568086,0.0,12977700
2021-05-05,140.16275024414062,0.0,140.83900035434448,137.59120217614816,138.81023644632188,0.0,10506700
2021-05-06,142.9834442138672,0.0,143.09912375600877,139.84241878685808,140.65214842702704,0.0,13542400
2021-05-07,143.47280883789062,0.0,143.7041542912977,139.71781375102134,139.8957728365197,0.0,14257800
2021-05-10,143.4550018310547,0.0,145.68841743611455,143.36601550395926,143.7041472540332,0.0,14014300
2021-05-11,141.07028198242188,0.0,144.4960513129199,140.62537757988474,143.33040395065734,0.0,15451700
2021-05-12,140.1004180908203,0.0,143.06348355805764,139.72669995676432,142.022408703743,0.0,14381700
2021-05-13,143.70413208007812,0.0,144.5494477885974,140.30505568957412,140.74996012325857,0.0,15395000
2021-05-14,145.9375457763672,0.0,146.3290638459063,144.14014166061855,144.49605977252375,0.0,10584000
2021-05-17,146.5248260498047,0.0,146.68499870781028,145.06554003558196,145.3680717949853,0.0,9886800
2021-05-18,144.46047973632812,0.0,147.26337232853717,144.36260021464494,146.53372251646132,0.0,11098100
2021-05-19,143.35711669921875,0.0,143.4193962638256,141.15928756445305,143.2592371742022,0.0,13278900
2021-05-20,143.10794067382812,0.0,144.02444258593138,141.94229340177856,143.10794067382812,0.0,10426000
2021-05-21,144.736328125,0.0,145.2346189682622,143.20585563360487,143.56177378524725,0.0,10249000
2021-05-24,145.51931762695312,0.0,146.133287839479,144.25579082580603,145.35915856841808,0.0,9440300
2021-05-25,144.01559448242188,0.0,147.44135104310163,143.75754226477045,145.79521251209698,0.0,12609100
2021-05-26,143.997802734375,0.0,145.69734130847382,143.53509821852737,145.54607539659088,0.0,13058300
2021-05-27,146.2401123046875,0.0,146.59603046818438,144.6562533955334,145.884180563783,0.0,15707500
2021-05-28,146.1422119140625,0.0,146.7650753999838,145.27018945636698,146.53371640706612,0.0,10291300
2021-06-01,147.75279235839844,0.0,148.51802866838975,147.2455946934167,147.59261967251695,0.0,9445400
2021-06-02,147.7616729736328,0.0,148.98961367695728,147.29007531342415,148.82944100472022,0.0,10498600
2021-06-03,147.85955810546875,0.0,148.82055344308972,146.515951419649,147.18330816154628,0.0,13354400
2021-06-04,148.0998077392578,0.0,148.30446000151295,146.8451738278965,147.89515547700265,0.0,8510800
2021-06-07,147.40573120117188,0.0,148.68705806411162,146.94302681679807,148.5980717518611,0.0,7267200
2021-06-08,146.8184356689453,0.0,147.4946853938583,145.1811909176381,146.3646381192883,0.0,10370700
2021-06-09,144.9854736328125,0.0,146.1244280116337,144.39819646258704,146.05324166578148,0.0,12377400
2021-06-10,142.72537231445312,0.0,147.0320586201159,142.64529275509437,146.24902227773916,0.0,12119400
2021-06-11,142.62750244140625,0.0,143.4372320251333,141.53304099040764,142.75207517910192,0.0,13683800
2021-06-14,140.2071990966797,0.0,142.66306684649484,139.3974697148085,142.50289417943804,0.0,19917900
2021-06-15,138.0805206298828,0.0,139.6287928024233,137.14623226829576,139.43303378368586,0.0,24485500
2021-06-16,139.05044555664062,0.0,140.25167946797606,136.23864607392724,137.6801321984925,0.0,25321200
2021-06-17,135.03741455078125,0.0,140.10933692298929,134.58361682983363,139.78900512661204,0.0,29722400
2021-06-18,131.6205596923828,0.0,133.204418795161,131.30022787511257,132.8485005881537,0.0,43595700
2021-06-21,133.8539581298828,0.0,134.53911484505966,132.59933778892176,132.65272415525106,0.0,18664800
2021-06-22,133.65821838378906,0.0,134.33446834867095,132.27901169230665,134.0052433572349,0.0,14251200
2021-06-23,134.4678955078125,0.0,135.28651793797593,133.55139357092278,133.64927307764907,0.0,12733300
2021-06-24,135.7047576904297,0.0,136.24754169148125,134.55691012225546,135.17977367000145,0.0,13733200
2021-06-25,137.07505798339844,0.0,137.4754692560417,134.9573085458818,135.77593107009187,0.0,15484900
2021-06-28,137.32421875,0.0,137.45768466335193,135.35773496970242,136.76363475910742,0.0,14125800
2021-06-29,137.1551513671875,0.0,139.08603516442852,136.68355370865157,137.92038760927718,0.0,14528700
2021-06-30,138.40084838867188,0.0,138.8813527218361,136.77251030796026,136.8080966842593,0.0,12531000
2021-07-01,139.7711944580078,0.0,139.8245808237543,138.29410831112043,139.0415445863861,0.0,10479400
2021-07-02,139.63694763183594,0.9,139.8964868763201,138.82255210081703,139.5653510697592,0.0,11424000
2021-07-06,137.29220581054688,0.0,139.41320085410064,136.3435753464367,139.41320085410064,0.0,15083400
2021-07-07,137.4532928466797,0.0,138.07080121249075,135.62762840726398,136.03929154737324,0.0,12271800
2021-07-08,135.0817413330078,0.0,136.50468734176215,134.2762901474801,135.6813472551436,0.0,17834600
2021-07-09,139.40426635742188,0.0,139.74433295116586,136.54941665705988,136.97003791636607,0.0,13694500
2021-07-12,141.39996337890625,0.0,142.43809296967626,137.7665234668581,138.13345069981688,0.0,19940400
2021-07-13,139.29684448242188,0.0,140.85403872645782,137.3727366945609,139.65482723397102,0.0,22671700
2021-07-14,138.8225555419922,0.0,140.7556217990376,136.88054483533344,139.5653545293471,0.0,14622800
2021-07-15,139.12680053710938,0.0,140.08437525880174,137.55170393971787,137.7306884651549,0.0,11539300
2021-07-16,135.94981384277344,0.0,139.86068217503228,135.1533208638646,139.57430958153876,0.0,14002700
2021-07-19,131.52880859375,0.0,134.07938288895875,130.40119360468884,132.94280979595786,0.0,22172900
2021-07-20,133.98094177246094,0.0,135.24279178711066,130.95605220539107,131.12609231558446,0.0,15385200
2021-07-21,136.79998779296875,0.0,137.50698158773508,135.45758310325192,136.07509144542513,0.0,12356700
2021-07-22,135.07276916503906,0.0,137.31906868221026,134.21363771002916,136.81790639084645,0.0,9913300
2021-07-23,134.813232421875,0.0,136.7820899704178,134.46420773670445,135.56497579675818,0.0,9666100
2021-07-26,135.7171173095703,0.0,135.99455910052043,134.3926150882963,134.4105176422135,0.0,8208000
2021-07-27,135.53811645507812,0.0,136.46885796789618,134.0614768420163,134.59843049419973,0.0,11218700
2021-07-28,135.76187133789062,0.0,136.71945999710957,135.02803047088693,136.28988062283386,0.0,9217300
2021-07-29,136.92530822753906,0.0,137.70389874765246,135.94983055085564,137.05059881302455,0.0,9063500
2021-07-30,135.8334503173828,0.0,137.52487962465932,135.31438554905904,136.54940219285166,0.0,9805200
2021-08-02,135.2875518798828,0.0,138.22294256847803,135.19806642141018,136.05719783211495,0.0,10203200
2021-08-03,136.82684326171875,0.0,137.2116730641887,133.81091157532362,135.98560075253317,0.0,10394800
2021-08-04,135.35020446777344,0.0,137.25640997329253,135.05487377691327,135.35914891695796,0.0,10155000
2021-08-05,137.05950927734375,0.0,137.5427825984161,136.03928228975866,136.28091895029485,0.0,9151500
2021-08-06,140.95249938964844,0.0,141.23888562565875,138.81360169116792,138.8851982501705,0.0,13328800
2021-08-09,140.8003692626953,0.0,141.8921929477951,139.52060289332672,140.97040939235566,0.0,9516900
2021-08-10,142.52755737304688,0.0,143.17191263382784,139.8874978867152,140.2723276159584,0.0,8667000
2021-08-11,144.22799682617188,0.0,144.53227201621849,142.36652691632526,143.18986701297186,0.0,9156500
2021-08-12,144.791748046875,0.0,145.31081277568225,143.68203569724477,144.8723026977717,0.0,8844200
2021-08-13,143.17193603515625,0.0,145.12290468686192,142.8050224520649,144.7917688992858,0.0,8980900
2021-08-16,142.23226928710938,0.0,142.3217684106298,140.30816103226135,142.24122739285082,0.0,8755800
2021-08-17,140.5139923095703,0.0,142.1696305013845,138.95681134679376,141.01516828223467,0.0,9347200
2021-08-18,139.2342071533203,0.0,141.4088960568992,139.01941750066672,139.88750690362875,0.0,8065500
2021-08-19,138.07080078125,0.0,139.21631839762853,136.93422761375123,137.0684762808306,0.0,9517700
2021-08-20,138.46461486816406,0.0,138.62569692823715,137.06851572492636,138.13349264091312,0.0,6974100
2021-08-23,140.236572265625,0.0,140.58559701773171,138.9299723856972,139.0105134079565,0.0,7934600
2021-08-24,141.10464477539062,0.0,141.89219331241043,140.38869280134062,140.50503892312258,0.0,7670900
2021-08-25,144.01315307617188,0.0,144.78279886882302,141.2209560868536,141.85635323616,0.0,11335000
2021-08-26,144.75596618652344,0.0,146.6174355820354,144.218998871332,145.2123788454839,0.0,11027500
2021-08-27,145.91941833496094,0.0,146.01786190919316,144.31747414115006,144.75599800012074,0.0,8780200
2021-08-30,143.5836181640625,0.0,146.31317729469612,143.0824558952867,146.0625961603082,0.0,7937600
2021-08-31,143.14508056640625,0.0,144.41588867003878,142.60812689684613,143.58360433717974,0.0,12340800
2021-09-01,142.9392852783203,0.0,143.87001340177343,142.26808277932582,143.3867536109833,0.0,8729900
2021-09-02,143.60153198242188,0.0,144.63070360398407,142.67973472675868,143.20775769588195,0.0,8813300
2021-09-03,142.7334442138672,0.0,143.98635000006814,142.42915538951934,143.53888169704652,0.0,7959700
2021-09-07,142.48287963867188,0.0,144.4248906611175,142.25914546112307,143.18092918017214,0.0,9285600
2021-09-08,141.84744262695312,0.0,142.81397573589658,141.43576580705857,142.1964673338787,0.0,7852700
2021-09-09,142.46495056152344,0.0,143.93264594681116,141.471570451895,141.64161058008378,0.0,7904300
2021-09-10,140.8271942138672,0.0,143.83418110175086,140.70190366252396,143.6909879986026,0.0,8311600
2021-09-13,143.0645294189453,0.0,143.23456951505725,141.4625993165687,141.87426240180724,0.0,10052800
2021-09-14,140.5676727294922,0.0,144.38904148382983,139.84276274470093,143.5925486010396,0.0,11685600
2021-09-15,141.5431365966797,0.0,142.01745177040942,140.03069197810387,140.25442606592526,0.0,11691500
2021-09-16,141.4805145263672,0.0,143.95054811978838,140.70192410530072,142.6618373155074,0.0,10880900
2021-09-17,141.1136016845703,0.0,142.30386904469827,140.5050513290669,140.845131619289,0.0,25581600
2021-09-20,136.88951110839844,0.0,138.3214015039202,134.6790165693148,137.72179560849153,0.0,15819900
2021-09-21,136.90737915039062,0.0,138.31243598140617,136.54941001996025,137.39959694646763,0.0,8999900
2021-09-22,139.52955627441406,0.0,140.72876793526694,138.80465987726637,138.89414533598293,0.0,11236200
2021-09-23,144.245849609375,0.0,144.72017848828486,141.1046276043509,141.39995826979447,0.0,12336100
2021-09-24,145.9104461669922,0.0,146.40266399071567,143.9236996291727,144.47855590919855,0.0,10102400
2021-09-27,149.43650817871094,0.0,149.81237990834646,147.31551282732175,147.6645375516725,0.0,13220900
2021-09-28,148.6310577392578,0.0,151.51275440398723,148.25518604242103,150.08085052072073,0.0,13387900
2021-09-29,148.5147247314453,0.0,149.36491176283107,147.700329155259,148.74741698501208,0.0,7777100
2021-09-30,146.4921417236328,0.0,149.4454345792522,145.68669076902074,149.38278247644698,0.0,13161200
2021-10-01,149.57073974609375,0.0,150.6178137993341,146.41161503301515,146.76958416628383,0.0,11285000
2021-10-04,149.40963745117188,0.0,152.53297057466932,148.3178138907812,149.42754000373552,0.0,14120000
2021-10-05,151.84954833984375,1.0,153.1820319037712,150.05788802459702,150.54407355682503,0.0,12292900
2021-10-06,152.17367553710938,0.0,152.2457035360063,149.45467696497983,151.24633737545795,0.0,8692600
2021-10-07,153.13702392578125,0.0,154.4154900216965,152.64184000956215,154.13639010653748,0.0,10195400
2021-10-08,153.25405883789062,0.0,154.26242328599713,152.42575750724097,153.0739957204338,0.0,8190100
2021-10-11,150.03086853027344,0.0,154.21739412740064,149.86881585639287,153.7762415787695,0.0,12154700
2021-10-12,148.87844848632812,0.0,150.07588806277064,148.34725751466897,149.22957635175604,0.0,13032600
2021-10-13,144.95303344726562,0.0,148.92348939966504,144.59290718232276,147.71705130037637,0.0,22753500
2021-10-14,147.17684936523438,0.0,147.66302120066555,144.10672278809204,145.62828168506616,0.0,15176800
2021-10-15,150.00387573242188,0.0,150.50805797767742,147.78006110657725,148.86946568059687,0.0,14267400
2021-10-18,149.94984436035156,0.0,151.8045204794378,149.3736341705584,149.88681471653086,0.0,12672900
2021-10-19,151.76852416992188,0.0,151.84053842808595,149.97686382902472,150.7151267476586,0.0,8053900
2021-10-20,153.812255859375,0.0,153.8392646396114,150.7691521366139,151.52542545910353,0.0,8185600
2021-10-21,152.6057891845703,0.0,154.25339315883173,151.86751269578252,153.74019895497693,0.0,8415200
2021-10-22,154.6585693359375,0.0,154.93766922678884,152.7858827036576,153.08299302751277,0.0,8817900
2021-10-25,153.90228271484375,0.0,155.72095162899706,153.48812521913072,155.49586931865898,0.0,10159200
2021-10-26,154.3164520263672,0.0,155.29782150277916,153.54216820107072,153.9563257653654,0.0,8015100
2021-10-27,151.1022491455078,0.0,153.6861895167902,150.66108289809708,153.34407376742794,0.0,9847000
2021-10-28,153.38011169433594,0.0,153.51515560437244,151.21932670613648,151.5254353941765,0.0,7212900
2021-10-29,152.95692443847656,0.0,155.07270351491877,152.5067598467172,154.11834304052513,0.0,8140100
2021-11-01,152.87591552734375,0.0,155.15374752214163,152.16464769808147,154.89264433592928,0.0,7435500
2021-11-02,153.4791259765625,0.0,154.57752874363607,152.08361291302472,152.8759070369293,0.0,7173800
2021-11-03,153.53314208984375,0.0,154.07334512159926,152.29068335956637,153.1730158939626,0.0,8402700
2021-11-04,151.5164337158203,0.0,153.23606622406413,149.89585173232155,153.05600308566838,0.0,9574200
2021-11-05,151.30035400390625,0.0,153.13701988163567,150.7241437542327,152.06562572882018,0.0,7975600
2021-11-08,152.20965576171875,0.0,153.88426866072862,151.92155755499394,152.2006574151733,0.0,6413700
2021-11-09,151.0572509765625,0.0,151.67848040035724,149.99486898185012,150.67011596633395,0.0,7990300
2021-11-10,150.91319274902344,0.0,152.11063236561682,150.4360193194403,150.76013841669817,0.0,6999200
2021-11-11,150.9041748046875,0.0,151.86751988608628,150.26493504052215,150.82314847537913,0.0,5815300
2021-11-12,150.2289581298828,0.0,151.02125236583242,149.20258320510072,150.94021228229332,0.0,8113400
2021-11-15,149.95884704589844,0.0,151.066248245927,149.45466483248495,150.5440693377023,0.0,6492500
2021-11-16,148.87844848632812,0.0,150.41801758116407,148.66236451609,150.40900549619514,0.0,9706100
2021-11-17,148.07716369628906,0.0,149.05851935358973,147.10480638649142,148.743412335762,0.0,9909600
2021-11-18,146.7987060546875,0.0,148.41930166307063,146.35753971914724,148.00514410950876,0.0,8122500
2021-11-19,144.88096618652344,0.0,145.95236008061391,143.55748122769785,145.22309566206363,0.0,12193600
2021-11-22,147.96913146972656,0.0,149.43665894167265,146.74468302653472,147.7980666982759,0.0,14549900
2021-11-23,151.5074005126953,0.0,151.75949159604286,148.88743917726146,149.00448637236343,0.0,12354400
2021-11-24,150.31898498535156,0.0,152.55179778806402,149.8508099058049,151.6694789264811,0.0,9629800
2021-11-26,145.7903289794922,0.0,146.43856722799327,142.99031781396639,145.97940419277833,0.0,13619300
2021-11-29,145.16004943847656,0.0,148.35622032575202,143.89059591396284,147.03273551817017,0.0,12104400
2021-11-30,142.99929809570312,0.0,144.61989351221192,142.51311260178335,143.29640840022427,0.0,18922600
2021-12-01,142.1529998779297,0.0,146.99677615512337,142.07197353390134,144.95302469326103,0.0,12253400
2021-12-02,145.14207458496094,0.0,146.97874008559725,142.97227794264234,143.89961590816,0.0,12969900
2021-12-03,142.51309204101562,0.0,145.7002648566495,141.52273824009393,145.4031545949933,0.0,12681800
2021-12-06,144.1967315673828,0.0,146.40253541483966,143.5665038592428,144.96200316371934,0.0,11186500
2021-12-07,146.3665313720703,0.0,147.10479420631012,145.09706384456211,145.74530199742017,0.0,9851600
2021-12-08,144.6919403076172,0.0,146.99678131602548,144.20575475050651,146.44757984621444,0.0,11705700
2021-12-09,144.46685791015625,0.0,144.89000007853895,142.83725019755852,143.7375795747582,0.0,11189600
2021-12-10,143.890625,0.0,145.58323462080594,143.26939562948658,145.24111885313908,0.0,10405400
2021-12-13,142.18002319335938,0.0,143.86363484619608,141.60381290258542,143.60254535388128,0.0,12069000
2021-12-14,143.2694091796875,0.0,144.85398383824779,141.62180487447787,141.75684877739045,0.0,12563600
2021-12-15,142.19801330566406,0.0,143.91764558349217,141.66682231029358,143.91764558349217,0.0,14014200
2021-12-16,144.42181396484375,0.0,145.6912814664333,142.88224494875567,144.40380353376153,0.0,19542800
2021-12-17,141.13563537597656,0.0,143.49450780556813,139.71311323936482,143.4404902382687,0.0,28082000
2021-12-20,138.5966796875,0.0,139.2809249360233,136.7059828663048,139.10986018940912,0.0,15148000
2021-12-21,140.5323944091797,0.0,141.51375003000638,139.63206512667418,139.92017709128456,0.0,11291300
2021-12-22,141.0816192626953,0.0,141.40573840776926,139.76714598507198,140.2263090497864,0.0,7273000
2021-12-23,141.58580017089844,0.0,143.26041344785324,141.5407946900802,141.90092096424684,0.0,8055200
2021-12-27,142.39605712890625,0.0,142.43206424906987,140.75745153385233,141.89187501902262,0.0,6188100
2021-12-28,142.82823181152344,0.0,144.18772403470962,142.32404962909501,142.43208474306277,0.0,6342300
2021-12-29,142.75619506835938,0.0,143.71955390194097,142.3870568010281,143.01729822834812,0.0,6398900
2021-12-30,142.68418884277344,0.0,144.26877726108273,142.58515206662912,143.2514007186851,0.0,6948200
2021-12-31,142.5671844482422,0.0,143.41348265397488,142.21605648628704,142.65720915713894,0.0,5805900
2022-01-03,145.58323669433594,0.0,146.4295483857598,143.61151344260037,143.92663417466127,0.0,13120900
2022-01-04,151.1022491455078,0.0,151.77749603594884,147.86105857621763,147.93308655975,0.0,20195800
2022-01-05,148.3397979736328,1.0,152.4880245666312,148.29450891116423,151.99893862470245,0.0,17539400
2022-01-06,149.915771484375,0.0,151.59135629326423,148.42131529126183,151.17473007235895,0.0,14047500
2022-01-07,151.4011688232422,0.0,151.73628303701256,149.499138602838,150.05163204245767,0.0,13913300
2022-01-10,151.54608154296875,0.0,153.34846744499623,149.92482425730716,153.13110204913156,0.0,12922500
2022-01-11,151.70004272460938,0.0,152.63293933754792,150.6312789284496,152.3974417480769,0.0,11854100
2022-01-12,152.56048583984375,0.0,153.60206518570928,151.41926226337432,152.57860422907004,0.0,12568000
2022-01-13,152.37026977539062,0.0,153.80131840736777,152.06232627516644,152.46990018079035,0.0,13623400
2022-01-14,143.00509643554688,0.0,145.8490758975778,142.10842260206195,145.60452597566666,0.0,40158400
2022-01-18,137.00918579101562,0.0,141.09400537091457,136.34799581262993,141.09400537091457,0.0,32324800
2022-01-19,134.88973999023438,0.0,137.87863796586007,134.5455735757829,137.28086942695833,0.0,22380000
2022-01-20,133.73953247070312,0.0,136.41142196591616,133.46781184977124,134.94414996128276,0.0,14860800
2022-01-21,131.40274047851562,0.0,133.60364820466944,130.6691045697977,133.59459591923107,0.0,20705400
2022-01-24,131.2849884033203,0.0,131.76502210500166,126.41219164395159,128.8667015042041,0.0,28471400
2022-01-25,132.71603393554688,0.0,133.0058728985882,127.51716155332298,130.10753854930456,0.0,18915900
2022-01-26,133.97500610351562,0.0,136.37518861532604,132.19979064646148,134.69958976406753,0.0,20709100
2022-01-27,131.61105346679688,0.0,136.20309129100605,130.5423033343082,135.3335881799327,0.0,17536800
2022-01-28,132.7884979248047,0.0,132.92435130540036,128.76707201577858,130.59664252273646,0.0,14117000
2022-01-31,134.59088134765625,0.0,134.76295766867196,131.0313711868785,131.90992646171335,0.0,13985700
2022-02-01,136.9004669189453,0.0,137.1903058463159,134.31915634591948,134.67238890097693,0.0,14584900
2022-02-02,135.80458068847656,0.0,136.71030683545024,134.11087721612677,136.31178511953635,0.0,12441100
2022-02-03,134.68145751953125,0.0,137.35334653648744,134.3101065314041,135.85890411928824,0.0,12474900
2022-02-04,138.17752075195312,0.0,139.0289051838676,134.74482617719576,135.04371733863033,0.0,16654400
2022-02-07,138.6394805908203,0.0,139.13761881712205,136.62876783572545,138.82062302041015,0.0,12572300
2022-02-08,141.2479705810547,0.0,143.53945631456727,140.206391182288,140.38753362290623,0.0,20411400
2022-02-09,141.83668518066406,0.0,142.58842553549394,141.1302200657949,141.82761907644726,0.0,9131100
2022-02-10,141.2479705810547,0.0,144.0376083914792,140.58679445367102,141.89104213857416,0.0,16455600
2022-02-11,139.40933227539062,0.0,143.27678583255255,138.5488954134259,140.9400112950306,0.0,16830000
2022-02-14,138.1141357421875,0.0,139.19193786266038,136.14871236446032,138.33150109475648,0.0,17026500
2022-02-15,140.13394165039062,0.0,141.23892858502452,139.34596437514378,139.94373309070173,0.0,9500000
2022-02-16,140.38754272460938,0.0,141.38384694302633,139.24633283647256,139.24633283647256,0.0,9076500
2022-02-17,137.15406799316406,0.0,139.23724035136843,136.46572127648565,138.57606430638256,0.0,11367500
2022-02-18,137.79714965820312,0.0,139.6086016131264,136.88237139626827,137.7880973737299,0.0,11733300
2022-02-22,137.5526123046875,0.0,138.7934664046346,136.2302599964942,136.4023501591332,0.0,11333500
2022-02-23,134.6724090576172,0.0,138.84780671555845,134.0202851937096,138.68476883944018,0.0,11799000
2022-02-24,130.92269897460938,0.0,131.32122063471405,126.6023819888851,129.4644795293803,0.0,25655100
2022-02-25,134.02027893066406,0.0,135.97665043096146,131.24875954871717,131.55670307553746,0.0,18367700
2022-02-28,128.43194580078125,0.0,131.3846074989617,127.59867956363121,130.01696625433746,0.0,31315300
2022-03-01,123.58631896972656,0.0,127.23639391091335,120.98688958220644,126.83787223053751,0.0,36840400
2022-03-02,126.14950561523438,0.0,126.8378523423159,123.73121905608704,124.34710605079985,0.0,19405600
2022-03-03,125.25284576416016,0.0,127.68925097969543,124.13880662444262,126.6567238652611,0.0,16640800
2022-03-04,121.72957611083984,0.0,122.6534205554575,119.91812400311733,122.21867591928329,0.0,21016000
2022-03-07,117.02885437011719,0.0,120.180776760375,116.79335678157886,119.70979540357936,0.0,27560100
2022-03-08,116.20465087890625,0.0,119.36562583689386,115.27174727580395,117.41832042621543,0.0,19207800
2022-03-09,120.86006927490234,0.0,122.49037869898984,119.9543433526627,120.37096953753569,0.0,17536200
2022-03-10,119.42903137207031,0.0,120.86913240074048,118.0342194076307,119.42903137207031,0.0,15604200
2022-03-11,116.73902893066406,0.0,121.43974929707444,116.31333658555636,119.99964820802461,0.0,20061800
2022-03-14,117.89835357666016,0.0,120.38910011500623,117.04696891230762,117.25529584611793,0.0,15786900
2022-03-15,119.99058532714844,0.0,120.95971885128739,118.76786343049186,119.3746982361421,0.0,15096600
2022-03-16,125.35248565673828,0.0,125.43401150846752,121.75675196438252,122.15527365627334,0.0,20354900
2022-03-17,126.93748474121094,0.0,126.97372151810505,123.10626789138026,123.95765248473842,0.0,17050500
2022-03-18,126.89219665527344,0.0,127.57149104032248,125.40680681944404,126.9737086646122,0.0,23656500
2022-03-21,126.48465728759766,0.0,127.49001391434705,125.65139084871387,127.11867667874144,0.0,12676100
2022-03-22,129.1746368408203,0.0,130.3611356817063,128.35948897433917,128.85764103509183,0.0,13548600
2022-03-23,126.6023941040039,0.0,128.24175614608106,126.07707130362121,127.68926266811681,0.0,12093200
2022-03-24,127.42655944824219,0.0,127.44467783312902,125.9955110883058,127.0733269544798,0.0,10017600
2022-03-25,128.5406494140625,0.0,129.68185935104432,127.52624058118975,127.78889507531437,0.0,8383500
2022-03-28,127.58963012695312,0.0,127.68020826424477,124.89962252873552,126.80165284959277,0.0,10818100
2022-03-29,127.87040710449219,0.0,130.06227647874113,127.01903615995407,129.8358449485346,0.0,11316500
2022-03-30,127.29071044921875,0.0,128.72175901328512,126.72011253653554,128.5224982119417,0.0,8771000
2022-03-31,123.46857452392578,0.0,127.11864918559685,123.41421935507813,126.64766779755745,0.0,17353900
2022-04-01,122.55379486083984,0.0,124.45582517537974,121.18615344209228,124.44675906951066,0.0,15721300
2022-04-04,123.09721374511719,0.0,124.03011034195295,120.36191758279405,121.475956600517,0.0,17416400
2022-04-05,121.66470336914062,1.0,123.5443268788965,121.36359660455965,122.33079435869456,0.0,12110300
2022-04-06,119.9766845703125,0.0,120.9529876744558,119.49309271001968,120.05880079050041,0.0,12914700
2022-04-07,119.61170959472656,0.0,120.36903617000017,117.45835147790163,119.48396860147102,0.0,12994200
2022-04-08,121.80155181884766,0.0,122.175641426288,119.97667284953658,120.1409052738682,0.0,13126900
2022-04-11,121.35443878173828,0.0,123.08806805238933,120.96209652722932,121.35443878173828,0.0,10466400
2022-04-12,120.02230834960938,0.0,122.79613274969414,119.25586236645088,120.56977772199372,0.0,12989900
2022-04-13,116.153564453125,0.0,117.93281889759626,114.97651652779719,115.82508563855157,0.0,30838000
2022-04-14,115.0768814086914,0.0,117.06599995552259,114.07319230968737,115.42360594020823,0.0,18835200
2022-04-18,117.21200561523438,0.0,117.9237074408653,114.54767649999559,114.66629115048,0.0,11834400
2022-04-19,119.63908386230469,0.0,119.8215829326342,117.00213379964536,117.20287163882837,0.0,15015400
2022-04-20,120.0588150024414,0.0,121.81981690541448,119.83982446662768,120.9165105309727,0.0,13430200
2022-04-21,119.12810516357422,0.0,121.18109414664883,118.58064978838787,120.64275815476269,0.0,12174200
2022-04-22,115.70645141601562,0.0,119.09160810599046,115.59696313067283,118.87261761258293,0.0,14318800
2022-04-25,115.66997528076172,0.0,115.98933473815572,112.33044966868964,114.97652613548216,0.0,17149000
2022-04-26,112.2483139038086,0.0,115.34149047992011,112.11145353609875,113.72646852732866,0.0,17209500
2022-04-27,110.78839874267578,0.0,112.74101865096772,110.60591363327606,111.61872200157411,0.0,17215200
2022-04-28,112.54029083251953,0.0,112.82315182693868,110.5329266056911,112.05669898450658,0.0,13015600
2022-04-29,108.9087905883789,0.0,112.78665886614154,108.48906921014918,112.27569492070737,0.0,14874800
2022-05-02,109.9033432006836,0.0,110.14057943758716,107.86860686204261,109.38325292528516,0.0,18545000
2022-05-03,112.25743865966797,0.0,113.29761920770723,110.20444963674393,110.88877931105195,0.0,15720900
2022-05-04,115.97106170654297,0.0,116.24479634733952,111.99282483876992,112.04757594374588,0.0,17128500
2022-05-05,113.06950378417969,0.0,115.05862221863555,111.46361523922091,114.28305001797143,0.0,15055400
2022-05-06,112.88703155517578,0.0,113.40712186313881,110.56943407156591,112.96002839592614,0.0,14417900
2022-05-09,111.18988800048828,0.0,112.53117529961764,109.94896961227073,111.41799789594941,0.0,14312300
2022-05-10,108.47994232177734,0.0,112.94177136093853,107.2663959960867,112.3304385062324,0.0,16382400
2022-05-11,107.79560089111328,0.0,112.12968847261071,107.61311577748931,108.85403404194271,0.0,14630300
2022-05-12,107.70436096191406,0.0,107.95984291176484,105.26814913265858,106.75542303292474,0.0,16318800
2022-05-13,108.66242980957031,0.0,109.72086309858621,107.63137555639733,108.9544171676672,0.0,10443200
2022-05-16,107.90511322021484,0.0,109.00003799803468,106.96530150966979,108.160595204282,0.0,10269000
2022-05-17,111.48187255859375,0.0,112.20270069057945,110.23182777861423,110.44169195328827,0.0,11160200
2022-05-18,109.57486724853516,0.0,111.29025813655853,109.06390330471287,110.67892528071948,0.0,12664900
2022-05-19,107.95072937011719,0.0,109.17340208258717,107.33027014916865,107.841241070831,0.0,12765800
2022-05-20,107.0656509399414,0.0,109.19163671221614,104.9487915121334,109.00002524658159,0.0,13150100
2022-05-23,113.68997955322266,0.0,115.4874867863233,109.9033535949486,109.91247994067456,0.0,24376700
2022-05-24,115.29586029052734,0.0,116.32691445980126,112.33043179943633,113.47098121908672,0.0,19324900
2022-05-25,116.09881591796875,0.0,116.66453099147205,114.21006617296362,115.22287471346685,0.0,12780400
2022-05-26,118.1061782836914,0.0,118.79050795027085,116.9838815288635,117.12986127646452,0.0,15990900
2022-05-27,119.77595520019531,0.0,119.77595520019531,117.8324543156336,118.76314664492394,0.0,11177800
2022-05-31,120.65187072753906,0.0,121.49131339361824,118.35253322064814,118.78136697511225,0.0,17015000
2022-06-01,118.53501892089844,0.0,121.23583204723752,117.40358892743528,121.23583204723752,0.0,10768000
2022-06-02,120.4420394897461,0.0,120.4511588744962,117.40361364098234,118.52591056513748,0.0,8374800
2022-06-03,118.76313781738281,0.0,120.232166082545,118.60802476115114,119.72120215078823,0.0,8596000
2022-06-06,118.37078857421875,0.0,120.79788131655943,118.12443989999359,119.61170702030299,0.0,11323500
2022-06-07,118.68102264404297,0.0,118.90913253864038,117.3579741171996,117.54959255465957,0.0,6722200
2022-06-08,116.79227447509766,0.0,118.11530917484106,115.78859225859969,117.70471411943436,0.0,8422100
2022-06-09,114.33779907226562,0.0,116.88351324219863,114.30130065449067,116.21742930018814,0.0,13560100
2022-06-10,109.08216094970703,0.0,112.5950521457732,108.8722967710408,111.85597130904597,0.0,12945200
2022-06-13,105.83385467529297,0.0,107.62223524336072,104.98528566970032,106.62767953902829,0.0,16805600
2022-06-14,104.07286071777344,0.0,107.04741582495961,103.3064147792504,105.43240076229361,0.0,13357900
2022-06-15,105.30467224121094,0.0,106.70982329488102,103.26080224042003,105.49628374852959,0.0,14083500
2022-06-16,103.49803161621094,0.0,104.25535820988891,102.07462796456534,103.89038095113403,0.0,16724900
2022-06-17,103.13304901123047,0.0,104.59295100920916,102.33923099805303,103.5983951660543,0.0,30919900
2022-06-21,105.6878890991211,0.0,106.78281392326195,104.96706092137282,105.72438752144076,0.0,11680500
2022-06-22,105.09477996826172,0.0,106.0254651782583,104.3739519410687,104.82104533871876,0.0,9842700
2022-06-23,103.94511413574219,0.0,105.09478994303568,101.71876631883785,104.93967688687427,0.0,11851500
2022-06-24,107.04740905761719,0.0,107.50362883828575,102.95055737639468,103.31553459320182,0.0,14841100
2022-06-27,106.18971252441406,0.0,108.12408688017479,105.51450920531398,107.72261124977733,0.0,11280500
2022-06-28,105.67875671386719,0.0,108.84492331519465,105.47801888326195,107.36676862185207,0.0,11590900
2022-06-29,105.20428466796875,0.0,106.59118974428286,104.68419439418078,105.84298957916049,0.0,9338400
2022-06-30,102.74982452392578,0.0,104.09111185771982,101.21692570835572,103.26078847532857,0.0,15172600
2022-07-01,104.06372833251953,0.0,104.40132649410735,101.42677871990935,102.78631163321388,0.0,10573600
2022-07-05,103.66792297363281,1.0,103.75076556994625,100.61182757102489,101.96497247138885,0.0,12514200
2022-07-06,102.99595642089844,0.0,104.00851693141456,101.98339591038233,102.84867833972135,0.0,10656200
2022-07-07,105.60099029541016,0.0,105.76668250494447,104.38591643313825,104.47796610000412,0.0,10347400
2022-07-08,105.26961517333984,0.0,106.4570749427177,104.57923207646482,106.00602661918255,0.0,8807800
2022-07-11,103.88883209228516,0.0,105.14993420584102,103.29970584055047,104.52398668550555,0.0,7939500
2022-07-12,103.9900894165039,0.0,106.02441711342692,103.33652769673634,103.63109082427862,0.0,11250900
2022-07-13,103.01433563232422,0.0,103.5390263476443,101.6059486378923,102.86705057815959,0.0,12979900
2022-07-14,99.41515350341797,0.0,99.62687405004625,97.62936053573827,99.40594643018913,0.0,26204800
2022-07-15,103.97169494628906,0.0,104.82777029504716,99.1113989106071,100.48296509732012,0.0,18863900
2022-07-18,102.90390014648438,0.0,106.6319645630104,102.44364476002882,105.64701831691312,0.0,13977900
2022-07-19,105.45370483398438,0.0,105.80350339894233,103.71394015154837,104.13737423597276,0.0,11862300
2022-07-20,105.43528747558594,0.0,105.61938679079117,104.45954846370856,105.03026055460799,0.0,11667500
2022-07-21,106.15328979492188,0.0,106.34659619216161,104.35829680416785,105.34324293654501,0.0,11595900
2022-07-22,105.63780212402344,0.0,107.00936099966074,104.63444188293715,106.07964329466019,0.0,7645500
2022-07-25,106.06123352050781,0.0,107.2026647095448,105.64699953258584,106.631945603557,0.0,9394000
2022-07-26,104.40433502197266,0.0,106.39264175472044,104.04533636571657,105.47213093910169,0.0,10675100
2022-07-27,106.07965850830078,0.0,106.53991389043685,104.29387240121184,104.94743420109229,0.0,9337400
2022-07-28,105.68382263183594,0.0,106.760825400753,104.50557015525052,106.08884955426419,0.0,10384800
2022-07-29,106.19010162353516,0.0,107.2394831283639,105.66541087112078,106.40181512519199,0.0,12944500
2022-08-01,105.13152313232422,0.0,105.95998414270461,104.0821415268221,105.39847207027674,0.0,14740400
2022-08-02,103.4930191040039,0.0,105.3064263210788,103.3457340198231,104.86457809147574,0.0,14942900
2022-08-03,104.57923126220703,0.0,105.03027958223029,102.83025935915317,104.43194616500924,0.0,14394500
2022-08-04,103.42859649658203,0.0,104.31228604273413,102.19510834347332,103.87964483282899,0.0,18033900
2022-08-05,106.55831909179688,0.0,106.95413896811796,103.14322528583554,103.58506648274235,0.0,14174600
2022-08-08,105.26040649414062,0.0,107.42360542678057,105.10392134674036,107.00937838414693,0.0,10332500
2022-08-09,106.2085189819336,0.0,106.77003105461303,105.27880825819932,105.62859978587704,0.0,10233800
2022-08-10,108.97926330566406,0.0,109.8813668990951,108.16000932875376,108.58344341613913,0.0,12847300
2022-08-11,110.59014892578125,0.0,111.56588796741094,109.82612340079928,110.3692283362109,0.0,11684900
2022-08-12,112.4219741821289,0.0,112.53243799922076,109.94580506637485,111.07802934407297,0.0,9906700
2022-08-15,112.72575378417969,0.0,112.96508856297434,111.0136031030721,111.51067978690399,0.0,8456200
2022-08-16,113.80271911621094,0.0,114.36423112513107,112.18262557130078,112.56923832477219,0.0,9555000
2022-08-17,112.84539794921875,0.0,113.37009576516569,112.01694397716119,112.57845603916223,0.0,8149300
2022-08-18,111.9709243774414,0.0,112.73494996708698,110.96757105506359,112.52322940958128,0.0,9531800
2022-08-19,109.2001953125,0.0,111.37260139489655,108.72153277941915,111.0320168884733,0.0,13464500
2022-08-22,107.39598083496094,0.0,107.84703613091345,106.31898500997569,107.46962337588452,0.0,8967600
2022-08-23,106.33740234375,0.0,107.9667103591613,106.20853139622977,107.4144052950832,0.0,7607000
2022-08-24,106.59515380859375,0.0,107.15666596032227,105.35245860605158,106.1256913325876,0.0,9771300
2022-08-25,109.1265640258789,0.0,109.30145631169799,106.48469535935011,106.92654365723823,0.0,10758900
2022-08-26,105.55496978759766,0.0,110.45208687161342,105.4905343137135,109.96421728035624,0.0,11276200
2022-08-29,105.2972183227539,0.0,105.72985947506093,104.44114309155513,104.93821971189048,0.0,8117300
2022-08-30,105.31562805175781,0.0,106.3926238391698,104.34908904893844,105.85872597050883,0.0,10745400
2022-08-31,104.689697265625,0.0,105.88635710205165,104.33069158946287,105.38008037150426,0.0,10738300
2022-09-01,105.40767669677734,0.0,105.51813348030481,103.01435040685004,104.2846525779885,0.0,9979800
2022-09-02,104.67127990722656,0.0,108.1139882565621,104.19261739192052,106.65958656220532,0.0,10666600
2022-09-06,104.69888305664062,0.0,105.62860081234875,103.1616319024369,105.24198801122071,0.0,9751900
2022-09-07,106.68719482421875,0.0,106.88050123442652,103.79679169893018,104.13737617375072,0.0,10647900
2022-09-08,109.17257690429688,0.0,109.34747619951865,105.51814799069165,106.11648140118835,0.0,11435000
2022-09-09,109.69725799560547,0.0,110.50731190305305,109.23700264744271,109.66964379838598,0.0,9299700
2022-09-12,110.99518585205078,0.0,111.88808238658153,110.26798153034986,111.03200712411736,0.0,8614600
2022-09-13,107.13823699951172,0.0,109.46712788572383,106.57672492541246,108.68469521584524,0.0,12904600
2022-09-14,106.88969421386719,0.0,108.47296655865017,105.74825600466319,107.4235850284977,0.0,9345700
2022-09-15,108.50060272216797,0.0,109.89056887370106,106.55832451199862,106.88970893800455,0.0,10821400
2022-09-16,107.77340698242188,0.0,108.06797015978077,106.19933434500962,108.0587630852864,0.0,14844100
2022-09-19,108.76756286621094,0.0,109.29225375753659,106.32820776610596,106.77925610564618,0.0,8201300
2022-09-20,106.62276458740234,0.0,108.33491518806623,105.52735451952064,108.07717329513873,0.0,9619000
2022-09-21,103.54824829101562,0.0,107.33154788883685,103.48381282192858,107.27631949331635,0.0,12606300
2022-09-22,102.36998748779297,0.0,104.57000735676448,102.24111655995739,104.36749389218319,0.0,11684500
2022-09-23,100.46455383300781,0.0,101.56916404631478,98.64194627875726,101.30222207940228,0.0,18138600
2022-09-26,98.30134582519531,0.0,100.89718591182606,97.62936987399884,99.41516301248987,0.0,15753600
2022-09-27,97.43606567382812,0.0,99.57165042476623,96.33145553549255,99.18503757864278,0.0,12793600
2022-09-28,99.40594482421875,0.0,100.0871277733645,97.2427461643746,97.52810222340598,0.0,12762600
2022-09-29,97.7214126586914,0.0,98.75238007812324,96.10131197009146,98.44860988220972,0.0,12713900
2022-09-30,96.19336700439453,0.0,99.06536288244894,96.10131734007865,97.62936143195212,0.0,15973400
2022-10-03,99.1666259765625,0.0,99.74654521957012,96.15655189762184,97.22434773636057,0.0,12248100
2022-10-04,103.80599212646484,0.0,104.00850561111454,101.12730954907546,101.81769259786876,0.0,16013600
2022-10-05,102.52432250976562,1.0,103.04441826680329,101.07548028043311,101.92992533435878,0.0,10943500
2022-10-06,100.43466186523438,0.0,102.33859532637793,100.24891537009702,101.66060715615485,0.0,11521400
2022-10-07,98.42855834960938,0.0,100.03528584554235,97.76914209134485,99.85882174101182,0.0,11681100
2022-10-10,97.50909423828125,0.0,99.66378586108644,97.07258224424241,99.12511826971532,0.0,8931700
2022-10-11,94.69498443603516,0.0,97.091151907891,94.5928217626463,96.93326671657108,0.0,12739700
2022-10-12,96.2274169921875,0.0,97.2676155318348,94.06343613639491,94.54638824207049,0.0,13181000
2022-10-13,101.57701110839844,0.0,102.06924563834372,94.50924940847696,94.71357477995018,0.0,22398700
2022-10-14,103.26732635498047,0.0,107.02874545592672,102.83081436307575,103.98245804745147,0.0,33387100
2022-10-17,107.60456085205078,0.0,108.6726206528405,106.17429051410751,107.1866277971114,0.0,22276300
2022-10-18,110.37222290039062,0.0,111.57959609982966,108.62618215400421,111.13380177919919,0.0,21539700
2022-10-19,108.208251953125,0.0,110.36294345519173,107.42810124273932,109.58279274480604,0.0,17072000
2022-10-20,107.85531616210938,0.0,110.25148355872089,107.40952186111396,108.81193089978123,0.0,12207400
2022-10-21,113.52069091796875,0.0,113.6692866774312,108.0410850009257,108.16181949834981,0.0,20593300
2022-10-24,113.65998840332031,0.0,114.32868698341615,112.6848088788248,113.37207927024636,0.0,12624200
2022-10-25,113.95719909667969,0.0,114.48658434789148,112.27617010499864,113.16776594463039,0.0,11289100
2022-10-26,115.2667465209961,0.0,116.27907696149707,114.12438503145943,114.23583717958664,0.0,11667000
2022-10-27,115.72180938720703,0.0,117.207802330301,115.3595988287583,116.27905585514561,0.0,10727600
2022-10-28,117.09635925292969,0.0,117.28210571676807,115.21100501045373,116.36264867495325,0.0,11859500
2022-10-31,116.91060638427734,0.0,118.35016628761669,116.64126905010151,116.7434317315397,0.0,13295200
2022-11-01,119.01885986328125,0.0,119.13960144475571,117.3285485803745,117.83007254722781,0.0,13386900
2022-11-02,117.92294311523438,0.0,121.07139315337622,117.61645507256875,118.55449101264836,0.0,16546100
2022-11-03,118.13654327392578,0.0,119.04671080892807,116.93846661255358,117.30995951660263,0.0,12474400
2022-11-04,121.36857604980469,0.0,121.5078965165202,119.30677202356372,120.26337970785131,0.0,14953200
2022-11-07,122.00943756103516,0.0,122.86388274123075,121.18285364540203,121.66580585039905,0.0,12011200
2022-11-08,122.0837173461914,0.0,122.65025324443481,120.86706177083578,121.88868852883078,0.0,9884100
2022-11-09,120.49556732177734,0.0,122.06513688948264,120.01261520857406,121.96298838653452,0.0,9494000
2022-11-10,125.45508575439453,0.0,125.61297096740925,123.08677921607838,123.17965953975654,0.0,16351600
2022-11-11,125.65943145751953,0.0,126.46743655235149,124.2477325042137,125.5572687535655,0.0,10704700
2022-11-14,124.36844635009766,0.0,126.05875759912232,124.36844635009766,125.19503016247964,0.0,11085600
2022-11-15,123.46755981445312,0.0,126.04019154241703,122.22304292742675,125.08356962635266,0.0,14038300
2022-11-16,123.63473510742188,0.0,124.04338585325455,122.62240477804848,123.52329005730299,0.0,7893400
2022-11-17,123.09605407714844,0.0,123.42112101866154,121.92583859648556,122.59453720587773,0.0,8820200
2022-11-18,124.30340576171875,0.0,125.07426691840986,122.85456375022004,124.98140078807074,0.0,9468500
2022-11-21,123.56973266601562,0.0,124.97213487012743,123.2911058636526,124.21057005998622,0.0,7800500
2022-11-22,125.41790008544922,0.0,125.63152194812757,124.16410102370435,124.45201012295959,0.0,9185700
2022-11-23,126.75531005859375,0.0,126.77388895541131,125.25074536192975,125.32504677765398,0.0,7316200
2022-11-25,126.99678802490234,0.0,127.36828091683162,126.36523310276806,126.75530489075743,0.0,3220500
2022-11-28,124.77706909179688,0.0,126.96891089184584,124.62846628498659,126.37451383614834,0.0,9906900
2022-11-29,126.82962036132812,0.0,126.90392178225868,124.83282104567725,125.06500767175511,0.0,7925300
2022-11-30,128.33419799804688,0.0,128.33419799804688,123.69976154783537,126.39312101108118,0.0,14761200
2022-12-01,126.5324478149414,0.0,128.78001299167425,125.78015112958883,128.33420439926923,0.0,8858500
2022-12-02,125.52938079833984,0.0,125.70584490143003,123.83905535984128,124.90712234165926,0.0,8931900
2022-12-05,122.00943756103516,0.0,124.98143804881815,121.29431287520049,124.67494996708245,0.0,10154500
2022-12-06,122.21372985839844,0.0,125.48292100686781,120.61628498877958,123.88547613724896,0.0,13966700
2022-12-07,122.13015747070312,0.0,123.59757855382638,121.04352583105502,121.95369337877337,0.0,11739400
2022-12-08,123.41183471679688,0.0,123.50470086030334,122.06514100626237,122.90102132709893,0.0,8907300
2022-12-09,122.74313354492188,0.0,124.22911935366191,122.59453071258405,122.7802771672333,0.0,7957800
2022-12-12,124.6470718383789,0.0,125.05570838719136,122.22304294856372,122.9660287984385,0.0,8841600
2022-12-13,124.5263442993164,0.0,127.32186642922802,123.59759771072206,127.1361199458188,0.0,10025400
2022-12-14,123.90408325195312,0.0,126.0402031963504,123.30038947878215,124.247714947811,0.0,9966100
2022-12-15,120.82992553710938,0.0,122.66883964240145,119.8547388760366,121.80509802663518,0.0,12087800
2022-12-16,120.0776138305664,0.0,120.64414969203946,119.2788913729412,119.94758990358301,0.0,21133700
2022-12-19,120.79277038574219,0.0,121.97228243673368,119.89188512566446,120.41198091054494,0.0,9017200
2022-12-20,121.37788391113281,0.0,122.64097973421485,120.92279301853182,121.63793180074849,0.0,8549900
2022-12-21,122.74313354492188,0.0,123.5046982604476,122.38092299831473,122.76169827030454,0.0,8051700
2022-12-22,121.35002136230469,0.0,121.94441855677087,119.2603417326357,121.75867209066524,0.0,8648200
2022-12-23,121.92584228515625,0.0,122.07444512986066,120.40269855580422,121.27572255400854,0.0,5091900
2022-12-27,122.35306549072266,0.0,122.79885982986059,121.24785492008051,122.19518029085185,0.0,5411000
2022-12-28,123.02176666259766,0.0,123.90407299638251,121.67507291090058,122.45523073517002,0.0,8827700
2022-12-29,123.72759246826172,0.0,123.77403262104187,122.88242987091597,123.45824808506387,0.0,6585200
2022-12-30,124.544921875,0.0,124.75852962007217,123.00319915315289,123.34683085238397,0.0,9292500
2023-01-03,125.49222564697266,0.0,126.99680465081416,124.34987139176953,125.60368486637957,0.0,11054800
2023-01-04,126.66244506835938,0.0,127.86980411309565,125.91016271319269,126.30023452062926,0.0,11687600
2023-01-05,126.6343994140625,1.0,126.97121846854928,125.09063946590297,126.92443526838173,0.0,8381300
2023-01-06,129.05760192871094,0.0,129.46927119741918,125.8297613826689,127.36415593571006,0.0,10029100
2023-01-09,128.52427673339844,0.0,129.9370518654188,128.06583862669433,129.6750831540953,0.0,8482300
2023-01-10,129.67510986328125,0.0,129.7873781123369,128.46816908102488,128.91725635347453,0.0,9048700
2023-01-11,130.6387939453125,0.0,130.75106220314046,129.20731655309373,129.95579064025085,0.0,8703700
2023-01-12,130.50778198242188,0.0,131.78955857594025,130.25516417944687,130.98493625361903,0.0,11001700
2023-01-13,133.80111694335938,0.0,134.25021846481084,126.11979347661118,126.8682817361375,0.0,20200000
2023-01-17,131.73345947265625,0.0,132.42579946866013,130.26454973022734,132.07962947065818,0.0,14292900
2023-01-18,127.77584075927734,0.0,131.66795460035814,127.626140229482,129.9745084012047,0.0,13392600
2023-01-19,126.07299041748047,0.0,127.14893230610114,124.9876833259973,126.60629303658342,0.0,13303400
2023-01-20,126.38177490234375,0.0,126.76537713680813,124.95029756517434,126.45662516342662,0.0,13092500
2023-01-23,128.43072509765625,0.0,129.0762959515266,126.1384917272453,126.41916229308102,0.0,10487100
2023-01-24,129.53475952148438,0.0,131.25627261937325,126.306918893886,127.63547884614114,0.0,6945000
2023-01-25,130.16159057617188,0.0,130.16159057617188,128.4120107359931,129.16049889971734,0.0,8967000
2023-01-26,130.9662322998047,0.0,131.04108255491334,129.4505538934766,130.44229479027035,0.0,7487600
2023-01-27,131.2843475341797,0.0,132.16380589734277,130.7510448279102,131.55566721328483,0.0,7489900
2023-01-30,130.17095947265625,0.0,131.06913387362982,129.96512486488632,130.26451157313593,0.0,6729300
2023-01-31,130.94749450683594,0.0,131.0504117948381,129.3476010799332,130.87264427226864,0.0,9188700
2023-02-01,130.60134887695312,0.0,131.80828963524198,129.2260057484249,129.3102212097713,0.0,8841800
2023-02-02,129.9932098388672,0.0,131.4153361586743,129.1137371710421,130.9849507532311,0.0,11822100
2023-02-03,132.00474548339844,0.0,133.16490292738285,129.23535765433598,129.2821265682164,0.0,11501200
2023-02-06,132.78131103515625,0.0,133.08071205403195,131.01301481157248,131.2001333102566,0.0,8406200
2023-02-07,134.39991760253906,0.0,135.0454886099237,132.08896755279602,132.27610034281807,0.0,10447900
2023-02-08,133.45494079589844,0.0,134.76478448188698,133.11812180861202,133.46429172357497,0.0,6958000
2023-02-09,131.37789916992188,0.0,134.1098691885691,130.86331259807156,133.90403455982894,0.0,6443100
2023-02-10,131.95797729492188,0.0,132.18252806722197,129.66574348140426,130.77911786185686,0.0,6582900
2023-02-13,133.3894805908203,0.0,133.53916684264829,131.6773182762774,132.20125584824564,0.0,7134600
2023-02-14,133.9788818359375,0.0,134.5496025163554,132.48191962300058,133.32395997551347,0.0,9249400
2023-02-15,134.54025268554688,0.0,134.62445386623963,132.20123582479755,132.4912716313343,0.0,6728300
2023-02-16,132.68777465820312,0.0,134.1566700370946,132.55677598974128,133.70758273175412,0.0,8165300
2023-02-17,133.08070373535156,0.0,133.63270826864397,131.0504388852736,131.90183014250113,0.0,7948800
2023-02-21,130.6387939453125,0.0,132.2386737242732,129.81545531796593,131.63053495940102,0.0,9996300
2023-02-22,129.63768005371094,0.0,130.45165342724934,128.58980497272103,129.97449908349014,0.0,11107500
2023-02-23,130.67620849609375,0.0,131.14401192635523,129.0576126247328,129.79673576300573,0.0,8068000
2023-02-24,131.85504150390625,0.0,132.25735979672146,129.98382815889107,130.15224478357936,0.0,9126900
2023-02-27,133.00587463378906,0.0,134.08181681221623,132.59420533122392,132.95909143554707,0.0,10014700
2023-02-28,134.11924743652344,0.0,134.5028353944571,132.76260608528156,133.73564520236226,0.0,11019800
2023-03-01,133.37078857421875,0.0,134.22219442074748,132.66908328281764,132.94976825462422,0.0,7139200
2023-03-02,131.98605346679688,0.0,133.25846496467713,130.554561979229,133.08071167098598,0.0,11106800
2023-03-03,134.40927124023438,0.0,134.48412149455592,131.99540407421262,132.39770813043643,0.0,9513100
2023-03-06,133.62335205078125,0.0,134.76477905908396,133.47365155662766,134.20342362034532,0.0,9261300
2023-03-07,129.69381713867188,0.0,133.14620870362913,128.935977873433,132.8655237930372,0.0,11747600
2023-03-08,128.92660522460938,0.0,129.66572823096433,128.0751997071969,129.1137237080717,0.0,10002500
2023-03-09,121.94697570800781,0.0,128.50558791162854,120.89910075644895,127.95356910029439,0.0,25888100
2023-03-10,125.04383850097656,0.0,126.55016596450942,119.5892564829732,120.65585476272769,0.0,37599700
2023-03-13,122.79838562011719,0.0,125.25903593464976,121.07687263086083,122.76096763175336,0.0,42901100
2023-03-14,125.95136260986328,0.0,126.80276808735469,122.83579075332315,126.5688664249378,0.0,29648100
2023-03-15,120.00093078613281,0.0,122.5551477941359,118.56946056980561,122.54578258874533,0.0,34280600
2023-03-16,122.33058166503906,0.0,123.45330690155713,117.90515862923581,119.76701404940493,0.0,24558500
2023-03-17,117.70867919921875,0.0,120.20674742932513,117.37186020885466,120.11319532302852,0.0,38396000
2023-03-20,118.95303344726562,0.0,121.13299873806461,117.89580046215922,118.81269101678998,0.0,22875500
2023-03-21,122.14346313476562,0.0,123.24747223874427,121.80664413628934,122.18088112294035,0.0,17807800
2023-03-22,118.99047088623047,0.0,122.24638563016478,118.89691163560127,122.1528192414223,0.0,17250200
2023-03-23,118.67235565185547,0.0,121.18914007039585,117.90515840943861,119.6641036516477,0.0,16677600
2023-03-24,116.86664581298828,0.0,117.5870598897171,115.18255076099294,117.5402766956732,0.0,22311100
2023-03-27,120.21611785888672,0.0,121.04880730511766,118.15777870184358,118.62558208233797,0.0,18853900
2023-03-28,120.58100891113281,0.0,121.01138004429853,119.51441059243344,120.42195746833445,0.0,10820500
2023-03-29,120.82424926757812,0.0,121.83470622174822,119.54246551248572,121.72243798558222,0.0,14595300
2023-03-30,120.4593734741211,0.0,121.74115020017166,119.43020743905223,121.5820987599938,0.0,12134700
2023-03-31,121.91891479492188,0.0,121.94698185566602,120.55293691795241,121.31077611049695,0.0,13105200
2023-04-03,121.77857971191406,0.0,122.97615522658911,121.07687463958605,121.54467802113805,0.0,11775400
2023-04-04,120.15062713623047,0.0,122.18089223980294,119.205669379411,122.09669105157916,0.0,11579900
2023-04-05,120.32976531982422,1.0,120.8389516303317,119.24537214480199,119.5659786599305,0.0,9614700
2023-04-06,120.19776153564453,0.0,120.77296124692943,119.62256182435962,119.7545741652316,0.0,8760200
2023-04-10,120.59381103515625,0.0,120.91441041212009,119.01908709602118,119.32083064839517,0.0,9477300
2023-04-11,121.18785858154297,0.0,121.5838955953198,120.26376502193082,120.98040856647904,0.0,10516300
2023-04-12,121.16900634765625,0.0,122.98889191016728,120.7541062806077,121.81020507799164,0.0,11821000
2023-04-13,121.63105010986328,0.0,121.67818606995738,119.59427592213416,121.13128807142968,0.0,12450200
2023-04-14,130.81536865234375,0.0,131.18311834961358,127.20387065696744,127.43960801132674,0.0,43931300
2023-04-17,131.8526153564453,0.0,132.06948968813182,129.8064169001238,131.96576467936595,0.0,16050500
2023-04-18,133.33303833007812,0.0,133.69136370343526,131.0982528743348,132.2675153006867,0.0,13760100
2023-04-19,133.163330078125,0.0,133.42735478812844,132.39010457863807,133.1727543933867,0.0,9158100
2023-04-20,132.77670288085938,0.0,133.36132690535828,131.86204081063403,131.92805417508572,0.0,10586200
2023-04-21,132.52212524414062,0.0,133.05961340138282,130.8625391931505,131.76777710440686,0.0,11842500
2023-04-24,132.70127868652344,0.0,133.0501797844417,132.05064123145874,132.44669268188136,0.0,7567500
2023-04-25,129.81582641601562,0.0,131.9751883373687,129.77811477542963,131.6357260190377,0.0,10629300
2023-04-26,127.51507568359375,0.0,129.94788747938495,126.35525165606329,129.76872474580915,0.0,14416100
2023-04-27,129.23123168945312,0.0,130.04216883395972,127.92053246163906,128.24113183804997,0.0,9041100
2023-04-28,130.3533477783203,0.0,130.4287854670644,127.92996058782079,128.76918509123036,0.0,9887300
2023-05-01,133.1444854736328,0.0,135.19068445328898,132.7955987132192,134.14400978377853,0.0,20415800
2023-05-02,130.99452209472656,0.0,134.2854205089996,130.5324717330302,133.33303245614235,0.0,14113400
2023-05-03,128.22225952148438,0.0,130.7587957914702,128.01480949572795,130.54192145118535,0.0,12930900
2023-05-04,126.46836853027344,0.0,127.97709332088574,124.29015772517307,127.26045695889117,0.0,17089200
2023-05-05,128.93890380859375,0.0,130.01386552966144,128.15625409412766,128.65601611604632,0.0,11261400
2023-05-08,129.25009155273438,0.0,130.0987403256374,128.69374042693596,129.6461286059736,0.0,7484900
2023-05-09,128.6277313232422,0.0,129.13691766926044,127.49619491899472,128.1751052509304,0.0,7343600
2023-05-10,128.6937255859375,0.0,130.1835873124645,127.1755765294603,130.07986230655868,0.0,8133400
2023-05-11,128.28826904296875,0.0,129.00490540884266,127.20386859751291,127.29816929303638,0.0,7057300
2023-05-12,126.44953918457031,0.0,129.17466278212365,125.53487697887512,129.0143630867697,0.0,9988600
2023-05-15,127.51507568359375,0.0,127.9299758269756,126.31754000133296,126.60985208736936,0.0,7639500
2023-05-16,126.65699768066406,0.0,128.184571434476,126.31753524778706,127.73195965339636,0.0,6477200
2023-05-17,130.55133056640625,0.0,130.6833428957667,127.73192130615077,128.14680692109457,0.0,12711500
2023-05-18,131.54144287109375,0.0,131.75831720696956,129.9007057157215,130.38161912395563,0.0,10999600
2023-05-19,131.23971557617188,0.0,132.4749916115354,130.24963002825353,131.8149153952315,0.0,13492200
2023-05-22,130.1553192138672,0.0,133.5593675074113,129.8064325007541,132.9558803988621,0.0,11402500
2023-05-23,128.79745483398438,0.0,131.09825366748325,128.6748811962516,129.69325388453098,0.0,9514900
2023-05-24,127.61878204345703,0.0,128.57117024819183,127.3736203529132,127.6753567114081,0.0,8578000
2023-05-25,127.92993927001953,0.0,128.49571464718738,126.90212791015465,127.12844093867488,0.0,8472500
2023-05-26,129.1274871826172,0.0,129.74983721109754,127.8922258277114,128.34483749012196,0.0,8579900
2023-05-30,129.61782836914062,0.0,129.86299002866338,128.2599789570577,128.99547832389166,0.0,7399900
2023-05-31,127.9676742553711,0.0,129.0331973337382,126.7323984084053,128.92947232027592,0.0,14219900
2023-06-01,129.7310028076172,0.0,130.34391426922116,127.72251563103093,128.73147857139236,0.0,12248100
2023-06-02,132.4561004638672,0.0,133.4084741572028,131.39056306099278,131.598013075504,0.0,12922500
2023-06-05,131.15484619140625,0.0,132.11665873717845,130.2496227033707,132.11665873717845,0.0,8511900
2023-06-06,131.39059448242188,0.0,132.10724539057725,130.32507121299838,130.76824429005615,0.0,9329500
2023-06-07,132.66354370117188,0.0,133.21045603982884,130.90965736970816,131.58858203919507,0.0,9281400
2023-06-08,132.70127868652344,0.0,132.8521540592304,131.52259181525187,132.6447040188252,0.0,7368100
2023-06-09,132.9652862548828,0.0,133.7102243189308,132.21093826512137,132.34295060215618,0.0,7249100
2023-06-12,132.95587158203125,0.0,133.25762231042938,131.78660909188844,133.02188494946833,0.0,7596600
2023-06-13,133.91766357421875,0.0,134.7191618460177,132.1449142865102,132.46551359522977,0.0,7701600
2023-06-14,133.41790771484375,0.0,135.416955717669,132.6729696764788,134.84175604293426,0.0,9068700
2023-06-15,134.9266357421875,0.0,135.2189477747532,132.04121267609554,132.56926207534545,0.0,9343100
2023-06-16,135.08694458007812,0.0,135.75644507767225,134.37030811656624,134.88893323607326,0.0,13813500
2023-06-20,134.3985595703125,0.0,134.84174688245582,132.99355996497894,134.47399723921606,0.0,8428600
2023-06-21,134.20057678222656,0.0,135.8035880191667,133.60651400610226,134.74747481847157,0.0,9926500
2023-06-22,131.6168975830078,0.0,134.46460920225428,131.02283477279025,134.1911457801705,0.0,10075200
2023-06-23,130.92852783203125,0.0,131.23968846733484,129.7686897292003,130.63620143660617,0.0,9919500
2023-06-26,131.24913024902344,0.0,132.02234128078595,129.83470613866817,130.94737953244658,0.0,8429700
2023-06-27,131.25856018066406,0.0,131.86204725137853,130.63621009228976,131.0699731688658,0.0,8154000
2023-06-28,130.68336486816406,0.0,131.26800332928536,130.0893164802942,131.22085297767228,0.0,7558600
2023-06-29,135.24722290039062,0.0,135.36981092424716,131.87147677583985,132.07892679085904,0.0,15423200
2023-06-30,137.142578125,0.0,137.6706275449675,135.4641291594173,136.3505039950488,0.0,14212800
2023-07-03,138.2458038330078,0.0,139.06616515764915,137.67060415791332,137.84976683530974,0.0,8021600
2023-07-05,137.32489013671875,1.0,138.07492983310095,137.0590521820201,137.60972065591932,0.0,8934900
2023-07-06,135.96722412109375,0.0,136.13811374710292,134.28673702992398,135.78683096891788,0.0,9709500
2023-07-07,137.04005432128906,0.0,138.46419237517074,135.76782780338763,136.63180836630875,0.0,8981500
2023-07-10,137.80909729003906,0.0,138.60662567253524,137.19197654677242,137.19197654677242,0.0,9100100
2023-07-11,139.96426391601562,0.0,140.34404269550896,138.34075490580383,138.9388829420023,0.0,11260900
2023-07-12,140.6573486328125,0.0,142.29036126404046,139.56551536188823,139.99275383802905,0.0,11323200
2023-07-13,141.3409423828125,0.0,141.81565504157075,140.27759066305984,141.1795418172844,0.0,11234900
2023-07-14,142.1954345703125,0.0,145.15763693987807,140.9042155525643,143.88541048495756,0.0,27028400
2023-07-17,145.6228485107422,0.0,145.9741312150365,142.7460911813732,142.7460911813732,0.0,17262400
2023-07-18,145.88870239257812,0.0,146.59126787808688,145.09118857747467,145.6228644542103,0.0,13491700
2023-07-19,146.44883728027344,0.0,147.3602918477101,144.52150528086727,145.02469947852038,0.0,12510000
2023-07-20,148.2527618408203,0.0,148.67051131059247,146.60077101209728,146.71469741764201,0.0,9935900
2023-07-21,147.11341857910156,0.0,148.2432367831718,146.8665732647051,147.92043572117387,0.0,10636400
2023-07-24,150.00918579101562,0.0,150.75922534565584,146.90456124389533,147.13242851360997,0.0,14381400
2023-07-25,148.8888702392578,0.0,149.7433471440621,148.07236396901138,149.34459028934816,0.0,9944700
2023-07-26,149.78131103515625,0.0,150.24653458825014,148.3761658265107,148.78442618679279,0.0,8728600
2023-07-27,148.12933349609375,0.0,150.74974200497013,147.68310246379917,149.79082770529445,0.0,10778400
2023-07-28,148.97433471679688,0.0,149.6294405243451,148.5281036446142,149.32561745942027,0.0,9103800
2023-07-31,149.97122192382812,0.0,151.31940406788237,149.20217528649218,149.23065688560686,0.0,8892700
2023-08-01,149.2306671142578,0.0,150.0092028423015,148.252760178746,149.46802344786906,0.0,6853900
2023-08-02,147.5406951904297,0.0,147.8160366576722,146.15454227720755,147.69260672497168,0.0,8299400
2023-08-03,148.44265747070312,0.0,148.9838223803711,146.54380679368526,147.16092746888367,0.0,6084000
2023-08-04,148.12933349609375,0.0,149.8193093042001,147.8255104583273,148.49010524459163,0.0,6209400
2023-08-07,148.83189392089844,0.0,149.72435595551954,148.6799968941956,148.6799968941956,0.0,7251800
2023-08-08,147.9964141845703,0.0,148.09134801833522,144.87279696598554,146.5153130967039,0.0,8623400
2023-08-09,146.01210021972656,0.0,147.6546163036371,145.70829167842498,147.46473415443873,0.0,6277800
2023-08-10,145.79373168945312,0.0,147.5786557049347,145.34750068558273,146.57226730882834,0.0,5995100
2023-08-11,146.6387176513672,0.0,146.70518436844378,144.91077133939862,145.29053562044615,0.0,5180700
2023-08-14,146.94256591796875,0.0,147.08497392606475,145.18612322035193,145.84122903175583,0.0,5044300
2023-08-15,143.2018280029297,0.0,145.51842818657462,142.63216699521723,145.11967127600838,0.0,10300300
2023-08-16,142.5941925048828,0.0,143.32525406472072,142.1099763152781,142.9834603667389,0.0,6978200
2023-08-17,141.1130828857422,0.0,143.61006150117097,140.89470464237237,143.24928974883994,0.0,9953900
2023-08-18,141.43588256835938,0.0,141.93907679871285,139.98326307513827,140.18263426757576,0.0,8517500
2023-08-21,141.9200897216797,0.0,142.50874325862085,140.53393689708872,142.08149028415505,0.0,8327000
2023-08-22,138.97686767578125,0.0,142.071988662852,138.47367347055058,141.7112024451096,0.0,9673300
2023-08-23,139.9167938232422,0.0,140.125668536263,138.10340261413177,138.9483905033234,0.0,7858000
2023-08-24,139.78387451171875,0.0,141.8536290753503,139.55602172506246,140.04022338378658,0.0,6534000
2023-08-25,139.6129913330078,0.0,141.10358150012652,138.47368388616877,139.8313550926076,0.0,6695500
2023-08-28,140.09718322753906,0.0,141.09408260654033,139.6889373364973,140.1066867514753,0.0,5094100
2023-08-29,141.2364959716797,0.0,141.32195525496348,139.73640232764055,140.23961104180609,0.0,6337000
2023-08-30,140.66685485839844,0.0,141.60677662654075,139.74591116541438,141.10358238032228,0.0,6277300
2023-08-31,138.92941284179688,0.0,140.84725610018026,138.57813009907855,140.76179680872136,0.0,10933900
2023-09-01,139.3946533203125,0.0,140.5909241873888,138.33128695138402,138.70156230217546,0.0,7903500
2023-09-05,137.85655212402344,0.0,140.71433157905065,137.6761589971782,139.7174321060663,0.0,7854700
2023-09-06,137.62869262695312,0.0,138.17934653137564,136.82167535781971,137.38183278661216,0.0,8629200
2023-09-07,136.45140075683594,0.0,137.92301282052452,136.13808867976056,136.84066859384592,0.0,8373700
2023-09-08,136.55584716796875,0.0,136.83117413978792,135.43551774351775,136.11910514116357,0.0,7107900
2023-09-11,137.1540069580078,0.0,137.7141644969212,136.42294530471588,137.4293339643454,0.0,6854200
2023-09-12,138.93887329101562,0.0,139.86932037083417,136.76469606687075,137.19193448792967,0.0,8363200
2023-09-13,139.00537109375,0.0,140.23012343964277,138.4452136055929,139.88832972893852,0.0,8325900
2023-09-14,141.70172119140625,0.0,142.3188418205235,140.0592195348162,140.3630280871712,0.0,10034900
2023-09-15,141.2839813232422,0.0,142.15745089014752,140.80926865728838,141.38841868923527,0.0,19863400
2023-09-18,141.57830810546875,0.0,141.59730066946176,140.27759997003906,140.6668678529469,0.0,6512400
2023-09-19,141.39791870117188,0.0,142.1479728843563,139.7649203316673,141.93909813615926,0.0,7943400
2023-09-20,140.79977416992188,0.0,142.65115059807147,140.6478626457967,142.08148962614223,0.0,7332000
2023-09-21,139.69842529296875,0.0,141.32194878188113,139.21422364957758,140.11617470471597,0.0,8052400
2023-09-22,138.3597412109375,0.0,140.0497170407574,137.8470579369692,139.84084232137923,0.0,7071700
2023-09-25,139.0433349609375,0.0,139.10980168701403,136.43241533573797,137.99897580310608,0.0,7044700
2023-09-26,137.60020446777344,0.0,138.46418498457916,136.93560964218466,137.28690686127354,0.0,7468400
2023-09-27,138.40725708007812,0.0,138.70157668596204,137.20148256160377,137.84709947616457,0.0,6717800
2023-09-28,140.1256866455078,0.0,141.34094995809548,138.62559282498336,138.88194173083463,0.0,8868100
2023-09-29,137.6856689453125,0.0,141.23651049887772,137.5337574117158,141.08461345236222,0.0,11917800
2023-10-02,136.4988555908203,0.0,138.2552833967214,135.41651151739072,137.50524391506985,0.0,9170600
2023-10-03,135.49249267578125,0.0,136.32797709928644,135.15069898391258,135.95770180701876,0.0,9431100
2023-10-04,136.10009765625,0.0,136.2140240355464,134.75190122821306,135.9481861591363,0.0,8128700
2023-10-05,136.67398071289062,1.05,136.86527858338553,134.6941761802794,135.85144948928954,0.0,8576200
2023-10-06,138.77813720703125,0.0,139.52415218333218,135.94709516298244,136.68355108357935,0.0,10270600
2023-10-09,138.46249389648438,0.0,139.06503538917525,137.24782266878182,137.40085510253473,0.0,6964900
2023-10-10,139.3041534423828,0.0,140.3753659642521,138.95027868277074,139.08417842375724,0.0,11288800
2023-10-11,139.78237915039062,0.0,140.81532633982758,138.70162208807335,140.12669488020296,0.0,8698200
2023-10-12,139.45718383789062,0.0,140.55708810280757,138.80681784665097,139.92584022144413,0.0,10484400
2023-10-13,141.55177307128906,0.0,146.43913554960415,141.39874062487365,142.02998852085423,0.0,29427000
2023-10-16,141.40830993652344,0.0,143.00554773780095,140.32753838358445,142.93859057180651,0.0,12663500
2023-10-17,141.1022491455078,0.0,142.80469497559815,140.39448502750164,141.14051455403643,0.0,11482700
2023-10-18,139.55282592773438,0.0,141.05441474218063,139.0363451068341,140.2031918871184,0.0,9620300
2023-10-19,138.95982360839844,0.0,140.61445938931763,138.5676980743661,139.14154779425465,0.0,11143600
2023-10-20,136.7218017578125,0.0,138.81638787908034,135.92796231586297,138.27122982495726,0.0,13332900
2023-10-23,134.8567657470703,0.0,137.4199937221178,134.59852530081517,136.7122441498325,0.0,10133400
2023-10-24,135.0193634033203,0.0,135.55496243179275,134.24465662328134,135.03849610975976,0.0,8881400
2023-10-25,134.28289794921875,0.0,135.02891291384947,133.43167499757715,134.44550405149027,0.0,8242600
2023-10-26,134.62721252441406,0.0,135.49756817373063,133.35515763556165,133.6707815939065,0.0,9109400
2023-10-27,129.7781219482422,0.0,133.03955509101394,129.2999064584743,132.89608168769644,0.0,17434700
2023-10-30,131.4327392578125,0.0,132.02572177610827,130.11285987814452,130.4954410141241,0.0,9855500
2023-10-31,133.0012969970703,0.0,133.17346217172832,131.4805751584917,131.71012386004256,0.0,9672500
2023-11-01,132.8865203857422,0.0,134.40724211494657,132.43699666543975,133.18301164935053,0.0,9432000
2023-11-02,135.2584686279297,0.0,135.31585215219695,133.16388242830206,133.98641366208327,0.0,10186200
2023-11-03,136.7696075439453,0.0,137.50606336318756,135.6697179362523,135.99490091317313,0.0,9538700
2023-11-06,137.80255126953125,0.0,137.907759241179,136.56874736620972,136.9321957398976,0.0,7625100
2023-11-07,137.73562622070312,0.0,137.97473397619675,136.59748556349612,137.2574107097159,0.0,6297900
2023-11-08,138.41470336914062,0.0,138.52947042560245,137.36262337164143,137.83127984216011,0.0,7618200
2023-11-09,138.00341796875,0.0,139.30416466915295,137.43912720011375,139.10332233847555,0.0,7992500
2023-11-10,140.0501708984375,0.0,140.0979953626484,137.80256702030007,138.6250981852041,0.0,7983300
2023-11-13,139.42852783203125,0.0,139.8780516270006,138.83554520631884,139.35201159097468,0.0,6676300
2023-11-14,141.9726104736328,0.0,142.74731719674958,140.13626482780626,140.2892826861417,0.0,9927700
2023-11-15,143.21597290039062,0.0,143.6176721402416,141.99174247589872,141.99174247589872,0.0,8365300
2023-11-16,144.8514404296875,0.0,144.9279566442718,143.55069396970572,143.55069396970572,0.0,8126200
2023-11-17,146.16180419921875,0.0,146.20005502094935,144.93755899413873,145.56880700754405,0.0,7812400
2023-11-20,146.6112823486328,0.0,147.05124697230633,145.30097672048066,145.45400916297382,0.0,7019000
2023-11-21,146.3052520751953,0.0,146.9365000413645,145.92268551059647,146.5252271201407,0.0,7083500
2023-11-22,146.64955139160156,0.0,147.1755913044763,146.23827851645316,146.72606761474492,0.0,5174500
2023-11-24,146.85037231445312,0.0,147.71116875393204,146.601705570946,146.89819677119783,0.0,3496900
2023-11-27,146.51564025878906,0.0,146.8408232363841,146.05655754959744,146.74517431639677,0.0,6259100
2023-11-28,146.85037231445312,0.0,147.16599621619787,146.0661066809459,146.54432206044243,0.0,6582700
2023-11-29,147.59642028808594,0.0,148.84934240484264,147.29035540162295,147.452946899815,0.0,9126100
2023-11-30,149.2797088623047,0.0,149.32753331720642,147.65377955346796,148.16068666868222,0.0,9869800
2023-12-01,150.00662231445312,0.0,150.98218594127536,149.0310732816086,149.0310732816086,0.0,8916000
2023-12-04,151.1065216064453,0.0,151.16390512482474,149.0884518442318,149.2223515851095,0.0,9607500
2023-12-05,151.08738708496094,0.0,151.59429428318467,150.13095620620268,150.40831473969268,0.0,9135600
2023-12-06,149.4997100830078,0.0,152.28292747550225,149.2032188421399,151.91947906722433,0.0,9366000
2023-12-07,149.9587860107422,0.0,150.45613413726664,149.34667085270306,149.86315168247214,0.0,8130900
2023-12-08,151.61343383789062,0.0,151.86210062377233,150.14052204542065,150.4083215360556,0.0,7369400
2023-12-11,152.16815185546875,0.0,152.3594351038864,151.25953088602628,151.6134202192741,0.0,8093900
2023-12-12,153.5262908935547,0.0,153.6506169856291,151.95774481419468,152.29248687005938,0.0,10223000
2023-12-13,154.0427703857422,0.0,154.9705095983316,152.80898085024555,153.52630408097065,0.0,12379100
2023-12-14,156.84510803222656,0.0,157.65806553818322,154.66444675487165,154.7792137924238,0.0,13643000
2023-12-15,158.0310821533203,0.0,158.07890661972826,155.31482175149597,155.9747614435823,0.0,20309300
2023-12-18,158.9875030517578,0.0,159.8482996107325,158.41365327308523,158.69101181034705,0.0,8469600
2023-12-19,161.1107940673828,0.0,161.12992677310743,158.3371500904303,158.7675411083742,0.0,10345700
2023-12-20,159.29356384277344,0.0,162.028956706584,159.1979149184676,160.670826626507,0.0,10734700
2023-12-21,160.2021942138672,0.0,160.76648500734913,158.46148277013492,159.57094624455908,0.0,7601700
2023-12-22,160.10653686523438,0.0,160.90037631330594,159.94394535331296,160.20218579882498,0.0,6576300
2023-12-26,161.0533905029297,0.0,161.41683889657807,159.89610275124625,160.16391681612907,0.0,4683600
2023-12-27,162.01939392089844,0.0,162.08635109119726,160.278697214841,160.52736400314126,0.0,6428600
2023-12-28,162.88018798828125,0.0,163.22450370195824,161.63682487811562,161.97158153646015,0.0,6320100
2023-12-29,162.68890380859375,0.0,163.2531945435635,162.2393801128782,162.59325487989693,0.0,6435100
2024-01-02,164.5826416015625,0.0,164.6687168855403,161.5507572049703,161.72290777292585,0.0,9977400
2024-01-03,163.86534118652344,0.0,164.5443990910498,162.9471609143705,164.37224849913505,0.0,9852300
2024-01-04,164.9527587890625,1.05,166.81967873498522,164.11552287151747,164.21176161090378,0.0,11972500
2024-01-05,165.78033447265625,0.0,166.84851969286382,165.01046873741313,165.01046873741313,0.0,10066000
2024-01-08,165.53977966308594,0.0,165.8669678822626,163.10508933596955,165.53977966308594,0.0,11229900
2024-01-09,164.2310028076172,0.0,165.31842414321613,163.69210113971522,165.15483004288654,0.0,9923600
2024-01-10,164.5774383544922,0.0,164.63517572002957,162.58541113963955,163.5958590884502,0.0,9670200
2024-01-11,163.8845672607422,0.0,163.94230462862615,162.28709822409536,163.91343594468418,0.0,11919500
2024-01-12,162.68165588378906,0.0,169.66815636742214,162.53729778064167,167.252716821371,0.0,19436500
2024-01-16,161.66159057617188,0.0,161.75781462803792,158.11059560979592,158.6591152889438,0.0,17206400
2024-01-17,160.79547119140625,0.0,162.70089226082183,160.21808288149663,161.0360533248606,0.0,11107500
2024-01-18,161.11306762695312,0.0,161.2189243702837,159.01519812963667,160.8243660829633,0.0,9382300
2024-01-19,163.8941650390625,0.0,164.14437984764677,160.78584808507614,161.23814365632103,0.0,13115700
2024-01-22,163.70169067382812,0.0,165.50124014850357,163.3167651733945,164.0385114996825,0.0,12837500
2024-01-23,162.62391662597656,0.0,163.3552810812602,162.09463295519336,163.2782930306036,0.0,8360800
2024-01-24,164.0770263671875,0.0,164.56780866715957,162.4988080499,162.97997235009703,0.0,9967100
2024-01-25,166.42510986328125,0.0,166.4732292299102,164.47158398669134,165.81883814848814,0.0,8873500
2024-01-26,165.7899627685547,0.0,166.54057786894606,165.30879848963878,166.10753295471542,0.0,7443000
2024-01-29,166.22299194335938,0.0,166.3288486620562,164.84686928426785,165.75146039241025,0.0,6971200
2024-01-30,169.62965393066406,0.0,170.10118551216877,166.31924144122868,166.31924144122868,0.0,10822100
2024-01-31,167.79159545898438,0.0,171.58317204444924,167.77234477774746,169.56227634962798,0.0,11521800
2024-02-01,167.18531799316406,0.0,168.253503163129,164.97195961493424,167.09871195656424,0.0,9354800
2024-02-02,168.14767456054688,0.0,169.19662390929818,166.73305032368816,166.77155169125905,0.0,8607600
2024-02-05,167.92633056640625,0.0,168.49410088199127,166.40584970808408,167.31044088693116,0.0,7820200
2024-02-06,168.5037384033203,0.0,169.2447208294231,167.21420696029546,168.03219211800783,0.0,6764800
2024-02-07,168.8212890625,0.0,169.24471597038416,167.40667961511346,169.0715038811415,0.0,7225500
2024-02-08,168.2150421142578,0.0,168.70582441372977,167.03138204849066,168.40750489734666,0.0,6060300
2024-02-09,168.4171142578125,0.0,168.50373498713284,167.12759752489953,168.40749625854062,0.0,6296700
2024-02-12,169.167724609375,0.0,170.14930381441653,167.15646152031283,168.19577808730364,0.0,8539300
2024-02-13,167.69537353515625,0.0,169.5911620177937,166.11715524688623,168.7154541673526,0.0,8397600
2024-02-14,169.39871215820312,0.0,169.46608221243557,167.84936243452663,168.47488487137227,0.0,7056700
2024-02-15,173.09402465820312,0.0,173.42122751191647,169.51416142083875,169.51416142083875,0.0,8723400
2024-02-16,172.2856903076172,0.0,173.19989955262648,171.44846911367816,172.84384266489965,0.0,8152600
2024-02-20,172.95932006835938,0.0,173.66183053872712,171.6890539160225,172.43966907057828,0.0,9668000
2024-02-21,174.0852508544922,0.0,174.1718715947713,171.79491860071502,173.17104155307905,0.0,7024000
2024-02-22,176.17349243164062,0.0,176.5102986094291,174.41242944570743,174.97058175960714,0.0,9296500
2024-02-23,177.05885314941406,0.0,178.22326258992948,176.2889872945781,176.88562635719032,0.0,7105800
2024-02-26,176.45257568359375,0.0,177.51114303518028,175.60572180232452,176.82788325661636,0.0,7145400
2024-02-27,176.53916931152344,0.0,176.6257753567488,175.37475999068926,176.40444390207233,0.0,5717100
2024-02-28,177.4341583251953,0.0,178.22326016980873,176.0676534263031,176.51993437525894,0.0,6131600
2024-02-29,179.05084228515625,0.0,179.406899139091,176.92410447656243,178.66591675030617,0.0,9643000
2024-03-01,178.30984497070312,0.0,179.41653157884087,178.1270148864763,178.70440318796878,0.0,6311800
2024-03-04,179.64747619628906,0.0,180.52319864990656,177.32827568576224,177.7517025725209,0.0,7063600
2024-03-05,181.4470672607422,0.0,182.16881373776664,179.33956519839563,179.33956519839563,0.0,6617800
2024-03-06,182.39013671875,0.0,182.90980238103012,180.5617182690242,182.12068588792658,0.0,7572900
2024-03-07,180.7926788330078,0.0,183.3236078821674,179.59940070437642,182.75583750264312,0.0,7618300
2024-03-08,181.1294708251953,0.0,183.28509194405072,180.84076933938925,181.3411842691886,0.0,6172200
2024-03-11,181.19683837890625,0.0,181.3411964735084,179.20482589231966,180.22489181804664,0.0,5762600
2024-03-12,182.68844604492188,0.0,182.99639822524358,180.8311590157492,181.83197423385838,0.0,5708400
2024-03-13,184.17044067382812,0.0,184.5072468524285,182.68844649928835,183.18886145157163,0.0,7795500
2024-03-14,180.888916015625,0.0,184.41104236957887,180.05169479593602,183.83363931077767,0.0,10310900
2024-03-15,183.13111877441406,0.0,183.7470084347489,179.45501681018882,179.45501681018882,0.0,17214200
2024-03-18,185.40223693847656,0.0,185.4407236226383,182.7365825282125,183.4487109989458,0.0,9013800
2024-03-19,186.48965454101562,0.0,186.6243799588185,185.13278236313286,185.45035256594733,0.0,8478700
2024-03-20,188.9339599609375,0.0,189.15529140887097,186.31642521365904,186.87457751694305,0.0,9367000
2024-03-21,191.5611114501953,0.0,191.91716830113904,188.93395872119092,189.11680348809753,0.0,11203800
2024-03-22,189.21304321289062,0.0,192.92763216836758,189.13605516339223,191.51300796226826,0.0,8108800
2024-03-25,187.4808807373047,0.0,189.52101284276986,187.03820308296415,189.193824615284,0.0,8620000
2024-03-26,188.3565673828125,0.0,189.25154059089598,186.74948042882315,187.25951339752766,0.0,5961500
2024-03-27,192.00381469726562,0.0,192.0808027506755,188.98210334978447,189.0975780879144,0.0,8725800
2024-03-28,192.75442504882812,0.0,193.15860130615798,191.06071728405237,191.97494121797993,0.0,8628300
2024-04-01,191.44564819335938,0.0,193.37030533464744,191.08959132109106,192.45609612932935,0.0,7309000
2024-04-02,191.36866760253906,0.0,192.25400815995368,190.6180524629056,190.91637198199464,0.0,7014700
2024-04-03,190.82972717285156,0.0,192.04225568661076,190.25232425165217,191.54184080050237,0.0,9353400
2024-04-04,189.37783813476562,1.15,193.27864304311018,189.28105280075943,192.76563498704854,0.0,9243800
2024-04-05,191.12013244628906,0.0,191.76865177151936,188.85515185913454,189.87149384658753,0.0,6532300
2024-04-08,192.1171112060547,0.0,192.60108217376316,191.2846805508113,191.2846805508113,0.0,8001000
2024-04-09,190.8297576904297,0.0,192.50430796962533,188.661577082323,191.72027731975658,0.0,7351500
2024-04-10,189.20361328125,0.0,190.75232630200352,187.95495990048227,189.28105040924987,0.0,7681400
2024-04-11,189.1648712158203,0.0,190.2683391185879,187.04509094211713,189.7166051672041,0.0,10137700
2024-04-12,176.9300994873047,0.0,182.8732623669157,176.68811400398238,182.28283196644617,0.0,31532300
2024-04-15,177.02691650390625,0.0,181.45041865113467,176.35903414297914,178.58530375619512,0.0,14766600
2024-04-16,175.00392150878906,0.0,177.28826528425031,173.89077931549912,177.03659090456608,0.0,16451800
2024-04-17,174.30697631835938,0.0,176.5719567831886,173.45518273379275,175.55561485062543,0.0,9017100
2024-04-18,175.43948364257812,0.0,177.48184180845732,174.2005190913893,175.29429825361947,0.0,9557700
2024-04-19,179.84361267089844,0.0,179.9210497972754,175.5943482097053,176.55260126317435,0.0,13402300
2024-04-22,183.337890625,0.0,184.03481001942976,180.01784201408847,180.02753088626974,0.0,11529700
2024-04-23,185.98037719726562,0.0,186.06748843344988,184.41231586745752,185.00276108430006,0.0,9144400
2024-04-24,186.89022827148438,0.0,187.0354136520906,184.0735137307504,184.42197341382698,0.0,6964900
2024-04-25,187.17092895507812,0.0,187.72266295248846,185.0511337349175,186.08683870425045,0.0,9802300
2024-04-26,187.28709411621094,0.0,188.62284397024155,186.87087139552148,187.36453124493508,0.0,6413700
2024-04-29,187.08384704589844,0.0,188.03242616404043,186.26109035683314,187.27743251108313,0.0,5387800
2024-04-30,185.5931854248047,0.0,188.7389966032242,185.49638532685094,186.62887557872742,0.0,8153700
2024-05-01,185.70936584472656,0.0,188.22602113056135,184.67366074205935,186.1062256375032,0.0,7445300
2024-05-02,185.51576232910156,0.0,187.29677201700872,183.44436709499553,186.88056405750078,0.0,6501700
2024-05-03,184.40261840820312,0.0,186.35786531271233,182.4183491959402,185.84485725290688,0.0,8922800
2024-05-06,185.84486389160156,0.0,186.0384493375641,183.73475742225128,185.58351541625962,0.0,7911100
2024-05-07,185.60287475585938,0.0,186.74503920339973,185.506074649963,185.5544747029112,0.0,7688800
2024-05-08,189.37783813476562,0.0,190.34578009256074,184.8769139388672,184.8769139388672,0.0,9227600
2024-05-09,191.16854858398438,0.0,191.25565982090802,188.84549364828138,188.91324190934765,0.0,7977300
2024-05-10,192.39784240722656,0.0,192.94956168690013,191.91387138979,192.17520510507694,0.0,7529800
2024-05-13,192.3590850830078,0.0,193.44319002860294,191.6912028247305,192.42684810381667,0.0,7049200
2024-05-14,195.04998779296875,0.0,195.1177508226274,191.80739094327103,192.62045868143795,0.0,8596200
2024-05-15,195.63075256347656,0.0,196.19216067962503,193.36577189356964,195.5339524584218,0.0,8370000
2024-05-16,195.9792022705078,0.0,197.92476021806974,195.5145942831062,195.73721678983298,0.0,8497900
2024-05-17,198.22483825683594,0.0,198.47651263266445,196.30831720742958,197.27625922000576,0.0,9260500
2024-05-20,189.3101043701172,0.0,199.27991025254656,189.13586712417222,197.83767130796062,0.0,17373300
2024-05-21,193.12380981445312,0.0,193.49161776508427,190.29742068573265,190.68459161364675,0.0,14420800
2024-05-22,191.9525604248047,0.0,194.4982524090751,191.35244115870537,192.6204427149457,0.0,9425300
2024-05-23,190.60714721679688,0.0,191.9429119756025,189.7844053338992,191.468615052786,0.0,8069400
2024-05-24,194.275634765625,0.0,194.3240200472985,191.22660876947373,191.41052010262337,0.0,7356200
2024-05-28,193.1044158935547,0.0,193.98524659848013,192.29134821344894,193.45287558068884,0.0,6910200
2024-05-29,191.7589874267578,0.0,192.61078110067044,190.57809702233257,191.65251321751873,0.0,6120000
2024-05-30,192.9398651123047,0.0,193.44319904731097,192.03967144451227,192.19454569676367,0.0,6829100
2024-05-31,196.1340789794922,0.0,196.7825983034691,191.9912886800189,192.9108305641765,0.0,14417900
2024-06-03,195.35003662109375,0.0,195.93079288527008,192.80434475940575,195.82431868806128,0.0,6444300
2024-06-04,192.7753143310547,0.0,195.5049028369205,191.92352072401673,193.74325624100823,0.0,6848300
2024-06-05,190.9362335205078,0.0,193.4141774459212,190.60713678535936,193.35608851946316,0.0,8351600
2024-06-06,190.5974578857422,0.0,191.67187406902391,189.06810779253618,190.93622871529655,0.0,7640300
2024-06-07,193.54000854492188,0.0,194.4789135082066,190.69425657534748,191.10079046105474,0.0,6964500
2024-06-10,193.2108917236328,0.0,194.40145617735467,192.07840142331858,192.8527579312046,0.0,6070800
2024-06-11,188.1291961669922,0.0,191.59443008671676,187.3935656091954,191.5653930100683,0.0,9235300
2024-06-12,185.38992309570312,0.0,190.41354424962765,185.17697468215403,189.71662485430736,0.0,12751300
2024-06-13,187.45162963867188,0.0,188.34213440358081,184.76075237068451,186.15459105301892,0.0,8587800
2024-06-14,187.56777954101562,0.0,188.61315856169503,185.28343607426163,185.31247314958983,0.0,6874000
2024-06-17,188.72930908203125,0.0,189.31008013466652,186.46432856207215,187.27739622006445,0.0,8725400
2024-06-18,190.6845703125,0.0,191.61380111316439,187.90658155250065,188.36151546527287,0.0,9023000
2024-06-20,192.301025390625,0.0,193.05601892988437,189.82309636232532,190.09411892669422,0.0,8731100
2024-06-21,190.0070343017578,0.0,190.84913918970437,187.99371299194243,190.4038941014478,0.0,20972100
2024-06-24,192.5043182373047,0.0,192.84308909057918,190.78138258234185,191.4686131618798,0.0,9785900
2024-06-25,191.7202606201172,0.0,193.65614443423036,191.40083801843394,191.73960882413093,0.0,6862500
2024-06-26,191.10076904296875,0.0,191.59442888213218,189.98764172611885,191.12013201715325,0.0,7758600
2024-06-27,192.78500366210938,0.0,193.452885995876,190.58777121745086,191.1104681611041,0.0,7913500
2024-06-28,195.77593994140625,0.0,196.10505144016432,192.91083994597997,193.59807048213818,0.0,15307600
2024-07-01,198.86367797851562,0.0,200.45110224404223,196.16312633744886,196.33734880543008,0.0,10205800
2024-07-02,202.1353302001953,0.0,202.16436727870706,198.20548803229522,198.70880723958072,0.0,7802900
2024-07-03,201.99981689453125,0.0,203.63564122593985,200.99314895076165,202.83224759934652,0.0,5560900
2024-07-05,199.32322692871094,1.15,201.8343569023776,199.06044513660848,201.46451091115304,0.0,8093100
2024-07-08,199.69308471679688,0.0,201.37689904863052,198.52512110426176,199.566550251189,0.0,8707000
2024-07-09,202.08740234375,0.0,204.1605327199737,199.96558887640106,200.14079156889778,0.0,9058900
2024-07-10,202.25286865234375,0.0,202.4183287910824,200.09212943817215,200.6371780955376,0.0,8328500
2024-07-11,201.91221618652344,0.0,202.54487365103782,199.89748159231806,200.70532691221428,0.0,10658100
2024-07-12,199.46922302246094,0.0,201.91221437653957,196.705039084932,198.55431351532297,0.0,15443400
2024-07-15,204.4427947998047,0.0,205.96114879231186,201.20168615358614,201.6591408630545,0.0,10719700
2024-07-16,207.91749572753906,0.0,208.03430247505668,202.5253903220117,204.3941349162131,0.0,11557000
2024-07-17,211.0807342529297,0.0,211.75231734532403,207.57684377514326,208.09269444146844,0.0,11572500
2024-07-18,204.37466430664062,0.0,210.85688185316707,203.6544278135567,209.87384874293699,0.0,12415100
2024-07-19,204.1800079345703,0.0,206.68140996958013,203.34296468703909,205.5620998360359,0.0,8095900
2024-07-22,204.66668701171875,0.0,206.50623388150692,204.11191057871665,204.8418897310368,0.0,7663200
2024-07-23,204.71533203125,0.0,205.8346273305569,203.76149687218643,205.38691515141903,0.0,5557300
2024-07-24,203.0217742919922,0.0,206.3699473179496,202.51566616590065,203.9561540312095,0.0,7119000
2024-07-25,203.09963989257812,0.0,204.579068287081,202.49619528558682,203.0801696257991,0.0,6403800
2024-07-26,206.5743408203125,0.0,207.46977999477056,203.0509652180435,203.65442465737732,0.0,8027800
2024-07-29,205.22146606445312,0.0,207.9077838383527,204.92947145063593,206.97340404443028,0.0,6533600
2024-07-30,209.44558715820312,0.0,210.0295614754929,207.27512031859297,207.5379020782157,0.0,8850700
2024-07-31,207.11940002441406,0.0,210.61356297991412,206.99286556509915,209.04654063182772,0.0,9071600
2024-08-01,202.40858459472656,0.0,208.1218821754611,200.8707603787422,207.50869506014573,0.0,10918600
2024-08-02,193.82403564453125,0.0,199.2064132873845,191.63409850715638,198.43750856046046,0.0,18041700
2024-08-05,189.6972198486328,0.0,190.9333218867359,185.8039981803061,188.8699191549906,0.0,13927000
2024-08-06,194.99200439453125,0.0,197.19168414997648,188.8212515924086,190.18387324063494,0.0,10605800
2024-08-07,195.05039978027344,0.0,200.2575897059211,194.8557416670121,198.07738022359274,0.0,9204400
2024-08-08,198.61268615722656,0.0,199.44000164036433,196.40327886752792,197.0651342243303,0.0,7761200
2024-08-09,200.30625915527344,0.0,200.95837200693634,197.48366451584198,198.03845573601825,0.0,5540200
2024-08-12,200.6858367919922,0.0,201.61047392400832,198.22337539185617,200.89996516169631,0.0,6936000
2024-08-13,202.38912963867188,0.0,202.5351195098086,199.91692557670268,202.18472896761853,0.0,6387800
2024-08-14,204.6277313232422,0.0,205.1338394349267,201.59100839582663,202.19446783893002,0.0,6999800
2024-08-15,205.9027557373047,0.0,208.1802867580393,205.46477128738826,207.31404556546272,0.0,7001000
2024-08-16,208.25814819335938,0.0,208.37494008360167,205.9416766938129,206.0390131699889,0.0,7931200
2024-08-19,209.69863891601562,0.0,209.7765051277612,208.11216126251603,208.2873491003476,0.0,6090800
2024-08-20,208.79348754882812,0.0,210.23397544438944,207.97589969054405,209.2606700025173,0.0,5640000
2024-08-21,208.87135314941406,0.0,209.26066938442804,207.15832607184282,208.70587815549763,0.0,5202300
2024-08-22,210.84715270996094,0.0,211.0126128451228,208.61827503606966,208.85187367766028,0.0,5247100
2024-08-23,212.48231506347656,0.0,213.3388286306895,210.7206345366559,211.7912764956721,0.0,7214000
2024-08-26,213.31936645507812,0.0,213.81574691774506,212.22926903833658,213.1636340094112,0.0,5105200
2024-08-27,214.30238342285156,0.0,214.53598207363984,213.33882054770734,213.65027056396275,0.0,5185200
2024-08-28,215.3827362060547,0.0,216.27819020498686,213.33880386447774,213.39719980974263,0.0,6506400
2024-08-29,216.2781982421875,0.0,217.02763270288517,213.0954854438265,216.21978744329084,0.0,6416100
2024-08-30,218.799072265625,0.0,219.46091285543187,216.0056754723349,216.56046671802255,0.0,8574100
2024-09-03,214.419189453125,0.0,218.11775306179587,213.38748807233762,216.36580031542942,0.0,8956100
2024-09-04,213.47508239746094,0.0,216.14194463034985,211.4116796320134,215.13942637103617,0.0,7389500
2024-09-05,211.82046508789062,0.0,214.90584151305464,210.26317046221325,214.2731840738585,0.0,8067900
2024-09-06,206.78846740722656,0.0,212.90082400071475,205.45502893867877,211.7912564624436,0.0,7777000
2024-09-09,211.02235412597656,0.0,212.32657987629256,208.46255601710973,209.44560403533967,0.0,8935100
2024-09-10,200.0726776123047,0.0,212.80351542410713,195.25481832367896,212.76458973847693,0.0,28406900
2024-09-11,201.6980743408203,0.0,202.15552906797424,196.44223110949054,199.77093380286098,0.0,13658700
2024-09-12,201.08489990234375,0.0,203.2066985279337,199.4205411475912,202.1068586826451,0.0,9054400
2024-09-13,198.8657684326172,0.0,202.30153534063777,197.6004684297529,201.3379576385375,0.0,10226700
2024-09-16,202.311279296875,0.0,202.65194215820492,200.1018716810642,200.335470344673,0.0,8634900
2024-09-17,203.66416931152344,0.0,204.32600990149194,202.11661718074754,202.1847408407912,0.0,7573300
2024-09-18,201.99008178710938,0.0,205.69837322929007,201.18223646968863,203.43056971564306,0.0,8259900
2024-09-19,204.86131286621094,0.0,206.25314728673416,201.80513455748857,204.1800020683674,0.0,11635200
2024-09-20,205.4550323486328,0.0,205.77622491128707,203.9074803343127,204.325994525629,0.0,20885000
2024-09-23,205.7957000732422,0.0,206.14609061797663,204.38441018664537,205.36744331284876,0.0,7223500
2024-09-24,205.9416961669922,0.0,207.26539217026013,204.75426233237846,205.513439393661,0.0,7323200
2024-09-25,204.57907104492188,0.0,206.574350150001,203.04124668081326,206.02928663307486,0.0,8976500
2024-09-26,204.1800079345703,0.0,206.0487525415433,203.43055860967957,205.4939761800251,0.0,7807500
2024-09-27,204.88079833984375,0.0,206.76901329935234,203.74203273932275,205.02678821755313,0.0,7032500
2024-09-30,205.23118591308594,0.0,205.328522397785,199.7806695021104,200.8026431856011,0.0,8663800
2024-10-01,201.51315307617188,0.0,203.50843221146712,200.68585235765798,203.32350180042798,0.0,8540100
2024-10-02,201.75645446777344,0.0,203.3721448730908,200.19917485723604,201.55206866615586,0.0,5810900
2024-10-03,199.75148010253906,0.0,200.97785451596246,198.88523881679325,200.6663896327238,0.0,7251300
2024-10-04,206.8413848876953,1.25,207.28205334443106,202.6207341030634,204.96118851447628,0.0,10211700
2024-10-07,206.55740356445312,0.0,208.90766041202338,205.34311838855845,206.6553365365295,0.0,6718900
2024-10-08,206.38111877441406,0.0,206.94909707469532,204.0602540352679,206.2146446947152,0.0,6021800
2024-10-09,208.9957733154297,0.0,209.79878177911522,205.03952962566973,205.35288821316414,0.0,7024000
2024-10-10,208.4278106689453,0.0,210.35697364823073,207.08621563128509,210.35697364823073,0.0,7927100
2024-10-11,217.681884765625,0.0,219.97338753283674,210.69970101199584,211.19912324790937,0.0,18320700
2024-10-14,216.88870239257812,0.0,219.06268285743494,214.34260951094814,218.57304788683606,0.0,9048900
2024-10-15,217.7798309326172,0.0,220.77639441475992,217.22165486362624,219.02350788076828,0.0,9235800
2024-10-16,219.00392150878906,0.0,219.04308573039975,216.45781377237907,217.72108032079964,0.0,6382500
2024-10-17,219.7677459716797,0.0,221.1681096784183,218.68075580077473,219.62086146580305,0.0,6470200
2024-10-18,220.6980438232422,0.0,221.23664523536294,218.47511199703732,220.33571875621197,0.0,7000500
2024-10-21,218.37718200683594,0.0,221.02120767941076,218.27924904239993,220.55116232355738,0.0,5870000
2024-10-22,219.4739532470703,0.0,220.60990985536446,216.51656906880135,218.396765381251,0.0,9586800
2024-10-23,218.7786865234375,0.0,220.1398710530058,217.91692425120232,219.02350399237045,0.0,6180500
2024-10-24,220.31614685058594,0.0,220.39449023885902,217.06497842085673,217.2314525175095,0.0,6002200
2024-10-25,217.70147705078125,0.0,220.942857849908,216.30112834353372,220.3357153270423,0.0,6369700
2024-10-28,220.8253631591797,0.0,220.96246034792105,218.32822191766556,218.71993884440727,0.0,6843000
2024-10-29,218.27926635742188,0.0,222.04946165019186,218.19113564792198,220.54139249856806,0.0,6580000
2024-10-30,219.75796508789062,0.0,221.61857194835616,216.9866294369007,217.92672018698767,0.0,7110900
2024-10-31,217.31956481933594,0.0,221.01141636321765,217.22164679914314,220.04193382573413,0.0,7829900
2024-11-01,218.31842041015625,0.0,221.46186822718468,218.08339026938503,218.92556292905866,0.0,6923500
2024-11-04,215.2239227294922,0.0,219.12141248144985,214.6265675335852,218.0344223689788,0.0,8229600
2024-11-05,216.89849853515625,0.0,217.3587565899304,215.43938098465173,215.46875788666088,0.0,5600700
2024-11-06,241.93841552734375,0.0,242.85893161053414,229.90319520891288,230.12842309869163,0.0,23987800
2024-11-07,231.4798126220703,0.0,239.50003510853182,230.34385600645422,239.43147904643865,0.0,16451100
2024-11-08,232.06736755371094,0.0,234.37844502414484,230.8922467086113,234.37844502414484,0.0,9502100
2024-11-11,234.32948303222656,0.0,237.0812439469585,234.04550134168815,235.0247712217789,0.0,9017100
2024-11-12,234.59390258789062,0.0,236.45452442472,233.8104836535663,235.5633852001452,0.0,6861000
2024-11-13,236.1607208251953,0.0,239.0299743158966,235.3283354749557,235.5927425185864,0.0,11472600
2024-11-14,236.85598754882812,0.0,239.22581872980692,236.05299406323496,237.3945889405214,0.0,10172200
2024-11-15,240.22470092773438,0.0,241.31169113320945,236.45452071309373,236.45452071309373,0.0,11518800
2024-11-18,239.95050048828125,0.0,242.79037719864746,237.6492102646422,242.62390311007164,0.0,9051400
2024-11-19,238.05072021484375,0.0,240.06801385033518,236.54265111939492,237.22813707187166,0.0,6792700
2024-11-20,235.78858947753906,0.0,239.5391947355304,233.69295263010096,239.3335414956658,0.0,9015300
2024-11-21,239.6860809326172,0.0,240.4009586752127,237.0910218306447,238.18779927110523,0.0,8783500
2024-11-22,243.3975372314453,0.0,243.98509020740502,237.99196318627313,238.5599415227652,0.0,7997300
2024-11-25,245.10145568847656,0.0,249.03812485418172,243.89695790032175,244.41596974978978,0.0,10295400
2024-11-26,244.78810119628906,0.0,245.79674801065607,243.19188645749702,245.2973257346259,0.0,6212100
2024-11-27,244.61180114746094,0.0,245.98278785749332,243.61295669215443,244.18093497942152,0.0,5472300
2024-11-29,244.54327392578125,0.0,246.5507801542937,244.2788668761305,244.68037111032748,0.0,5494800
2024-12-02,241.1452178955078,0.0,245.0622975770592,239.95050739723678,244.37681162128234,0.0,8899700
2024-12-03,239.744873046875,0.0,243.87737843218383,239.55880936812832,243.08417217434658,0.0,6657700
2024-12-04,238.3542938232422,0.0,240.26388213141325,237.20854980382347,239.62734771453182,0.0,7346300
2024-12-05,240.39117431640625,0.0,242.0559301817918,239.54900159262675,240.30304361033552,0.0,6572500
2024-12-06,242.23220825195312,0.0,242.60433560351794,239.76444386718453,240.60661659692846,0.0,5519700
2024-12-09,238.7557830810547,0.0,242.73161633693363,238.70681659937458,242.00696620096832,0.0,7076500
2024-12-10,237.8254852294922,0.0,242.81976762755573,237.1987530998406,238.83413201717414,0.0,9108300
2024-12-11,238.48158264160156,0.0,239.20624770158534,237.15956238226588,238.9418406612238,0.0,7884400
2024-12-12,236.52304077148438,0.0,239.03977140619386,236.04319317564267,237.9625686165377,0.0,6113800
2024-12-13,234.96600341796875,0.0,237.68837232699522,234.18258457208617,237.05185291985592,0.0,10392700
2024-12-16,234.6134796142578,0.0,235.68088019713136,232.5961860525048,235.6221263951343,0.0,9032000
2024-12-17,233.4187774658203,0.0,234.06509919571647,231.7246446972801,233.70275916639545,0.0,8083600
2024-12-18,225.59437561035156,0.0,234.1140346946401,224.77179257706626,234.04547863729744,0.0,11322400
2024-12-19,228.13072204589844,0.0,231.46023372259285,227.45502342538467,227.45502342538467,0.0,11790800
2024-12-20,232.67453002929688,0.0,234.25115513761958,226.78910847304047,227.11226932732094,0.0,32348400
2024-12-23,233.44815063476562,0.0,233.67337852765274,230.01091866842074,231.17625223907558,0.0,8611500
2024-12-24,237.28689575195312,0.0,237.4631721104826,234.1140707231568,234.46659355526893,0.0,3729100
2024-12-26,238.0996856689453,0.0,238.2171932767263,235.79839540008058,236.42512754570095,0.0,4451800
2024-12-27,236.17050170898438,0.0,238.34448191410397,235.06392202604852,237.6883729249872,0.0,5730200
2024-12-30,234.35887145996094,0.0,235.8473508974243,232.19467848181526,233.82027004526657,0.0,5723800
2024-12-31,234.74078369140625,0.0,236.43491635792464,234.07487241942522,235.07373185616066,0.0,4871000
2025-01-02,235.02474975585938,0.0,238.23675347379177,234.48614838250796,235.9256761701603,0.0,9220900
2025-01-03,238.2367706298828,0.0,239.8036083847427,235.27937146525915,238.83412584289502,0.0,9491100
2025-01-06,237.07525634765625,1.25,241.83939727956047,236.80948374858426,239.8805803791268,0.0,9917800
2025-01-07,239.35890197753906,0.0,241.41614272410112,237.12447448141728,238.34504591508428,0.0,8753400
2025-01-08,239.3195343017578,0.0,240.421976223703,236.7307483389993,238.94548506982153,0.0,8675300
2025-01-10,236.11062622070312,0.0,239.98887886875545,234.99834638920223,239.28016188638824,0.0,10256800
2025-01-13,240.3826141357422,0.0,240.70742897825536,235.25426149206223,235.91375908384575,0.0,10005300
2025-01-14,243.5915069580078,0.0,243.83758881212796,238.3942594005622,238.8568944878796,0.0,12407400
2025-01-15,248.39503479003906,0.0,249.69433919695268,239.86090269206412,246.47558427174647,0.0,18448500
2025-01-16,250.28494262695312,0.0,253.01153384400604,248.3753449882823,250.0191700123843,0.0,15292300
2025-01-17,255.0983123779297,0.0,256.53542208241254,248.18832928838836,250.1569842411065,0.0,17678100
2025-01-21,258.9076232910156,0.0,260.10850386711076,255.43294892531785,255.9940227277619,0.0,13712100
2025-01-22,258.7206115722656,0.0,259.2521567820625,256.1712071975693,258.7796688134332,0.0,9021900
2025-01-23,261.7818908691406,0.0,262.67760239191387,259.67541575937634,260.54162870024055,0.0,10749700
2025-01-24,260.6893005371094,0.0,262.913890376841,258.88799436692057,259.55732988070605,0.0,7666300
2025-01-27,261.6834411621094,0.0,261.80155564195655,258.1497094566725,260.02977836567374,0.0,7522300
2025-01-28,262.9532470703125,0.0,263.14024164800065,260.6794230449138,261.6834562601186,0.0,7375400
2025-01-29,262.4020080566406,0.0,266.43775675796087,261.4472091934451,263.0221391792397,0.0,7684900
2025-01-30,264.0261535644531,0.0,265.473116067307,262.4413708045233,264.4198785229307,0.0,8753500
2025-01-31,263.1107177734375,0.0,266.5755696542428,262.7760500420943,265.01049259915686,0.0,7193800
2025-02-03,262.62841796875,0.0,263.96711898967544,257.59851886075415,257.7264562027966,0.0,8381400
2025-02-04,263.74072265625,0.0,265.6109389686158,262.6481034697921,265.6109389686158,0.0,5626000
2025-02-05,266.191650390625,0.0,266.39838077199465,264.12455685194567,264.6954835634121,0.0,5704400
2025-02-06,272.56024169921875,0.0,272.63900471051744,266.93974084908734,268.18000294309996,0.0,7264400
2025-02-07,271.4775085449219,0.0,274.1844091306425,270.40459519020567,272.9244711504969,0.0,6857900
2025-02-10,266.7921142578125,0.0,271.85154161278285,265.3648274727717,271.8220129915408,0.0,8627400
2025-02-11,270.6802062988281,0.0,271.8909399231515,265.43375400534205,266.02435650597033,0.0,7196400
2025-02-12,271.1330261230469,0.0,272.117353638412,268.9674935735268,269.78447219399146,0.0,6683900
2025-02-13,271.9893493652344,0.0,272.62915615558643,269.51867802419144,271.1821937026794,0.0,8398700
2025-02-14,272.255126953125,0.0,274.85376585107855,272.11733672996746,273.0229011658313,0.0,5688600
2025-02-18,275.5624694824219,0.0,275.58214521640923,271.6940399447785,272.42246265234974,0.0,7919800
2025-02-19,274.8734436035156,0.0,275.8577710649427,272.87526005839027,274.0170835183605,0.0,7007200
2025-02-20,262.6185607910156,0.0,274.37143335649915,261.5751760608188,274.31237611058543,0.0,13846700
2025-02-21,260.09869384765625,0.0,264.9809799671769,258.7206413297641,264.1147669447042,0.0,12835600
2025-02-24,257.244140625,0.0,262.81543777965055,254.55691578411952,261.3290936687731,0.0,10372800
2025-02-25,253.3658905029297,0.0,258.8781304675106,249.37937617494492,258.120209112606,0.0,9608400
2025-02-26,254.73410034179688,0.0,256.8208696569732,252.90323572800804,253.12964184778238,0.0,5943600
2025-02-27,254.99000549316406,0.0,259.5080947741608,253.81865346317065,256.1023002812493,0.0,8204400
2025-02-28,260.50225830078125,0.0,260.6597543003171,253.84822504631072,256.6437114496689,0.0,10467100
2025-03-03,256.535400390625,0.0,262.14607854716746,253.779295705583,259.8624317856823,0.0,9058300
2025-03-04,246.32794189453125,0.0,253.19855824083865,242.09533089800894,251.27910771685373,0.0,13465600
2025-03-05,247.587890625,0.0,249.0840726048274,243.94588194142335,247.31228013130092,0.0,7861400
2025-03-06,242.67608642578125,0.0,245.45189708437567,240.02825816346999,244.22148775407217,0.0,9983200
2025-03-07,238.48284912109375,0.0,242.8532653241074,235.6676720636346,241.38661204275448,0.0,20498700
2025-03-10,228.5805206298828,0.0,233.78760620871546,225.1156838157023,232.50799254508934,0.0,18887200
2025-03-11,225.54879760742188,0.0,229.66329427384025,223.1371982913278,228.11789292464056,0.0,18143000
2025-03-12,224.32821655273438,0.0,230.64761190621743,223.6982475947717,230.33261991741372,0.0,16054000
2025-03-13,221.66070556640625,0.0,225.90315456267533,220.71574458573545,225.70629207243212,0.0,16467900
2025-03-14,228.7970733642578,0.0,229.4860995707607,224.013241388188,224.54477159902027,0.0,11962100
2025-03-17,230.26370239257812,0.0,231.97643748249317,226.84810011900387,227.55680203176283,0.0,9586000
2025-03-18,231.28741455078125,0.0,232.46860444815488,229.8601427989696,230.64760773710017,0.0,10344900
2025-03-19,235.36253356933594,0.0,238.53206911141493,231.20867059231674,232.04535491987377,0.0,10120600
2025-03-20,235.26409912109375,0.0,237.97099961668997,232.49814138146405,232.85249986530974,0.0,8328500
2025-03-21,237.84304809570312,0.0,238.5025456891323,232.79344343809566,234.08291000283364,0.0,19326900
2025-03-24,244.17227172851562,0.0,244.79240284578717,240.57948244257165,241.63270503355284,0.0,9422700
2025-03-25,247.19415283203125,0.0,247.87334116333017,243.7391539327531,245.4026696961619,0.0,9287700
2025-03-26,247.09571838378906,0.0,250.67866969827517,245.8653090722259,248.64111968854195,0.0,12779300
2025-03-27,244.2313232421875,0.0,246.71183263341337,243.3060530316706,245.61922855796286,0.0,8022500
2025-03-28,239.04393005371094,0.0,245.599539532935,237.33119486348127,243.0698257668777,0.0,11978400
2025-03-31,241.45553588867188,0.0,242.00675687898743,233.63997322827274,235.65784758325657,0.0,13603000
2025-04-01,239.84121704101562,0.0,241.8394004543817,237.10478808025886,238.8175081376331,0.0,8054700
2025-04-02,241.96737670898438,0.0,243.37495772827663,237.67570850174647,237.81351374153482,0.0,7758800
2025-04-03,225.10585021972656,0.0,231.45475936069658,223.7376356451,230.5983992730199,0.0,17188500
2025-04-04,208.25929260253906,1.4,215.607987574706,206.9222595144689,213.24095511751497,0.0,27170700
2025-04-07,212.37933349609375,0.0,219.91620553083897,200.217339808407,203.7926499875628,0.0,22914400
2025-04-08,214.7859649658203,0.0,225.65054905266808,211.20075649105397,221.37207030821745,0.0,19485700
2025-04-09,232.0880889892578,0.0,235.19791432492164,208.97238005467744,210.45796569487658,0.0,24022400
2025-04-10,224.92758178710938,0.0,228.1364523722699,217.98494998522446,227.7898096605314,0.0,18896400
2025-04-11,233.93020629882812,0.0,236.28734025489058,222.83783699103913,224.135245979575,0.0,20284500
2025-04-14,232.4644317626953,0.0,237.47580467962493,231.3849098728121,234.82156570866533,0.0,13017800
2025-04-15,230.8897247314453,0.0,236.3566689994213,230.58270611748736,233.83118550413695,0.0,10912900
2025-04-16,227.40354919433594,0.0,231.33540044425504,225.73968539929047,229.77058173792562,0.0,9322300
2025-04-17,229.73097229003906,0.0,232.08809125254,228.33451814771584,228.5821157568302,0.0,9557900
2025-04-21,226.7895050048828,0.0,229.58239809757103,224.1649613559644,228.41374466977848,0.0,8716200
2025-04-22,233.32608032226562,0.0,233.7222455658828,229.146631453097,229.75077022647423,0.0,10701400
2025-04-23,238.56524658203125,0.0,244.41844241462425,237.6936981861248,237.9115852851014,0.0,14126800
2025-04-24,242.2891082763672,0.0,243.11113412666035,235.29695442919305,237.43620133269152,0.0,9055200
2025-04-25,241.2095947265625,0.0,243.259695079398,239.42688891181936,242.2990151434575,0.0,8588600
2025-04-28,240.8827667236328,0.0,244.46797532069593,238.52563261414235,242.2098863011783,0.0,7394300
2025-04-29,242.26930236816406,0.0,242.89325317551487,239.3674656594956,239.86266087494008,0.0,7216800
2025-04-30,242.26930236816406,0.0,242.8635426715609,236.13878318301607,238.89208248407334,0.0,12991700
2025-05-01,244.51748657226562,0.0,246.06249318666562,239.84284265004308,240.50640240816827,0.0,8689600
2025-05-02,250.08348083496094,0.0,251.18281481145482,247.06280212773012,248.8454928034209,0.0,7165000
2025-05-05,250.1330108642578,0.0,252.70803209178587,248.18194045918935,248.76626720064505,0.0,5450700
2025-05-06,246.8548126220703,0.0,250.22213401116895,246.60721501663193,247.59760543838547,0.0,6369900
2025-05-07,246.99346923828125,0.0,250.02406154233302,246.43885301429253,247.44905548636268,0.0,8724100
2025-05-08,251.03427124023438,0.0,253.42111587703673,249.1327233694704,249.15253541008562,0.0,8320100
2025-05-09,250.6480255126953,0.0,253.05466713506053,249.915131114133,252.05437818656395,0.0,5087600
2025-05-12,257.551025390625,0.0,261.06692963579167,256.2140224576069,260.3736442284861,0.0,9603900
2025-05-13,260.48260498046875,0.0,261.13626631205113,257.8877868069351,258.52162098572154,0.0,8589000
2025-05-14,263.08734130859375,0.0,264.07773178744077,259.7695271595925,260.4726959367646,0.0,8643100
2025-05-15,264.9195251464844,0.0,266.9300165005274,262.21577862944,264.4045330061705,0.0,9214600
2025-05-16,264.9888610839844,0.0,265.8802064262929,262.1662423130763,264.9294400761183,0.0,8932900
2025-05-19,262.3346252441406,0.0,265.7415707842711,259.4129613490514,262.99816991499483,0.0,12145000
2025-05-20,263.1269226074219,0.0,264.09751611112114,259.77939811280237,259.9972852167219,0.0,8436300
2025-05-21,258.5315246582031,0.0,263.0972100036598,258.2245060448101,261.80971454261277,0.0,7464000
2025-05-22,258.16510009765625,0.0,259.77941119398804,256.38237909645915,256.94690892472084,0.0,6514100
2025-05-23,258.2046813964844,0.0,259.4723799421045,253.53995091856495,254.34216475157282,0.0,6671800
2025-05-27,262.7406921386719,0.0,262.75057549068066,259.4723855042117,259.5219231615278,0.0,7506600
2025-05-28,260.9579772949219,0.0,264.1569494186174,260.37365054000264,263.6815511085711,0.0,5535400
2025-05-29,261.82952880859375,0.0,262.85954338022884,260.00721393528187,262.25538946513706,0.0,5081200
2025-05-30,261.46307373046875,0.0,262.7802797047294,260.2052887641105,260.9183710832572,0.0,10977700
2025-06-02,262.1167297363281,0.0,262.48316935241536,259.3832425308735,260.49247495502414,0.0,6011200
2025-06-03,263.71124267578125,0.0,264.01826128387165,260.3538349141645,261.1956728046096,0.0,6998400
2025-06-04,261.68096923828125,0.0,264.55309553497005,261.64134515696793,263.3646451144359,0.0,5915700
2025-06-05,259.43280029296875,0.0,262.19596799161184,257.8085453857792,262.19596799161184,0.0,8173800
2025-06-06,263.17645263671875,0.0,264.0875948817465,261.7205775355199,261.7898818932406,0.0,7738100
2025-06-09,264.1767272949219,0.0,265.3255837931054,260.81931953433354,263.44384806606826,0.0,8285000
2025-06-10,266.0188903808594,0.0,266.3159954367044,263.2953165464439,263.3250270520284,0.0,7538100
2025-06-11,265.5732116699219,0.0,267.029086942071,263.23590455236,266.0981174361079,0.0,7434100
2025-06-12,265.6623229980469,0.0,265.71186065483215,262.5921368014331,264.2955793495838,0.0,6618000
2025-06-13,262.4039306640625,0.0,264.45401568169035,260.18543576691087,262.5326560188529,0.0,7098300
2025-06-16,267.7619323730469,0.0,269.1187926010441,264.28568264317573,264.4342351573897,0.0,8566000
2025-06-17,266.92999267578125,0.0,267.98971758992207,265.2265200876263,265.592989900642,0.0,6739300
2025-06-18,271.3273620605469,0.0,275.0512398633253,267.12811618035386,267.4054243002851,0.0,9586400
2025-06-20,272.35736083984375,0.0,274.6352466771413,271.1787938422642,272.9218906234205,0.0,13969700
2025-06-23,275.595947265625,0.0,275.8732553903245,269.4951382979165,272.416802295977,0.0,8094600
2025-06-24,278.5572204589844,0.0,279.99326843987956,276.8240372161571,277.51729237869773,0.0,9267900
2025-06-25,281.3302917480469,0.0,281.54817884280607,278.21056806460314,278.79489476774904,0.0,6826900
2025-06-26,285.9752197265625,0.0,286.6288809985696,281.73635014616826,281.96415081233175,0.0,8942100
2025-06-27,284.3509826660156,0.0,285.92573005163604,282.3008974405109,283.0634871930461,0.0,17868600
2025-06-30,287.12408447265625,0.0,289.83774449670244,286.1436076484999,287.60936609684416,0.0,12689200
2025-07-01,287.6192626953125,0.0,288.33234495014864,283.83596433703406,288.0946609399748,0.0,9338300
2025-07-02,289.19403076171875,0.0,290.00615823892747,286.91614466394003,289.23365484518064,0.0,8158700
2025-07-03,294.56787109375,1.4,294.9659297104321,289.8010379194307,290.73649237209275,0.0,6541600
2025-07-07,290.557373046875,0.0,294.6076885980012,288.6765027897454,293.8215023235984,0.0,8825700
2025-07-08,281.4118347167969,0.0,288.29836729820295,278.95378401211,287.8704246702362,0.0,15440900
2025-07-09,281.7900085449219,0.0,285.8104705722976,281.1133058346495,285.7905479002781,0.0,11273800
2025-07-10,286.7956848144531,0.0,286.91509937261486,281.63079258445833,281.63079258445833,0.0,8410900
2025-07-11,285.4720764160156,0.0,285.9895799471578,282.27761579845765,284.1385633556329,0.0,7384700
2025-07-14,287.30322265625,0.0,287.9002954379141,283.8798636483791,285.6811040695642,0.0,9079900
2025-07-15,285.1636047363281,0.0,290.53750281058245,284.0988046799193,286.6066015099572,0.0,12526100
2025-07-16,284.4371337890625,0.0,289.32338154204075,281.64073174918,287.0046376972024,0.0,9979800
2025-07-17,288.4974060058594,0.0,288.8954646605109,282.06866914194785,282.06866914194785,0.0,8509500
2025-07-18,289.8607482910156,0.0,291.08480816107146,286.83547847596185,288.1192152507357,0.0,12217000
2025-07-21,289.5622253417969,0.0,292.75668616305364,289.1740976686908,289.5920789805029,0.0,7898100
2025-07-22,290.0199890136719,0.0,292.2093570682598,287.7808750182681,290.08965762675587,0.0,6717500
2025-07-23,295.32421875,0.0,295.55308652202564,291.1345658012183,291.423171220215,0.0,7083500
2025-07-24,295.1152038574219,0.0,298.14050407118975,294.7669215419926,295.98102008785213,0.0,7001200
2025-07-25,297.1752014160156,0.0,297.45384549542877,294.52806747662726,295.2645078343046,0.0,5918500
2025-07-28,296.83685302734375,0.0,297.98128299458955,295.38392533944716,296.2198575860422,0.0,5840400
2025-07-29,295.6028747558594,0.0,299.832312479978,294.7669424736015,298.5485452319008,0.0,7635700
2025-07-30,298.1803283691406,0.0,299.15556747472186,295.9412143688823,295.9810293435777,0.0,8061700
2025-07-31,294.80670166015625,0.0,299.52378891963946,294.0702916971252,297.69269497782847,0.0,14749700
2025-08-01,287.969970703125,0.0,290.38820663449775,282.8647857124969,288.99498616189175,0.0,12007100
2025-08-04,292.8363037109375,0.0,292.8960109858209,288.8556567457698,288.8556567457698,0.0,6649500
2025-08-05,289.96026611328125,0.0,294.3588942877941,285.85024334176074,293.26421031948314,0.0,7182300
2025-08-06,289.9403991699219,0.0,291.8710155092677,288.75615418743877,290.8857846666577,0.0,6330200
2025-08-07,285.5517272949219,0.0,292.0401712516968,285.0242927594624,291.52269805254355,0.0,8057100
2025-08-08,287.3629150390625,0.0,289.82096576259374,283.33249175217816,287.58185183763345,0.0,6634100
2025-08-11,288.1590270996094,0.0,289.9105214566491,287.382802167726,287.99979757897614,0.0,5510100
2025-08-12,291.4331359863281,0.0,293.3239373114666,288.9352701775296,290.0896614971756,0.0,8570900
2025-08-13,289.1243591308594,0.0,293.1248986695454,285.770668693986,292.5278258801357,0.0,8420400
2025-08-14,292.7367858886719,0.0,292.77660086250484,288.2386656831993,289.1740897938242,0.0,6322400
2025-08-15,289.08453369140625,0.0,294.070303892013,288.4177923107223,293.4134934775076,0.0,7340500
2025-08-18,290.1195068359375,0.0,290.48771182814966,287.01460700223555,288.5969105571057,0.0,5386900
2025-08-19,289.25372314453125,0.0,291.0649248511568,288.12918548745137,289.4228836379399,0.0,6031500
2025-08-20,290.8260803222656,0.0,291.91080306079334,285.8801248660847,289.40300620960403,0.0,7374200
2025-08-21,290.059814453125,0.0,291.35351266028397,288.0694908298476,290.52754171939233,0.0,6624000
2025-08-22,294.80670166015625,0.0,295.7222638160247,288.72627805745185,291.78143186234297,0.0,8552800
2025-08-25,293.47320556640625,0.0,295.91136409796144,292.7169032581514,294.8067187195671,0.0,5856300
2025-08-26,297.1254577636719,0.0,297.2946182578716,292.0799802873029,292.73679070167583,0.0,6714700
2025-08-27,297.8320007324219,0.0,299.6133487290695,295.60284818014264,295.81182363943736,0.0,6056500
2025-08-28,299.6133728027344,0.0,299.78253330292296,297.2548441771251,298.5684346824493,0.0,6410500
2025-08-29,299.961669921875,0.0,301.4842661940908,298.27984412427315,300.57866535154164,0.0,6796400
2025-09-02,298.25,0.0,299.00630230729985,293.0751465546297,298.80728817166414,0.0,7221900
2025-09-03,298.0609130859375,0.0,299.1157821383293,294.9460518695642,299.1157821383293,0.0,6316900
2025-09-04,302.3500671386719,0.0,302.95710126266795,296.8368622307461,298.5485417515856,0.0,6605800
2025-09-05,292.9557189941406,0.0,303.67360004151425,292.8860503832935,302.1808574258392,0.0,9837700
2025-09-08,291.4928283691406,0.0,295.02564039164184,290.02993939924687,293.4632595438729,0.0,8188500
2025-09-09,296.408935546875,0.0,297.5533654940205,290.89573090671735,291.1843363199733,0.0,7848200
2025-09-10,299.0859375,0.0,300.081099305405,293.97079124265275,295.26451981163615,0.0,7787300
2025-09-11,304.0816345214844,0.0,304.2508253887744,299.3347237101347,299.7825282942652,0.0,7942500
2025-09-12,305.42510986328125,0.0,306.0619976191254,302.2306490078873,303.5243471922108,0.0,6846700
2025-09-15,307.40545654296875,0.0,308.4503945957688,305.68384616318764,305.68384616318764,0.0,7122000
2025-09-16,307.6940612792969,0.0,309.3957793536566,305.64403052143217,308.5001398603055,0.0,10525600
2025-09-17,310.2416687011719,0.0,311.39605995003245,307.27607581858564,308.8882633286686,0.0,8657800
2025-09-18,311.71453857421875,0.0,311.92351404664583,308.11202738183795,310.281503166292,0.0,8050700
2025-09-19,313.25701904296875,0.0,314.27207310967725,307.62439981099584,312.08273544953454,0.0,23568600
2025-09-22,310.9283447265625,0.0,312.182258270615,308.062273980115,308.30110308567663,0.0,7520200
2025-09-23,311.22686767578125,0.0,314.77960231730736,309.0773147087216,310.31133589735856,0.0,8584400
2025-09-24,311.90362548828125,0.0,315.04831005850303,310.1620923339846,312.53055191308846,0.0,7310500
2025-09-25,311.9334716796875,0.0,314.1228093708585,310.2914304489001,312.60021306425335,0.0,7083200
2025-09-26,314.53082275390625,0.0,316.2723558301295,312.1822555829643,313.3764314704185,0.0,7258100
2025-09-29,314.1626281738281,0.0,316.47141081731513,312.1424509532589,315.52599496806425,0.0,6462400
2025-09-30,313.90386962890625,0.0,315.8743008654659,308.6096017269858,314.71990956858593,0.0,11823300
2025-10-01,309.2066955566406,0.0,313.06792796484126,305.92267396447164,312.450932545579,0.0,9235200
2025-10-02,306.0619812011719,0.0,309.05742775902445,304.6588298723343,308.5001396138323,0.0,7600000
2025-10-03,308.5299987792969,0.0,310.15211730487346,306.71879709000723,307.0173638395194,0.0,6029900
2025-10-06,309.17999267578125,1.5,311.75,305.1300048828125,310.17999267578125,0.0,7214500
2025-10-07,307.69000244140625,0.0,310.010009765625,304.70001220703125,309.3500061035156,0.0,8454200
2025-10-08,304.0299987792969,0.0,308.7799987792969,303.54998779296875,308.2099914550781,0.0,6489900
2025-10-09,305.5299987792969,0.0,308.0400085449219,303.3900146484375,305.04998779296875,0.0,7060300
2025-10-10,300.8900146484375,0.0,310.4700012207031,300.80999755859375,305.6600036621094,0.0,8597400
2025-10-13,307.9700012207031,0.0,309.4599914550781,305.45001220703125,305.6000061035156,0.0,10788700
2025-10-14,302.0799865722656,0.0,307.0,294.2099914550781,305.8399963378906,0.0,16178800
2025-10-15,305.69000244140625,0.0,312.1199951171875,305.44000244140625,306.3900146484375,0.0,11354800
2025-10-16,298.5400085449219,0.0,308.67999267578125,297.07000732421875,305.3500061035156,0.0,10549400
2025-10-17,297.55999755859375,0.0,299.54998779296875,294.20001220703125,299.1600036621094,0.0,10153500
2025-10-20,302.3599853515625,0.0,303.69000244140625,298.1600036621094,298.5,0.0,6894900
2025-10-21,297.0899963378906,0.0,304.04998779296875,297.0,301.6600036621094,0.0,7372700
2025-10-22,294.1099853515625,0.0,298.05999755859375,290.5400085449219,297.7699890136719,0.0,8054100
2025-10-23,294.5400085449219,0.0,296.3699951171875,292.510009765625,294.3800048828125,0.0,5438800
2025-10-24,300.44000244140625,0.0,302.6000061035156,295.45001220703125,296.0799865722656,0.0,7228300
2025-10-27,304.1499938964844,0.0,304.5299987792969,301.010009765625,302.1600036621094,0.0,5642200
2025-10-28,305.3599853515625,0.0,307.9700012207031,303.1600036621094,304.8599853515625,0.0,6336000
2025-10-29,305.510009765625,0.0,308.25,303.010009765625,303.510009765625,0.0,7520300
2025-10-30,309.44000244140625,0.0,312.6099853515625,305.1000061035156,305.7900085449219,0.0,7514600
2025-10-31,311.1199951171875,0.0,312.8699951171875,307.25,308.5400085449219,0.0,7721300
2025-11-03,309.3500061035156,0.0,312.32000732421875,306.2099914550781,311.0,0.0,7770000
2025-11-04,309.25,0.0,312.2200012207031,305.1000061035156,306.7099914550781,0.0,7085200
2025-11-05,311.67999267578125,0.0,313.1000061035156,305.6300048828125,309.6099853515625,0.0,6865200
2025-11-06,313.4200134277344,0.0,314.8399963378906,310.260009765625,310.989990234375,0.0,7206100
2025-11-07,314.2099914550781,0.0,314.42999267578125,307.6400146484375,311.8900146484375,0.0,7302300
2025-11-10,316.8900146484375,0.0,319.55999755859375,314.2099914550781,315.0,0.0,5794100
2025-11-11,315.6199951171875,0.0,319.04998779296875,315.2799987792969,317.5,0.0,5030200
2025-11-12,320.4100036621094,0.0,322.25,316.2099914550781,316.260009765625,0.0,10578300
2025-11-13,309.4800109863281,0.0,320.6300048828125,309.1000061035156,319.2300109863281,0.0,8973300
2025-11-14,303.6099853515625,0.0,307.6400146484375,301.2300109863281,307.510009765625,0.0,10327000
2025-11-17,300.3699951171875,0.0,305.5899963378906,297.6700134277344,304.0,0.0,8340700
