Price,Close,Dividends,High,Low,Open,Stock Splits,Volume
Ticker,NVDA,NVDA,NVDA,NVDA,NVDA,NVDA,NVDA
Date,,,,,,,
2015-12-28,0.8083701133728027,0.0,0.8083701133728027,0.7893439414695138,0.8005645297370835,0.0,142024000
2015-12-29,0.8215419054031372,0.0,0.8239811604936232,0.806662408641672,0.8088577556700381,0.0,203660000
2015-12-30,0.8144680857658386,0.0,0.8278840184606137,0.814224177692467,0.820810160924953,0.0,180344000
2015-12-31,0.8039794564247131,0.0,0.816907517611796,0.8039794564247131,0.8132486630943279,0.0,148528000
2016-01-04,0.7895879149436951,0.0,0.7947103350807067,0.7815383643532768,0.7876365334123907,0.0,358076000
2016-01-05,0.8022720217704773,0.0,0.8156879580107365,0.7927589065177362,0.80446736948029,0.0,490272000
2016-01-06,0.7690979242324829,0.0,0.7927586937898731,0.7600726276772389,0.7890997819220131,0.0,449344000
2016-01-07,0.7386070489883423,0.0,0.7549500495090842,0.7288499721236346,0.7498275739777394,0.0,645304000
2016-01-08,0.7227522134780884,0.0,0.7488522453090868,0.7212886483339032,0.7481204627369942,0.0,398472000
2016-01-11,0.7239717245101929,0.0,0.7290942018934896,0.7110436642321294,0.7234839082922674,0.0,409372000
2016-01-12,0.7361682653427124,0.0,0.7469010401621228,0.7310458442855806,0.7369000480875113,0.0,469356000
2016-01-13,0.7137269377708435,0.0,0.7466569192808498,0.7129951552344928,0.7417783496530301,0.0,481672000
2016-01-14,0.6993352174758911,0.0,0.7073847661372521,0.678601517431431,0.6990912512256063,0.0,600236000
2016-01-15,0.6612829566001892,0.0,0.6793334984186511,0.6498184586484688,0.6712839474046426,0.0,841452000
2016-01-19,0.6666492819786072,0.0,0.6939689712790597,0.663966059783231,0.6749427403945292,0.0,457140000
2016-01-20,0.6703080534934998,0.0,0.6788454771482242,0.6451837150670011,0.6539650468341219,0.0,481180000
2016-01-21,0.6781135201454163,0.0,0.6886023223129522,0.6637218984017046,0.6776257040461604,0.0,481456000
2016-01-22,0.693968653678894,0.0,0.6986032552076205,0.6895779601812307,0.6910415246804519,0.0,257996000
2016-01-25,0.6932370662689209,0.0,0.7017744894762719,0.6917735013583536,0.6937249406245892,0.0,270728000
2016-01-26,0.7000669240951538,0.0,0.7029940537732303,0.6876267392761982,0.69470059722726,0.0,227944000
2016-01-27,0.6917736530303955,0.0,0.7012867688784054,0.6786016822601976,0.6990914210312222,0.0,231700000
2016-01-28,0.6842119097709656,0.0,0.6998231350103357,0.6707959740070206,0.6973838792492951,0.0,276776000
2016-01-29,0.7144585847854614,0.0,0.7159221496996805,0.6873828664981605,0.6900660300699368,0.0,310504000
2016-02-01,0.7147027850151062,0.0,0.7183616403420192,0.7076289243848958,0.7137270941383599,0.0,289884000
2016-02-02,0.6844558119773865,0.0,0.7110437169895899,0.6795773004975204,0.7073848624579124,0.0,341908000
2016-02-03,0.6878708004951477,0.0,0.6939689692965474,0.6720156662931147,0.6898222401004326,0.0,326772000
2016-02-04,0.6881146430969238,0.0,0.703725866350664,0.6812846929408619,0.688846367391366,0.0,348140000
2016-02-05,0.6446957588195801,0.0,0.691041667363272,0.6427443778553215,0.6834799934312282,0.0,600428000
2016-02-08,0.6151806712150574,0.0,0.638109654921004,0.6061553760287715,0.6349386178353192,0.0,608852000
2016-02-09,0.6217669248580933,0.0,0.6476230489019948,0.6049360417840812,0.6078631721122391,0.0,425372000
2016-02-10,0.6203032732009888,0.0,0.6437201380917383,0.6168883270652719,0.6256696586688579,0.0,335800000
2016-02-11,0.6171322464942932,0.0,0.6234743226663628,0.6044480941501541,0.6044480941501541,0.0,340144000
2016-02-12,0.627621054649353,0.0,0.6288407115302733,0.603716314822573,0.626889272152089,0.0,340816000
2016-02-16,0.6583556532859802,0.0,0.6593314020034606,0.6346948809376215,0.6366462620597063,0.0,485352000
2016-02-17,0.6746987104415894,0.0,0.6810407862580998,0.6639659399106774,0.6666491616216241,0.0,771468000
2016-02-18,0.7327529788017273,0.0,0.7556820251605114,0.729338033010983,0.7300698154170615,0.0,1068660000
2016-02-19,0.7425102591514587,0.0,0.7490963031047652,0.7232401180975847,0.7288504130646171,0.0,525628000
2016-02-22,0.7688541412353516,0.0,0.7773915655240247,0.7517793508144505,0.7532429159103882,0.0,449668000
2016-02-23,0.7708055377006531,0.0,0.7781233046152124,0.7590970757434932,0.7627559882789937,0.0,369380000
2016-02-24,0.776171863079071,0.0,0.7773915199730355,0.7464129211123518,0.767634497447087,0.0,336852000
2016-02-25,0.7778794169425964,0.0,0.7817822379893431,0.7639756642156754,0.7790990739631506,0.0,349616000
2016-02-26,0.7727569937705994,0.0,0.7834897079865233,0.764951351710047,0.7815383265496089,0.0,361964000
2016-02-29,0.7677379846572876,0.002875,0.7838957322968995,0.7672483913156659,0.7738583683739971,0.0,323344000
2016-03-01,0.8017673492431641,0.0,0.8017673492431641,0.7684725456644408,0.7696966459345074,0.0,348700000
2016-03-02,0.8064189553260803,0.0,0.809356749923726,0.7958919358422851,0.797360833141108,0.0,233812000
2016-03-03,0.7993192672729492,0.0,0.8088669816043229,0.7885473942109966,0.8054395939793006,0.0,302004000
2016-03-04,0.7968711256980896,0.0,0.8061740433134599,0.7907507406174191,0.8054395947690467,0.0,175304000
2016-03-07,0.7917299866676331,0.0,0.7978503717543366,0.781447765404031,0.7924644352127702,0.0,239968000
2016-03-08,0.7772860527038574,0.0,0.7883027242626635,0.7748379099539369,0.7836512355273163,0.0,274940000
2016-03-09,0.776796281337738,0.0,0.7853647498166598,0.7667588575031689,0.7841407079060912,0.0,222788000
2016-03-10,0.7755722403526306,0.0,0.7858544616817434,0.7599041408159546,0.7814477703828444,0.0,286084000
2016-03-11,0.788792073726654,0.0,0.789036928783713,0.7777754639448922,0.7870783801687868,0.0,277400000
2016-03-14,0.7907508015632629,0.0,0.7939333927115738,0.7814478248625627,0.7851200678676609,0.0,190312000
2016-03-15,0.7868338227272034,0.0,0.7917301082008351,0.7728794149641857,0.7865890259640199,0.0,226216000
2016-03-16,0.8103357553482056,0.0,0.8130287523879439,0.7772858093859165,0.7809580515454192,0.0,363644000
2016-03-17,0.8034812211990356,0.0,0.8113152428660443,0.7924645497973661,0.8073982612167032,0.0,353680000
2016-03-18,0.8277176022529602,0.0,0.8384894152804856,0.8078876113770496,0.8130287503877051,0.0,545512000
2016-03-21,0.8301659822463989,0.0,0.830410779003846,0.8115600862089397,0.8203734115286125,0.0,337780000
2016-03-22,0.8286970257759094,0.0,0.8345725561132601,0.8184148039093047,0.8274729837077753,0.0,242012000
2016-03-23,0.8428963422775269,0.0,0.8490166697538649,0.8286970798041704,0.8323693229846334,0.0,429008000
2016-03-24,0.8441202640533447,0.0,0.8455891611160642,0.832614001009237,0.8353069400453448,0.0,244956000
2016-03-28,0.8526889681816101,0.0,0.8563611532316755,0.8416722962947562,0.8426515417502183,0.0,265388000
2016-03-29,0.8663985729217529,0.0,0.8683570638174385,0.8470582272614612,0.8490167181571469,0.0,261812000
2016-03-30,0.8754566311836243,0.0,0.8874525475518725,0.8690914486874792,0.8695811005596151,0.0,376700000
2016-03-31,0.8722741007804871,0.0,0.8813322232844123,0.8654193243023798,0.879373732395904,0.0,379884000
2016-04-01,0.8850044012069702,0.0,0.8854940530770474,0.86027811995039,0.8668880991706501,0.0,348292000
2016-04-04,0.8764359354972839,0.0,0.8970003816167,0.873008547266824,0.8923488928077454,0.0,393940000
2016-04-05,0.8752117156982422,0.0,0.8832905910983753,0.8651742914435917,0.8686017373469181,0.0,339568000
2016-04-06,0.8764359354972839,0.0,0.8769255874023474,0.8477926707067813,0.8641952215539782,0.0,453376000
2016-04-07,0.867377758026123,0.0,0.8786392258136764,0.8637055732601043,0.8708051460392938,0.0,378104000
2016-04-08,0.8730084896087646,0.0,0.8801081207374836,0.8644399612301972,0.8744773868586133,0.0,255936000
2016-04-11,0.8783942461013794,0.0,0.892838302140724,0.8754564522058136,0.8781493910312074,0.0,387524000
2016-04-12,0.8774152398109436,0.0,0.882556322159584,0.8602781819121528,0.8813322215803868,0.0,292764000
2016-04-13,0.8994483947753906,0.0,0.8996931915084778,0.8813320940555864,0.8813320940555864,0.0,350716000
2016-04-14,0.9018964767456055,0.0,0.9058135160539897,0.8933279496104952,0.8970001922022042,0.0,416564000
2016-04-15,0.9089961051940918,0.0,0.9170749805128715,0.8987138843242861,0.9016516783923209,0.0,436972000
2016-04-18,0.9050791263580322,0.0,0.9072824720562561,0.8962658019334561,0.9072824720562561,0.0,307320000
2016-04-19,0.8889213800430298,0.0,0.9102202134836693,0.8832906465811191,0.9085065196085208,0.0,309152000
2016-04-20,0.8923488259315491,0.0,0.8977347630102911,0.8864732953527638,0.887452540721174,0.0,200172000
2016-04-21,0.8913694024085999,0.0,0.8967553384108758,0.8874523633495184,0.8925934442823872,0.0,178280000
2016-04-22,0.8879420161247253,0.0,0.9004275234193821,0.8850042222350122,0.8943071973068959,0.0,223540000
2016-04-25,0.8923488259315491,0.0,0.8972451111419241,0.8857388467343751,0.8881869893395626,0.0,191972000
2016-04-26,0.8930832743644714,0.0,0.9080169851108407,0.8891662345233201,0.8977347628238589,0.0,214536000
2016-04-27,0.9134027361869812,0.0,0.9138923879868257,0.8891661102768346,0.8908798040238167,0.0,352396000
2016-04-28,0.8862283229827881,0.0,0.9131579464452754,0.8840250357874498,0.9077720100791147,0.0,381224000
2016-04-29,0.8698257803916931,0.0,0.8845146341614387,0.8602780079308636,0.8825561436727992,0.0,321904000
2016-05-02,0.8813320398330688,0.0,0.8867179762078637,0.8739876129774302,0.8781494490254604,0.0,256076000
2016-05-03,0.8708050847053528,0.0,0.8749669210522589,0.8632158605866791,0.8712947365448854,0.0,224024000
2016-05-04,0.8509752750396729,0.0,0.8610126431144979,0.8421619491935276,0.8602781944299583,0.0,525764000
2016-05-05,0.8561161756515503,0.0,0.866153599963078,0.8497509939828539,0.8580747245171658,0.0,246884000
2016-05-06,0.8649294972419739,0.0,0.8671328428215994,0.8529335824662124,0.8546472762387045,0.0,183240000
2016-05-09,0.8637056350708008,0.0,0.8708052083580679,0.856606003415205,0.8671330233292509,0.0,333336000
2016-05-10,0.8803530335426331,0.0,0.8818219309861198,0.8607678899450286,0.8690915643003442,0.0,269676000
2016-05-11,0.8828009366989136,0.0,0.8925935058377802,0.878149448847457,0.8830457917852066,0.0,328176000
2016-05-12,0.8708050847053528,0.0,0.8930832219584817,0.8551369846284729,0.8891661823471816,0.0,670540000
2016-05-13,1.0032498836517334,0.0,1.0037394771884416,0.9547766214179444,0.9594280518583119,0.0,2110256000
2016-05-16,1.0328720808029175,0.0,1.0478058465124223,0.9924777078522512,0.995660298349474,0.0,973032000
2016-05-17,1.0350757837295532,0.0,1.0424201536236217,1.015000931430013,1.02822089062866,0.0,628392000
2016-05-18,1.0615153312683105,0.0,1.073511302451385,1.028220531402231,1.028220531402231,0.0,541072000
2016-05-19,1.0661673545837402,0.0,1.0737566391447384,1.0558851884585216,1.0573539692735476,0.0,398880000
2016-05-20,1.0852627754211426,0.0,1.0896694675459477,1.0710635119545429,1.072777206102524,0.0,391084000
2016-05-23,1.0869760513305664,0.0,1.094075621963817,1.0803660740550258,1.089913844950054,0.0,413636000
2016-05-24,1.1133625507354736,0.002875,1.116798957133643,1.087344830988181,1.0902902553067102,0.0,415788000
2016-05-25,1.1086986064910889,0.0,1.1214619111378135,1.0998623374589993,1.1167984612506163,0.0,458076000
2016-05-26,1.1204800605773926,0.0,1.1285799144628235,1.1074712078838145,1.1106620629610984,0.0,309964000
2016-05-27,1.1266169548034668,0.0,1.128335099474455,1.1180261144086987,1.1217079533092398,0.0,277416000
2016-05-31,1.1467434167861938,0.0,1.1491979751777053,1.1307891383607271,1.1315255526940948,0.0,412524000
2016-06-01,1.1489523649215698,0.0,1.1599975248545389,1.1379070879488327,1.1413433755332811,0.0,387132000
2016-06-02,1.1570526361465454,0.0,1.1668706376522935,1.1437982287779562,1.1550889422135477,0.0,329208000
2016-06-03,1.140852689743042,0.0,1.147234401781491,1.1207258238001168,1.1457618070401243,0.0,461076000
2016-06-06,1.134961724281311,0.0,1.1526341449504542,1.1290708783783385,1.1437978760959957,0.0,322512000
2016-06-07,1.1371710300445557,0.0,1.148216310478162,1.1366801651043346,1.1418345980960696,0.0,193400000
2016-06-08,1.1334891319274902,0.0,1.1415889873754295,1.124161997280824,1.1374162849156726,0.0,234616000
2016-06-09,1.1629434823989868,0.0,1.1646616269812509,1.1271077616376846,1.12956232077796,0.0,472168000
2016-06-10,1.1339799165725708,0.0,1.1595067603093294,1.1325072050462364,1.1491978966647667,0.0,400024000
2016-06-13,1.148461103439331,0.0,1.1707970843390894,1.1352068211154382,1.1352068211154382,0.0,475588000
2016-06-14,1.1506704092025757,0.0,1.1560702725054701,1.1329979909824799,1.1457614106436467,0.0,298344000
2016-06-15,1.162451982498169,0.0,1.172515411989413,1.147479554447311,1.160242974110258,0.0,301036000
2016-06-16,1.167115569114685,0.0,1.169079145164949,1.1425705758869873,1.1538612844757044,0.0,246456000
2016-06-17,1.1467434167861938,0.0,1.1688339741506533,1.1420798494741509,1.1685885417194595,0.0,471000000
2016-06-20,1.1673610210418701,0.0,1.1823334496055589,1.1644155983972648,1.165152012578297,0.0,293768000
2016-06-21,1.1602433919906616,0.0,1.1754612578944967,1.1585251306881674,1.1722704018295216,0.0,212508000
2016-06-22,1.1592612266540527,0.0,1.1703065036170632,1.1572976504703498,1.1626975142354752,0.0,202620000
2016-06-23,1.1901881694793701,0.0,1.1914154487290534,1.1695703228358991,1.1703067372016254,0.0,297880000
2016-06-24,1.1224437952041626,0.0,1.1624522055124176,1.1118894989440626,1.1413434959524376,0.0,1017684000
2016-06-27,1.1104167699813843,0.0,1.1217074803615654,1.0939715107217336,1.1131166435889681,0.0,449088000
2016-06-28,1.1266169548034668,0.0,1.1327531188913798,1.1111535357247464,1.1315259562976938,0.0,381920000
2016-06-29,1.1450252532958984,0.0,1.1538615229076368,1.1334891099470599,1.1364345331509729,0.0,318932000
2016-06-30,1.1538617610931396,0.0,1.1609797711054415,1.137662047167383,1.1469890665187215,0.0,430940000
2016-07-01,1.145270586013794,0.0,1.1624521418475748,1.1413434334436705,1.1474797117442903,0.0,218488000
2016-07-05,1.1622068881988525,0.0,1.1641704647859286,1.1298074648728296,1.1388890504779774,0.0,371084000
2016-07-06,1.169569969177246,0.0,1.1764426606734086,1.1482158316649784,1.1541066766503305,0.0,273104000
2016-07-07,1.2000056505203247,0.0,1.2041783513490745,1.172024374557312,1.1774242370653347,0.0,395400000
2016-07-08,1.2481143474578857,0.0,1.2540051937914394,1.2081059363620292,1.2127695035361288,0.0,481932000
2016-07-11,1.2768319845199585,0.0,1.2861590013663142,1.2645594276129657,1.266032139123396,0.0,448776000
2016-07-12,1.2959771156311035,0.0,1.3077586906612715,1.2748682896857118,1.2910681162818853,0.0,436760000
2016-07-13,1.2954859733581543,0.0,1.3057949526428732,1.293522397269557,1.298431396010931,0.0,324604000
2016-07-14,1.3087401390075684,0.0,1.3205218285451648,1.291558703498159,1.3023585465610388,0.0,316892000
2016-07-15,1.293522596359253,0.0,1.2994134425714832,1.2724138868184676,1.2920498848061952,0.0,428616000
2016-07-18,1.3001497983932495,0.0,1.31144050944876,1.2952407986751922,1.3094769329694942,0.0,252992000
2016-07-19,1.3136494159698486,0.0,1.318803847256861,1.296958726084586,1.2994132840535058,0.0,382652000
2016-07-20,1.3308312892913818,0.0,1.3379494160998253,1.3126679991260437,1.3180678645698458,0.0,296460000
2016-07-21,1.3062862157821655,0.0,1.3320584962940718,1.301868080455605,1.3278857934234651,0.0,361308000
2016-07-22,1.3418762683868408,0.0,1.3418762683868408,1.3013769940524111,1.3109495604441652,0.0,315768000
2016-07-25,1.3666667938232422,0.0,1.3698576495113155,1.3440853715753054,1.3499762180886057,0.0,312528000
2016-07-26,1.3899846076965332,0.0,1.39710261625066,1.3767303202979335,1.3786938967570255,0.0,514508000
2016-07-27,1.3759938478469849,0.0,1.4044661149402478,1.3676485604685538,1.4020115566902378,0.0,446676000
2016-07-28,1.3789390325546265,0.0,1.3892478945271103,1.3747663310668539,1.3791844649292437,0.0,221916000
2016-07-29,1.4015202522277832,0.0,1.4052019714081385,1.359302846704499,1.3840932686464964,0.0,409588000
2016-08-01,1.3924387693405151,0.0,1.412565745863129,1.3833571861513236,1.4074113148033565,0.0,301120000
2016-08-02,1.3755031824111938,0.0,1.3998027508179116,1.3622488936511288,1.3990663364202436,0.0,282748000
2016-08-03,1.3791849613189697,0.0,1.3818849524910468,1.3661761044640903,1.3737850960146163,0.0,299828000
2016-08-04,1.4047119617462158,0.0,1.411093674631107,1.3831123811572539,1.3858122555809906,0.0,272712000
2016-08-05,1.4285203218460083,0.0,1.4292566191355114,1.414038755127713,1.4209113313222164,0.0,371588000
2016-08-08,1.441774606704712,0.0,1.4515926061186122,1.4265566256853168,1.4481563180277257,0.0,305064000
2016-08-09,1.4454561471939087,0.0,1.459446847284083,1.4417744271321993,1.4488924348568069,0.0,372344000
2016-08-10,1.4361293315887451,0.0,1.4604289000446493,1.4314657638600607,1.4582198909267658,0.0,375740000
2016-08-11,1.4653373956680298,0.0,1.471473673042336,1.440792403210562,1.4437378257134093,0.0,681064000
2016-08-12,1.5473178625106812,0.0,1.5556631487098456,1.4881644449296774,1.5193365812453032,0.0,1425744000
2016-08-15,1.5458452701568604,0.0,1.5586086913402226,1.52498199453327,1.549036125452701,0.0,573304000
2016-08-16,1.5365186929702759,0.0,1.546091144554598,1.5318551248939212,1.5436367028006144,0.0,287652000
2016-08-17,1.5009278059005737,0.0,1.53995448219355,1.4889007994232033,1.5365181946285869,0.0,595212000
2016-08-18,1.5242456197738647,0.0,1.5267000607012875,1.4928279332165402,1.49871877870598,0.0,331684000
2016-08-19,1.5281728506088257,0.0,1.539708992752034,1.5168821408669961,1.5235092838633122,0.0,291560000
2016-08-22,1.5345550775527954,0.0,1.5367642039880782,1.5146736418741165,1.5328369331252483,0.0,244748000
2016-08-23,1.5469727516174316,0.002875,1.557054727900359,1.5425464752290265,1.5501694872442584,0.0,339764000
2016-08-24,1.5231201648712158,0.0,1.553120326039933,1.515989039569586,1.5523826719420237,0.0,298448000
2016-08-25,1.5130383968353271,0.0,1.5243499153477615,1.4941039825738762,1.5236122611483636,0.0,406032000
2016-08-26,1.525333285331726,0.0,1.5339398356538696,1.5049233319901236,1.5169726196965787,0.0,300024000
2016-08-29,1.524349570274353,0.0,1.5376282809013673,1.5218906062441964,1.531480812198251,0.0,274652000
2016-08-30,1.5154969692230225,0.0,1.5304969882009416,1.5113165783986335,1.5223822084580756,0.0,285544000
2016-08-31,1.5083662271499634,0.0,1.5226285968953976,1.5039400674660677,1.5184483219433322,0.0,388544000
2016-09-01,1.552874207496643,0.0,1.5585299064953146,1.5083658004723286,1.50959534103915,0.0,428492000
2016-09-02,1.537628412246704,0.0,1.557792481842575,1.5201694261004295,1.556071171697795,0.0,323148000
2016-09-06,1.552137017250061,0.0,1.552137017250061,1.5351697966474365,1.5430386950629602,0.0,306812000
2016-09-07,1.5292680263519287,0.0,1.5548419157652282,1.5204155893079687,1.5472189024388452,0.0,397988000
2016-09-08,1.5403331518173218,0.0,1.5427922329511887,1.5103331124189734,1.5277920959965725,0.0,315808000
2016-09-09,1.4636118412017822,0.0,1.5319727120925462,1.4508248988401342,1.5233661613704599,0.0,697760000
2016-09-12,1.4938572645187378,0.0,1.4968081144128194,1.409512744199241,1.4441850545715702,0.0,598260000
2016-09-13,1.472218632698059,0.0,1.5073827299435076,1.463857965307049,1.490169508428737,0.0,471768000
2016-09-14,1.4852510690689087,0.0,1.490169114307331,1.463365808797336,1.475660863265668,0.0,319048000
2016-09-15,1.5415626764297485,0.0,1.5432839863034638,1.4842673295113151,1.4877100665141865,0.0,515212000
2016-09-16,1.5452511310577393,0.0,1.5553331053154935,1.5275461463159925,1.5469724408760037,0.0,902444000
2016-09-19,1.565661072731018,0.0,1.604759546284376,1.5543495580218771,1.561480681906916,0.0,417128000
2016-09-20,1.551398754119873,0.0,1.5836119894023981,1.5427922048191587,1.5836119894023981,0.0,331112000
2016-09-21,1.594923734664917,0.0,1.597874585495506,1.5558252542982558,1.556071138991562,0.0,336212000
2016-09-22,1.5988582372665405,0.0,1.609186215903522,1.5897599166939091,1.6042681699234478,0.0,308732000
2016-09-23,1.5971366167068481,0.0,1.6054972815229203,1.5900054924607565,1.60082523841679,0.0,276132000
2016-09-26,1.5821369886398315,0.0,1.58853046047995,1.5622189189481424,1.5789402527197725,0.0,230040000
2016-09-27,1.6362351179122925,0.0,1.6386941990908368,1.5752513821029919,1.5759890361032887,0.0,402752000
2016-09-28,1.6421371698379517,0.0,1.6433667106899594,1.6212354443756989,1.6386945492567058,0.0,319788000
2016-09-29,1.6573829650878906,0.0,1.6625470128642472,1.624186185128235,1.6394320919883247,0.0,336684000
2016-09-30,1.6849243640899658,0.0,1.701399813690877,1.6566455093077062,1.6664816021218465,0.0,429932000
2016-10-03,1.6832025051116943,0.0,1.709268273370488,1.6802517718279975,1.684923932305732,0.0,242596000
2016-10-04,1.6795142889022827,0.0,1.7139406108398363,1.6669732305856182,1.685661875704998,0.0,281624000
2016-10-05,1.6777927875518799,0.0,1.7109896821518258,1.6726288574377868,1.693776464516063,0.0,305440000
2016-10-06,1.6559077501296997,0.0,1.667956922023707,1.6293502074108468,1.6576290604002721,0.0,360212000
2016-10-07,1.6438584327697754,0.0,1.6713995138817666,1.6391862714711245,1.6669732372953396,0.0,286260000
2016-10-10,1.650005578994751,0.0,1.6613170935247852,1.6345136737068071,1.652464542715836,0.0,287876000
2016-10-11,1.6261533498764038,0.0,1.6470550735307914,1.6136122922326797,1.64459610929493,0.0,388540000
2016-10-12,1.6335303783416748,0.0,1.6421369285300789,1.6059893004833297,1.6195138961016005,0.0,419920000
2016-10-13,1.6069730520248413,0.0,1.6180386850213087,1.5663991425414399,1.6143501797743087,0.0,390116000
2016-10-14,1.6227104663848877,0.0,1.6377104858314295,1.6131202611841216,1.626644855426281,0.0,330636000
2016-10-17,1.6133661270141602,0.0,1.6377104667192104,1.6111530478611333,1.6224645627924326,0.0,195328000
2016-10-18,1.637956976890564,0.0,1.647301300892609,1.6291045396423784,1.6357438968923885,0.0,269372000
2016-10-19,1.6345140933990479,0.0,1.642137105677089,1.6185304147138637,1.6268911983764713,0.0,199060000
2016-10-20,1.665497899055481,0.0,1.6709078320298045,1.6303339209997385,1.6536946114618631,0.0,312084000
2016-10-21,1.6608256101608276,0.0,1.6637763436830437,1.6450878175168868,1.6595960694608891,0.0,279508000
2016-10-24,1.7387769222259521,0.0,1.7407441172611937,1.671891352983974,1.6721373549619163,0.0,339836000
2016-10-25,1.767301321029663,0.0,1.777875183553918,1.7274651868698312,1.7358258526593469,0.0,397460000
2016-10-26,1.77443265914917,0.0,1.7938589578946864,1.7508259686555012,1.7525472788446315,0.0,333792000
2016-10-27,1.7380386590957642,0.0,1.7913994982063035,1.7309075351396734,1.7879568785547122,0.0,388664000
2016-10-28,1.7350884675979614,0.0,1.7729574128413592,1.7318917316014455,1.7463999859505963,0.0,290856000
2016-10-31,1.7498425245285034,0.0,1.7613999270682223,1.7397604302974783,1.74074408642541,0.0,252388000
2016-11-01,1.6979566812515259,0.0,1.76582577157,1.679268040183204,1.7562355663779043,0.0,473224000
2016-11-02,1.6908258199691772,0.0,1.734104695391086,1.6878749688997683,1.7109898907731604,0.0,295848000
2016-11-03,1.6711535453796387,0.0,1.7001700505655815,1.6386944198842397,1.6986946251107489,0.0,309664000
2016-11-04,1.6615631580352783,0.0,1.690087890722444,1.637218816558549,1.6600877327407388,0.0,328780000
2016-11-07,1.752547264099121,0.0,1.7636128965106916,1.7090225058165232,1.7102520465856892,0.0,487580000
2016-11-08,1.7498425245285034,0.0,1.7648425476327798,1.7336129605781796,1.7591867300942436,0.0,429884000
2016-11-09,1.7203338146209717,0.0,1.7434487327116244,1.6898420045749527,1.7023829436844253,0.0,456532000
2016-11-10,1.6664812564849854,0.0,1.7582029260715417,1.6416451448687412,1.7579570413905072,0.0,869280000
2016-11-11,2.1632044315338135,0.0,2.1828766141908655,1.9303347406828184,1.9551709709544856,0.0,2175344000
2016-11-14,2.056729793548584,0.0,2.168615477826027,2.056238023906181,2.1661563951029756,0.0,1348796000
2016-11-15,2.119433641433716,0.0,2.150417219703466,2.0638594861598194,2.0727120375986994,0.0,626092000
2016-11-16,2.253204584121704,0.0,2.276073382915659,2.1233680969997093,2.147712438335083,0.0,987984000
2016-11-17,2.271893262863159,0.0,2.3309098062316096,2.22910604613568,2.2699259509465186,0.0,832988000
2016-11-18,2.295745611190796,0.0,2.319597946728445,2.2573847913917815,2.2718930411422726,0.0,576060000
2016-11-21,2.2864017486572266,0.0,2.320090415052091,2.2721392634475026,2.3136969438055406,0.0,436436000
2016-11-22,2.302877426147461,0.0,2.305090506045162,2.271647836564229,2.2942708740392033,0.0,330368000
2016-11-23,2.3142054080963135,0.0035,2.3457278807664426,2.284652957858194,2.3080485008412905,0.0,443236000
2016-11-25,2.31888484954834,0.0,2.3420342600124013,2.3004143603681393,2.3252878929657625,0.0,195564000
2016-11-28,2.3176536560058594,0.0,2.3331686427086087,2.3050937035552144,2.311743117777561,0.0,278736000
2016-11-29,2.296473503112793,0.0,2.325779814227023,2.278742129184142,2.3149437527898784,0.0,444568000
2016-11-30,2.2706143856048584,0.0,2.31888343461719,2.2681516239019506,2.3050921099980357,0.0,440500000
2016-12-01,2.1583163738250732,0.0,2.2698770164941404,2.087636757051625,2.2681531291304475,0.0,1035524000
2016-12-02,2.1782639026641846,0.0,2.1868833375895567,2.0962557334679537,2.1240842954535775,0.0,478292000
2016-12-05,2.262734889984131,0.0,2.2807126379517837,2.191808909413605,2.216189700555847,0.0,602284000
2016-12-06,2.2999215126037598,0.0,2.3082948123126283,2.255100215348623,2.2708615687134395,0.0,498796000
2016-12-07,2.3412957191467285,0.0,2.34695988744067,2.268153332478517,2.2863774540014417,0.0,480804000
2016-12-08,2.302138090133667,0.0,2.3794671115208224,2.2915486318256058,2.3442504925654344,0.0,381544000
2016-12-09,2.2612578868865967,0.0,2.321594187675082,2.2339218207701808,2.3198703000771843,0.0,382312000
2016-12-12,2.206338882446289,0.0,2.215204688731009,2.155853412967606,2.212741925619362,0.0,601332000
2016-12-13,2.2452495098114014,0.0,2.2728319382784252,2.2176673162063802,2.2186523274459873,0.0,387796000
2016-12-14,2.37528133392334,0.0,2.391535198553158,2.2551010019540647,2.2789892931315356,0.0,983980000
2016-12-15,2.430938243865967,0.0,2.4612295768209553,2.378975015206992,2.3863630707275587,0.0,746548000
2016-12-16,2.472804069519043,0.0,2.47994575413142,2.4068033766722388,2.4585202305702283,0.0,1089528000
2016-12-19,2.5028491020202637,0.0,2.523043244541883,2.438079788922998,2.4553188972959252,0.0,744656000
2016-12-20,2.590029716491699,0.0,2.6136716407058502,2.5641711637175697,2.5754997374186273,0.0,848056000
2016-12-21,2.6062824726104736,0.0,2.6092377412354506,2.554073118339227,2.6016033168594275,0.0,576136000
2016-12-22,2.6378049850463867,0.0,2.6811485302167957,2.62352114861176,2.630663066829073,0.0,718612000
2016-12-23,2.7035598754882812,0.0,2.7050376275668815,2.617118894476073,2.6198277934707606,0.0,647692000
2016-12-27,2.8892476558685303,0.0,2.890232667174002,2.739022393269251,2.7597092747182828,0.0,1194272000
2016-12-28,2.690507173538208,0.0,2.9535242151955567,2.676716075851655,2.9453972847928354,0.0,2295764000
2016-12-29,2.744194507598877,0.0,2.745672259662873,2.531662899921924,2.5833797597826993,0.0,2175368000
2016-12-30,2.628693103790283,0.0,2.7562614604875395,2.617857275000507,2.7422239927081837,0.0,1212932000
2017-01-03,2.5122077465057373,0.0,2.6195817518685773,2.4474384248550436,2.5710662944923595,0.0,1501996000
2017-01-04,2.5708203315734863,0.0,2.598156399220732,2.5003868367032593,2.546439533525571,0.0,1199220000
2017-01-05,2.5055575370788574,0.0,2.6060359602631302,2.4885648021273274,2.574267117854439,0.0,984296000
2017-01-06,2.539050579071045,0.0,2.5673716482821622,2.492259022680329,2.532893671723845,0.0,822856000
2017-01-09,2.641991376876831,0.0,2.659722987151823,2.5489012449500774,2.5489012449500774,0.0,916248000
2017-01-10,2.622044801712036,0.0,2.6890302891474325,2.6013579136470275,2.655045039619488,0.0,880920000
2017-01-11,2.5897819995880127,0.0,2.6153941686955364,2.5649087062829707,2.6104688780236196,0.0,525664000
2017-01-12,2.547424793243408,0.0,2.5784550096279197,2.50260347396005,2.5668803004289438,0.0,625616000
2017-01-13,2.547178030014038,0.0,2.585842429644508,2.5380658522482964,2.5513644460322435,0.0,457820000
2017-01-17,2.4900424480438232,0.0,2.541512921450892,2.4767438579523415,2.536587630795002,0.0,580612000
2017-01-18,2.5353565216064453,0.0,2.5422520701821743,2.4407886292132925,2.468617193763345,0.0,654424000
2017-01-19,2.5897819995880127,0.0,2.6217972109724172,2.5360951334679984,2.53831152601346,0.0,644872000
2017-01-20,2.5614609718322754,0.0,2.6301705509724767,2.539542946537368,2.612438940611527,0.0,492024000
2017-01-23,2.58805775642395,0.0,2.608005756311592,2.5538261572054473,2.556288919633443,0.0,369904000
2017-01-24,2.643223762512207,0.0,2.6493806718338213,2.583379966106158,2.5981563136159562,0.0,428052000
2017-01-25,2.6545510292053223,0.0,2.691737897715431,2.6185955419539275,2.6855809914218605,0.0,522760000
2017-01-26,2.7003581523895264,0.0,2.7077462073253162,2.6277082800785005,2.6572607346836925,0.0,458800000
2017-01-27,2.752567768096924,0.0,2.755523037318232,2.680656765056549,2.7072539531862696,0.0,471996000
2017-01-30,2.70947003364563,0.0,2.7338508257607246,2.6575070451314105,2.7316344328160844,0.0,496004000
2017-01-31,2.6887831687927246,0.0,2.710208690294052,2.6646485140342357,2.6831190017564905,0.0,362756000
2017-02-01,2.8062543869018555,0.0,2.810440802265504,2.705529585545485,2.723260962864385,0.0,590004000
2017-02-02,2.84171724319458,0.0,2.8503369142048207,2.759709297225785,2.7902467617026248,0.0,483240000
2017-02-03,2.8168437480926514,0.0,2.85427699371924,2.8050229085753107,2.8431947952041052,0.0,372744000
2017-02-06,2.8890013694763184,0.0,2.889493875143351,2.807485692600748,2.807485692600748,0.0,506768000
2017-02-07,2.9338231086730957,0.0,2.977905543052442,2.9035317744655984,2.923233413243114,0.0,746224000
2017-02-08,2.921015739440918,0.0,2.938254607098403,2.866097263406141,2.9158440791436724,0.0,449580000
2017-02-09,2.866098403930664,0.0,2.932099102541313,2.8468895065323823,2.927173575615153,0.0,842568000
2017-02-10,2.7981276512145996,0.0,2.972487107275527,2.7730079829764387,2.953524347109578,0.0,1651092000
2017-02-13,2.669081687927246,0.0,2.8069931364196616,2.6646486672796765,2.7924631626245593,0.0,1180724000
2017-02-14,2.6789324283599854,0.0,2.7126715310220897,2.6176108958782422,2.659476928820649,0.0,850632000
2017-02-15,2.6843509674072266,0.0,2.704052607784147,2.653813495281624,2.6818884385066712,0.0,373020000
2017-02-16,2.6412527561187744,0.0,2.6951859934423403,2.6020956259419994,2.693954612036443,0.0,647176000
2017-02-17,2.6407604217529297,0.0,2.6451934424682513,2.5806705030214663,2.627708199594876,0.0,563740000
2017-02-21,2.7353286743164062,0.0,2.7392689546752673,2.665141329508407,2.665387699782976,0.0,551952000
2017-02-22,2.7311367988586426,0.0035,2.7567812979238364,2.712149870613193,2.747411174407058,0.0,433772000
2017-02-23,2.4778976440429688,0.0,2.6233807785997483,2.4579246951688773,2.601435085381757,0.0,1592888000
2017-02-24,2.5018157958984375,0.0,2.515131172013375,2.3597848037945206,2.393566488901127,0.0,1029904000
2017-02-27,2.5745577812194824,0.0,2.5895992227446727,2.5042820819690723,2.52006333205606,0.0,715400000
2017-02-28,2.5023083686828613,0.0,2.59403683460075,2.485047743313703,2.5841733513516494,0.0,625360000
2017-03-01,2.534611225128174,0.0,2.573571098971428,2.493185479927621,2.5592692332258475,0.0,504804000
2017-03-02,2.441157341003418,0.0,2.5358448515862544,2.4384450228665995,2.52178966321106,0.0,754332000
2017-03-03,2.4271016120910645,0.0,2.4354852450884326,2.3726069393952605,2.430553737764997,0.0,864692000
2017-03-06,2.4083611965179443,0.0,2.4189642539770206,2.346715830806749,2.3908538881994903,0.0,883568000
2017-03-07,2.4347457885742188,0.0,2.4542258449711927,2.3955394648740724,2.408361714989978,0.0,603400000
2017-03-08,2.430307149887085,0.0,2.497870519468692,2.4280879597484137,2.4830755266134945,0.0,638712000
2017-03-09,2.429814338684082,0.0,2.452253159344654,2.4017039661822634,2.414279770534455,0.0,478060000
2017-03-10,2.444115161895752,0.0,2.4680335916954523,2.4258682820597643,2.4561978349484734,0.0,499740000
2017-03-13,2.511432409286499,0.0,2.5212956588131687,2.4537322937341925,2.4544721021172577,0.0,774136000
2017-03-14,2.509706735610962,0.0,2.533624937173714,2.477404429670937,2.5242550485552964,0.0,522016000
2017-03-15,2.528693199157715,0.0,2.53954270378455,2.473705397276215,2.5212958203284375,0.0,615036000
2017-03-16,2.559762716293335,0.0,2.5602560787601245,2.5252414531261698,2.5392966396264307,0.0,523100000
2017-03-17,2.6154897212982178,0.0,2.616722656858964,2.559762115681193,2.577269424390327,0.0,1119688000
2017-03-20,2.6988346576690674,0.0,2.702780146348214,2.616969647691398,2.6329975781594688,0.0,748568000
2017-03-21,2.611544370651245,0.0,2.7114100398929146,2.6036538648379977,2.681573609167124,0.0,913484000
2017-03-22,2.664806365966797,0.0,2.6694914277340547,2.5965031836814667,2.600448436970092,0.0,616764000
2017-03-23,2.6406402587890625,0.0,2.6768878035945702,2.6310236928054733,2.6569146282677214,0.0,533940000
2017-03-24,2.650010824203491,0.0,2.694888688372456,2.6241198843897036,2.6869981834268444,0.0,439500000
2017-03-27,2.6692442893981934,0.0,2.6731895420111713,2.5540907443194434,2.60340698987769,0.0,506644000
2017-03-28,2.6554360389709473,0.0,2.6850257891061236,2.6450796616974,2.6704774776527795,0.0,432444000
2017-03-29,2.6468067169189453,0.0,2.675163542035246,2.644587525979512,2.6628344160668704,0.0,349992000
2017-03-30,2.697601556777954,0.0,2.7123965505232523,2.648285302891039,2.6539566191773836,0.0,525532000
2017-03-31,2.686011552810669,0.0,2.709683536720523,2.6729428605889587,2.6879842965226195,0.0,440808000
2017-04-03,2.672450065612793,0.0,2.7037658767975663,2.6487780787607176,2.6865052490166086,0.0,445232000
2017-04-04,2.485048532485962,0.0,2.5748042832259213,2.474199026688231,2.549652910301884,0.0,1271280000
2017-04-05,2.4665544033050537,0.0,2.5242545156214145,2.45348547495698,2.4663077221383936,0.0,747048000
2017-04-06,2.4845547676086426,0.0,2.49663720610344,2.426607975780423,2.471732520793397,0.0,635120000
2017-04-07,2.473952054977417,0.0,2.5084735477835816,2.458910616265414,2.49096623776576,0.0,429068000
2017-04-10,2.41082763671875,0.0,2.481349778664232,2.406635701947832,2.4746922074031827,0.0,756332000
2017-04-11,2.4194581508636475,0.0,2.4386915280156822,2.3758132067677007,2.3807447153110908,0.0,618148000
2017-04-12,2.399484395980835,0.0,2.433759207040223,2.3943062074171944,2.4194575769823246,0.0,414092000
2017-04-13,2.3546061515808105,0.0,2.397018142936356,2.3546061515808105,2.3753191376947957,0.0,506892000
2017-04-17,2.4468278884887695,0.0,2.4470743344953254,2.362250346876197,2.3674285349147133,0.0,497292000
2017-04-18,2.4483070373535156,0.0,2.454471714307669,2.4066348558403154,2.4325257935726166,0.0,370116000
2017-04-19,2.4579241275787354,0.0,2.489979510865935,2.451266322719167,2.465814632815312,0.0,380828000
2017-04-20,2.496884346008301,0.0,2.501569407634582,2.4512666654532906,2.472472783374026,0.0,404016000
2017-04-21,2.5072410106658936,0.0,2.5099533284383684,2.4746922567623253,2.4865280176264157,0.0,341896000
2017-04-24,2.5385563373565674,0.0,2.551625031539965,2.517843583484727,2.538802783383562,0.0,371820000
2017-04-25,2.5826940536499023,0.0,2.5972423626920174,2.5316517490054085,2.5531043084189147,0.0,388440000
2017-04-26,2.5649402141571045,0.0,2.59872165657657,2.562967470478147,2.5962560209258525,0.0,327004000
2017-04-27,2.604886531829834,0.0,2.613270163997029,2.5543373521884263,2.5723377871795927,0.0,319700000
2017-04-28,2.571845293045044,0.0,2.604887172995872,2.56617374132484,2.5979829206322775,0.0,348248000
2017-05-01,2.629544496536255,0.0,2.6347229196144433,2.575543192379813,2.582694124098837,0.0,307732000
2017-05-02,2.5516252517700195,0.0,2.6039007384907604,2.5289397519321293,2.602667802774105,0.0,629972000
2017-05-03,2.5706119537353516,0.0,2.580228522258433,2.52992601929458,2.5447207762775395,0.0,336904000
2017-05-04,2.560749053955078,0.0,2.5878729355692793,2.5528583120152595,2.5767767487365485,0.0,209788000
2017-05-05,2.5609958171844482,0.0,2.5681467515121117,2.5336252509617707,2.54916005554659,0.0,228428000
2017-05-08,2.5341179370880127,0.0,2.574310508901094,2.522775070659255,2.572831127275649,0.0,365240000
2017-05-09,2.5383100509643555,0.0,2.58737986118692,2.531405798599897,2.539789667990145,0.0,847672000
2017-05-10,2.9907870292663574,0.0,3.0038559601424217,2.811522450375564,2.818180021262334,0.0,2129096000
2017-05-11,3.1192548274993896,0.0,3.216161472892136,2.956757811210543,2.960209935994548,0.0,1939792000
2017-05-12,3.1535305976867676,0.0,3.1956961514136606,3.101502028827095,3.1224614650907334,0.0,962620000
2017-05-15,3.311836004257202,0.0,3.314301875649034,3.1902713195094625,3.194709935046448,0.0,1087540000
2017-05-16,3.3734817504882812,0.0,3.3890165538449004,3.28841129450542,3.362878690459723,0.0,1120700000
2017-05-17,3.149339199066162,0.0,3.325398339384972,3.145147264381759,3.3066580914959633,0.0,1271368000
2017-05-18,3.281259775161743,0.0,3.290136770472964,3.1328176667286507,3.1932301007652577,0.0,1156032000
2017-05-19,3.3570406436920166,0.0035,3.411839188564605,3.3377870118263555,3.382465211817155,0.0,1018372000
2017-05-22,3.428623914718628,0.0,3.4429406064438894,3.38986971755904,3.40073088339787,0.0,836608000
2017-05-23,3.38246488571167,0.0,3.4505930606512383,3.3498818557582286,3.4483715332282503,0.0,681248000
2017-05-24,3.420478105545044,0.0,3.4821883967140486,3.4083827058008014,3.479472987592976,0.0,815996000
2017-05-25,3.4128258228302,0.0,3.4565167180663012,3.36790069358445,3.4557761305792982,0.0,608228000
2017-05-26,3.5011959075927734,0.0,3.5861092543285427,3.3844401146826244,3.4046810403358685,0.0,779140000
2017-05-30,3.575989007949829,0.0,3.611040276109958,3.531063864616201,3.5471084409608546,0.0,989652000
2017-05-31,3.563152551651001,0.0,3.628565313962293,3.5063789576044573,3.620913203452091,0.0,887316000
2017-06-01,3.563399314880371,0.0,3.579937770322153,3.5179805330708707,3.578950241739443,0.0,503340000
2017-06-02,3.5456273555755615,0.0,3.5866028529975438,3.5397031248767825,3.5604376969163782,0.0,487456000
2017-06-05,3.653496026992798,0.0,3.6663317789859105,3.5177335733659016,3.5293350912743597,0.0,817376000
2017-06-06,3.6369576454162598,0.0,3.694965232363003,3.623628247466925,3.6488058683678517,0.0,758728000
2017-06-07,3.680896282196045,0.0,3.699656268070049,3.645845014607309,3.6613959440210104,0.0,612612000
2017-06-08,3.9479787349700928,0.0,3.9494596750030184,3.7468030009471875,3.7880254411070524,0.0,1161744000
2017-06-09,3.692744255065918,0.0,4.159274194376145,3.523657934356882,4.066462041443039,0.0,3692928000
2017-06-12,3.7018771171569824,0.0,3.7445807242144613,3.5078601226881,3.600919211885214,0.0,1697532000
2017-06-13,3.737175464630127,0.0,3.820360914025602,3.5952416010454633,3.8112276286147133,0.0,1672504000
2017-06-14,3.7450742721557617,0.0,3.802835157675937,3.6655915252993485,3.7401375710906484,0.0,1184640000
2017-06-15,3.7611191272735596,0.0,3.791480392407653,3.6162231473938036,3.627577960175783,0.0,963824000
2017-06-16,3.742605447769165,0.0,3.8186326614294157,3.708541483902582,3.770745418002564,0.0,924960000
2017-06-19,3.883305788040161,0.0,3.8884894305651017,3.7830882284124194,3.786790695698172,0.0,778176000
2017-06-20,3.8776283264160156,0.0,3.992409522258953,3.873432212451151,3.925515579554226,0.0,1095444000
2017-06-21,3.936375379562378,0.0,3.9400780812496787,3.8433163095571707,3.9052735328508152,0.0,682652000
2017-06-22,3.9092233180999756,0.0,3.9578511495901676,3.8852796961000218,3.9445215163893126,0.0,469132000
2017-06-23,3.7971580028533936,0.0,3.932673759321234,3.782100487329326,3.91687589162527,0.0,1088588000
2017-06-26,3.7556891441345215,0.0,3.8655334100716616,3.661395807029242,3.8299882617373173,0.0,1063960000
2017-06-27,3.618197441101074,0.0,3.7468016528993386,3.6125201532415905,3.7381622506335908,0.0,999492000
2017-06-28,3.745814323425293,0.0,3.7505043182390394,3.5977095461784265,3.685831919243099,0.0,994948000
2017-06-29,3.62066650390625,0.0,3.7203901754801945,3.556487740235626,3.7174282959933302,0.0,1064424000
2017-06-30,3.568336009979248,0.0,3.651521457332143,3.542170859321787,3.6379451177454887,0.0,731060000
2017-07-03,3.4392380714416504,0.0,3.595241689965642,3.4207250299876257,3.5804313509648598,0.0,709072000
2017-07-05,3.5310628414154053,0.0,3.5599431646295487,3.4836692430217084,3.502675929329591,0.0,820188000
2017-07-06,3.541677474975586,0.0,3.5885774353702766,3.4498526114954027,3.5019362145538038,0.0,746284000
2017-07-07,3.6226413249969482,0.0,3.6409076621196017,3.575494660053965,3.598450993110566,0.0,654972000
2017-07-10,3.7939493656158447,0.0,3.801354535994644,3.670035114102844,3.6962002691536497,0.0,958492000
2017-07-11,3.8477602005004883,0.0,3.8554123106075004,3.755688409048308,3.797651426443737,0.0,757956000
2017-07-12,4.011415004730225,0.0,4.023510167178391,3.864544704190402,3.90749500740163,0.0,1145208000
2017-07-13,3.9650094509124756,0.0,4.10496824805885,3.9186033810316947,4.023510684797449,0.0,1369132000
2017-07-14,4.071645736694336,0.0,4.073126441119593,3.974390056845251,3.981301580203844,0.0,941948000
2017-07-17,4.054366588592529,0.0,4.134590168241512,3.9926562875739995,4.105709604237921,0.0,930792000
2017-07-18,4.09657621383667,0.0,4.111139846600428,3.98154785599202,3.993396314988326,0.0,776640000
2017-07-19,4.075347423553467,0.0,4.132120774787683,4.063252259992133,4.105708685234267,0.0,687044000
2017-07-20,4.134589672088623,0.0,4.134836377669169,4.04597387501835,4.095835709394924,0.0,699596000
2017-07-21,4.14940071105957,0.0,4.1790218641507195,4.099785573889556,4.114102503784633,0.0,648332000
2017-07-24,4.101266384124756,0.0,4.166185738711283,4.090652393568662,4.156559041368289,0.0,652524000
2017-07-25,4.081519603729248,0.0,4.0958365340906395,4.037828695754412,4.078310547287298,0.0,496556000
2017-07-26,4.128666400909424,0.0,4.194573058752595,4.0938616026734955,4.139033687445171,0.0,640404000
2017-07-27,3.992408514022827,0.0,4.165197498979774,3.889228863705452,4.1535957470348,0.0,782856000
2017-07-28,4.057820796966553,0.0,4.0822582965710845,3.931685304474503,3.956615979704422,0.0,513348000
2017-07-31,4.011415004730225,0.0,4.107436187718886,3.9647622352872958,4.07139740590661,0.0,559672000
2017-08-01,4.060290336608887,0.0,4.062018217299158,3.974143007676133,4.00203580430133,0.0,431384000
2017-08-02,4.057820796966553,0.0,4.095340751084351,3.9808067737932467,4.091391579584827,0.0,478444000
2017-08-03,4.109412670135498,0.0,4.113115137651735,4.040296961354836,4.057329065229124,0.0,442420000
2017-08-04,4.127429962158203,0.0,4.198026339451364,4.109410574190927,4.132119720566012,0.0,589096000
2017-08-07,4.254307270050049,0.0,4.254800681150564,4.146931033360959,4.156558199566437,0.0,717412000
2017-08-08,4.20370626449585,0.0,4.308860303258827,4.1644584114814265,4.292322080413434,0.0,755336000
2017-08-09,4.248384475708008,0.0,4.250852944480468,4.138786910434629,4.157546896455502,0.0,530784000
2017-08-10,4.066461563110352,0.0,4.261959719685869,4.056340984996345,4.249617379005804,0.0,1328088000
2017-08-11,3.8497350215911865,0.0,3.9247747167644094,3.774448620828798,3.8788622887272868,0.0,1497196000
2017-08-14,4.156805992126465,0.0,4.160508459597006,3.9297120612925163,3.9413135811520457,0.0,1279020000
2017-08-15,4.121755599975586,0.0,4.188155680748495,4.087444677805551,4.161990754179014,0.0,764532000
2017-08-16,4.076582431793213,0.0,4.160261775227814,4.044246576040054,4.136812029774231,0.0,596632000
2017-08-17,3.9857447147369385,0.0,4.085221688617511,3.9835234226485636,4.068190056295138,0.0,525444000
2017-08-18,3.9864845275878906,0.0,4.057081394913333,3.9405721051358986,4.040049295088961,0.0,601204000
2017-08-21,3.9284777641296387,0.0,4.02227745018217,3.884540153979132,4.01092287152525,0.0,623672000
2017-08-22,4.015936851501465,0.0035,4.02186629865458,3.9457723551587,3.965042940599619,0.0,450456000
2017-08-23,4.096229076385498,0.0,4.107346725468914,3.9739349364679244,3.9825824157342224,0.0,579520000
2017-08-24,4.081160068511963,0.0,4.132795687522469,4.054725187512744,4.128348248988642,0.0,469700000
2017-08-25,4.047065734863281,0.0,4.115501050298603,4.040641972090164,4.105371560526674,0.0,357200000
2017-08-28,4.075723648071289,0.0,4.078935528919779,4.010500224949067,4.066088476752473,0.0,389496000
2017-08-29,4.069054126739502,0.0,4.090795588146091,4.0087719690408745,4.016925134875041,0.0,324096000
2017-08-30,4.093266487121582,0.0,4.104384141358095,4.058431044853359,4.088819048445525,0.0,384400000
2017-08-31,4.186159610748291,0.0,4.190112260550684,4.1061127975290725,4.113524251521925,0.0,612684000
2017-09-01,4.211359024047852,0.0,4.246935696432413,4.190111883975963,4.198759364901671,0.0,445432000
2017-09-05,4.098948955535889,0.0,4.164913647862037,4.0408905075062584,4.159972362983429,0.0,695364000
2017-09-06,4.096476078033447,0.0,4.145641034665225,4.061641122467213,4.13180582153519,0.0,397672000
2017-09-07,4.115501403808594,0.0,4.147865729580124,4.075230835294606,4.1132776846822585,0.0,352868000
2017-09-08,4.044100284576416,0.0,4.1187119596802555,4.019888658171419,4.1038885822605975,0.0,498856000
2017-09-11,4.175288677215576,0.0,4.18591248330027,4.08437113903112,4.089806739083767,0.0,567444000
2017-09-12,4.190360069274902,0.0,4.1999952431551755,4.125136628813396,4.1999952431551755,0.0,411488000
2017-09-13,4.209134101867676,0.0,4.238039606549582,4.132793052879362,4.165157360064735,0.0,580960000
2017-09-14,4.185171127319336,0.0,4.263241609649804,4.145641804966695,4.170100355230046,0.0,513712000
2017-09-15,4.449770450592041,0.0,4.449770450592041,4.265464742676675,4.270652948425177,0.0,1364792000
2017-09-18,4.63358211517334,0.0,4.723758885369627,4.567123598869018,4.574041206941933,0.0,1684460000
2017-09-19,4.628641128540039,0.0,4.690405753276462,4.56119398114663,4.583182360964218,0.0,874280000
2017-09-20,4.591334342956543,0.0,4.679781222875399,4.551063787475654,4.6323461379063176,0.0,724920000
2017-09-21,4.465830326080322,0.0,4.513759744276348,4.388006752219894,4.487571316005897,0.0,1075600000
2017-09-22,4.4223456382751465,0.0,4.504122292227889,4.4124635464805,4.454463496867465,0.0,491232000
2017-09-25,4.224701404571533,0.0,4.39270129815623,4.203948576329687,4.3914657414884255,0.0,874580000
2017-09-26,4.248418807983398,0.0,4.4144423797863075,4.208642553035131,4.3593484261844635,0.0,1125620000
2017-09-27,4.341559886932373,0.0,4.354901259739183,4.26793635611186,4.338842322049042,0.0,713720000
2017-09-28,4.3403239250183105,0.0,4.352676661530446,4.2928883612639215,4.348723540808683,0.0,435244000
2017-09-29,4.416665554046631,0.0,4.440382867643851,4.379112551817594,4.424324402428257,0.0,619092000
2017-10-02,4.4223456382751465,0.0,4.495969130612755,4.372934236848831,4.466816229417408,0.0,503480000
2017-10-03,4.431488513946533,0.0,4.461382664960675,4.387264830023784,4.42852355551117,0.0,390332000
2017-10-04,4.468547821044922,0.0,4.490783127514503,4.401100661923622,4.437665503306811,0.0,427848000
2017-10-05,4.466076374053955,0.0,4.496464840657257,4.436182224245512,4.493006036773306,0.0,437364000
2017-10-06,4.479170799255371,0.0,4.492512170561095,4.42234745225509,4.438406388138381,0.0,318800000
2017-10-09,4.580216884613037,0.0,4.613322911988001,4.497205129031213,4.515981625604878,0.0,563492000
2017-10-10,4.667677402496338,0.0,4.766995051620681,4.6264186671965195,4.729442044019681,0.0,974876000
2017-10-11,4.717335224151611,0.0,4.718817703406691,4.638276575205916,4.684229191072911,0.0,529508000
2017-10-12,4.719560623168945,0.0,4.770454540519649,4.692384026209141,4.720795708836715,0.0,528292000
2017-10-13,4.807509899139404,0.0,4.817639385245419,4.734875037379951,4.781815799799221,0.0,628728000
2017-10-16,4.8900299072265625,0.0,4.892994866300068,4.774159476275626,4.837406595939919,0.0,576640000
2017-10-17,4.8855814933776855,0.0,4.913993162877345,4.85099345593926,4.869275636981475,0.0,478596000
2017-10-18,4.881381034851074,0.0,4.895216248649555,4.7761344523907425,4.894475480390317,0.0,567316000
2017-10-19,4.886816501617432,0.0,4.891757312678304,4.7546402634001375,4.803804749848778,0.0,570772000
2017-10-20,4.864581108093262,0.0,4.931039610031048,4.8556867059031665,4.903863500430784,0.0,451620000
2017-10-23,4.857664585113525,0.0,4.9127585272818415,4.837405606345006,4.8863231800094376,0.0,428696000
2017-10-24,4.908556938171387,0.0,4.910286339657049,4.8408628862850325,4.8668039085699775,0.0,407244000
2017-10-25,4.7845354080200195,0.0,4.921900364719075,4.72301816817099,4.869029664690874,0.0,828160000
2017-10-26,4.83468770980835,0.0,4.846299206401788,4.788240780981238,4.812205484960618,0.0,322744000
2017-10-27,4.987122058868408,0.0,4.9873689816043365,4.860874799273078,4.886816294569976,0.0,572192000
2017-10-30,5.036041736602783,0.0,5.091629534046241,4.971312139369533,4.9871241544183205,0.0,504056000
2017-10-31,5.109416484832764,0.0,5.136098752293261,5.0622283178118215,5.067910840166804,0.0,411908000
2017-11-01,5.119051933288574,0.0,5.187487243115151,5.054816666955568,5.1721695483095855,0.0,502576000
2017-11-02,5.087922096252441,0.0,5.134122097990003,5.031345684014674,5.089404575245795,0.0,342308000
2017-11-03,5.1558637619018555,0.0,5.1558637619018555,5.073099389730648,5.1190520035513885,0.0,353640000
2017-11-06,5.179086685180664,0.0,5.187733694167401,5.106698732455515,5.119051467800381,0.0,389944000
2017-11-07,5.238381385803223,0.0,5.259875921080676,5.189711205998855,5.201817020250571,0.0,427700000
2017-11-08,5.167473793029785,0.0,5.237638479471245,5.120038717802067,5.233932282887933,0.0,522988000
2017-11-09,5.072605609893799,0.0,5.097558479826564,4.950311902064383,5.071370524589968,0.0,978564000
2017-11-10,5.339922904968262,0.0,5.402428774316869,5.2284994602024915,5.264323058525985,0.0,1253256000
2017-11-13,5.253204345703125,0.0,5.365368536239412,5.237886652772216,5.339921826833087,0.0,582376000
2017-11-14,5.291497707366943,0.0,5.3068153991415725,5.218615445682237,5.262344802693061,0.0,529292000
2017-11-15,5.1877336502075195,0.0,5.237639850370907,5.133875272182704,5.236404294110901,0.0,501948000
2017-11-16,5.228005409240723,0.0,5.291993761130126,5.219111475522284,5.261852684387913,0.0,441768000
2017-11-17,5.221829414367676,0.0,5.32040581692193,5.206759110530093,5.285076531108008,0.0,515664000
2017-11-20,5.289029121398926,0.0,5.301134936310986,5.200581747489465,5.237393509074331,0.0,396100000
2017-11-21,5.337697982788086,0.0,5.349309949204259,5.296933581409794,5.3288040515268715,0.0,399176000
2017-11-22,5.313716411590576,0.00375,5.364893222064665,5.281082046766109,5.364893222064665,0.0,356640000
2017-11-24,5.363905429840088,0.0,5.364894750374522,5.305559096014242,5.330035112382122,0.0,180752000
2017-11-27,5.294186115264893,0.0,5.3737943449359955,5.29097200272298,5.372558401718221,0.0,422896000
2017-11-28,5.209387302398682,0.0,5.3087739478440685,5.148321507488108,5.29937917389212,0.0,512752000
2017-11-29,4.856094837188721,0.0,5.194799891301983,4.727782135553212,5.192080438771233,0.0,1396788000
2017-11-30,4.962155818939209,0.0,5.01086027993232,4.86178082192131,4.92482429874323,0.0,823768000
2017-12-01,4.8872456550598145,0.0,4.947817250986927,4.75843876594354,4.927544197043412,0.0,811548000
2017-12-04,4.614797115325928,0.0,4.952019049353075,4.5613955120615675,4.9458379196390965,0.0,1240844000
2017-12-05,4.641497611999512,0.0,4.7641238046392465,4.464480970949893,4.509476649814419,0.0,981488000
2017-12-06,4.679080486297607,0.0,4.700836589001396,4.56980436916461,4.591066282917371,0.0,467032000
2017-12-07,4.7465715408325195,0.0,4.786375893324269,4.700339434507561,4.745829786245209,0.0,542600000
2017-12-08,4.734210014343262,0.0,4.815548847726423,4.725804091460977,4.796511738297458,0.0,466876000
2017-12-11,4.812580585479736,0.0,4.815547602931971,4.732478187578657,4.74830070881074,0.0,372748000
2017-12-12,4.718141555786133,0.0,4.792310906728387,4.694654854009248,4.769071299370582,0.0,455016000
2017-12-13,4.602930545806885,0.0,4.760415922832858,4.595513472183002,4.759179979672569,0.0,554280000
2017-12-14,4.610101222991943,0.0,4.681056450175291,4.563869109272292,4.596503487009203,0.0,438164000
2017-12-15,4.735940933227539,0.0,4.756213987228756,4.589086253556041,4.654107905726673,0.0,670036000
2017-12-18,4.892684459686279,0.0,4.895651006193768,4.746818646435386,4.776485997726457,0.0,477704000
2017-12-19,4.848430633544922,0.0,4.888482081272243,4.819999222020541,4.883290270599637,0.0,373100000
2017-12-20,4.8654890060424805,0.0,4.896886960757909,4.809862132799577,4.887739755339642,0.0,288820000
2017-12-21,4.842991352081299,0.0,4.893920605894958,4.834585429296911,4.868950403426557,0.0,300904000
2017-12-22,4.827663421630859,0.0,4.8370581940822435,4.728276792059835,4.806154424199499,0.0,466276000
2017-12-26,4.88131046295166,0.0,4.888974629213494,4.742367093170742,4.772282003863197,0.0,355080000
2017-12-27,4.874637603759766,0.0,4.943862229295616,4.853376168782072,4.867962754307378,0.0,329488000
2017-12-28,4.880324363708496,0.0,4.929275934722421,4.874143702674486,4.898372157998162,0.0,240248000
2017-12-29,4.783903121948242,0.0,4.906529338415578,4.783903121948242,4.906529338415578,0.0,279964000
2018-01-02,4.928532600402832,0.0,4.93224137307798,4.808626305798373,4.840271355599246,0.0,355616000
2018-01-03,5.252898216247559,0.0,5.283307792163829,5.037313618991868,5.045966635336979,0.0,914704000
2018-01-04,5.280587196350098,0.0,5.390852074467769,5.258336450993966,5.334236362414449,0.0,583268000
2018-01-05,5.325336933135986,0.0,5.362668450590756,5.218533247472981,5.295422017377992,0.0,580124000
2018-01-08,5.488509654998779,0.0,5.562678513220074,5.4039567039345675,5.448952867740209,0.0,881216000
2018-01-09,5.487025737762451,0.0,5.5335049357571915,5.405439811164437,5.493948151440218,0.0,497000000
2018-01-10,5.530043601989746,0.0,5.533504808749186,5.340170947315524,5.394561406614446,0.0,582664000
2018-01-11,5.539933681488037,0.0,5.594077052794254,5.518424212334311,5.562678622408826,0.0,406032000
2018-01-12,5.51273775100708,0.0,5.562431062017867,5.4721921174013355,5.528066087608366,0.0,359916000
2018-01-16,5.4417829513549805,0.0,5.624733212456293,5.357230470854966,5.539191882996353,0.0,702348000
2018-01-17,5.555756092071533,0.0,5.565645053096745,5.362422212065364,5.456369463798318,0.0,538408000
2018-01-18,5.54883337020874,0.0,5.603223831716738,5.505320718069898,5.536471580170055,0.0,408632000
2018-01-19,5.68901252746582,0.0,5.713240974940806,5.612124223726254,5.639072123450914,0.0,609380000
2018-01-22,5.777522087097168,0.0,5.7792526908539195,5.639320409381212,5.696924993664876,0.0,550944000
2018-01-23,5.9065752029418945,0.0,5.929320140942783,5.812380395432057,5.830922372193946,0.0,475228000
2018-01-24,5.829686164855957,0.0,5.945637056271488,5.774059293982956,5.909788575980662,0.0,579972000
2018-01-25,5.843284606933594,0.0,5.927342895011972,5.828450930082728,5.884077336161995,0.0,409884000
2018-01-26,6.015851020812988,0.0,6.01609811514455,5.874188162406594,5.887044140958851,0.0,516356000
2018-01-29,6.10287618637085,0.0,6.134027521352492,5.948604906857678,6.001264767159597,0.0,455116000
2018-01-30,6.000770092010498,0.0,6.0922454557512,5.894213956837735,5.960966211063051,0.0,570832000
2018-01-31,6.0769171714782715,0.0,6.162706065166608,6.043541044074206,6.076175416884301,0.0,478576000
2018-02-01,5.945883750915527,0.0,6.10411133649132,5.885559734427817,5.896932202148484,0.0,519224000
2018-02-02,5.773316860198975,0.0,5.883334645893595,5.715218109948975,5.859353297084566,0.0,718464000
2018-02-05,5.2833099365234375,0.0,5.766150330769277,5.068219440585468,5.612126105757789,0.0,1165204000
2018-02-06,5.5770182609558105,0.0,5.579984807938679,5.043495325321507,5.053384758372647,0.0,1114800000
2018-02-07,5.656625270843506,0.0,5.809166407208525,5.604707168935576,5.675909474090779,0.0,802932000
2018-02-08,5.377751350402832,0.0,5.815348433007367,5.377503784463616,5.7822198663526985,0.0,1144000000
2018-02-09,5.737717628479004,0.0,5.906081307958318,5.377750668311046,5.890258781347157,0.0,1674604000
2018-02-12,5.637589454650879,0.0,5.82177613919737,5.563420592106352,5.818809120625277,0.0,1093172000
2018-02-13,5.751315593719482,0.0,5.797547703640699,5.56885951233327,5.601246793025311,0.0,625524000
2018-02-14,5.968630313873291,0.0,5.997556384695923,5.699891167971812,5.711016543553279,0.0,744988000
2018-02-15,6.094224452972412,0.0,6.140456569165951,5.971104010941936,6.051948204904244,0.0,698900000
2018-02-16,6.028460502624512,0.0,6.180754091033498,6.019312824355167,6.067028442104457,0.0,637656000
2018-02-20,6.158009052276611,0.0,6.226986100852342,6.047249480483804,6.050958253536445,0.0,686240000
2018-02-21,5.970854759216309,0.0,6.229457834989471,5.96714645808926,6.222535421390149,0.0,892292000
2018-02-22,5.99039888381958,0.00375,6.07648834238074,5.924842326398158,6.004747284195494,0.0,534364000
2018-02-23,6.0839104652404785,0.0,6.0839104652404785,5.999552679682315,6.050266344559125,0.0,415300000
2018-02-26,6.099991798400879,0.0,6.134625389765615,6.03765086209706,6.130172566854048,0.0,469312000
2018-02-27,6.087126731872559,0.0,6.157631085537884,6.064119933808233,6.073272825968691,0.0,455436000
2018-02-28,5.986687660217285,0.0,6.137591445047274,5.975060403629006,6.098010078024938,0.0,523116000
2018-03-01,5.744499683380127,0.0,6.038391585053892,5.643319605796115,5.984461811942051,0.0,1040120000
2018-03-02,5.851616382598877,0.0,5.858048603142345,5.488209605460676,5.6368872313838905,0.0,913428000
2018-03-05,5.829598903656006,0.0,5.869180270679983,5.677952431461967,5.801397073485821,0.0,620776000
2018-03-06,5.990646839141846,0.0,6.009943031146286,5.871902711804681,5.914947446168223,0.0,636808000
2018-03-07,5.982729434967041,0.0,6.0349275228502925,5.886497158107259,5.887733869414305,0.0,581208000
2018-03-08,5.96640157699585,0.0,6.010188514176054,5.922119672228687,6.010188514176054,0.0,411912000
2018-03-09,6.069066524505615,0.0,6.08193002057617,5.997819969257524,6.013899575269276,0.0,505524000
2018-03-12,6.178657054901123,0.0,6.258809249903008,6.102215465492341,6.110379364013688,0.0,605060000
2018-03-13,6.1279449462890625,0.0,6.295918781426515,6.0866318911943,6.221456099970537,0.0,619772000
2018-03-14,6.153425216674805,0.0,6.198201627277066,6.091084294558158,6.170989256342004,0.0,505496000
2018-03-15,6.168267250061035,0.0,6.249408911960656,6.126211988070576,6.167030538758575,0.0,401952000
2018-03-16,6.196470737457275,0.0,6.215519210799486,6.146993778881167,6.18459622965123,0.0,399456000
2018-03-19,5.961949348449707,0.0,6.168514583670847,5.862995928228588,6.139571009058713,0.0,713772000
2018-03-20,6.174206256866455,0.0,6.213045419921258,5.964919350853652,5.964919350853652,0.0,554696000
2018-03-21,6.1489739418029785,0.0,6.234073962519678,6.118545452789762,6.1677746976758785,0.0,438688000
2018-03-22,5.982978343963623,0.0,6.132150965645783,5.9456236124765525,6.0856428692956035,0.0,551196000
2018-03-23,5.76330041885376,0.0,5.999056953598304,5.752168129344331,5.996583059057638,0.0,735620000
2018-03-26,6.048038959503174,0.0,6.0492756708553435,5.835783714196595,5.887734084236219,0.0,611424000
2018-03-27,5.579000473022461,0.0,6.184596113092106,5.4387339728443145,6.12893465370483,0.0,1409000000
2018-03-28,5.4758405685424805,0.0,5.674736886875905,5.36822874571568,5.544613235986637,0.0,945904000
2018-03-29,5.729161739349365,0.0,5.825888521930046,5.459760597305427,5.544118378156464,0.0,916628000
2018-04-02,5.468419075012207,0.0,5.804861211799618,5.380597934610169,5.658657476410285,0.0,922092000
2018-04-03,5.574793815612793,0.0,5.698485713845776,5.475840391395836,5.635403053359699,0.0,667432000
2018-04-04,5.596810340881348,0.0,5.607200413538835,5.294012387365597,5.318998105686757,0.0,789168000
2018-04-05,5.476583480834961,0.0,5.6683058593191,5.405089661716826,5.65519464058194,0.0,701240000
2018-04-06,5.300197601318359,0.0,5.482024841023193,5.271006306056938,5.373918055025629,0.0,662988000
2018-04-09,5.328894138336182,0.0,5.491177933291414,5.308855734914123,5.363280468933006,0.0,499524000
2018-04-10,5.638124465942383,0.0,5.665089116084822,5.502063088259853,5.559208970692893,0.0,761676000
2018-04-11,5.596810340881348,0.0,5.664593532870965,5.564155692001507,5.623280490109885,0.0,460244000
2018-04-12,5.803623676300049,0.0,5.821435434328934,5.645545444430671,5.6898273556732155,0.0,593920000
2018-04-13,5.726934909820557,0.0,5.875612532985618,5.678695144028108,5.867201385591195,0.0,503036000
2018-04-16,5.726687908172607,0.0,5.760084779429793,5.632434547414362,5.733614624713608,0.0,350792000
2018-04-17,5.8763532638549805,0.0,5.897628374875211,5.723222857772798,5.778884293411235,0.0,447224000
2018-04-18,5.847411155700684,0.0,5.918657722497632,5.758353301089893,5.82588878971963,0.0,391364000
2018-04-19,5.666078567504883,0.0,5.7665164274401395,5.610664836145937,5.733119556766988,0.0,471996000
2018-04-20,5.657914161682129,0.0,5.741776959819351,5.626743943180529,5.657419194088908,0.0,386200000
2018-04-23,5.538428783416748,0.0,5.726935028899402,5.512453596964896,5.675726871586774,0.0,427508000
2018-04-24,5.4721293449401855,0.0,5.660140599894155,5.406820043029598,5.564156045646277,0.0,414596000
2018-04-25,5.359817028045654,0.0,5.481529990338182,5.20248102441101,5.442443119353928,0.0,588492000
2018-04-26,5.571577072143555,0.0,5.579740970535124,5.455554118762364,5.521605633982791,0.0,375824000
2018-04-27,5.599037170410156,0.0,5.69724884825512,5.556734659377671,5.67745816394745,0.0,400848000
2018-04-30,5.563662052154541,0.0,5.665089380551641,5.544366333142125,5.61536517991178,0.0,327844000
2018-05-01,5.619075298309326,0.0,5.621796440592739,5.496867368664506,5.555497675012702,0.0,253788000
2018-05-02,5.598542213439941,0.0,5.660140436063277,5.57231931117262,5.615611753924378,0.0,268248000
2018-05-03,5.763796806335449,0.0,5.790019719595177,5.585185619764432,5.630457008207159,0.0,443144000
2018-05-04,5.9139580726623535,0.0,5.917174183353301,5.717782870070184,5.7350996632564755,0.0,400660000
2018-05-07,6.151939392089844,0.0,6.209085263741218,6.008704077080421,6.018599654032743,0.0,687616000
2018-05-08,6.194489479064941,0.0,6.197210621111661,6.103204529561816,6.1521865019439765,0.0,506616000
2018-05-09,6.327582359313965,0.0,6.329809005936761,6.18731589010323,6.214528257984125,0.0,596760000
2018-05-10,6.435194492340088,0.0,6.444347382814036,6.362710752988787,6.380522509999874,0.0,994080000
2018-05-11,6.296658515930176,0.0,6.426782613035466,6.197952827714176,6.2533665474143865,0.0,1214456000
2018-05-14,6.317192554473877,0.0,6.394624087913714,6.2934440153883,6.334757064764962,0.0,523140000
2018-05-15,6.074757099151611,0.0,6.256337112175295,5.974319233008207,6.2536154975445495,0.0,963528000
2018-05-16,6.085888862609863,0.0,6.147982060929388,5.99930443766662,6.03616466563345,0.0,553828000
2018-05-17,6.1279449462890625,0.0,6.221703347913221,6.0715412734406256,6.0876213548122555,0.0,519784000
2018-05-18,6.0841569900512695,0.0,6.243224682626679,6.079209200932519,6.179894774925811,0.0,483716000
2018-05-21,6.0421013832092285,0.0,6.185336708689338,5.949332465811545,6.181626102984507,0.0,640624000
2018-05-22,6.004004955291748,0.0,6.080693801379532,5.943395716516996,6.055460831126614,0.0,518264000
2018-05-23,6.127525806427002,0.00375,6.128763754810888,5.947071458596598,5.947814133199135,0.0,442956000
2018-05-24,6.131237506866455,0.0,6.17356664595064,6.070591267821197,6.123811706572926,0.0,437372000
2018-05-25,6.170596122741699,0.0,6.186933544844222,6.108217132244192,6.143862202222926,0.0,292112000
2018-05-29,6.153517246246338,0.0,6.221590245286395,6.106732994097086,6.152527170792134,0.0,352684000
2018-05-30,6.262434005737305,0.0,6.2710977567345765,6.162429295860781,6.187183072483995,0.0,390996000
2018-05-31,6.2426300048828125,0.0,6.317138722779872,6.219856855361887,6.230500755573351,0.0,493868000
2018-06-01,6.377042293548584,0.0,6.383231090742736,6.278770350797195,6.287434100302282,0.0,421968000
2018-06-04,6.556012153625488,0.0,6.578042629944862,6.379023307781242,6.41120288332612,0.0,642024000
2018-06-05,6.56145715713501,0.0,6.599082851947313,6.514425038619631,6.55922913357155,0.0,391712000
2018-06-06,6.56343936920166,0.0,6.566657469091088,6.4550182978389286,6.471355726018779,0.0,371356000
2018-06-07,6.5077433586120605,0.0,6.571607715958641,6.417392001966743,6.559725865257178,0.0,369448000
2018-06-08,6.492393970489502,0.0,6.534970037982708,6.416152512524938,6.434965358209917,0.0,360456000
2018-06-11,6.451303958892822,0.0,6.521356633264079,6.438432034341971,6.479770633394694,0.0,265372000
2018-06-12,6.499820232391357,0.0,6.511949480997829,6.4275395423305595,6.47778975869628,0.0,319160000
2018-06-13,6.49536657333374,0.0,6.576311036274115,6.48620754791068,6.501307498994772,0.0,338208000
2018-06-14,6.607003211975098,0.0,6.663689148856311,6.5255635063348665,6.540416050873598,0.0,430016000
2018-06-15,6.566160202026367,0.0,6.621113395780901,6.518880682219291,6.549822778805801,0.0,432260000
2018-06-18,6.561953544616699,0.0,6.579528446757594,6.4948710912000145,6.5220998194765984,0.0,356268000
2018-06-19,6.440165996551514,0.0,6.526061309997257,6.312684675408764,6.458730976213798,0.0,594932000
2018-06-20,6.493137836456299,0.0,6.546110411737297,6.442887614438491,6.481255987302386,0.0,369780000
2018-06-21,6.3644185066223145,0.0,6.543387499735003,6.356744832151095,6.525069924612877,0.0,359516000
2018-06-22,6.211935043334961,0.0,6.398578167392045,6.19658816781961,6.385210970358031,0.0,434160000
2018-06-25,5.919102668762207,0.0,6.109210926020163,5.830484505365853,6.105498023508381,0.0,665816000
2018-06-26,5.990142822265625,0.0,6.08074156976081,5.9386551230012286,6.032471969735182,0.0,478884000
2018-06-27,5.834938049316406,0.0,6.100049772183135,5.82949192577271,6.033709991255423,0.0,453892000
2018-06-28,5.962170600891113,0.0,5.974052448646908,5.817361348593089,5.825035022262918,0.0,338012000
2018-06-29,5.8641462326049805,0.0,6.039897113250916,5.862908284353152,6.027273062771362,0.0,392300000
2018-07-02,5.996331691741943,0.0,6.000044592668702,5.774043467145295,5.794589066932784,0.0,357572000
2018-07-03,5.862660884857178,0.0,6.036926888634016,5.854244536442996,6.030985964585119,0.0,222732000
2018-07-05,6.008460998535156,0.0,6.013411375771005,5.878999073003289,5.917862249103859,0.0,306216000
2018-07-06,6.1223273277282715,0.0,6.13074367672411,5.962665986175089,5.983954259476636,0.0,296352000
2018-07-09,6.169853210449219,0.0,6.206241425642423,6.09113680088328,6.196587602076419,0.0,303880000
2018-07-10,6.268870830535889,0.0,6.290901311496794,6.141884307331388,6.182232839776858,0.0,360016000
2018-07-11,6.127277374267578,0.0,6.210697234447164,6.116633002941496,6.176042239755019,0.0,367508000
2018-07-12,6.218867778778076,0.0,6.266889985767588,6.1626770940954145,6.1725787942388,0.0,345508000
2018-07-13,6.171586036682129,0.0,6.237430997069508,6.129504770418681,6.237430997069508,0.0,246988000
2018-07-16,6.143863201141357,0.0,6.1968362492321845,6.131486550197018,6.143863201141357,0.0,197036000
2018-07-17,6.279760837554932,0.0,6.294860786046719,6.069107066101221,6.0946035146802195,0.0,362136000
2018-07-18,6.230502128601074,0.0,6.286198010660428,6.179509695675577,6.272336008394818,0.0,277640000
2018-07-19,6.238670349121094,0.0,6.2723357499665635,6.1965895423423,6.2116890204142035,0.0,235752000
2018-07-20,6.210449695587158,0.0,6.275056708029166,6.1995579237236935,6.236193540254344,0.0,222352000
2018-07-23,6.17381477355957,0.0,6.185696621994708,6.022074513418084,6.183963872103707,0.0,301584000
2018-07-24,6.156487941741943,0.0,6.308475619154083,6.138912567986715,6.2218376430773015,0.0,354620000
2018-07-25,6.234710216522217,0.0,6.247334742182526,6.107971102488384,6.165895007874125,0.0,319112000
2018-07-26,6.308227062225342,0.0,6.345110083676577,6.197825870812432,6.214658568117562,0.0,325124000
2018-07-27,6.238422870635986,0.0,6.351794779813782,6.1844597417547575,6.344863779052801,0.0,295420000
2018-07-30,6.043116092681885,0.0,6.258473322404388,6.00821321783401,6.252532397491154,0.0,340340000
2018-07-31,6.061184883117676,0.0,6.135940993041625,5.993855045672925,6.032718213489074,0.0,283988000
2018-08-01,6.101037502288818,0.0,6.1478222114875445,6.0371731707705685,6.092621627572978,0.0,283556000
2018-08-02,6.203766345977783,0.0,6.20772664707661,5.97083425863733,6.029747750663035,0.0,269668000
2018-08-03,6.240401744842529,0.0,6.26416544095455,6.211440271362289,6.228272495992537,0.0,214288000
2018-08-06,6.288177013397217,0.0,6.291642513330718,6.181241317084065,6.227778165373638,0.0,207508000
2018-08-07,6.360457420349121,0.0,6.379022867511441,6.310207673604659,6.336941596463925,0.0,258132000
2018-08-08,6.396846294403076,0.0,6.441898271556389,6.326793612014833,6.3616964888559755,0.0,262100000
2018-08-09,6.348328113555908,0.0,6.417390707637706,6.340654439531383,6.414667882430087,0.0,204280000
2018-08-10,6.30698823928833,0.0,6.339415678686896,6.25525315441111,6.266392325922283,0.0,256396000
2018-08-13,6.339911460876465,0.0,6.460709616664197,6.3139202140428745,6.315652963831781,0.0,375208000
2018-08-14,6.471353530883789,0.0,6.485463402153292,6.362189821795851,6.445362283991163,0.0,466220000
2018-08-15,6.413182735443115,0.0,6.526059345309651,6.334465847841366,6.492146551694704,0.0,591136000
2018-08-16,6.37258768081665,0.0,6.485464786511278,6.3124362268032534,6.482989361687553,0.0,801260000
2018-08-17,6.060195446014404,0.0,6.2619380509565366,6.033213650329379,6.261195376416525,0.0,1143188000
2018-08-20,6.134951591491699,0.0,6.267631130478663,5.909197888005959,6.019599551386734,0.0,854388000
2018-08-21,6.270602226257324,0.0,6.27505780166108,6.131486480499486,6.151289405068708,0.0,673988000
2018-08-22,6.505762100219727,0.0,6.510712949551802,6.234462072339854,6.237927572444511,0.0,749856000
2018-08-23,6.605271816253662,0.0,6.670621514774874,6.453284145386549,6.467146145419659,0.0,720684000
2018-08-24,6.7384467124938965,0.0,6.753051387281747,6.6092326632070675,6.613688238675756,0.0,531512000
2018-08-27,6.8295392990112305,0.0,6.903800138730226,6.736713013293034,6.768149910104254,0.0,505776000
2018-08-28,6.791913986206055,0.0,6.846372379049316,6.671858498862244,6.823598757718386,0.0,475384000
2018-08-29,6.897421836853027,0.00375,6.922436682072939,6.763431114926491,6.784235484527551,0.0,420108000
2018-08-30,6.880581855773926,0.0,6.977421877255754,6.843678654077614,6.8662167274391654,0.0,346608000
2018-08-31,6.951663017272949,0.0,6.964541982104828,6.8506125324698415,6.86051964652384,0.0,306592000
2018-09-04,7.026459693908691,0.0,7.064105497292537,6.9100534712909125,6.938535714247108,0.0,391720000
2018-09-05,6.895688056945801,0.0,7.044291447695359,6.8146993436204815,7.0088744156720555,0.0,393156000
2018-09-06,6.754515647888184,0.0,6.881819135433522,6.721575391002667,6.879342356904184,0.0,322796000
2018-09-07,6.733216285705566,0.0,6.858786077065272,6.617553136187918,6.66238174160701,0.0,295420000
2018-09-10,6.804298400878906,0.0,6.8340192734155085,6.711916868456028,6.75575486019924,0.0,220140000
2018-09-11,6.756497859954834,0.0,6.845659531699824,6.737179174938641,6.757983549265897,0.0,243112000
2018-09-12,6.642566680908203,0.0,6.736186813534296,6.487028513639197,6.716620597432651,0.0,419092000
2018-09-13,6.720337390899658,0.0,6.810985219630127,6.6911120649443445,6.708449042647122,0.0,305536000
2018-09-14,6.846403121948242,0.0,6.912531654120937,6.773835342555874,6.810738545076135,0.0,386936000
2018-09-17,6.78448486328125,0.0,6.869932079346003,6.765166649804072,6.820892992368638,0.0,205528000
2018-09-18,6.7124104499816895,0.0,6.8912297730027,6.7057236684936345,6.788446076118946,0.0,299520000
2018-09-19,6.7361884117126465,0.0,6.7540209346334565,6.643806882404037,6.693836583123296,0.0,224860000
2018-09-20,6.595015048980713,0.0,6.65643755096063,6.541022410264526,6.614085724206859,0.0,430584000
2018-09-21,6.524921417236328,0.0,6.652472872171356,6.491733634921644,6.606901201204361,0.0,435128000
2018-09-24,6.5806498527526855,0.0,6.5841172482116885,6.406784062740959,6.493964493880408,0.0,293912000
2018-09-25,6.647768974304199,0.0,6.672783823248832,6.561083615661837,6.646778357375283,0.0,280388000
2018-09-26,6.610865592956543,0.0,6.69309293692581,6.595014777741767,6.6527223457164295,0.0,268548000
2018-09-27,6.6227545738220215,0.0,6.667335645422472,6.591300476510908,6.646035726618243,0.0,214428000
2018-09-28,6.9600830078125,0.0,6.982373540469018,6.726775968057737,6.754763138134357,0.0,709396000
2018-10-01,7.166644096374512,0.0,7.233515241738815,6.999217515782446,7.037854418995999,0.0,622060000
2018-10-02,7.095311641693115,0.0,7.250849337403954,7.073021111309665,7.139149621794284,0.0,383964000
2018-10-03,7.101504802703857,0.0,7.173081956175866,6.997482463778114,7.165651620396451,0.0,320552000
2018-10-04,6.917235851287842,0.0,7.089615460098587,6.840209606754958,7.065343694646041,0.0,391220000
2018-10-05,6.683682918548584,0.0,6.954636308398517,6.626222873367784,6.892470713745559,0.0,426636000
2018-10-08,6.582383632659912,0.0,6.715878831895351,6.441458097749331,6.600463690978605,0.0,408612000
2018-10-09,6.576688289642334,0.0,6.656438396168938,6.5088260603266175,6.561827616433509,0.0,273500000
2018-10-10,6.085058689117432,0.0,6.516503829718721,6.082829446452293,6.470684129980975,0.0,684940000
2018-10-11,5.823517322540283,0.0,6.131373915034504,5.801969864771346,5.997878218942609,0.0,725436000
2018-10-12,6.1061110496521,0.0,6.180413002790353,5.935465085650344,6.0806011233936115,0.0,608236000
2018-10-15,5.829709053039551,0.0,6.092737032791908,5.828718435910881,6.092737032791908,0.0,449760000
2018-10-16,6.088525295257568,0.0,6.099670562343093,5.893112053262091,5.942398670090558,0.0,408712000
2018-10-17,6.019919395446777,0.0,6.188832082621582,5.970880319634186,6.150690264280355,0.0,329668000
2018-10-18,5.93248987197876,0.0,6.127655522440124,5.872058005219823,6.089266647463197,0.0,524020000
2018-10-19,5.675903797149658,0.0,6.007289040294297,5.639496142249984,5.987723291616021,0.0,613608000
2018-10-22,5.726675510406494,0.0,5.82822105628428,5.6238918116069945,5.728161671830268,0.0,368844000
2018-10-23,5.475040435791016,0.0,5.552561745971411,5.367302717008783,5.459436686924039,0.0,626436000
2018-10-24,4.938830375671387,0.0,5.483213754035091,4.924960795636278,5.436651457518044,0.0,884288000
2018-10-25,5.147618293762207,0.0,5.194923672745789,4.796914422998775,4.841247951462722,0.0,951720000
2018-10-26,4.911092281341553,0.0,5.073317273653669,4.783045701934126,4.911587353651875,0.0,664784000
2018-10-29,4.597291469573975,0.0,5.0557326727108505,4.359278374475803,5.052265277008594,0.0,758016000
2018-10-30,5.027745246887207,0.0,5.037652361196186,4.597291239462398,4.620324855073283,0.0,807192000
2018-10-31,5.221672058105469,0.0,5.265262504513675,5.052759373521883,5.192446736431233,0.0,745772000
2018-11-01,5.401978015899658,0.0,5.411389585008951,5.131519762566331,5.2580801646965245,0.0,566528000
2018-11-02,5.322971343994141,0.0,5.498323316101808,5.20631756541822,5.392567269841299,0.0,452960000
2018-11-05,5.244954586029053,0.0,5.333126118845687,5.084215274543809,5.309844491906411,0.0,379332000
2018-11-06,5.227369785308838,0.0,5.3212374792642345,5.190218576615407,5.237028891714344,0.0,299012000
2018-11-07,5.294984340667725,0.0,5.384641563731165,5.230341970352969,5.293993723588164,0.0,483812000
2018-11-08,5.101799964904785,0.0,5.236533326540202,5.048302394658351,5.235790245681568,0.0,511352000
2018-11-09,5.093873500823975,0.0,5.184273788320614,4.979201445911259,5.012884782463779,0.0,413240000
2018-11-12,4.694377422332764,0.0,5.024524399612958,4.672581966146325,5.0024814073599,0.0,617116000
2018-11-13,4.93635368347168,0.0,5.057712983290463,4.7860165977763,4.7922087795974075,0.0,644712000
2018-11-14,4.883848190307617,0.0,5.123842523624307,4.775863376941356,5.109477395863765,0.0,526580000
2018-11-15,5.012639045715332,0.0,5.0847117654589855,4.841992586978251,4.877905178742921,0.0,840708000
2018-11-16,4.072474002838135,0.0,4.2267735763869965,4.002630075136236,4.044982374724914,0.0,1963520000
2018-11-19,3.5838165283203125,0.0,4.007831039907984,3.582082830610161,4.007088431515515,0.0,1697820000
2018-11-20,3.6922974586486816,0.0,3.820591581853612,3.3017184503451458,3.3202938196294576,0.0,1692032000
2018-11-21,3.584064483642578,0.0,3.846349358005493,3.55682062555396,3.829507687394422,0.0,1025496000
2018-11-23,3.5912468433380127,0.0,3.7049282906441006,3.5365113579164085,3.5493903234507402,0.0,411968000
2018-11-26,3.790623426437378,0.0,3.801025614392425,3.6298841130791506,3.7123590082061146,0.0,814832000
2018-11-27,3.807464599609375,0.0,3.8887010946548317,3.728704883143022,3.7646172277455934,0.0,738060000
2018-11-28,3.9644885063171387,0.0,3.9696895993284227,3.792603956025248,3.9251085321475974,0.0,804524000
2018-11-29,3.901268720626831,0.004,4.003907480015778,3.8710225481507523,3.9667195785409217,0.0,549172000
2018-11-30,4.0517578125,0.0,4.062418193944625,3.8606112244931845,3.9109390158053805,0.0,729564000
2018-12-03,4.215632438659668,0.0,4.330667515339227,4.1486939119831145,4.27910009978425,0.0,890804000
2018-12-04,3.895070791244507,0.0,4.175963975872411,3.8799474686671274,4.171005462941813,0.0,812112000
2018-12-06,3.924326181411743,0.0,3.9292844589509266,3.738881967321079,3.7545008607567016,0.0,692308000
2018-12-07,3.6595466136932373,0.0,3.9387046013795106,3.610210686983384,3.9285397917741602,0.0,681676000
2018-12-10,3.764913558959961,0.0,3.7897056566362464,3.610955147818455,3.6146740334003873,0.0,629472000
2018-12-11,3.673926591873169,0.0,3.8648248715949456,3.5948400502405327,3.856643513372085,0.0,671912000
2018-12-12,3.691528558731079,0.0,3.7877213948459665,3.5903772095658275,3.679628316558138,0.0,654136000
2018-12-13,3.6912806034088135,0.0,3.802596764423647,3.6553323289012547,3.73838553247586,0.0,471384000
2018-12-14,3.630788564682007,0.0,3.733427336423378,3.6072360981481406,3.64963030147416,0.0,471820000
2018-12-17,3.5596354007720947,0.0,3.6729347887822197,3.5016220682361747,3.600790212603076,0.0,662868000
2018-12-18,3.6429359912872314,0.0,3.7269807961970964,3.5762455081017013,3.603516618873499,0.0,564372000
2018-12-19,3.4339401721954346,0.0,3.6627704349992536,3.3823727623878184,3.609219572339438,0.0,745364000
2018-12-20,3.3493990898132324,0.0,3.515505500449428,3.2896503292870305,3.4255105657409715,0.0,749588000
2018-12-21,3.2122995853424072,0.0,3.408900212447757,3.1847804484955375,3.375926757710307,0.0,863740000
2018-12-24,3.1505677700042725,0.0,3.2224645688673443,3.0866043099194167,3.1359404845285277,0.0,463840000
2018-12-26,3.2998151779174805,0.0,3.300806786003362,3.085612226661851,3.1966803710681195,0.0,695100000
2018-12-27,3.251966714859009,0.0,3.2819651082807484,3.103462632882509,3.2475042416371585,0.0,637044000
2018-12-28,3.313450574874878,0.0,3.4061727863495057,3.2306453898738328,3.27254378641105,0.0,628728000
2018-12-31,3.309732675552368,0.0,3.3893147976762203,3.2789904539694676,3.3568373797895843,0.0,465140000
2019-01-02,3.377166271209717,0.0,3.4331961511819213,3.224199719565695,3.238827003762373,0.0,508752000
2019-01-03,3.1731276512145996,0.0,3.350886272052419,3.16569011829728,3.3169212152689522,0.0,705552000
2019-01-04,3.376422643661499,0.0,3.414602157842806,3.215522519387608,3.2462644996476775,0.0,585620000
2019-01-07,3.55517315864563,0.0,3.5921132835916265,3.3823727782146125,3.4336924044276866,0.0,709160000
2019-01-08,3.466665267944336,0.0,3.6389698265889563,3.394024653989881,3.636738353685648,0.0,786016000
2019-01-09,3.5348434448242188,0.0,3.5821961609359905,3.467409127423472,3.51798468814783,0.0,617260000
2019-01-10,3.6005423069000244,0.0,3.609219469565768,3.4550132850732562,3.515505876340789,0.0,523156000
2019-01-11,3.689793586730957,0.0,3.712602229451064,3.5504624735758616,3.578229393529933,0.0,874764000
2019-01-14,3.729707956314087,0.0,3.754995851950746,3.6139293281542297,3.6374817915626334,0.0,730168000
2019-01-15,3.7155773639678955,0.0,3.801853422888469,3.6972311940384297,3.762434042318583,0.0,617012000
2019-01-16,3.6900408267974854,0.0,3.775821067288721,3.6845867462873194,3.742847854702118,0.0,470104000
2019-01-17,3.761442184448242,0.0,3.8013573664582143,3.6297966317500565,3.6570679827890755,0.0,493436000
2019-01-18,3.890608072280884,0.0,3.916639792229535,3.759706357617704,3.8112737570752984,0.0,651336000
2019-01-22,3.6883058547973633,0.0,3.872014620828446,3.6580596786916066,3.8603623976914765,0.0,661552000
2019-01-23,3.7011983394622803,0.0,3.832348113685982,3.669960549875469,3.7435927864607845,0.0,591020000
2019-01-24,3.9131696224212646,0.0,3.930771731673405,3.7810282560710893,3.785738749605239,0.0,708972000
2019-01-25,3.9704389572143555,0.0,3.9885371072718394,3.751029919855189,3.8536686981251767,0.0,1154572000
2019-01-28,3.421543836593628,0.0,3.511538775931837,3.2477520997881224,3.38534753923327,0.0,2511528000
2019-01-29,3.2626266479492188,0.0,3.423774764411695,3.2479993664716593,3.3754302112555026,0.0,1153932000
2019-01-30,3.4061732292175293,0.0,3.4205524938909404,3.259156555433637,3.3387389063259434,0.0,974228000
2019-01-31,3.5638511180877686,0.0,3.599551622528452,3.3811339053836096,3.4029509459959746,0.0,842852000
2019-02-01,3.588146448135376,0.0,3.6392180550777917,3.5348438408869116,3.5824443461450226,0.0,625048000
2019-02-04,3.6984703540802,0.0,3.735658256884171,3.5819478960942135,3.6040127121196384,0.0,528592000
2019-02-05,3.7175610065460205,0.0,3.7542531141767617,3.6766542090169905,3.7103712553333494,0.0,542424000
2019-02-06,3.7931761741638184,0.0,3.857635433064282,3.7453276522844168,3.7507817335825715,0.0,702464000
2019-02-07,3.654836893081665,0.0,3.7490465303665164,3.611946882233914,3.7468152936594596,0.0,637120000
2019-02-08,3.6734302043914795,0.0,3.6840905812653575,3.5732704689142656,3.587649730366063,0.0,461604000
2019-02-11,3.630788564682007,0.0,3.6835953627593336,3.5824440032246034,3.629300916040426,0.0,495180000
2019-02-12,3.7478067874908447,0.0,3.763425916833451,3.6548367815329823,3.6692162824239567,0.0,591060000
2019-02-13,3.790201187133789,0.0,3.863337609920423,3.7636736587213666,3.777309335102418,0.0,605372000
2019-02-14,3.8311080932617188,0.0,3.8593710550368208,3.7460714241024835,3.789209691136838,0.0,827264000
2019-02-15,3.900773525238037,0.0,4.062665026597872,3.877964882211216,4.039856620006,0.0,1516748000
2019-02-19,3.883418560028076,0.0,3.963992744813369,3.8710227498471914,3.890112505588487,0.0,551892000
2019-02-20,3.930771589279175,0.0,3.997957888337971,3.9015172573833543,3.9126734401548853,0.0,540988000
2019-02-21,3.861849784851074,0.0,3.9679594207848594,3.847222500961773,3.9434155827157973,0.0,448548000
2019-02-22,3.9466381072998047,0.0,3.965480078870193,3.9000292188340384,3.9136648934865437,0.0,401740000
2019-02-25,3.9342432022094727,0.0,4.097622369645745,3.925565802249011,4.030188277999109,0.0,656020000
2019-02-26,3.8948237895965576,0.0,3.985562566616247,3.861354527866882,3.9295326798830703,0.0,488464000
2019-02-27,3.8529248237609863,0.0,3.906971249647877,3.795903100622869,3.880443958985459,0.0,500256000
2019-02-28,3.828355550765991,0.004,3.86905646363119,3.806019952377919,3.8467206285644937,0.0,324944000
2019-03-01,3.8827064037323,0.0,3.9248960274274887,3.8199179282721687,3.878239094469569,0.0,357188000
2019-03-04,3.890895366668701,0.0,3.9440048579909295,3.8343111970243102,3.921172711470891,0.0,409992000
2019-03-05,3.8844430446624756,0.0,3.9226619051650116,3.820909987702736,3.8752603882977406,0.0,362924000
2019-03-06,3.7735087871551514,0.0,3.8839468185347172,3.770778935941451,3.875508989020271,0.0,403524000
2019-03-07,3.7042672634124756,0.0,3.759610528159688,3.658106654602032,3.7499315572195844,0.0,450104000
2019-03-08,3.738516092300415,0.0,3.749187694646447,3.593581441786159,3.614924646478223,0.0,422416000
2019-03-11,3.9990997314453125,0.0,4.0219316406329035,3.7149386955701456,3.762092168923421,0.0,859728000
2019-03-12,4.03334903717041,0.0,4.079757457500786,3.9507063010411394,4.0268962308348595,0.0,579576000
2019-03-13,4.184735298156738,0.0,4.2140200156985275,4.06337739512096,4.070822830775678,0.0,768900000
2019-03-14,4.108791828155518,0.0,4.205828594316645,4.10109835673683,4.193916091903385,0.0,519384000
2019-03-15,4.214268684387207,0.0,4.256954619660461,4.148501850393394,4.151976292489557,0.0,661484000
2019-03-18,4.192925930023193,0.0,4.299641489694038,4.165874507922497,4.245787158067063,0.0,486992000
2019-03-19,4.360692024230957,0.0,4.405115656151409,4.270604564374885,4.28748022396908,0.0,854972000
2019-03-20,4.328180313110352,0.0,4.443085392454628,4.293435425557779,4.389727628736135,0.0,719148000
2019-03-21,4.564940929412842,0.0,4.591247761633879,4.346298610341314,4.351262235040726,0.0,824312000
2019-03-22,4.405116081237793,0.0,4.586284121959003,4.391218310810665,4.5376419254640545,0.0,747644000
2019-03-25,4.312793731689453,0.0,4.428691450790533,4.246530826598151,4.364414279076793,0.0,525212000
2019-03-26,4.389479637145996,0.0,4.51058900985758,4.333143509682086,4.454501394895716,0.0,703508000
2019-03-27,4.3802971839904785,0.0,4.461450483689387,4.310808351640181,4.4150420735227955,0.0,474372000
2019-03-28,4.398910999298096,0.0,4.464677357822436,4.345801266084862,4.406355961632342,0.0,480264000
2019-03-29,4.456239700317383,0.0,4.480561269794919,4.415290983655715,4.46567039704771,0.0,456896000
2019-04-01,4.523742198944092,0.0,4.554019539047849,4.476340692437984,4.548063286674984,0.0,483824000
2019-04-02,4.541611671447754,0.0,4.586035300073622,4.504881991117906,4.547816437921497,0.0,440920000
2019-04-03,4.681086540222168,0.0,4.740152529872962,4.586283499091853,4.591247123100943,0.0,783504000
2019-04-04,4.672150135040283,0.0,4.7145880110624985,4.609361694441901,4.665697332279251,0.0,457376000
2019-04-05,4.738912105560303,0.0,4.75628479222563,4.678853950032205,4.715335597979039,0.0,481744000
2019-04-08,4.7597575187683105,0.0,4.784823199412123,4.6843119643382805,4.708385015059141,0.0,424192000
2019-04-09,4.696970462799072,0.0,4.737423102715258,4.654780601659932,4.726255184373802,0.0,439972000
2019-04-10,4.767449855804443,0.0,4.793260123639255,4.691756746119865,4.696223816830299,0.0,444772000
2019-04-11,4.7535529136657715,0.0,4.801450977581173,4.704166141494313,4.769932491339652,0.0,374600000
2019-04-12,4.715582370758057,0.0,4.796239594720298,4.706896266436853,4.792268601306097,0.0,471708000
2019-04-15,4.58380126953125,0.0,4.712852641868364,4.544093227790168,4.7078890183114295,0.0,440092000
2019-04-16,4.670912265777588,0.0,4.689773662415945,4.590255488249113,4.623014656440503,0.0,394964000
2019-04-17,4.648077964782715,0.0,4.726749441286747,4.62574213670722,4.705902794644843,0.0,351004000
2019-04-18,4.623509883880615,0.0,4.6887801690019675,4.5957143458909,4.654780337476299,0.0,380988000
2019-04-22,4.677363395690918,0.0,4.692998383081152,4.568414562275509,4.59993257621409,0.0,279936000
2019-04-23,4.731962203979492,0.0,4.763232654575449,4.680838205315907,4.690516940172109,0.0,346856000
2019-04-24,4.744369983673096,0.0,4.785070645613561,4.681581533594673,4.742384250716112,0.0,318204000
2019-04-25,4.638647556304932,0.0,4.726501692571229,4.558983445069504,4.704165863123382,0.0,499296000
2019-04-26,4.419757843017578,0.0,4.48924715908201,4.300881746120929,4.484779613458914,0.0,868988000
2019-04-29,4.450531959533691,0.0,4.478327497963614,4.355480401234242,4.427699571996782,0.0,391920000
2019-04-30,4.491977214813232,0.0,4.517538980248465,4.399159429705511,4.418268862320098,0.0,362920000
2019-05-01,4.478823184967041,0.0,4.58653134894412,4.478574672452426,4.544341497677258,0.0,354280000
2019-05-02,4.546326637268066,0.0,4.588019935758864,4.445319320073938,4.488501800184308,0.0,394684000
2019-05-03,4.541861057281494,0.0,4.564692973946059,4.480313245936937,4.554766197722388,0.0,336824000
2019-05-06,4.463437080383301,0.0,4.475597628396843,4.318254148476516,4.355480383487374,0.0,422176000
2019-05-07,4.29616641998291,0.0,4.415042510939338,4.248020310880359,4.415042510939338,0.0,555220000
2019-05-08,4.3162689208984375,0.0,4.396429606729053,4.256706849757391,4.268619358657053,0.0,419168000
2019-05-09,4.22369909286499,0.0,4.256954806788146,4.104823465441121,4.2472760710029815,0.0,660248000
2019-05-10,4.189698219299316,0.0,4.258442929575115,4.07007755730806,4.192924621544337,0.0,569500000
2019-05-13,3.9323410987854004,0.0,4.08075018730162,3.916457833647851,4.057669762177069,0.0,656912000
2019-05-14,4.021434783935547,0.0,4.056675744214368,3.9333323832384957,3.9720475477103396,0.0,524880000
2019-05-15,3.9603841304779053,0.0,3.9968657649190815,3.9065300524814104,3.965843831679988,0.0,502320000
2019-05-16,3.9755239486694336,0.0,4.018210363300677,3.9124876670173587,3.9549255690659173,0.0,781088000
2019-05-17,3.884690761566162,0.0,4.0628808586082314,3.845230998431704,3.9335814561355082,0.0,1022068000
2019-05-20,3.7660632133483887,0.0,3.84101222478381,3.7412455689832913,3.7859172341690277,0.0,572064000
2019-05-21,3.848209857940674,0.0,3.8640931248649055,3.788151469373441,3.8268668881240107,0.0,361848000
2019-05-22,3.777231216430664,0.0,3.835552374346456,3.766311339053399,3.8094940601751244,0.0,325868000
2019-05-23,3.6561222076416016,0.0,3.7149396904920646,3.5963118578850835,3.7149396904920646,0.0,591844000
2019-05-24,3.602267026901245,0.0,3.7102232236508197,3.5955661831892023,3.6749822577340456,0.0,357584000
2019-05-28,3.5570998191833496,0.0,3.6526474524105756,3.555114322219888,3.619888290924512,0.0,428356000
2019-05-29,3.482895851135254,0.0,3.5444431883157432,3.448151188093204,3.5094504860446136,0.0,559800000
2019-05-30,3.456310272216797,0.004,3.5219033772699504,3.4180475486195356,3.486125298427434,0.0,394300000
2019-05-31,3.3656227588653564,0.0,3.474696203369739,3.3638835548623973,3.4073638918851503,0.0,389720000
2019-06-03,3.3238818645477295,0.0,3.4155630321221095,3.294563718797367,3.3768034255081956,0.0,478644000
2019-06-04,3.5529608726501465,0.0,3.558178484681419,3.3658713325762286,3.3879841031300155,0.0,641836000
2019-06-05,3.510225296020508,0.0,3.6322185862711898,3.4739503411480155,3.6267524160339892,0.0,511616000
2019-06-06,3.5723400115966797,0.0,3.5969374224328976,3.5119645270942597,3.5144491714895296,0.0,408140000
2019-06-07,3.6150753498077393,0.0,3.649362546323389,3.559172028702184,3.5783035085876738,0.0,348856000
2019-06-10,3.6878740787506104,0.0,3.756448713385929,3.671227242439449,3.671227242439449,0.0,402780000
2019-06-11,3.745516538619995,0.0,3.7855184698542477,3.706011725941666,3.7477526243264987,0.0,383872000
2019-06-12,3.632467269897461,0.0,3.7082472722594373,3.617311316814816,3.702035660701794,0.0,358892000
2019-06-13,3.683650016784668,0.0,3.702035819104979,3.636939596277801,3.654580194738311,0.0,308080000
2019-06-14,3.593707799911499,0.0,3.614826806092271,3.5489853797836237,3.590477951340887,0.0,394428000
2019-06-17,3.603397846221924,0.0,3.640418247125348,3.569110412356097,3.5919686226170606,0.0,276040000
2019-06-18,3.7984378337860107,0.0,3.8538440352609276,3.6538348796125053,3.664766984360565,0.0,581920000
2019-06-19,3.804401397705078,0.0,3.845148532930124,3.778313099230887,3.833719545104363,0.0,331644000
2019-06-20,3.828749179840088,0.0,3.909001342206579,3.8143386694658727,3.8950877133006165,0.0,350168000
2019-06-21,3.770610809326172,0.0,3.863037659092405,3.7641508745830694,3.813842826113881,0.0,434428000
2019-06-24,3.7929718494415283,0.0,3.8225385535974685,3.744770783364017,3.791978086310683,0.0,282948000
2019-06-25,3.76365327835083,0.0,3.8729752666224133,3.7609203115760996,3.797940708918767,0.0,311868000
2019-06-26,3.9569549560546875,0.0,4.018076132868775,3.878193652820161,3.891113522434797,0.0,584072000
2019-06-27,4.055591583251953,0.0,4.074722820852332,4.006645091412587,4.042671718731291,0.0,445440000
2019-06-28,4.080439567565918,0.0,4.108763954627241,4.03372937440414,4.099570814628201,0.0,397668000
2019-07-01,4.128640174865723,0.0,4.32194109801543,4.0911226520561925,4.2876536610419675,0.0,709756000
2019-07-02,4.0307464599609375,0.0,4.13311163470817,4.017578270454573,4.111992393143728,0.0,400228000
2019-07-03,4.043666839599609,0.0,4.0598167941486585,3.983788462677283,4.05410206361352,0.0,246636000
2019-07-05,3.9810547828674316,0.0,3.9897508013223493,3.917697535384502,3.9852786309594577,0.0,396552000
2019-07-08,3.9060211181640625,0.0,3.9403085573360257,3.8759577652517647,3.921425633557194,0.0,329788000
2019-07-09,3.9085052013397217,0.0,3.936581023680068,3.8511112342786356,3.8637825434406228,0.0,342860000
2019-07-10,3.9768309593200684,0.0,4.034224681476754,3.9380713594400163,3.951984989053758,0.0,452076000
2019-07-11,4.131371974945068,0.0,4.1721190981811125,4.012608538519438,4.049877254575544,0.0,682560000
2019-07-12,4.164417743682861,0.0,4.235477257878733,4.15920013178468,4.15920013178468,0.0,506392000
2019-07-15,4.155970096588135,0.0,4.201686518778212,4.127646188167227,4.185537038267442,0.0,289840000
2019-07-16,4.151248931884766,0.0,4.178330750463174,4.095593939397551,4.141062031922187,0.0,341444000
2019-07-17,4.216594696044922,0.0,4.223551512502262,4.123670963196081,4.152989110808464,0.0,348204000
2019-07-18,4.228270530700684,0.0,4.2911306531086675,4.170379696570208,4.227028445580013,0.0,442192000
2019-07-19,4.185039520263672,0.0,4.272993948273875,4.179076468034379,4.266534251465681,0.0,344896000
2019-07-22,4.256596565246582,0.0,4.269516435468309,4.198954030880598,4.206407966203841,0.0,315940000
2019-07-23,4.364425182342529,0.0,4.366412707723779,4.280197515172535,4.29585081771618,0.0,428176000
2019-07-24,4.438963890075684,0.0,4.444678619583127,4.331629905864741,4.407658223663736,0.0,366236000
2019-07-25,4.307779312133789,0.0,4.410144519782775,4.2844242147130345,4.397472970771279,0.0,392700000
2019-07-26,4.349767684936523,0.0,4.396477865521099,4.334860291406818,4.334860291406818,0.0,274160000
2019-07-29,4.343558311462402,0.0,4.359708271666475,4.255355521089962,4.342564547955611,0.0,248160000
2019-07-30,4.359209060668945,0.0,4.371383487104763,4.2826836206034615,4.297094369279475,0.0,197772000
2019-07-31,4.191997051239014,0.0,4.328649683469275,4.1497590338438535,4.327655446346733,0.0,359416000
2019-08-01,4.097581386566162,0.0,4.292869767629477,4.045404808528714,4.202430713222663,0.0,421212000
2019-08-02,4.004906177520752,0.0,4.0742264709262415,3.957450800385689,4.004906177520752,0.0,428348000
2019-08-05,3.7465100288391113,0.0,3.8225383542046103,3.699551287599022,3.8212960318814724,0.0,589156000
2019-08-06,3.785269260406494,0.0,3.8667637536986543,3.73756531703224,3.8212958956468266,0.0,361272000
2019-08-07,3.8235323429107666,0.0,3.8354584483576475,3.7070052033399605,3.724397242992687,0.0,372560000
2019-08-08,3.9321086406707764,0.0,3.93335096298419,3.823780646597873,3.881174610564575,0.0,309300000
2019-08-09,3.8307383060455322,0.0,3.8945922179420824,3.7803011463617975,3.8911138094776048,0.0,341816000
2019-08-12,3.762908458709717,0.0,3.830737649083299,3.741044011433552,3.7785612941154443,0.0,279200000
2019-08-13,3.877199649810791,0.0,3.923164634315361,3.7224100107760907,3.7614179419212155,0.0,351956000
2019-08-14,3.728620767593384,0.0,3.8001769201562063,3.684892113004436,3.7889962565089688,0.0,419880000
2019-08-15,3.6963210105895996,0.0,3.7673802799283163,3.6620338166533615,3.7475035976858244,0.0,477200000
2019-08-16,3.9644081592559814,0.0,4.013602746694141,3.89782106009125,3.9591905479072564,0.0,1007960000
2019-08-19,4.243179798126221,0.0,4.259081432867054,4.061556638508778,4.07770659560408,0.0,815112000
2019-08-20,4.170877933502197,0.0,4.2382102438581395,4.149758689607738,4.237713125338106,0.0,463188000
2019-08-21,4.254358768463135,0.0,4.3095166386107,4.215350848971618,4.236966732632359,0.0,427244000
2019-08-22,4.260571002960205,0.0,4.306535740958399,4.22131428375063,4.264049410442258,0.0,303488000
2019-08-23,4.035964012145996,0.0,4.238458036425113,4.01608733008714,4.184045601517838,0.0,568056000
2019-08-26,4.110750675201416,0.0,4.138826734402694,4.072488188579572,4.114726201585745,0.0,318208000
2019-08-27,4.020063877105713,0.0,4.151746751479944,3.990745728080132,4.149013784011052,0.0,290968000
2019-08-28,4.009617805480957,0.004,4.062343184476461,3.9544053221293782,3.993700906842057,0.0,255612000
2019-08-29,4.153369426727295,0.0,4.1857008348207865,4.0976593324169865,4.101141183663465,0.0,357976000
2019-08-30,4.166053771972656,0.0,4.2493701227194,4.147898333812529,4.199628975315367,0.0,290616000
2019-09-03,4.082985877990723,0.0,4.12626045181507,4.060105276036855,4.093182863925962,0.0,296140000
2019-09-04,4.197141170501709,0.0,4.204602483677924,4.143669611988816,4.143669611988816,0.0,227728000
2019-09-05,4.470218658447266,0.0,4.47643618128141,4.297617530169217,4.299358455537441,0.0,695676000
2019-09-06,4.44310998916626,0.0,4.503793814868232,4.405058195453415,4.446840408356419,0.0,376976000
2019-09-09,4.489121437072754,0.0,4.575671075327241,4.472706924115883,4.47419928193926,0.0,417524000
2019-09-10,4.5557732582092285,0.0,4.582384276165567,4.446591616691087,4.456290990717848,0.0,352812000
2019-09-11,4.584374904632568,0.0,4.632623687982583,4.54134889838539,4.570447499025006,0.0,361512000
2019-09-12,4.582881927490234,0.0,4.68559700432619,4.574923478842804,4.630882136212665,0.0,327840000
2019-09-13,4.524933338165283,0.0,4.553285753443613,4.481161163295235,4.516228711680695,0.0,324592000
2019-09-16,4.481907367706299,0.0,4.516477305763135,4.439378981727246,4.449824533568888,0.0,231832000
2019-09-17,4.503298282623291,0.0,4.5075263139158395,4.442116824533256,4.488624694384493,0.0,223048000
2019-09-18,4.476187229156494,0.0,4.512000958339772,4.389638095180129,4.496332629709562,0.0,258152000
2019-09-19,4.400580883026123,0.0,4.500560275515015,4.389886289055321,4.482155801934214,0.0,245476000
2019-09-20,4.294881343841553,0.0,4.42321315808413,4.284684834184158,4.399586381787043,0.0,350244000
2019-09-23,4.348353385925293,0.0,4.39386649268725,4.291399979035365,4.295130872616926,0.0,249712000
2019-09-24,4.2909016609191895,0.0,4.409285040022844,4.255336981015125,4.379689313838557,0.0,317268000
2019-09-25,4.432664394378662,0.0,4.452312185704765,4.245638236161754,4.290405163490444,0.0,308432000
2019-09-26,4.410529613494873,0.0,4.4316697627793165,4.359545161459809,4.422965134946498,0.0,234564000
2019-09-27,4.271754264831543,0.0,4.419484898201381,4.21106994158692,4.368748995752103,0.0,362056000
2019-09-30,4.3292036056518555,0.0,4.339400591774361,4.266281237573151,4.297618374726057,0.0,186184000
2019-10-01,4.327462196350098,0.0,4.501555696663208,4.322737030392912,4.352332764161488,0.0,366008000
2019-10-02,4.303587913513184,0.0,4.317515321082256,4.231214728295258,4.305577407632553,0.0,293372000
2019-10-03,4.509265899658203,0.0,4.515483423463696,4.277721840777722,4.308063755416518,0.0,450588000
2019-10-04,4.525681495666504,0.0,4.555028670465867,4.446344601559177,4.511505044645282,0.0,265524000
2019-10-07,4.584374904632568,0.0,4.684105280229583,4.581887800150264,4.590592428654991,0.0,480984000
2019-10-08,4.407793045043945,0.0,4.492601244327179,4.389637614345289,4.492601244327179,0.0,444436000
2019-10-09,4.494342803955078,0.0,4.543835369834429,4.455793875766572,4.484643429882052,0.0,292412000
2019-10-10,4.552042007446289,0.0,4.603026452067715,4.4868815922346394,4.492104368174887,0.0,309124000
2019-10-11,4.62565803527832,0.0,4.708973865664503,4.6172019784763885,4.636103585080774,0.0,446404000
2019-10-14,4.6390886306762695,0.0,4.6599797339112445,4.585865651549163,4.616953738324988,0.0,200040000
2019-10-15,4.883815765380859,0.0,4.956437993192664,4.715442610460611,4.7293704924067645,0.0,664124000
2019-10-16,4.830093860626221,0.0,4.954695253064103,4.818653562070151,4.8497416495673775,0.0,428944000
2019-10-17,4.832083225250244,0.0,4.919627090353482,4.7776164625414035,4.874611605995199,0.0,263436000
2019-10-18,4.737576484680176,0.0,4.865162136271647,4.663213821403918,4.832581686678378,0.0,307440000
2019-10-21,4.874861240386963,0.0,4.8882915079634115,4.780104611767795,4.799006223870478,0.0,261868000
2019-10-22,4.8649139404296875,0.0,5.037017491288982,4.8572040588339185,4.931815295939197,0.0,328720000
2019-10-23,4.851980209350586,0.0,4.866156179982779,4.751006066506949,4.782840332775047,0.0,279916000
2019-10-24,4.89600133895874,0.0,4.929576058826617,4.859192861915762,4.8932651923567185,0.0,232020000
2019-10-25,5.087005615234375,0.0,5.107896717164591,4.9688707979910705,4.976580677184345,0.0,423092000
2019-10-28,5.142964839935303,0.0,5.195441168710671,5.101430725108639,5.130777888075237,0.0,330792000
2019-10-29,5.04671573638916,0.0,5.135503401740243,5.027316989858623,5.12903683665235,0.0,211236000
2019-10-30,5.048706531524658,0.0,5.079297490805015,4.980561384281455,5.073577102857461,0.0,205960000
2019-10-31,4.999462604522705,0.0,5.048706132637017,4.919628593911619,5.027815025140034,0.0,209732000
2019-11-01,5.038508415222168,0.0,5.07083981560393,4.939026161565736,4.964145293047688,0.0,283640000
2019-11-04,5.235233306884766,0.0,5.247668825463427,5.096456429859216,5.119585593119121,0.0,376716000
2019-11-05,5.213099956512451,0.0,5.261099692380898,5.1650997462773764,5.234985809574233,0.0,300868000
2019-11-06,5.163857460021973,0.0,5.214592878334135,5.076313081602189,5.188976601016082,0.0,269012000
2019-11-07,5.181515216827393,0.0,5.265080131692621,5.136748281207923,5.250406546100315,0.0,280340000
2019-11-08,5.167586803436279,0.0,5.1991725049956825,5.127047906243742,5.164602563014109,0.0,189100000
2019-11-11,5.177535533905029,0.0,5.200664703086255,5.080540361625758,5.166840937752793,0.0,243436000
2019-11-12,5.213099956512451,0.0,5.269058615645752,5.180768075961376,5.215835628849345,0.0,283504000
2019-11-13,5.187233924865723,0.0,5.209368342980656,5.120829721787799,5.181762106581593,0.0,300188000
2019-11-14,5.217576503753662,0.0,5.219815039843929,5.136250141306643,5.196187787124285,0.0,518080000
2019-11-15,5.07830286026001,0.0,5.2670695000893515,4.990012306286344,5.215338862328644,0.0,1053628000
2019-11-18,5.279505252838135,0.0,5.306116277333899,5.067857525855879,5.070841766918,0.0,574588000
2019-11-19,5.172809600830078,0.0,5.272042829358788,5.114612880246556,5.24841605089638,0.0,414564000
2019-11-20,5.252145290374756,0.0,5.335958738585234,5.137243758048921,5.149927844370341,0.0,472588000
2019-11-21,5.2272748947143555,0.0,5.3033784663339745,5.205637614045377,5.247668860700385,0.0,288388000
2019-11-22,5.244935035705566,0.0,5.296416630557925,5.221307779111298,5.249908770555208,0.0,224100000
2019-11-25,5.5015974044799805,0.0,5.5065716129280124,5.360084352389863,5.37301700973477,0.0,506476000
2019-11-26,5.396892547607422,0.0,5.488664459135034,5.390425982090966,5.483938819047379,0.0,385244000
2019-11-27,5.431737422943115,0.004,5.4767861387721615,5.40535551713588,5.442439910912744,0.0,215784000
2019-11-29,5.39440393447876,0.0,5.429248137938559,5.370510495125373,5.4008752721022475,0.0,141556000
2019-12-02,5.2079854011535645,0.0,5.40087413615053,5.192803490574967,5.3874339606619195,0.0,372036000
2019-12-03,5.1684136390686035,0.0,5.172395562482075,4.986974080154775,5.024307223097743,0.0,465232000
2019-12-04,5.212217330932617,0.0,5.274439390328195,5.183595240576649,5.252039410968456,0.0,273424000
2019-12-05,5.195291996002197,0.0,5.249798473137313,5.164678476484615,5.234118586186783,0.0,184884000
2019-12-06,5.280660629272461,0.0,5.313514338329015,5.254527482573958,5.264483238297137,0.0,232236000
2019-12-09,5.280660629272461,0.0,5.335416336316824,5.2490521017561464,5.257763150655648,0.0,211880000
2019-12-10,5.325710773468018,0.0,5.377479573305453,5.258012856525484,5.310777137172616,0.0,256388000
2019-12-11,5.409335613250732,0.0,5.414811468518899,5.333673867242396,5.336162806052192,0.0,233796000
2019-12-12,5.576839447021484,0.0,5.595008279610874,5.371506906020866,5.380466709179545,0.0,404348000
2019-12-13,5.57484769821167,0.0,5.699043065992247,5.520838711177942,5.579825576915695,0.0,454704000
2019-12-16,5.603718280792236,0.0,5.6761448460180475,5.594260501579074,5.622385087709869,0.0,320976000
2019-12-17,5.681870460510254,0.0,5.7045191944466085,5.612928303056703,5.622386083945699,0.0,321196000
2019-12-18,5.712234020233154,0.0,5.772713869839721,5.708251622324569,5.716713921182411,0.0,343548000
2019-12-19,5.860321998596191,0.0,5.873762175351524,5.741851245868105,5.746829124275014,0.0,445360000
2019-12-20,5.957635879516602,0.0,5.983022293024626,5.9076093068161395,5.926773611345544,0.0,603044000
2019-12-23,5.9439496994018555,0.0,6.0183672395001535,5.933247686005904,5.986260724595596,0.0,355060000
2019-12-24,5.938971042633057,0.0,5.956144391902657,5.894171083619602,5.928517782158803,0.0,138864000
2019-12-26,5.953157424926758,0.0,5.981281535234037,5.923539381476258,5.942454939158113,0.0,182852000
2019-12-27,5.895416259765625,0.0,5.981780516027428,5.869033880243233,5.968340337367276,0.0,254644000
2019-12-30,5.782171726226807,0.0,5.878740485662543,5.750811944449215,5.873513855366277,0.0,258056000
2019-12-31,5.8563408851623535,0.0,5.86579866555618,5.727665606328382,5.74682991865578,0.0,231004000
2020-01-02,5.9710774421691895,0.0,5.9710774421691895,5.8916825092904785,5.94220660064208,0.0,237536000
2020-01-03,5.875504970550537,0.0,5.919309450404571,5.8264738602636355,5.851362780060624,0.0,205384000
2020-01-06,5.900143146514893,0.0,5.90536977560341,5.756037244664874,5.782170390107464,0.0,262636000
2020-01-07,5.971576690673828,0.0,6.017372139379928,5.88347021409633,5.928518933378317,0.0,314856000
2020-01-08,5.98277473449707,0.0,6.0240902679221096,5.927272770783473,5.967343597334713,0.0,277108000
2020-01-09,6.048482894897461,0.0,6.120909474360893,5.994723126021184,6.069140667378785,0.0,255112000
2020-01-10,6.080837249755859,0.0,6.1861170582643075,6.066650817633669,6.155752757707768,0.0,316296000
2020-01-13,6.271484375,0.0,6.296622039512179,6.141315677811305,6.163964878263415,0.0,319840000
2020-01-14,6.154507160186768,0.0,6.254062338628805,6.141315737071839,6.2286754476924235,0.0,359088000
2020-01-15,6.1119489669799805,0.0,6.18960217453828,6.086064564460547,6.167202192561206,0.0,263104000
2020-01-16,6.1955742835998535,0.0,6.201547642568613,6.14206327909564,6.165458737258032,0.0,284192000
2020-01-17,6.204287528991699,0.0,6.222207612240178,6.156749866631919,6.214740792207453,0.0,253792000
2020-01-21,6.17093563079834,0.0,6.204535602628313,6.136837681171992,6.167699961913598,0.0,217916000
2020-01-22,6.224944114685059,0.0,6.31155712176519,6.197317502973292,6.216233063669337,0.0,239240000
2020-01-23,6.293388366699219,0.0,6.301850666278991,6.176162303873604,6.265015500027849,0.0,244516000
2020-01-24,6.234152793884277,0.0,6.458650095394929,6.179895054374351,6.408872256910902,0.0,373512000
2020-01-27,5.978294849395752,0.0,6.029316912870455,5.779930728037973,5.929512498753077,0.0,470536000
2020-01-28,6.1716814041137695,0.0,6.2040366637991715,5.990988123671654,6.044250377382685,0.0,310976000
2020-01-29,6.111202716827393,0.0,6.193335825898142,6.071380157392558,6.157246913273361,0.0,258848000
2020-01-30,6.117921829223633,0.0,6.131362007202673,5.958384751904467,6.013388746744023,0.0,290504000
2020-01-31,5.884464740753174,0.0,6.084073126385558,5.842651697517958,6.072126406970737,0.0,370420000
2020-02-03,5.981531143188477,0.0,6.000944205107071,5.860073468931658,5.8662955798175345,0.0,255564000
2020-02-04,6.1507744789123535,0.0,6.169939263210009,6.07337051135927,6.123397097246553,0.0,271544000
2020-02-05,6.2411208152771,0.0,6.281938371636145,6.15774301796561,6.2717338638672375,0.0,208220000
2020-02-06,6.3279829025268555,0.0,6.3279829025268555,6.1943302377118075,6.275467851868339,0.0,218284000
2020-02-07,6.26177978515625,0.0,6.310064167998149,6.236392886603285,6.287912938328408,0.0,189752000
2020-02-10,6.545013904571533,0.0,6.545760159094966,6.279449833018814,6.284427711474743,0.0,529608000
2020-02-11,6.667466640472412,0.0,6.782204223899052,6.5913069033457505,6.653280208935729,0.0,638556000
2020-02-12,6.783199310302734,0.0,6.789670646919822,6.681403932064141,6.720230527616881,0.0,374644000
2020-02-13,6.7393951416015625,0.0,6.806595076336598,6.697830853566547,6.725208710247476,0.0,528016000
2020-02-14,7.212532997131348,0.0,7.341457030032991,7.118204417599933,7.1495642020233,0.0,1041924000
2020-02-18,7.381279468536377,0.0,7.399697527489978,7.089831416264805,7.109244481444673,0.0,620164000
2020-02-19,7.832512855529785,0.0,7.850184182869734,7.50373169839315,7.50373169839315,0.0,694332000
2020-02-20,7.6831793785095215,0.0,7.872831981192019,7.37580228217202,7.784476779114279,0.0,810052000
2020-02-21,7.319055557250977,0.0,7.596068354037517,7.234184775589799,7.570930686367929,0.0,768180000
2020-02-24,6.80161714553833,0.0,7.015412417963896,6.67020419402814,6.724710680746953,0.0,856916000
2020-02-25,6.522116661071777,0.0,6.9387555440768045,6.420321266694582,6.876782232264527,0.0,1055496000
2020-02-26,6.661494255065918,0.0,6.855627272496365,6.520872727258311,6.522365711253271,0.0,747732000
2020-02-27,6.290676593780518,0.004,6.6492901160508096,6.198283766428199,6.347955007233262,0.0,906416000
2020-02-28,6.725744724273682,0.0,6.7852646689576135,6.021468049730451,6.038153394265087,0.0,1133252000
2020-03-02,6.884133338928223,0.0,6.913021927383746,6.499869227408681,6.895838304509482,0.0,890744000
2020-03-03,6.621646881103516,0.0,6.999685068936353,6.536227062821654,6.9399162286663865,0.0,652792000
2020-03-04,7.085355281829834,0.0,7.094818719160174,6.654271795151663,6.7289832174965545,0.0,597408000
2020-03-05,6.805934429168701,0.0,7.052729979909677,6.761356579362536,6.885875118485237,0.0,540328000
2020-03-06,6.625382900238037,0.0,6.683906769581396,6.42515686299559,6.626378976418261,0.0,515412000
2020-03-09,6.11236572265625,0.0,6.460021433694684,5.931564859895605,5.97439897937859,0.0,614160000
2020-03-10,6.501860618591309,0.0,6.501860618591309,6.126063912354889,6.388797656327091,0.0,580648000
2020-03-11,6.138017654418945,0.0,6.390292375183355,6.040893330926484,6.361902064085401,0.0,499964000
2020-03-12,5.386922359466553,0.0,5.8802646697201535,5.374221317468399,5.614791089429549,0.0,816540000
2020-03-13,5.997810363769531,0.0,6.002292944870884,5.4691047191350695,5.740305863273722,0.0,634836000
2020-03-16,4.891088485717773,0.0,5.6307289757681565,4.831319638794608,5.289796840505628,0.0,726972000
2020-03-17,5.410829067230225,0.0,5.500233677807778,4.756608858076544,5.003404438318646,0.0,833632000
2020-03-18,5.050969123840332,0.0,5.228283469058943,4.499601419537163,4.983231208813141,0.0,874268000
2020-03-19,5.303743362426758,0.0,5.397381175638423,4.816128672882115,5.029553080920315,0.0,765512000
2020-03-20,5.123938083648682,0.0,5.735821893342123,5.1084977163710255,5.453911927886964,0.0,804636000
2020-03-23,5.2967705726623535,0.0,5.39115604913871,4.943884999796366,5.122942664733292,0.0,643876000
2020-03-24,6.205505847930908,0.0,6.2921711213613785,5.679290750279767,5.702949102149845,0.0,1101644000
2020-03-25,6.116848945617676,0.0,6.5202887570171155,6.068037414793704,6.320561003595748,0.0,793432000
2020-03-26,6.406230449676514,0.0,6.530250721317108,6.22592736148756,6.324047752504339,0.0,696108000
2020-03-27,6.293915271759033,0.0,6.552664727569734,6.193055067809449,6.225927959837381,0.0,638828000
2020-03-30,6.6141767501831055,0.0,6.623391286850987,6.31533202177179,6.359411602587438,0.0,602252000
2020-03-31,6.56461763381958,0.0,6.8584814665930685,6.418930693842656,6.654270660343303,0.0,949960000
2020-04-01,6.053343772888184,0.0,6.513066364473172,6.008766400221248,6.366632732890536,0.0,656912000
2020-04-02,6.3621506690979,0.0,6.375349509282011,6.034417867069975,6.082481747363266,0.0,675764000
2020-04-03,6.074263572692871,0.0,6.366134774325188,5.936795093852247,6.32454562778288,0.0,663212000
2020-04-06,6.6841559410095215,0.0,6.72101361117626,6.298895318897043,6.356423114393711,0.0,727884000
2020-04-07,6.450808048248291,0.0,6.929457580587798,6.407724545831599,6.905798751803751,0.0,784520000
2020-04-08,6.648044586181641,0.0,6.672948388475926,6.489905987863526,6.5598854395602135,0.0,542444000
2020-04-09,6.548430919647217,0.0,6.796720857250795,6.485424465320429,6.7738096784050175,0.0,525564000
2020-04-13,6.720265865325928,0.0,6.728982125267941,6.400253250310459,6.488661301151191,0.0,398408000
2020-04-14,7.071408748626709,0.0,7.105526615595516,6.820877290444887,6.848520424449045,0.0,530948000
2020-04-15,6.993957996368408,0.0,7.076887398298058,6.85798385424075,6.903308409949775,0.0,366148000
2020-04-16,7.3391242027282715,0.0,7.446210246855393,7.136159279557754,7.149358122322078,0.0,745620000
2020-04-17,7.279852867126465,0.0,7.442722969423419,7.145870875710724,7.421305667821515,0.0,539120000
2020-04-20,7.148610591888428,0.0,7.3092396501151224,7.10428210942452,7.153342548022557,0.0,449388000
2020-04-21,6.711798667907715,0.0,7.091829035567349,6.652029823288924,7.030566314208489,0.0,735160000
2020-04-22,7.126196384429932,0.0,7.169030984977875,6.858481793507247,6.904055247287236,0.0,483356000
2020-04-23,7.072903156280518,0.0,7.30027407803628,7.047750448452174,7.168284705768839,0.0,424160000
2020-04-24,7.211864471435547,0.0,7.213856623609894,6.987980102075522,7.062691508619764,0.0,352328000
2020-04-27,7.3983941078186035,0.0,7.558275973158622,7.321690541502693,7.346345445854458,0.0,479388000
2020-04-28,7.25594425201416,0.0,7.575707960165228,7.250465595877795,7.545823301692941,0.0,442904000
2020-04-29,7.4327616691589355,0.0,7.485557509288624,7.315465024460151,7.390674242239296,0.0,379160000
2020-04-30,7.2788567543029785,0.0,7.432761694690941,7.26491073705107,7.378720402839211,0.0,375916000
2020-05-01,7.042271137237549,0.0,7.194681722002568,6.993957878668124,7.0813698596363315,0.0,342096000
2020-05-04,7.254201412200928,0.0,7.267898528320557,6.9949537071019074,6.9949537071019074,0.0,317556000
2020-05-05,7.315215587615967,0.0,7.477836776300249,7.254201291822987,7.358299087604405,0.0,368896000
2020-05-06,7.416075229644775,0.0,7.520920200232866,7.3568046614743645,7.394658405012081,0.0,323464000
2020-05-07,7.5923943519592285,0.0,7.6556497065405225,7.503986290733421,7.5552877802756075,0.0,373732000
2020-05-08,7.782408714294434,0.0,7.7886345462657625,7.630247043912532,7.664116006837052,0.0,339216000
2020-05-11,8.03443431854248,0.0,8.0812532199306,7.748788480019479,7.777427686453684,0.0,469060000
2020-05-12,7.772449016571045,0.0,8.141023874758188,7.762736678179775,8.092212807458,0.0,493060000
2020-05-13,7.750035285949707,0.0,8.047385189290235,7.56549850114975,7.887005510227171,0.0,625852000
2020-05-14,7.999569892883301,0.0,8.005048549316195,7.657890591692506,7.811546622111351,0.0,602312000
2020-05-15,8.458046913146973,0.0,8.467758774357401,7.843672178972516,7.859361447082682,0.0,987660000
2020-05-18,8.716547966003418,0.0,8.882157876251767,8.647066777794294,8.726758578966196,0.0,774460000
2020-05-19,8.771585464477539,0.0,9.052498925226844,8.728999759788941,8.756393994968642,0.0,717320000
2020-05-20,8.93545150756836,0.0,9.008170295929782,8.854514259220592,8.956370532987304,0.0,587536000
2020-05-21,8.741453170776367,0.0,9.017634700566356,8.703848319064196,9.016639099197258,0.0,761068000
2020-05-22,8.991482734680176,0.0,9.057976152602318,8.679688616186626,8.791256730151972,0.0,1038764000
2020-05-26,8.684172630310059,0.0,9.14638620409018,8.638599173736333,9.121481923174644,0.0,770780000
2020-05-27,8.492412567138672,0.0,8.599497620752661,7.965947707738697,8.591777913283181,0.0,1175892000
2020-05-28,8.45430850982666,0.0,8.726754477666773,8.346972674003954,8.379845550288177,0.0,734896000
2020-05-29,8.841314315795898,0.0,8.841314315795898,8.452318320725862,8.52155059993802,0.0,745256000
2020-06-01,8.772331237792969,0.0,8.806698478293196,8.656031150738611,8.799227669489188,0.0,389876000
2020-06-02,8.791259765625,0.0,8.80321363196318,8.62465423791366,8.762372126142258,0.0,391320000
2020-06-03,8.735723495483398,0.0,8.832101115137124,8.666491209530859,8.788270910721511,0.0,365440000
2020-06-04,8.736719131469727,0.004,8.912867912730361,8.648020780578813,8.698349139572496,0.0,424280000
2020-06-05,8.889698028564453,0.0,8.966436118041159,8.678418318204127,8.764624637150327,0.0,481748000
2020-06-08,8.775093078613281,0.0,8.859554439643935,8.656247828828706,8.847097087461673,0.0,387736000
2020-06-09,9.015268325805664,0.0,9.07880201950004,8.721520392330115,8.770104702086261,0.0,468488000
2020-06-10,9.334928512573242,0.0,9.467726063860926,9.122402817835168,9.136605159675035,0.0,632180000
2020-06-11,8.76636791229248,0.0,9.229787426005165,8.756152642128624,9.11891543812887,0.0,583652000
2020-06-12,8.902156829833984,0.0,9.156041713433337,8.67368562111554,9.13137603070364,0.0,570908000
2020-06-15,9.142587661743164,0.0,9.151058886983924,8.714048022300092,8.785305919887975,0.0,400004000
2020-06-16,9.03769302368164,0.0,9.23527031783515,8.808723825272349,9.19366219211201,0.0,535716000
2020-06-17,9.204623222351074,0.0,9.267408922984542,9.039435811792522,9.082788929393113,0.0,408304000
2020-06-18,9.186687469482422,0.0,9.250968222748897,9.083538687223703,9.195656722193018,0.0,254408000
2020-06-19,9.229789733886719,0.0,9.412915700228654,9.195905784531032,9.211104186655707,0.0,524160000
2020-06-22,9.494388580322266,0.0,9.498873682231611,9.24174969943,9.268409396093938,0.0,398468000
2020-06-23,9.41789722442627,0.0,9.609743396922207,9.375542057342088,9.518553950151457,0.0,375108000
2020-06-24,9.204127311706543,0.0,9.52403697253175,9.113435883941849,9.444058844499436,0.0,449372000
2020-06-25,9.457762718200684,0.0,9.47271210611004,9.151058380419418,9.323969070455242,0.0,376072000
2020-06-26,9.123899459838867,0.0,9.467727733110355,9.094001638382315,9.467727733110355,0.0,592084000
2020-06-29,9.168747901916504,0.0,9.17323300343453,8.869766795785965,9.138601062533104,0.0,342248000
2020-06-30,9.46548843383789,0.0,9.493891229986184,9.235024131253684,9.2823624416458,0.0,367892000
2020-07-01,9.497626304626465,0.0,9.543221507665718,9.381024126433216,9.488408038637727,0.0,326648000
2020-07-02,9.579596519470215,0.0,9.704420895402581,9.545711625606168,9.606255259176056,0.0,364056000
2020-07-06,9.805826187133789,0.0,9.875090068802235,9.679506757953977,9.70865754167774,0.0,315892000
2020-07-07,9.838216781616211,0.0,10.035793168745375,9.81728820722433,9.912463798097562,0.0,357800000
2020-07-08,10.181294441223145,0.0,10.190264642534341,9.931645698056236,9.959799470385146,0.0,365480000
2020-07-09,10.47330093383789,0.0,10.534093588633562,10.198736506038417,10.344988447431144,0.0,494548000
2020-07-10,10.443650245666504,0.0,10.619051987810868,10.34349155398756,10.552778188008505,0.0,497676000
2020-07-13,10.01810073852539,0.0,10.755586606969405,9.99094302238932,10.559007283593624,0.0,457076000
2020-07-14,10.341750144958496,0.0,10.36741283425982,9.752259134498587,10.040775965444766,0.0,542676000
2020-07-15,10.192508697509766,0.0,10.397559289542265,10.021591068209313,10.37887374260071,0.0,403984000
2020-07-16,10.100320816040039,0.0,10.172075770624692,9.861883408374021,9.980977605285556,0.0,344964000
2020-07-17,10.166844367980957,0.0,10.21368463559378,10.053481282951243,10.190763004726778,0.0,266284000
2020-07-20,10.475045204162598,0.0,10.495475748934792,10.122247637300884,10.239348798460751,0.0,284852000
2020-07-21,10.293415069580078,0.0,10.524129314223586,10.251806935143245,10.477288085807832,0.0,277036000
2020-07-22,10.403290748596191,0.0,10.566484200079644,10.256540769041845,10.332282816609865,0.0,367292000
2020-07-23,10.095337867736816,0.0,10.511170083312113,9.997172237098319,10.414499486192463,0.0,411660000
2020-07-24,10.159870147705078,0.0,10.329541762567553,9.743788814776028,9.841455491581248,0.0,473292000
2020-07-27,10.386098861694336,0.0,10.406279442311487,10.183040382548999,10.197491742615112,0.0,292132000
2020-07-28,10.180797576904297,0.0,10.346732063604907,10.174569378566787,10.33900883154469,0.0,271636000
2020-07-29,10.429946899414062,0.0,10.480524273038641,10.311849706196062,10.355450890355183,0.0,284508000
2020-07-30,10.577943801879883,0.0,10.586913053355934,10.260276238263634,10.339755382635078,0.0,308880000
2020-07-31,10.578691482543945,0.0,10.729926548729097,10.397558592820966,10.527366109282356,0.0,386080000
2020-08-03,10.972847938537598,0.0,11.061047324167738,10.678849986437134,10.696041448492522,0.0,412720000
2020-08-04,11.18960952758789,0.0,11.18960952758789,10.86895281349992,11.012463703459618,0.0,310336000
2020-08-05,11.24841022491455,0.0,11.333121529035113,11.128319935451577,11.205806034151632,0.0,249924000
2020-08-06,11.296992301940918,0.0,11.319415905932198,11.140775066047947,11.311193696033985,0.0,244316000
2020-08-07,11.161453247070312,0.0,11.465666421904054,11.000003888489488,11.274069280889805,0.0,342516000
2020-08-10,11.127071380615234,0.0,11.369494930465923,10.819619095924214,11.295746908671116,0.0,427796000
2020-08-11,10.813142776489258,0.0,11.098918523004569,10.759076349780809,11.036131858187444,0.0,354512000
2020-08-12,11.401386260986328,0.0,11.428044999705826,10.921023332854274,10.953413191915978,0.0,464412000
2020-08-13,11.40412712097168,0.0,11.681930604747086,11.317173759001438,11.506776910592965,0.0,374460000
2020-08-14,11.524721145629883,0.0,11.664992997213625,11.40164076247796,11.490836236710646,0.0,366436000
2020-08-17,12.295090675354004,0.0,12.367593632314799,11.777106641549244,11.810990587312567,0.0,621300000
2020-08-18,12.219101905822754,0.0,12.453553268601032,12.045195142529236,12.40770904461831,0.0,503448000
2020-08-19,12.097267150878906,0.0,12.273166969973811,12.056904085940626,12.254730435791068,0.0,622624000
2020-08-20,12.099757194519043,0.0,12.33296250907546,11.838398102854091,11.934321676834784,0.0,921388000
2020-08-21,12.640414237976074,0.0,12.765238624874097,12.153822101047279,12.160300263755312,0.0,999868000
2020-08-24,12.677040100097656,0.0,12.868637287738805,12.465012367409239,12.839984531805605,0.0,490564000
2020-08-25,12.706686973571777,0.0,12.717898299986915,12.531035256257917,12.587841781224544,0.0,289076000
2020-08-26,12.729610443115234,0.0,12.82478602619739,12.634683873931435,12.755771158963569,0.0,321244000
2020-08-27,12.585351943969727,0.0,12.806348917519589,12.523811298192753,12.738081095050577,0.0,317604000
2020-08-28,13.103086471557617,0.0,13.103335485435085,12.599552848710347,12.63194271103962,0.0,537160000
2020-08-31,13.32906723022461,0.0,13.528885669906302,12.993461136211971,13.137968078427848,0.0,500840000
2020-09-01,13.77817153930664,0.004,13.95038574188467,13.394862527172423,13.438227675991252,0.0,511316000
2020-09-02,14.302042007446289,0.0,14.681113627395069,13.856924891107246,14.658184187185185,0.0,874012000
2020-09-03,12.975168228149414,0.0,13.841474893223765,12.838841762272093,13.785897755272424,0.0,945128000
2020-09-04,12.583385467529297,0.0,13.134173137133722,11.668479059045653,12.744134944953624,0.0,1463684000
2020-09-08,11.876084327697754,0.0,12.511110487825011,11.667981426416873,11.698137285184876,0.0,795728000
2020-09-09,12.67559814453125,0.0,12.76955580314928,12.193845052662331,12.361573753095092,0.0,736200000
2020-09-10,12.27359676361084,0.0,13.024761680428526,12.129294745131679,12.94899698858996,0.0,698684000
2020-09-11,12.126803398132324,0.0,12.613291040493863,11.858886043297618,12.446808743019314,0.0,636928000
2020-09-14,12.832362174987793,0.0,13.273740196264075,12.592109741002641,13.040466040853438,0.0,1201744000
2020-09-15,12.9507417678833,0.0,13.257537816272356,12.787997701235316,13.238845731365439,0.0,727556000
2020-09-16,12.47571849822998,0.0,13.05217649163563,12.474971233114562,12.917096438036799,0.0,556384000
2020-09-17,12.42487907409668,0.0,12.550738126371295,11.997457614056756,12.0946553363349,0.0,792512000
2020-09-18,12.15147876739502,0.0,12.59335495759462,11.951600527210127,12.554725337708717,0.0,698460000
2020-09-21,12.478461265563965,0.0,12.483694973903694,11.867610018715604,11.88804667529522,0.0,721044000
2020-09-22,12.598587989807129,0.0,12.608806318519358,12.11783311712791,12.536032575534035,0.0,646452000
2020-09-23,12.086181640625,0.0,12.687562840432774,12.04182013447022,12.536531596615704,0.0,647012000
2020-09-24,12.309732437133789,0.0,12.530546391846205,11.976767886736814,12.034837792677719,0.0,731240000
2020-09-25,12.833855628967285,0.0,12.843575780040306,12.207802412776056,12.408927017578229,0.0,588016000
2020-09-28,12.994606971740723,0.0,13.01130540147052,12.710490282252483,12.999840680216156,0.0,573808000
2020-09-29,13.184764862060547,0.0,13.401092411141748,12.893171742914559,12.89740814672181,0.0,621460000
2020-09-30,13.48857307434082,0.0,13.580287998989844,13.109501388400432,13.116728755297382,0.0,689184000
2020-10-01,13.572310447692871,0.0,13.720100667181514,13.41903648100408,13.715366086554479,0.0,525004000
2020-10-02,13.021771430969238,0.0,13.477604097994039,13.010555799305992,13.184017327139697,0.0,552496000
2020-10-05,13.600224494934082,0.0,13.601969064421914,13.18177500481166,13.194984295527707,0.0,479820000
2020-10-06,13.693933486938477,0.0,14.098177345056344,13.622655224165202,13.787143888533949,0.0,784420000
2020-10-07,13.920726776123047,0.0,14.075496220253884,13.820538108612384,13.956366378512186,0.0,418084000
2020-10-08,13.795865058898926,0.0,14.040853931484282,13.715365781402312,14.031382869002927,0.0,378900000
2020-10-09,13.720102310180664,0.0,13.781412284485725,13.618419097926854,13.72433966527739,0.0,346892000
2020-10-12,14.181916236877441,0.0,14.3025415705262,13.869388259768023,13.946149317152287,0.0,434744000
2020-10-13,14.204097747802734,0.0,14.30403733801571,13.975309101440743,14.252198429188155,0.0,344604000
2020-10-14,14.051569938659668,0.0,14.29830242112498,13.916738977649695,14.246214431477437,0.0,276100000
2020-10-15,13.92671012878418,0.0,13.962348784110764,13.725086380494536,13.767953352964803,0.0,267224000
2020-10-16,13.76870059967041,0.0,14.07774039175941,13.749759423521498,13.99325283964249,0.0,242392000
2020-10-19,13.455923080444336,0.0,13.940167071941861,13.36520451854094,13.859916877432626,0.0,298068000
2020-10-20,13.603214263916016,0.0,13.756986404471803,13.4651432473735,13.54140612135768,0.0,229212000
2020-10-21,13.482839584350586,0.0,13.748763320474952,13.435736206877356,13.582779175429115,0.0,219596000
2020-10-22,13.319598197937012,0.0,13.56957078572013,13.190748181393985,13.480597733471686,0.0,290480000
2020-10-23,13.548136711120605,0.0,13.55112767335209,13.250063461704105,13.408321110787174,0.0,233484000
2020-10-26,13.100529670715332,0.0,13.650321090863187,12.99809823078355,13.385394622573953,0.0,336896000
2020-10-27,13.35523509979248,0.0,13.40034481317978,13.150620413716602,13.264765633930438,0.0,250520000
2020-10-28,12.587871551513672,0.0,13.218910396008537,12.569927679431007,13.157102246605223,0.0,376520000
2020-10-29,12.983640670776367,0.0,13.15186754873431,12.710489589909798,12.798715363998193,0.0,320080000
2020-10-30,12.495159149169922,0.0,12.896411055077888,12.261884079576626,12.810179890792627,0.0,416820000
2020-11-02,12.541766166687012,0.0,12.796972459300246,12.356591747437816,12.61852723013102,0.0,299652000
2020-11-03,12.979153633117676,0.0,13.064388441272703,12.563695145895855,12.669117520739826,0.0,272900000
2020-11-04,13.75150203704834,0.0,13.78464980363339,13.295669383040554,13.347757372361434,0.0,410228000
2020-11-05,14.116120338439941,0.0,14.294565548026274,13.947644368672051,14.11861312375407,0.0,319028000
2020-11-06,14.516876220703125,0.0,14.543542941145084,13.851943272038088,14.066027152955076,0.0,383348000
2020-11-09,13.588510513305664,0.0,14.64597345153763,13.568572984005263,14.507404247847195,0.0,582976000
2020-11-10,12.730427742004395,0.0,13.564334744395342,12.589116673777136,13.564334744395342,0.0,644068000
2020-11-11,13.376420021057129,0.0,13.393367538571804,12.908125296795578,13.013298590022384,0.0,404744000
2020-11-12,13.415051460266113,0.0,13.723343065028084,13.274737671002764,13.437232689082359,0.0,365812000
2020-11-13,13.255793571472168,0.0,13.626391425687618,13.018780286834454,13.585019939663628,0.0,346312000
2020-11-16,13.473370552062988,0.0,13.607204240267464,13.115233690207111,13.13168208255799,0.0,413776000
2020-11-17,13.380658149719238,0.0,13.554118761417424,13.262525590102628,13.51050452007365,0.0,312028000
2020-11-18,13.387138366699219,0.0,13.56358994238491,13.144144055179128,13.42352524132189,0.0,510924000
2020-11-19,13.398603439331055,0.0,13.445706821618874,13.059407748022466,13.17180842574458,0.0,565936000
2020-11-20,13.047192573547363,0.0,13.452681814970418,13.024512222080595,13.41230763297263,0.0,341088000
2020-11-23,13.099282264709473,0.0,13.341030162070899,12.975167790038975,13.130435427576792,0.0,361356000
2020-11-24,12.917593955993652,0.0,13.121210364508935,12.845069318637616,13.101771016021454,0.0,346500000
2020-11-25,13.19373893737793,0.0,13.228381241455414,12.979655050378856,12.99211612616632,0.0,259916000
2020-11-27,13.220152854919434,0.0,13.36595034788881,13.129684348278111,13.333550799371297,0.0,167276000
2020-11-30,13.359971046447754,0.0,13.370937590814925,12.932051446429709,13.223894627264986,0.0,286952000
2020-12-01,13.348508834838867,0.0,13.486828967158198,13.187259257531718,13.450442092292175,0.0,296948000
2020-12-02,13.50252914428711,0.0,13.631129114745079,13.193240254326906,13.309130061070027,0.0,283360000
2020-12-03,13.35843276977539,0.004,13.621692359204236,13.29162122454906,13.549395446698242,0.0,199520000
2020-12-04,13.520227432250977,0.0,13.521972516912324,13.35120243105214,13.410784471489588,0.0,202244000
2020-12-07,13.568592071533203,0.0,13.692743209564702,13.462141895080437,13.563107654973566,0.0,223244000
2020-12-08,13.312564849853516,0.0,13.560617048875113,13.2442564174415,13.546905529989491,0.0,271920000
2020-12-09,12.894488334655762,0.0,13.37638282728768,12.832163602712681,13.263201471655023,0.0,401300000
2020-12-10,12.935873985290527,0.0,13.032103781438378,12.81346791192631,12.832913961572821,0.0,207764000
2020-12-11,12.976757049560547,0.0,12.983488226921267,12.787040175578497,12.930885568917091,0.0,209264000
2020-12-14,13.271429061889648,0.0,13.351204645640843,13.040827735390105,13.05129824509495,0.0,270156000
2020-12-15,13.323033332824707,0.0,13.426242500782983,13.149770658003526,13.40206047490147,0.0,193016000
2020-12-16,13.205365180969238,0.0,13.399568888218685,13.175448623392954,13.384859771427013,0.0,223116000
2020-12-17,13.30383586883545,0.0,13.341978569105423,13.141542045726027,13.329263701682226,0.0,231384000
2020-12-18,13.234781265258789,0.0,13.367407711372202,13.033846398297575,13.341480601086888,0.0,342064000
2020-12-21,13.294862747192383,0.0,13.332507130400108,12.93113568684749,13.0380851445966,0.0,302332000
2020-12-22,13.241012573242188,0.0,13.299847130440972,13.017391613694233,13.281897959126036,0.0,185580000
2020-12-23,12.972765922546387,0.0,13.237770572010604,12.968528267498415,13.218823803267174,0.0,179144000
2020-12-24,12.957311630249023,0.0,13.095672613802039,12.902466511804553,13.000689591227811,0.0,97884000
2020-12-28,12.863822937011719,0.0,13.0258676033868,12.72745716825897,13.0258676033868,0.0,212564000
2020-12-29,12.906952857971191,0.0,13.03584092625599,12.806236260344338,12.888754523484122,0.0,170372000
2020-12-30,13.108885765075684,0.0,13.176694914698261,12.860584432443018,12.953821418799093,0.0,225396000
2020-12-31,13.018391609191895,0.0,13.114122125495019,12.878783853374811,13.09966312099612,0.0,192424000
2021-01-04,13.076727867126465,0.0,13.614216958333115,12.926151265819977,13.06750411712759,0.0,560640000
2021-01-05,13.367159843444824,0.0,13.405800875139692,13.050300910946934,13.063014829846537,0.0,322760000
2021-01-06,12.579126358032227,0.0,13.207858144830338,12.550706673589335,13.185421201480683,0.0,580424000
2021-01-07,13.306578636169434,0.0,13.34023452196622,12.850362120145352,12.93113434405788,0.0,461480000
2021-01-08,13.239519119262695,0.0,13.383364531567597,13.00542760762959,13.325029238416239,0.0,292528000
2021-01-11,13.583300590515137,0.0,13.92184894045649,13.32502709160105,13.381118966632627,0.0,518344000
2021-01-12,13.446935653686523,0.0,13.715929810060743,13.307578014456512,13.713934612043133,0.0,291476000
2021-01-13,13.493803024291992,0.0,13.586791799856059,13.347465053272895,13.452170148278045,0.0,210028000
2021-01-14,13.163229942321777,0.0,13.561609449275576,13.143535688218217,13.536929103411671,0.0,283120000
2021-01-15,12.82343864440918,0.0,13.287882305059432,12.812469810724464,13.190905033846901,0.0,277780000
2021-01-19,12.98872184753418,0.0,13.05727847139922,12.807979582435895,12.97974631151567,0.0,226188000
2021-01-20,13.328267097473145,0.0,13.392835229598887,13.020133648911958,13.074978758976377,0.0,258572000
2021-01-21,13.828611373901367,0.0,13.959992011036567,13.215834583904515,13.380870156744221,0.0,337780000
2021-01-22,13.674041748046875,0.0,13.802929780389878,13.589030937820478,13.70146477411984,0.0,246820000
2021-01-25,13.614964485168457,0.0,13.78972311761682,13.19938314491966,13.743104141428734,0.0,251112000
2021-01-26,13.397573471069336,0.0,13.606485325863583,13.34995690590269,13.542415511367036,0.0,163980000
2021-01-27,12.881525039672852,0.0,13.19564126498745,12.75787222578399,13.19289858121172,0.0,371272000
2021-01-28,13.014399528503418,0.0,13.302340407127636,12.924153447665297,12.959803578675862,0.0,228316000
2021-01-29,12.953325271606445,0.0,13.297358121285031,12.875294761380086,13.038336122658164,0.0,271552000
2021-02-01,13.199880599975586,0.0,13.2335355380806,12.866567471839382,13.01664572884835,0.0,217204000
2021-02-02,13.518735885620117,0.0,13.533942377591545,13.248245773552755,13.361178940193838,0.0,220440000
2021-02-03,13.492557525634766,0.0,13.892682206778403,13.478596845978661,13.597760947043264,0.0,245408000
2021-02-04,13.625934600830078,0.0,13.63515835107957,13.300350196724958,13.49305800983002,0.0,201340000
2021-02-05,13.552886009216309,0.0,13.698726599293336,13.507762965833473,13.686511005543283,0.0,169152000
2021-02-08,14.398256301879883,0.0,14.433157991032093,13.688751560400956,13.688751560400956,0.0,434624000
2021-02-09,14.223251342773438,0.0,14.542353649548263,14.182615117513894,14.300533397758027,0.0,287560000
2021-02-10,14.722845077514648,0.0,14.863200291058451,14.301281112966517,14.42268955667671,0.0,485352000
2021-02-11,15.207983016967773,0.0,15.229423311893008,14.883147095100519,14.938242328908395,0.0,450828000
2021-02-12,14.919294357299805,0.0,15.24836885971314,14.73356597486961,15.007795360880671,0.0,374756000
2021-02-16,15.287261962890625,0.0,15.329394120385409,14.908078251438178,15.02200806359255,0.0,321960000
2021-02-17,14.864198684692383,0.0,15.180808421709868,14.738551627972099,15.128454926659813,0.0,274756000
2021-02-18,14.787415504455566,0.0,14.83154095008502,14.53412713480313,14.687695554072727,0.0,233868000
2021-02-19,14.88464069366455,0.0,15.13443792178438,14.805114282360956,14.982365438062779,0.0,271724000
2021-02-22,14.315492630004883,0.0,15.090812459281109,14.284828587536415,14.7333173121364,0.0,325884000
2021-02-23,14.102340698242188,0.0,14.19881963343918,13.35195045937646,14.035777365455168,0.0,391780000
2021-02-24,14.45833969116211,0.0,14.466068467380678,13.717423274073871,14.083145503096832,0.0,448320000
2021-02-25,13.270181655883789,0.0,14.33443901715153,13.179188080871866,14.00611199836621,0.0,824436000
2021-02-26,13.676041603088379,0.0,13.815648400098299,13.323532538638371,13.713934197276801,0.0,500932000
2021-03-01,13.802932739257812,0.0,13.885949321001982,13.515241967729919,13.836089349362865,0.0,353184000
2021-03-02,13.368656158447266,0.0,13.881463899435085,13.358434810228255,13.861021202997064,0.0,264116000
2021-03-03,12.768842697143555,0.0,13.41377854511925,12.762859005310784,13.38859986982293,0.0,377592000
2021-03-04,12.335558891296387,0.0,12.938613575131294,12.049862368433251,12.764851636975537,0.0,573344000
2021-03-05,12.426554679870605,0.0,12.514806524253467,11.646497921681421,12.514806524253467,0.0,542840000
2021-03-08,11.560739517211914,0.0,12.436276664198935,11.534063968796627,12.41508648345778,0.0,543112000
2021-03-09,12.489448547363281,0.004,12.585710586701868,12.029582238014875,12.100407665853615,0.0,521824000
2021-03-10,12.437576293945312,0.0,12.948066572746527,12.42685292339801,12.808910100942292,0.0,384376000
2021-03-11,12.961533546447754,0.0,13.014154358534435,12.703170905345067,12.91814061708739,0.0,299916000
2021-03-12,12.824372291564941,0.0,12.857041851117744,12.559026896264074,12.617133067544048,0.0,243964000
2021-03-15,13.158799171447754,0.0,13.17426110970681,12.73584243101685,12.833102427316174,0.0,221988000
2021-03-16,13.258551597595215,0.0,13.479256868126042,13.084480431649451,13.323640516436615,0.0,272128000
2021-03-17,13.308426856994629,0.0,13.420150815607716,12.957541896819428,13.007668319701601,0.0,243864000
2021-03-18,12.691202163696289,0.0,13.151567029011133,12.685715853663865,13.104184222736647,0.0,293896000
2021-03-19,12.81414794921875,0.0,12.88971194628079,12.58147210380223,12.718633648966629,0.0,299208000
2021-03-22,13.153809547424316,0.0,13.361547266325193,12.874997152443814,12.880982909051182,0.0,297804000
2021-03-23,13.038595199584961,0.0,13.311671106919352,12.989216509091099,13.221643113543065,0.0,222048000
2021-03-24,12.611898422241211,0.0,13.126879078644556,12.60566436776516,13.118898385374361,0.0,245840000
2021-03-25,12.504411697387695,0.0,12.683470687202513,12.241809920894694,12.468750209276983,0.0,295144000
2021-03-26,12.807663917541504,0.0,12.82462229390924,12.343059962632033,12.523614443030619,0.0,363968000
2021-03-29,12.91639232635498,0.0,13.03036141169211,12.668753105695357,12.788706995004572,0.0,273520000
2021-03-30,12.840083122253418,0.0,12.943328859463614,12.673743402077953,12.81040644183664,0.0,200204000
2021-03-31,13.315415382385254,0.0,13.43736426710358,12.950564769063268,12.983483585628845,0.0,314776000
2021-04-01,13.777771949768066,0.0,13.835878123071739,13.47801034601489,13.5388611010894,0.0,308276000
2021-04-05,13.95308780670166,0.0,13.97952235961436,13.699213545574432,13.83338314774415,0.0,255672000
2021-04-06,13.827400207519531,0.0,14.019676015663661,13.739617343870526,13.96531045972212,0.0,191744000
2021-04-07,14.108704566955566,0.0,14.208457976713019,13.677767211137832,13.84660035897789,0.0,251284000
2021-04-08,14.281779289245605,0.0,14.435899213055192,14.213945783814793,14.217687357595498,0.0,244416000
2021-04-09,14.364572525024414,0.0,14.372553216225883,14.14012664417195,14.179030254374938,0.0,195172000
2021-04-12,15.17158317565918,0.0,15.314730471035531,14.104465091205773,14.254595135072282,0.0,869324000
2021-04-13,15.640925407409668,0.0,15.661375156600382,15.088537687934439,15.194027608780681,0.0,676212000
2021-04-14,15.23941421508789,0.0,15.68182263219377,15.190035536363814,15.586557599754693,0.0,385500000
2021-04-15,16.097551345825195,0.0,16.174361581809492,15.593044896398382,15.623968769706602,0.0,598480000
2021-04-16,15.873353004455566,0.0,16.12598008943115,15.826218501412095,16.01350646843604,0.0,335208000
2021-04-19,15.323957443237305,0.0,15.768611067379295,15.195524339740611,15.49827785931113,0.0,404420000
2021-04-20,15.133926391601562,0.0,15.458874387907025,14.926188677668558,15.285551919658973,0.0,334132000
2021-04-21,15.322708129882812,0.0,15.324703064581119,15.065093279320969,15.081552204077964,0.0,216776000
2021-04-22,14.813714027404785,0.0,15.40051690996713,14.747127727953261,15.337172736278623,0.0,277788000
2021-04-23,15.227694511413574,0.0,15.297272744454006,14.863592715745595,14.897508513089308,0.0,227500000
2021-04-26,15.439924240112305,0.0,15.440922183503426,15.087792922292177,15.14764574255184,0.0,197796000
2021-04-27,15.343911170959473,0.0,15.631950544714641,15.316727916455548,15.54017685609075,0.0,164572000
2021-04-28,15.239164352416992,0.0,15.494036539422423,15.178065311648293,15.326698895636149,0.0,209416000
2021-04-29,15.2870512008667,0.0,15.398525946792525,15.034424071797295,15.362115759293001,0.0,173196000
2021-04-30,14.972576141357422,0.0,15.327201831127287,14.96010708165607,15.13717115419707,0.0,201912000
2021-05-03,14.800249099731445,0.0,15.209240277723236,14.75112061320419,15.087789925219155,0.0,203912000
2021-05-04,14.315942764282227,0.0,14.601488646469987,13.975782087903074,14.60123939851099,0.0,405324000
2021-05-05,14.422931671142578,0.0,14.77705885779142,14.35210623381281,14.672815161485438,0.0,292024000
2021-05-06,14.487272262573242,0.0,14.535403762388006,14.183023228828954,14.459590514112755,0.0,193380000
2021-05-07,14.775811195373535,0.0,14.933920995149085,14.635656764528989,14.771821324795141,0.0,229328000
2021-05-10,14.230653762817383,0.0,14.769574480986956,14.214942578988863,14.750870418906874,0.0,268904000
2021-05-11,14.271056175231934,0.0,14.319436925882222,13.71617493345528,13.790990242826654,0.0,285584000
2021-05-12,13.724652290344238,0.0,14.225167908494997,13.675523802229213,13.97503424774267,0.0,303408000
2021-05-13,13.631631851196289,0.0,14.046110316134385,13.42588905794775,13.999225058319066,0.0,285404000
2021-05-14,14.207961082458496,0.0,14.292752013541277,13.714677433186372,13.855829803441582,0.0,258616000
2021-05-17,14.130650520324707,0.0,14.134391142572785,13.819418762550056,14.122171332609264,0.0,216980000
2021-05-18,13.981268882751465,0.0,14.368813321991661,13.969547568974676,14.231901032825663,0.0,186256000
2021-05-19,14.031147956848145,0.0,14.04486420754391,13.50993328439384,13.533125715779056,0.0,344000000
2021-05-20,14.576550483703613,0.0,14.647625156234405,14.235391865290197,14.267312727841873,0.0,321592000
2021-05-21,14.954865455627441,0.0,15.184549327625025,14.832916623918592,15.12644221431663,0.0,672992000
2021-05-24,15.573593139648438,0.0,15.706265365867367,15.13866492809838,15.17507511104745,0.0,554816000
2021-05-25,15.609253883361816,0.0,15.779583475638967,15.444410600364295,15.72721286252232,0.0,435408000
2021-05-26,15.661376953125,0.0,15.754896323009897,15.547907279022002,15.69554295501756,0.0,370440000
2021-05-27,15.449901580810547,0.0,15.711257180804965,15.421970578703597,15.661130735572767,0.0,581476000
2021-05-28,16.20453453063965,0.0,16.237454287840492,15.462864882329143,15.462864882329143,0.0,644536000
2021-06-01,16.224485397338867,0.0,16.347931629920918,15.864124228355527,16.22997265762719,0.0,472804000
2021-06-02,16.736974716186523,0.0,16.87713010157178,16.195560491961704,16.212269621300088,0.0,594168000
2021-06-03,16.928003311157227,0.0,17.21654307093119,16.54220545944608,16.659665958022718,0.0,580008000
2021-06-04,17.53500747680664,0.0,17.617552324507795,17.053445127711075,17.070401602049834,0.0,617120000
2021-06-07,17.575653076171875,0.0,17.768677543429288,17.150453185888143,17.528021981905518,0.0,575756000
2021-06-08,17.41405487060547,0.0,17.57814946975256,17.208560371373252,17.484131607589486,0.0,323848000
2021-06-09,17.319517135620117,0.004,17.535784584212863,17.21724683977424,17.476666914175155,0.0,381656000
2021-06-10,17.386117935180664,0.0,17.452969774393196,17.13767489675894,17.311286428414668,0.0,287772000
2021-06-11,17.78547477722168,0.0,17.89922071360538,17.40482582522779,17.44049548819086,0.0,416308000
2021-06-14,17.978540420532227,0.0,17.999244162607233,17.62333583892256,17.866042920276705,0.0,321376000
2021-06-15,17.74880599975586,0.0,17.9760485675202,17.688441808318867,17.87502480453141,0.0,243032000
2021-06-16,17.770503997802734,0.0,17.914682262565314,17.545257811678535,17.751048686283887,0.0,307124000
2021-06-17,18.615617752075195,0.0,18.79297075616805,17.71662916794355,17.73483795778775,0.0,809656000
2021-06-18,18.597152709960938,0.0,19.331759494633328,18.54252445774266,18.74207886537562,0.0,968856000
2021-06-21,18.386125564575195,0.0,18.495132769923824,17.782974818131443,18.394107132326592,0.0,672384000
2021-06-22,18.8446044921875,0.0,18.921434238935472,18.344972300218704,18.430282227083815,0.0,580144000
2021-06-23,19.014724731445312,0.0,19.11001257671834,18.865558432257274,18.96533567291674,0.0,332356000
2021-06-24,19.162641525268555,0.0,19.37666328306946,19.045652733544433,19.184842999806214,0.0,320924000
2021-06-25,18.988529205322266,0.0,19.302328151688936,18.85233442218494,19.237472677441232,0.0,278364000
2021-06-28,19.940401077270508,0.0,20.03394186005266,19.2758869909924,19.318042384046755,0.0,495436000
2021-06-29,19.982059478759766,0.0,20.05389740507961,19.613133627200476,19.838130514850587,0.0,367632000
2021-06-30,19.957862854003906,0.0,20.117505644957735,19.819422413072925,19.954619984922232,0.0,326568000
2021-07-01,20.166894912719727,0.0,20.410349886109096,19.974324818701906,20.08008916798285,0.0,480136000
2021-07-02,20.4412841796875,0.0,20.45949487196704,20.242479523162306,20.39463938213588,0.0,342764000
2021-07-06,20.652311325073242,0.0,20.795490483018398,20.304839002416227,20.69122385571064,0.0,446708000
2021-07-07,20.3262939453125,0.0,20.82842115434022,20.286633492945466,20.806969493155897,0.0,418428000
2021-07-08,19.858339309692383,0.0,20.08807493944189,19.65679038448507,19.812193120256214,0.0,503300000
2021-07-09,20.00550651550293,0.0,20.035440254937832,19.71016751816278,19.91795284925319,0.0,296624000
2021-07-12,20.466732025146484,0.0,20.486935258743095,20.142705728814533,20.194839054092,0.0,321984000
2021-07-13,20.204811096191406,0.0,20.41558998557854,20.06911490682044,20.354974593131452,0.0,290708000
2021-07-14,19.797224044799805,0.0,20.372188248728314,19.70867315158552,20.312322668503903,0.0,380100000
2021-07-15,18.923925399780273,0.0,19.802710619931563,18.816415909806356,19.76753957121302,0.0,550564000
2021-07-16,18.12047576904297,0.0,19.114253634630632,18.032672782425777,18.98803672242513,0.0,688224000
2021-07-19,18.737844467163086,0.0,18.99950826063208,17.82563325949376,17.87527352298777,0.0,749060000
2021-07-20,18.570465087890625,0.0,18.795960580206206,18.12346488761401,18.68820179026465,4.0,434687000
2021-07-21,19.366689682006836,0.0,19.48342919463294,18.700180942970537,18.83986794741702,0.0,371017000
2021-07-22,19.550275802612305,0.0,19.84262124158665,19.232984628727042,19.59816902543563,0.0,323826000
2021-07-23,19.51435661315918,0.0,19.656039936097546,19.207043356145515,19.612137498497777,0.0,195672000
2021-07-26,19.250947952270508,0.0,19.398616517231275,18.87179481933325,19.267910216356587,0.0,203943000
2021-07-27,19.165142059326172,0.0,19.57821787441653,18.699183100563786,19.22201408557832,0.0,248863000
2021-07-28,19.459476470947266,0.0,19.60215699543012,18.95261072554939,19.27588707854818,0.0,202191000
2021-07-29,19.61812400817871,0.0,19.808697767774508,19.28486780665784,19.475441566253632,0.0,190781000
2021-07-30,19.455490112304688,0.0,19.586196410986457,19.220016666249848,19.374669578351813,0.0,183497000
2021-08-02,19.705930709838867,0.0,19.91646033514249,19.31779876840227,19.65604303889912,0.0,217444000
2021-08-03,19.770782470703125,0.0,20.17687382086152,19.17710902193863,19.69594907533359,0.0,301811000
2021-08-04,20.228759765625,0.0,20.27266220607287,19.783753941478007,19.945393101365298,0.0,231309000
2021-08-05,20.590946197509766,0.0,20.686732636563846,20.296604434887584,20.454252790573072,0.0,211435000
2021-08-06,20.320552825927734,0.0,20.52409807521408,20.164900800366695,20.4782011954325,0.0,178497000
2021-08-09,20.249713897705078,0.0,20.462237955728927,20.098052643578864,20.400376028225207,0.0,146443000
2021-08-10,19.89151382446289,0.0,20.38441095043881,19.79073746939865,20.276652149351023,0.0,179238000
2021-08-11,19.655040740966797,0.0,20.004260090424093,19.386641917461688,19.998272961888595,0.0,185925000
2021-08-12,19.860586166381836,0.0,19.98430812711342,19.57622224617703,19.82566441499477,0.0,151652000
2021-08-13,20.1429500579834,0.0,20.168893013178696,19.806702182493282,19.860582533688213,0.0,183063000
2021-08-16,19.905485153198242,0.0,20.24173307870981,19.40959249424926,20.090071818954495,0.0,210876000
2021-08-17,19.414579391479492,0.0,19.72588343328819,19.224005625797794,19.641072122334368,0.0,204585000
2021-08-18,18.997512817382812,0.0,19.590187158874645,18.95760116460458,19.456485405778384,0.0,285913000
2021-08-19,19.753820419311523,0.0,20.449265542336242,18.720131086069024,19.45049795314663,0.0,766555000
2021-08-20,20.769550323486328,0.0,20.818440769765257,19.888521263811523,19.946390500496992,0.0,675741000
2021-08-23,21.90900230407715,0.0,21.947914836543376,20.903252170423478,20.92420521891241,0.0,575807000
2021-08-24,21.744367599487305,0.0,21.909997531385216,21.48694391201485,21.70445785017865,0.0,297299000
2021-08-25,22.163429260253906,0.0,22.419855713761294,21.673525742463315,21.688491659774787,0.0,347701000
2021-08-26,22.018756866455078,0.0,22.290149269083127,21.74137733496381,22.15046228289111,0.0,237940000
2021-08-27,22.585487365722656,0.0,22.671295897934026,22.1175340779144,22.134496340275508,0.0,304722000
2021-08-30,22.63736915588379,0.0,22.99157648068366,22.500675753070578,22.779052466422176,0.0,262580000
2021-08-31,22.3389892578125,0.004,22.648351539197673,22.07453455787261,22.648351539197673,0.0,259850000
2021-09-01,22.394872665405273,0.0,22.650346976918826,22.311045692279038,22.438782848035817,0.0,201767000
2021-09-02,22.349964141845703,0.0,22.546559703912333,22.2491719184046,22.47171310768264,0.0,187834000
2021-09-03,22.79604721069336,0.0,22.93875292763135,22.15436923092753,22.279112296634487,0.0,280532000
2021-09-07,22.61541748046875,0.0,22.851929824701582,22.475703964992363,22.786065507103327,0.0,198107000
2021-09-08,22.293079376220703,0.0,22.56352220177863,21.931822107945237,22.46672147869918,0.0,254434000
2021-09-09,22.13141441345215,0.0,22.491672425697235,22.08550944017978,22.266137144440457,0.0,196856000
2021-09-10,22.431795120239258,0.0,22.579489705395595,22.224222499927517,22.302061280830465,0.0,248376000
2021-09-13,22.10646629333496,0.0,22.916797475878276,21.81306999526155,22.637372339454643,0.0,297500000
2021-09-14,22.196279525756836,0.0,22.363933451036715,22.040600065099298,22.22921073103916,0.0,199755000
2021-09-15,22.295076370239258,0.0,22.321023900271747,21.920847204700245,22.2631425592537,0.0,166538000
2021-09-16,22.196279525756836,0.0,22.231207426856813,21.881926512429214,22.13740079198433,0.0,156033000
2021-09-17,21.854984283447266,0.0,22.275118448091163,21.78512847263095,22.25416170484627,0.0,294503000
2021-09-20,21.069599151611328,0.0,21.388941027272594,20.619526053194374,21.10253035461788,0.0,349440000
2021-09-21,21.20232582092285,0.0,21.380956807798107,20.906934767163182,21.372973831688537,0.0,204688000
2021-09-22,21.895896911621094,0.0,21.91485695580425,21.152427535281358,21.322078150480692,0.0,268726000
2021-09-23,22.4357852935791,0.0,22.488675841781284,21.845001277296493,22.094487365537624,0.0,248555000
2021-09-24,22.03561019897461,0.0,22.10347121162325,21.816063110959004,22.02463313008802,0.0,217655000
2021-09-27,21.615478515625,0.0,21.754192745335704,21.281168009429962,21.665374981095614,0.0,245215000
2021-09-28,20.65645408630371,0.0,21.37497539579323,20.60855241188065,21.1703968348254,0.0,343069000
2021-09-29,20.47482681274414,0.0,20.973799045887088,20.424928447373038,20.8969576569864,0.0,218394000
2021-09-30,20.673412322998047,0.0,21.02269318503222,20.64547000630952,20.725305468766397,0.0,221009000
2021-10-01,20.699365615844727,0.0,20.816123798789594,20.161472062841753,20.707348593286746,0.0,240978000
2021-10-04,19.69144058227539,0.0,20.499775067963235,19.51480436585159,20.461853071607546,0.0,345635000
2021-10-05,20.408964157104492,0.0,20.60555973549591,19.81319114034007,19.90899448692086,0.0,279282000
2021-10-06,20.657451629638672,0.0,20.677409072761147,20.038725210568696,20.07864390366975,0.0,297202000
2021-10-07,21.031679153442383,0.0,21.27817116327567,20.928890239898514,21.048642502901718,0.0,256919000
2021-10-08,20.788177490234375,0.0,21.16240660995784,20.732292851994423,21.057622913257926,0.0,151258000
2021-10-11,20.652456283569336,0.0,21.01969980396993,20.46883452336904,20.53270403754998,0.0,163388000
2021-10-12,20.628507614135742,0.0,21.013713821439726,20.485801919360195,20.785184469191023,0.0,162134000
2021-10-13,20.89595603942871,0.0,20.9468517954333,20.670420782566904,20.874999299325843,0.0,180652000
2021-10-14,21.70130157470703,0.0,21.710281948455567,21.078583653114016,21.24424280701027,0.0,243589000
2021-10-15,21.817066192626953,0.0,21.885924619456414,21.617478397899593,21.765173023380722,0.0,226994000
2021-10-18,22.176321029663086,0.0,22.245179438302365,21.599508134493956,21.70429374523038,0.0,189494000
2021-10-19,22.244184494018555,0.0,22.333000354248618,21.991704268986588,22.23021142807593,0.0,161473000
2021-10-20,22.057567596435547,0.0,22.38688920042201,21.936816024402503,22.259152047447255,0.0,146276000
2021-10-21,22.645353317260742,0.0,22.664315265498782,22.03760593572372,22.051577096140026,0.0,187590000
2021-10-22,22.679288864135742,0.0,23.08245781345406,22.51462899454063,22.77608961237726,0.0,249384000
2021-10-25,23.118383407592773,0.0,23.306994101972588,22.72319746404904,22.92577932097551,0.0,230235000
2021-10-26,24.66619110107422,0.0,25.207078693379014,23.874821912832736,23.939688832608766,0.0,485898000
2021-10-27,24.400739669799805,0.0,25.038426104852544,24.23208643543216,24.42369310756561,0.0,245990000
2021-10-28,24.889732360839844,0.0,24.89871463743383,24.472592314193292,24.82686213496586,0.0,234204000
2021-10-29,25.514440536499023,0.0,25.656148820511262,24.948606699958546,24.949604096039383,0.0,292503000
2021-11-01,25.77391242980957,0.0,25.84077414831852,25.17514534532995,25.59627881018903,0.0,265740000
2021-11-02,26.346731185913086,0.0,26.62316223217399,25.746966723249745,25.768922765601214,0.0,294112000
2021-11-03,26.543325424194336,0.0,26.72894390976585,26.18107263291449,26.615177925392462,0.0,239910000
2021-11-04,29.739744186401367,0.0,31.300528538400503,27.062258570177605,27.173030468903853,0.0,1153631000
2021-11-05,29.69084358215332,0.0,31.335454820246646,29.34954562668809,30.124948877614052,0.0,851260000
2021-11-08,30.74068260192871,0.0,31.03607369583626,29.8455251398631,30.08702828256524,0.0,503101000
2021-11-09,30.593982696533203,0.0,32.243586659600666,29.9024083019337,32.215644336725056,0.0,646746000
2021-11-10,29.39844512939453,0.0,30.786586602763936,28.718845203917095,29.29565811512244,0.0,636206000
2021-11-11,30.32752799987793,0.0,30.527117630014917,29.715789152575233,30.40536867893391,0.0,332172000
2021-11-12,30.32752799987793,0.0,30.61693277323378,29.569090070156268,29.948309986730987,0.0,413054000
2021-11-15,29.96328353881836,0.0,30.581010672915156,29.186882831682748,30.4892007220748,0.0,384909000
2021-11-16,30.140911102294922,0.0,30.327526962300034,29.644933039246503,29.69782548858273,0.0,264484000
2021-11-17,29.200857162475586,0.0,30.44629314275207,28.74080425174663,30.355478674952344,0.0,428508000
2021-11-18,31.609893798828125,0.0,32.69266275409548,31.256621326269865,32.30047278795472,0.0,781711000
2021-11-19,32.917198181152344,0.0,33.01998709870693,31.839418254930216,32.17672282311157,0.0,533867000
2021-11-22,31.890316009521484,0.0,34.57578482836839,31.834431357319282,33.44810639994247,0.0,754335000
2021-11-23,31.680744171142578,0.0,32.29348237107467,30.81652316774115,31.470177454770493,0.0,532163000
2021-11-24,32.606834411621094,0.0,32.78746210050022,30.864423237348433,31.39632853521681,0.0,435162000
2021-11-26,31.438241958618164,0.0,32.64275964880542,31.28555659079967,32.53298515826952,0.0,283069000
2021-11-29,33.30739212036133,0.0,33.34331741870342,31.97014645706555,32.29946994005568,0.0,454964000
2021-11-30,32.60882568359375,0.0,33.28443590404543,31.798496565026007,33.100812239560405,0.0,622066000
2021-12-01,31.374225616455078,0.004,33.22464323996772,31.31933164435788,33.15477887681169,0.0,484368000
2021-12-02,32.06388854980469,0.0,32.41520919739524,30.96501733909854,31.153653016640646,0.0,472890000
2021-12-03,30.633663177490234,0.0,32.06688783545897,30.07174997453315,31.9381356119685,0.0,544325000
2021-12-06,29.978925704956055,0.0,30.18252985019902,27.98379011741207,29.822227763677287,0.0,658938000
2021-12-07,32.36431121826172,0.0,32.38627185620061,30.59174545827344,30.8971555680558,0.0,593053000
2021-12-08,31.764467239379883,0.0,32.22757083379196,31.360249588511806,31.937133093041922,0.0,475551000
2021-12-09,30.43105125427246,0.0,32.142737576964656,30.369170849219458,31.672645621504326,0.0,488507000
2021-12-10,30.13961410522461,0.0,31.24447414372459,29.803265779189793,31.08977314072366,0.0,488825000
2021-12-13,28.106555938720703,0.0,30.23543355753482,28.061642860593963,30.19052047940808,0.0,598344000
2021-12-14,28.28221321105957,0.0,28.62255352658214,27.1973149206465,27.645446231268327,0.0,667035000
2021-12-15,30.400115966796875,0.0,30.441037070657124,27.784182622942243,28.345096432600926,0.0,698297000
2021-12-16,28.33211898803711,0.0,31.0997587062086,28.038688652907197,31.091774751196695,0.0,707366000
2021-12-17,27.74725341796875,0.0,28.866086498078595,27.706332317032363,27.930897709289578,0.0,713758000
2021-12-20,27.66541290283203,0.0,28.089590522332035,27.092523165777568,27.25221369808307,0.0,461847000
2021-12-21,29.01879119873047,0.0,29.06370427813322,27.348025787144877,28.319146201461134,0.0,524385000
2021-12-22,29.343158721923828,0.0,29.497859735844237,28.393997137740122,28.835143931093477,0.0,395184000
2021-12-23,29.58269500732422,0.0,30.00088555963705,29.374099442198006,29.697472444063603,0.0,343022000
2021-12-27,30.88516616821289,0.0,31.026891802908334,29.58268913888967,29.602650924882987,0.0,403686000
2021-12-28,30.263376235961914,0.0,31.26942679962951,29.953974216379613,31.25146195093205,0.0,420591000
2021-12-29,29.942995071411133,0.0,30.488938376760974,29.309222561431618,30.214470446589925,0.0,343139000
2021-12-30,29.5288028717041,0.0,30.398119287491273,29.482892273989112,29.769336178213297,0.0,308864000
2021-12-31,29.354135513305664,0.0,29.971940112811122,29.274290262971935,29.616627511446417,0.0,266530000
2022-01-03,30.06276512145996,0.0,30.651624582903967,29.727414293582168,29.75735697767053,0.0,391547000
2022-01-04,29.23337173461914,0.0,30.40909369115047,28.294191075815277,30.218462985082912,0.0,527154000
2022-01-05,27.55063247680664,0.0,29.359129558729837,27.479770596008006,28.893031463942076,0.0,498064000
2022-01-06,28.12352180480957,0.0,28.38301936449731,27.012674649326257,27.586561835852063,0.0,454186000
2022-01-07,27.194326400756836,0.0,28.36705605710548,27.00469317182625,28.08659914346598,0.0,409939000
2022-01-10,27.34702491760254,0.0,27.415891757825346,25.594419420833177,26.52960811483407,0.0,594681000
2022-01-11,27.76321792602539,0.0,28.010739538240262,26.78711005956988,27.27017354560003,0.0,404089000
2022-01-12,27.944869995117188,0.0,28.539716512904818,27.55462517038909,28.01273741876915,0.0,383413000
2022-01-13,26.52362060546875,0.0,28.42493625647017,26.446767908799874,28.324131697586143,0.0,540171000
2022-01-14,26.88991355895996,0.0,27.144421643836736,26.15932835464321,26.24915451358075,0.0,395832000
2022-01-18,25.852920532226562,0.0,26.586500135365398,25.720178245364497,26.209230679570027,0.0,424270000
2022-01-19,25.018535614013672,0.0,26.49168179020978,25.003565223757168,26.02858007768311,0.0,488315000
2022-01-20,24.10330581665039,0.0,25.52954371114921,24.031444525420937,25.255075801849063,0.0,435181000
2022-01-21,23.328813552856445,0.0,24.775011728644085,23.218028078937195,23.46155585638915,0.0,718958000
2022-01-24,23.326812744140625,0.0,23.334796698374127,20.847616010504623,22.286827510617645,0.0,913982000
2022-01-25,22.280839920043945,0.0,22.898644579433583,21.957466910396736,22.502410844337714,0.0,664616000
2022-01-26,22.72797393798828,0.0,24.010489477432596,22.256886340278513,23.195069558309832,0.0,755959000
2022-01-27,21.90157699584961,0.0,23.948612493124184,21.633096035086837,23.522437945377376,0.0,573353000
2022-01-28,22.795846939086914,0.0,22.813811792060246,21.254831102829137,21.96944656936075,0.0,543774000
2022-01-31,24.43865966796875,0.0,24.461615916333805,23.007432099177755,23.13717992402368,0.0,564680000
2022-02-01,24.590368270874023,0.0,25.09638806614209,23.843813269742828,25.05546696522535,0.0,518925000
2022-02-02,25.193201065063477,0.0,25.76708829461429,24.505532004420324,25.74413394762899,0.0,543419000
2022-02-03,23.901700973510742,0.0,25.02851797372646,23.734026501108175,24.410715212297134,0.0,410178000
2022-02-04,24.271982192993164,0.0,24.58737122731306,23.58631015608026,23.925652956622258,0.0,354829000
2022-02-07,24.680191040039062,0.0,25.133311835992746,24.15520704406836,24.324878438884706,0.0,376868000
2022-02-08,25.059459686279297,0.0,25.181223570518206,23.93364013673913,24.311907144504435,0.0,410359000
2022-02-09,26.65337371826172,0.0,26.673335511065854,25.30398812548044,25.5724671951491,0.0,524282000
2022-02-10,25.774076461791992,0.0,26.87294784160419,25.55051047315788,25.944747316228323,0.0,513200000
2022-02-11,23.902698516845703,0.0,26.10144045086066,23.727040089477473,25.865896651576726,0.0,605472000
2022-02-14,24.220083236694336,0.0,24.826907552973196,23.709072083831487,23.887726864389506,0.0,440424000
2022-02-15,26.443775177001953,0.0,26.49367774510804,24.73608279745119,24.900762795130042,0.0,699869000
2022-02-16,26.459745407104492,0.0,26.530609192134296,25.502599827448215,26.208233700505765,0.0,732676000
2022-02-17,24.459617614746094,0.0,25.73514658054274,24.118279789032503,25.580445575519956,0.0,810595000
2022-02-18,23.596290588378906,0.0,24.93769195223297,23.05533867775434,24.620305983753607,0.0,761255000
2022-02-22,23.344776153564453,0.0,24.01747279961412,22.955530805597544,22.990462982791453,0.0,633422000
2022-02-23,22.34371566772461,0.0,24.108298935289074,22.257883403820344,23.755980792771823,0.0,566511000
2022-02-24,23.70208740234375,0.0,23.753986916908737,20.849612945501377,20.974371284148294,0.0,735801000
2022-02-25,24.110292434692383,0.0,24.17017589267423,23.335793746656655,23.675136514655122,0.0,528866000
2022-02-28,24.337854385375977,0.0,24.617313720025166,23.661165729918974,23.945614559981106,0.0,477319000
2022-03-01,23.431608200073242,0.0,24.32986963799387,23.08727591797761,24.2440354711342,0.0,412056000
2022-03-02,24.177291870117188,0.004,24.365959685395882,23.373712936549165,23.714111250736686,0.0,389642000
2022-03-03,23.672183990478516,0.0,24.28310431664372,23.42761517996613,24.219216091275733,0.0,365095000
2022-03-04,22.895557403564453,0.0,23.63824497847324,22.44235747690305,23.342767392238667,0.0,431415000
2022-03-07,21.31435203552246,0.0,22.992389803663198,21.292391465045675,22.776769140858917,0.0,450821000
2022-03-08,21.476064682006836,0.0,22.333549276082426,20.613587838111286,21.271426231053603,0.0,557467000
2022-03-09,22.973419189453125,0.0,23.179055323683137,22.207771447985007,22.34752397571556,0.0,492742000
2022-03-10,22.6180477142334,0.0,22.7478176453068,21.843415073164238,22.49127084816649,0.0,428066000
2022-03-11,22.061031341552734,0.0,23.104188764046526,22.00712570703421,22.981404553858948,0.0,367209000
2022-03-14,21.292387008666992,0.0,22.222742745585133,21.12168901899386,21.830436104622745,0.0,385354000
2022-03-15,22.9324951171875,0.0,22.997381046653096,21.28440697905285,21.480060551982945,0.0,491996000
2022-03-16,24.45280647277832,0.0,24.553628211845854,23.131141677093435,23.45856243097872,0.0,671422000
2022-03-17,24.722332000732422,0.0,24.798196302698308,23.863847789795177,24.077471154131192,0.0,471941000
2022-03-18,26.406352996826172,0.0,26.5221495744112,24.5805796111346,24.755270261820684,0.0,730719000
2022-03-21,26.686861038208008,0.0,27.10412518053831,25.921213238309566,26.460262007525532,0.0,591727000
2022-03-22,26.477231979370117,0.0,27.189973726396275,26.02602929912915,26.679873158121083,0.0,547007000
2022-03-23,25.58879852294922,0.0,26.56507268180156,25.529902546610163,26.079929619211555,0.0,502120000
2022-03-24,28.100364685058594,0.0,28.270065012059774,25.861319580253287,26.11986368042065,0.0,877379000
2022-03-25,27.643171310424805,0.0,28.307997346511723,27.22291411401015,27.83682948218481,0.0,579016000
2022-03-28,28.169240951538086,0.0,28.200186425941997,27.158026699534492,27.7070580201299,0.0,425494000
2022-03-29,28.605470657348633,0.0,28.894958306684245,27.930662062478252,28.644401446440966,0.0,488984000
2022-03-30,27.641176223754883,0.0,28.445754802964743,27.454505676769504,28.254093909967974,0.0,463487000
2022-03-31,27.237884521484375,0.0,28.198188071817484,27.22191389271316,27.733010189112925,0.0,523440000
2022-04-01,26.664897918701172,0.0,27.44751586683608,26.220682903584812,27.32672893992416,0.0,517235000
2022-04-04,27.31175994873047,0.0,27.509410792991396,26.5660773046545,26.680874310241915,0.0,397120000
2022-04-05,25.88527488708496,0.0,27.270827874661148,25.774470555611817,27.205941957892414,0.0,436615000
2022-04-06,24.36396026611328,0.0,25.2553851988912,23.960673350227694,24.890031380399478,0.0,703833000
2022-04-07,24.165315628051758,0.0,24.6784092608977,23.436603251438946,24.397904594724462,0.0,557992000
2022-04-08,23.078237533569336,0.0,23.880820824954892,23.021338824397546,23.874830885888688,0.0,524781000
2022-04-11,21.87835121154785,0.0,22.280640436406088,21.62180443778006,22.174828362922163,0.0,575207000
2022-04-12,21.466079711914062,0.0,22.684927279513232,21.244471063259667,22.497259071532707,0.0,662258000
2022-04-13,22.163846969604492,0.0,22.460324131590653,21.417166779097364,21.689686094459127,0.0,516943000
2022-04-14,21.220518112182617,0.0,22.736840873608053,21.125686298057552,22.465319189569,0.0,569097000
2022-04-18,21.744586944580078,0.0,22.049047482223045,21.04182796602704,21.162614873714208,0.0,525701000
2022-04-19,22.158857345581055,0.0,22.33354799958623,21.276415360813395,21.681699582090733,0.0,512781000
2022-04-20,21.444122314453125,0.0,22.630027304843697,21.16261996089313,22.477297203232133,0.0,468974000
2022-04-21,20.147411346435547,0.0,22.352515792807566,19.964733471590826,21.670719581173074,0.0,656209000
2022-04-22,19.480588912963867,0.0,20.44987743487539,19.465615971491907,20.26719955217862,0.0,624713000
2022-04-25,19.86690902709961,0.0,19.90983247795217,19.062330417825684,19.1681425122934,0.0,641566000
2022-04-26,18.754873275756836,0.0,19.753110084844213,18.637081301820754,19.683233812845796,0.0,653143000
2022-04-27,18.38252830505371,0.0,19.133201147980134,18.257748727324,18.565204266444386,0.0,499460000
2022-04-28,19.747121810913086,0.0,20.001673284922614,18.457399927623086,18.933558209802335,0.0,570327000
2022-04-29,18.51429557800293,0.0,20.092507058531055,18.484347793800964,19.367787435913748,0.0,500435000
2022-05-02,19.49855613708496,0.0,19.539482298603552,18.358569760292387,18.508304867075665,0.0,572049000
2022-05-03,19.567434310913086,0.0,19.79004256378469,19.099261454041525,19.36579084051425,0.0,475751000
2022-05-04,20.29814338684082,0.0,20.364026989571897,18.717934609583033,19.887868830192616,0.0,648855000
2022-05-05,18.810771942138672,0.0,19.889865173375625,18.467378659821374,19.83196878609108,0.0,626331000
2022-05-06,18.642072677612305,0.0,19.477596826336676,17.958280958741344,18.702965948851222,0.0,633297000
2022-05-09,16.92011260986328,0.0,18.222809887329202,16.79732840064044,18.00220081323754,0.0,644455000
2022-05-10,17.563974380493164,0.0,18.16591176162213,16.994979755458832,17.657808494966158,0.0,761474000
2022-05-11,16.600675582885742,0.0,17.72169650040984,16.538786536925784,17.316412260690328,0.0,670167000
2022-05-12,16.1464786529541,0.0,16.758398648288527,15.53955185958914,16.19040169441591,0.0,708728000
2022-05-13,17.674776077270508,0.0,17.896384717582276,16.56373981104597,16.758395637485194,0.0,670437000
2022-05-16,17.233556747436523,0.0,17.75663289781755,17.07583632290922,17.478125554261457,0.0,521446000
2022-05-17,18.14494514465332,0.0,18.338603271908426,17.602903449160152,18.042126144063122,0.0,585830000
2022-05-18,16.908130645751953,0.0,18.086050095832512,16.834261734064153,17.673778288304316,0.0,545161000
2022-05-19,17.09380531311035,0.0,17.655812285056605,16.704491716469843,16.90713478134416,0.0,621310000
2022-05-20,16.66456413269043,0.0,17.379301231839957,15.727219718341468,17.301439650730654,0.0,739105000
2022-05-23,16.868202209472656,0.0,16.885172429110426,16.150470255550008,16.245302043892696,0.0,639889000
2022-05-24,16.125513076782227,0.0,16.567732674703276,15.752172998727668,16.480886198685138,0.0,588550000
2022-05-25,16.945068359375,0.0,17.08082823067403,15.971787196303193,15.991752387255069,0.0,781132000
2022-05-26,17.819522857666016,0.0,18.06009712140226,15.993747492579688,16.00772274521179,0.0,996575000
2022-05-27,18.77783203125,0.0,18.84770829801262,18.068085271445213,18.15393407231878,0.0,738379000
2022-05-31,18.639076232910156,0.0,19.166145079805915,18.317643518254673,18.946531790942434,0.0,664100000
2022-06-01,18.287694931030273,0.0,19.01940218977042,18.09004412210462,18.690983767171357,0.0,544514000
2022-06-02,19.55745506286621,0.0,19.584407883815693,18.165913818116607,18.259747943212208,0.0,648656000
2022-06-03,18.68699073791504,0.0,19.297913027935877,18.489339912786797,19.04835384760268,0.0,598779000
2022-06-06,18.75287437438965,0.0,19.302903402711614,18.53126570006665,19.10525257728722,0.0,422406000
2022-06-07,18.892627716064453,0.0,18.96649663523193,18.15592818906813,18.439427797960548,0.0,388914000
2022-06-08,18.619056701660156,0.004,19.15023056017206,18.50623122330773,18.76982140154583,0.0,363252000
2022-06-09,18.019981384277344,0.0,18.903607678210435,18.012992282026815,18.452309729129784,0.0,395574000
2022-06-10,16.947654724121094,0.0,17.669532092614485,16.842816252604898,17.572682529347194,0.0,465248000
2022-06-13,15.622711181640625,0.0,16.286678851618216,15.581774461064812,15.975162900820372,0.0,604153000
2022-06-14,15.811418533325195,0.0,16.041061051837058,15.388075961207294,15.706581027600341,0.0,469680000
2022-06-15,16.5013427734375,0.0,16.841812985437524,15.901275022625464,16.07001232783044,0.0,563936000
2022-06-16,15.5767822265625,0.0,15.917253444550337,15.37709287922616,15.835380002777606,0.0,545749000
2022-06-17,15.855352401733398,0.0,15.970173679066958,15.304209127899398,15.623712143851597,0.0,630334000
2022-06-21,16.540285110473633,0.0,16.98159844424935,16.381531524997932,16.44942676298862,0.0,483089000
2022-06-22,16.3346004486084,0.0,16.63613161603984,16.15487960777826,16.200807716945178,0.0,437135000
2022-06-23,16.199813842773438,0.0,16.559253709347978,15.828390615966093,16.493356178297404,0.0,463680000
2022-06-24,17.099414825439453,0.0,17.113393032351116,16.2846815144393,16.47438711137464,0.0,472153000
2022-06-27,16.84281349182129,0.0,17.303098316739902,16.60019067372971,17.285126608804937,0.0,427968000
2022-06-28,15.957192420959473,0.0,17.175298000307446,15.92024919879893,16.873766731644636,0.0,461149000
2022-06-29,15.517875671386719,0.0,15.795444040528261,15.146453345274413,15.789453787872143,0.0,482352000
2022-06-30,15.135470390319824,0.0,15.542837079558034,14.83893146631367,15.337156508002591,0.0,686070000
2022-07-01,14.500454902648926,0.0,15.039616592506377,14.369658695440403,14.875871620652088,0.0,577610000
2022-07-05,14.94077205657959,0.0,14.94776116044216,14.033183597161376,14.152997214317173,0.0,651397000
2022-07-06,15.106513023376465,0.0,15.29521975828279,14.766041819442789,14.986699419920392,0.0,529066000
2022-07-07,15.83338451385498,0.0,15.920249363063476,15.365112647572856,15.432009036553442,0.0,492903000
2022-07-08,15.813416481018066,0.0,16.012107950332496,15.365113062847506,15.406049788102415,0.0,467972000
2022-07-11,15.12847900390625,0.0,15.502896867323374,15.014655653490305,15.501898015957396,0.0,437321000
2022-07-12,15.058588981628418,0.0,15.407047229010848,14.85390726583204,15.244300136553319,0.0,458483000
2022-07-13,15.140460968017578,0.0,15.35113388131245,14.442546597436209,14.567352563950944,0.0,521918000
2022-07-14,15.348137855529785,0.0,15.448980906104412,14.705137480469018,15.084547722465837,0.0,456235000
2022-07-15,15.737532615661621,0.0,15.757501074374188,15.421024308590031,15.63469281563619,0.0,385935000
2022-07-18,16.076007843017578,0.0,16.870771818679195,15.977162485969991,16.276696063894367,0.0,670517000
2022-07-19,16.965625762939453,0.0,17.083442634965255,16.146898863611145,16.460410653190557,0.0,702366000
2022-07-20,17.77935791015625,0.0,17.90516367987839,16.774920881624166,16.920694158582595,0.0,760538000
2022-07-21,18.0219783782959,0.0,18.115832315371943,17.517763179344158,17.85723551494267,0.0,557049000
2022-07-22,17.292116165161133,0.0,17.93910909409701,17.110397569443286,17.865224557589684,0.0,536671000
2022-07-25,16.99757194519043,0.0,17.097417085099938,16.623154098820503,16.992578640781748,0.0,480748000
2022-07-26,16.50733757019043,0.0,16.8927380811664,16.452422639321977,16.862783963132348,0.0,397865000
2022-07-27,17.762386322021484,0.0,17.908159601580824,16.886746840994853,17.005561604819313,0.0,569776000
2022-07-28,17.95608139038086,0.0,18.111839357420962,17.4129271606502,17.947096489128917,0.0,474646000
2022-07-29,18.134807586669922,0.0,18.21568123422587,17.66453800022714,17.785350474084527,0.0,435460000
2022-08-01,18.41237449645996,0.0,18.816746510993376,17.9620743588274,18.153775758484443,0.0,476469000
2022-08-02,18.497243881225586,0.0,18.90860504923339,18.063917500461706,18.09387162144665,0.0,489527000
2022-08-03,18.863672256469727,0.0,18.938556596561604,18.108845268842018,18.15577319490234,0.0,418146000
2022-08-04,19.1851749420166,0.0,19.24408337841175,18.730881261788387,18.819743818251403,0.0,409652000
2022-08-05,18.95952606201172,0.0,19.199153311398565,18.63702746035856,18.78080304823543,0.0,386068000
2022-08-08,17.765378952026367,0.0,18.2106876713627,17.215235587063688,17.474832214042483,0.0,981859000
2022-08-09,17.059478759765625,0.0,17.41991845975433,16.698041160487055,17.22522145250511,0.0,668263000
2022-08-10,18.068910598754883,0.0,18.089877911887235,17.290120601578668,17.67052974485206,0.0,597422000
2022-08-11,17.914146423339844,0.0,18.67796013862692,17.84824889643112,18.10285410298937,0.0,509327000
2022-08-12,18.67995834350586,0.0,18.688945150127985,17.925131336436703,18.131810749254285,0.0,478094000
2022-08-15,19.002456665039062,0.0,19.134251734089823,18.584108348581022,18.67197109315223,0.0,457666000
2022-08-16,18.84969711303711,0.0,19.112289391272842,18.472283557883394,18.890633841490313,0.0,451240000
2022-08-17,18.30653953552246,0.0,18.658992249502052,18.116835824302285,18.494249352454208,0.0,446799000
2022-08-18,18.74386215209961,0.0,18.835718409468257,18.15477776988283,18.272594646326187,0.0,415447000
2022-08-19,17.8212947845459,0.0,18.491252751209018,17.742416940160584,18.37742938799248,0.0,441588000
2022-08-22,17.007558822631836,0.0,17.530745594391743,16.93966358559003,17.462850357349936,0.0,409593000
2022-08-23,17.154329299926758,0.0,17.437888836392574,16.94365639819852,16.962627909583983,0.0,369986000
2022-08-24,17.19526481628418,0.0,17.378979191278322,16.868772783841155,16.985589828451506,0.0,522661000
2022-08-25,17.88519287109375,0.0,17.919140487325382,16.806869484666464,16.81785208888546,0.0,770691000
2022-08-26,16.234760284423828,0.0,17.89617686185633,16.21179527063193,17.82928142778485,0.0,769127000
2022-08-29,15.776471138000488,0.0,16.312637235028117,15.742524473597898,15.99513199090072,0.0,496132000
2022-08-30,15.443988800048828,0.0,16.01410156014586,15.158432518208786,15.93522467499421,0.0,530181000
2022-08-31,15.070568084716797,0.0,15.515875817701323,14.935777428871644,15.360117853461658,0.0,573710000
2022-09-01,13.91536808013916,0.0,14.357680321549397,13.249403541245552,14.18694525781563,0.0,1178865000
2022-09-02,13.625816345214844,0.0,14.149002165812359,13.569902564470526,14.078113230868253,0.0,743157000
2022-09-06,13.444098472595215,0.0,13.757611180820414,13.330275114521564,13.709685355906469,0.0,535751000
2022-09-07,13.696781158447266,0.004,13.820626019078334,13.329243169761526,13.545970723388965,0.0,512657000
2022-09-08,13.972434043884277,0.0,13.990412045199538,13.352214429237836,13.442100625906576,0.0,624873000
2022-09-09,14.368936538696289,0.0,14.455827199487729,14.108264556321975,14.139224819065335,0.0,486612000
2022-09-12,14.486785888671875,0.0,14.528732965535994,14.18017123484447,14.350956986689939,0.0,484159000
2022-09-13,13.11451244354248,0.0,13.904519639420537,13.082553033818995,13.784670424242124,0.0,714956000
2022-09-14,13.111516952514648,0.0,13.273313250736237,12.896786750675185,13.237358200305806,0.0,588507000
2022-09-15,12.912765502929688,0.0,13.21638368394048,12.773940100304305,12.998657958319333,0.0,523625000
2022-09-16,13.181428909301758,0.0,13.195411270329165,12.601158069233653,12.726001122679447,0.0,670751000
2022-09-19,13.365198135375977,0.0,13.446096763090381,12.99366546083005,12.995662804943986,0.0,569685000
2022-09-20,13.159457206726074,0.0,13.466071929007782,13.040607129076797,13.198408752850991,0.0,524818000
2022-09-21,13.24435043334961,0.0,14.013384151989733,13.0935399916861,13.196411314775915,0.0,807679000
2022-09-22,12.545228004455566,0.0,13.132489995982901,12.412395581267017,13.053588717680212,0.0,759162000
2022-09-23,12.500286102294922,0.0,12.595167097596889,12.241611449028817,12.404406911108035,0.0,663309000
2022-09-26,12.212646484375,0.0,12.643106039060946,12.198664123420288,12.475316755127498,0.0,547343000
2022-09-27,12.397416114807129,0.0,12.720010556369783,12.242610977387256,12.491297964661168,0.0,553854000
2022-09-28,12.720009803771973,0.0,12.806900467165594,12.338489441525518,12.394418888771625,0.0,542414000
2022-09-29,12.204656600952148,0.0,12.48430476090285,11.93100047295723,12.432370007378605,0.0,532763000
2022-09-30,12.123757362365723,0.0,12.617137495774331,12.05983759570121,12.071822611480606,0.0,565638000
2022-10-03,12.49629020690918,0.0,12.662082145584952,12.089800688912364,12.331497416498822,0.0,547478000
2022-10-04,13.150466918945312,0.0,13.203400820052057,12.862828434100942,12.862828434100942,0.0,584182000
2022-10-05,13.192415237426758,0.0,13.304275082018679,12.60515414886924,12.89479000485159,0.0,507131000
2022-10-06,13.113513946533203,0.0,13.63885351819357,13.086547421310968,13.203401093971486,0.0,644157000
2022-10-07,12.060840606689453,0.0,12.654094791629529,12.006908494647366,12.489301962479509,0.0,672478000
2022-10-10,11.655348777770996,0.0,12.108778315761493,11.393677626274178,12.021887648057012,0.0,698699000
2022-10-11,11.571453094482422,0.0,11.831125915365966,11.268833090820673,11.546483912922639,0.0,667482000
2022-10-12,11.485559463500977,0.0,11.720264031385222,11.330754363512508,11.564460735722209,0.0,492590000
2022-10-13,11.94498348236084,0.0,12.062835356186497,10.799423302844042,10.95722491597618,0.0,850103000
2022-10-14,11.212903022766113,0.0,12.095792850477494,11.189932138993667,12.0418607547837,0.0,713432000
2022-10-17,11.87307357788086,0.0,11.93299866407715,11.502540049196641,11.503538245021701,0.0,580774000
2022-10-18,11.951974868774414,0.0,12.47631532526222,11.603413077767147,12.328501382530158,0.0,659362000
2022-10-19,12.035868644714355,0.0,12.334493965352559,11.819141098000895,11.864084673089435,0.0,523131000
2022-10-20,12.178689002990723,0.0,12.752966821066378,12.089800053684597,12.097790381957378,0.0,652398000
2022-10-21,12.450346946716309,0.0,12.482307307631256,11.872074435302578,12.082808987293975,0.0,609494000
2022-10-24,12.583181381225586,0.0,12.69404207682602,12.048853249537009,12.492296031938748,0.0,517457000
2022-10-25,13.24435043334961,0.0,13.283301979197523,12.648099847684048,12.678062868329203,0.0,505482000
2022-10-26,12.879809379577637,0.0,13.371191315429634,12.692045682074102,12.852843803009538,0.0,532953000
2022-10-27,13.159457206726074,0.0,13.820626722681087,13.105525102649018,13.61288768328681,0.0,583113000
2022-10-28,13.816629409790039,0.0,13.832610066638065,13.044600239000303,13.087546468385248,0.0,521040000
2022-10-31,13.480052947998047,0.0,13.820625345662009,13.280304257896672,13.760700262393152,0.0,486341000
2022-11-01,13.525995254516602,0.0,13.907515574241362,13.502025221946392,13.793658395771288,0.0,432817000
2022-11-02,13.202402114868164,0.0,14.19215799265486,13.194412738756908,13.832610350772429,0.0,672628000
2022-11-03,13.40414810180664,0.0,13.7636966949046,12.939732756516582,13.02662341252142,0.0,500065000
2022-11-04,14.138226509094238,0.0,14.21113480790427,13.679802221837274,13.968439877143796,0.0,612576000
2022-11-07,14.283042907714844,0.0,14.393903593979909,13.936479441145188,14.210134614268167,0.0,410061000
2022-11-08,14.583664894104004,0.0,14.872301562559512,14.198148951568628,14.78241442076382,0.0,595292000
2022-11-09,13.758702278137207,0.0,14.193156492308741,13.741723425961359,14.144217279717736,0.0,454414000
2022-11-10,15.730224609375,0.0,15.753195494812513,14.528735003966306,14.781417601209665,0.0,700819000
2022-11-11,16.306499481201172,0.0,16.368421908305677,15.462561149104959,15.787152888563263,0.0,655487000
2022-11-14,16.274539947509766,0.0,16.51923316178462,15.902008144433236,16.197636964580276,0.0,527852000
2022-11-15,16.64507293701172,0.0,16.97665487250418,16.3614291584318,16.701002374204336,0.0,545876000
2022-11-16,15.890024185180664,0.0,16.34145634523152,15.853070937382359,16.14170859646812,0.0,649547000
2022-11-17,15.657317161560059,0.0,16.24557835765425,15.515495248164541,15.69526955824207,0.0,710894000
2022-11-18,15.389654159545898,0.0,15.981910050388137,15.101016492966707,15.945954045011389,0.0,492072000
2022-11-21,15.297768592834473,0.0,15.45756754683471,15.06106570167587,15.127981966089996,0.0,404739000
2022-11-22,16.01786231994629,0.0,16.037837664544167,15.103012110863446,15.308753778828079,0.0,472866000
2022-11-23,16.498258590698242,0.0,16.506249872107517,16.02785119143118,16.07778765170836,0.0,427241000
2022-11-25,16.24957275390625,0.0,16.466299355969085,16.151696223942388,16.29751282305904,0.0,167934000
2022-11-28,15.807127952575684,0.0,16.336463192763517,15.70525673572653,16.00587750224232,0.0,303741000
2022-11-29,15.619363784790039,0.0,15.911996118227389,15.500513718012343,15.807127459770173,0.0,298384000
2022-11-30,16.90607452392578,0.004,16.91306749227581,15.581400530805857,15.681299942560486,0.0,565298000
2022-12-01,17.117860794067383,0.0,17.247729922029077,16.61836092346877,16.981997149378614,0.0,470977000
2022-12-02,16.859119415283203,0.0,16.916063514428913,16.42855076225467,16.642337412278103,0.0,371389000
2022-12-05,16.5933895111084,0.0,16.97800471429634,16.455527032443175,16.662320750441012,0.0,352255000
2022-12-06,15.971012115478516,0.0,16.556425555356533,15.803179908628083,16.513469290675516,0.0,352694000
2022-12-07,16.103879928588867,0.0,16.169813909620327,15.651331932839504,15.75622742232806,0.0,372388000
2022-12-08,17.151830673217773,0.0,17.161820901316364,15.943039749464951,16.256726814348887,0.0,515456000
2022-12-09,16.983997344970703,0.0,17.565416038789124,16.95802427651782,17.142838730956267,0.0,465338000
2022-12-12,17.517465591430664,0.0,17.520462850697957,16.78020459668349,17.019964378211757,0.0,457328000
2022-12-13,18.05392837524414,0.0,18.77121078174227,17.693289316822757,18.512469006153694,0.0,656589000
2022-12-14,17.656322479248047,0.0,18.233745392403016,17.40257681640619,17.96900914629274,0.0,496888000
2022-12-15,16.93504524230957,0.0,17.302677220211773,16.68329837585279,17.128851458484657,0.0,478542000
2022-12-16,16.554428100585938,0.0,17.02395931877001,16.39358980223308,16.84713627352837,0.0,478232000
2022-12-19,16.237743377685547,0.0,16.592387869431995,16.128853140261523,16.555426124711342,0.0,354039000
2022-12-20,16.06891632080078,0.0,16.293691733158465,15.836150439306303,16.0479374093435,0.0,403260000
2022-12-21,16.4844970703125,0.0,16.610372416442008,16.085895936024823,16.09788497158055,0.0,325025000
2022-12-22,15.323659896850586,0.0,16.12186159180077,14.867117143254697,16.07790496925897,0.0,565045000
2022-12-23,15.19079303741455,0.0,15.323659446874593,14.868116110553647,15.180802809610176,0.0,349326000
2022-12-27,14.106878280639648,0.0,15.084899302148365,14.041942751760569,15.058925281140848,0.0,464902000
2022-12-28,14.021963119506836,0.0,14.247736933600988,13.87011470494691,13.913071922510106,0.0,351066000
2022-12-29,14.588396072387695,0.0,14.668315992800219,14.212772636992952,14.387597820165574,0.0,354923000
2022-12-30,14.599384307861328,0.0,14.614368696054798,14.218764842042592,14.319663660456738,0.0,310490000
2023-01-03,14.300683975219727,0.0,14.981003655234762,14.081903121676092,14.836148204062967,0.0,401277000
2023-01-04,14.73425006866455,0.0,14.838146156406989,14.226758666083303,14.552432867835895,0.0,431324000
2023-01-05,14.250733375549316,0.0,14.549434120901816,14.133849812431897,14.476507176700567,0.0,389168000
2023-01-06,14.84414005279541,0.0,14.994989063943777,14.01996530735585,14.45952485401676,0.0,405044000
2023-01-09,15.612370491027832,0.0,16.03994193956856,15.125857081198152,15.268714667138873,0.0,504231000
2023-01-10,15.893091201782227,0.0,15.946037698097602,15.456527932742713,15.491492779879401,0.0,384101000
2023-01-11,15.984996795654297,0.0,16.011970219679487,15.547435115356448,15.824158513514837,0.0,353285000
2023-01-12,16.49448585510254,0.0,16.620359284778843,15.476504976085742,16.083897626620722,0.0,551409000
2023-01-13,16.882099151611328,0.0,16.905076865313244,16.148833986111153,16.261719936070204,0.0,447287000
2023-01-17,17.68429946899414,0.0,17.71027444723034,16.882102890181493,16.882102890181493,0.0,511102000
2023-01-18,17.359622955322266,0.0,17.8551253151724,17.264716740500983,17.64933195026429,0.0,439624000
2023-01-19,16.74822998046875,0.0,17.17979897961483,16.71426549852106,17.01895881772497,0.0,452932000
2023-01-20,17.82115936279297,0.0,17.838142558730407,16.808173556686363,16.993986450014212,0.0,564967000
2023-01-23,19.173805236816406,0.0,19.22575327562238,17.800180419919084,18.045932771346358,0.0,655163000
2023-01-24,19.245731353759766,0.0,19.47550276564291,18.801176728770063,18.808169697179686,0.0,496204000
2023-01-25,19.30367660522461,0.0,19.350630488500357,18.561419588158877,18.894086765066024,0.0,449537000
2023-01-26,19.782197952270508,0.0,20.14583427066666,19.258721787064815,19.681299120426033,0.0,489535000
2023-01-27,20.344629287719727,0.0,20.60736670469528,19.38559046082785,19.442532652816258,0.0,542142000
2023-01-30,19.142837524414062,0.0,20.11985820147362,19.13084848856238,19.93004958460622,0.0,488611000
2023-01-31,19.51746368408203,0.0,19.667313303213437,18.931050789927134,19.150830104290442,0.0,498017000
2023-02-01,20.922056198120117,0.0,21.17080582248784,19.591387567845597,19.671307485536968,0.0,660477000
2023-02-02,21.687286376953125,0.0,21.927046101235472,20.679296702842173,20.97899588183488,0.0,564276000
2023-02-03,21.078901290893555,0.0,21.723256776011066,20.768211454332956,20.979000905493407,0.0,429366000
2023-02-06,21.06791114807129,0.0,21.54842912938245,20.76521275361375,20.78519321039508,0.0,452197000
2023-02-07,22.15082359313965,0.0,22.23673802068742,21.12884604934928,21.360614360794933,0.0,664150000
2023-02-08,22.18279266357422,0.0,22.85511993042836,21.985989180590057,22.364609852385264,0.0,559651000
2023-02-09,22.314664840698242,0.0,22.99698246425479,22.097882766878527,22.58339687022351,0.0,523876000
2023-02-10,21.243732452392578,0.0,22.05591910392087,20.790187926657033,21.668308556927258,0.0,550737000
2023-02-13,21.766206741333008,0.0,22.02594690595999,20.941032731329045,21.51645680289639,0.0,474919000
2023-02-14,22.948022842407227,0.0,23.02594393509663,21.34462687137098,21.556414701647657,0.0,675474000
2023-02-15,22.741233825683594,0.0,22.832142420903672,22.08389284711268,22.526448693208266,0.0,420575000
2023-02-16,21.979995727539062,0.0,22.527446080733473,21.905069975862954,22.110863322037478,0.0,412026000
2023-02-17,21.36661148071289,0.0,21.71825874769265,20.95402439345479,21.609368499758,0.0,465888000
2023-02-21,20.63434410095215,0.0,21.472503832330847,20.597380448319672,20.97899838851901,0.0,410015000
2023-02-22,20.733243942260742,0.0,21.082894293531137,20.400576787707934,20.686291967581294,0.0,513184000
2023-02-23,23.640329360961914,0.0,23.86410623215734,23.001968589273222,23.416554395207275,0.0,1117995000
2023-02-24,23.262712478637695,0.0,23.4505261030738,22.924052694816517,23.201774563076796,0.0,589716000
2023-02-27,23.477497100830078,0.0,23.85611778942511,23.43054512484724,23.64632871610379,0.0,452994000
2023-02-28,23.192781448364258,0.0,23.801173550334713,23.182791220639693,23.348625571073445,0.0,455963000
2023-03-01,22.6752986907959,0.0,23.2327411745783,22.485488184590242,23.168804101489602,0.0,460026000
2023-03-02,23.29068374633789,0.0,23.356617727044704,22.409565830943126,22.46551148905175,0.0,389415000
2023-03-03,23.866107940673828,0.0,23.87609816871999,23.106867758135774,23.29667828013058,0.0,412393000
2023-03-06,23.530441284179688,0.0,24.223745458535607,23.463506958591815,23.86710409778971,0.0,437429000
2023-03-07,23.26866340637207,0.004,24.104968314326598,23.221701547557327,23.580404618172988,0.0,515154000
2023-03-08,24.160921096801758,0.0,24.179906326422394,23.4045497011768,23.467497114785473,0.0,513573000
2023-03-09,23.416542053222656,0.0,24.43369646327495,23.363584656161375,24.154926880363863,0.0,501257000
2023-03-10,22.94593048095703,0.0,23.607381425129905,22.70712862155447,23.389562036275382,0.0,474866000
2023-03-13,22.946928024291992,0.0,23.27865305444534,22.278484860419933,22.733106940046454,0.0,421890000
2023-03-14,24.04301643371582,0.0,24.19888701960605,23.44051655907677,23.476487867060463,0.0,474910000
2023-03-15,24.2078800201416,0.0,24.26583051123997,23.340600837359847,23.74126688899198,0.0,524486000
2023-03-16,25.51978874206543,0.0,25.56674868740069,23.874155298745986,24.00704616957806,0.0,583253000
2023-03-17,25.703636169433594,0.0,26.37707620948849,25.646682394079033,25.96042270444527,0.0,848547000
2023-03-20,25.878494262695312,0.0,26.002391851549323,25.109133153737865,25.59373105710644,0.0,432747000
2023-03-21,26.17724609375,0.0,26.370086636571166,25.35992640091997,26.15826276917553,0.0,547408000
2023-03-22,26.446022033691406,0.0,27.566091472465203,26.215212950904103,26.40305656588551,0.0,797295000
2023-03-23,27.168420791625977,0.0,27.476165594948146,26.66783736695665,27.092483687984217,0.0,564889000
2023-03-24,26.756765365600586,0.0,27.144443706351247,26.333117616110897,27.0085569440688,0.0,454920000
2023-03-27,26.508970260620117,0.0,26.977580691716717,26.343107731941966,26.814715931188335,0.0,361026000
2023-03-28,26.38806915283203,0.0,26.490984262629247,25.828534706856463,26.425039083852294,0.0,356104000
2023-03-29,26.961591720581055,0.0,27.055513525700643,26.57491395467883,26.80272526365729,0.0,393694000
2023-03-30,27.360260009765625,0.0,27.47616480917353,27.079493220776026,27.206388565387414,0.0,364516000
2023-03-31,27.75393295288086,0.0,27.810884824300686,27.082490132563102,27.117460914270833,0.0,433933000
2023-04-03,27.9417781829834,0.0,27.97674896673063,27.31330079051416,27.486157467758918,0.0,398716000
2023-04-04,27.430200576782227,0.0,27.97674720101981,27.28432191499647,27.942775040162378,0.0,368592000
2023-04-05,26.858680725097656,0.0,26.97558225141349,26.373084198934407,26.80672385592453,0.0,515015000
2023-04-06,27.014545440673828,0.0,27.05750899579146,26.405051458084227,26.561920652211157,0.0,397654000
2023-04-10,27.556100845336914,0.0,27.59806578859015,26.646856596653627,26.800728055248833,0.0,395279000
2023-04-11,27.146440505981445,0.0,27.766925140537275,27.103475037618352,27.700979959709233,0.0,314378000
2023-04-12,26.472997665405273,0.0,27.44518919596043,26.426035812990722,27.347271008432646,0.0,446259000
2023-04-13,26.441022872924805,0.0,26.86467054430278,26.307135282820585,26.71179772670093,0.0,353615000
2023-04-14,26.735782623291016,0.0,26.860678837519675,26.19822921052803,26.48199380565466,0.0,395660000
2023-04-17,26.97957992553711,0.0,26.983576314494652,26.41105214594061,26.542942510363897,0.0,321471000
2023-04-18,27.644027709960938,0.0,28.08666067670505,27.334285638782283,27.51014009932785,0.0,604812000
2023-04-19,27.907806396484375,0.0,27.97674934416324,27.209387427098346,27.338280018329133,0.0,358660000
2023-04-20,27.08149528503418,0.0,28.006727009696085,26.977581546120554,27.64802393339629,0.0,427713000
2023-04-21,27.096479415893555,0.0,27.160427351710336,26.69980973159089,26.929618278406625,0.0,345103000
2023-04-24,27.01954460144043,0.0,27.34327496276754,26.64885238383688,26.990569353375054,0.0,339282000
2023-04-25,26.219207763671875,0.0,27.224372863895415,26.203222209345313,27.055512582409374,0.0,378527000
2023-04-26,26.933616638183594,0.0,27.30730663861179,26.682825603237607,26.979579875522322,0.0,406337000
2023-04-27,27.20339584350586,0.0,27.472173516429336,26.602894982683875,27.340283137993342,0.0,377161000
2023-04-28,27.7259578704834,0.0,27.734949268700237,27.04851947681164,27.20239283065348,0.0,292216000
2023-05-01,28.88599395751953,0.0,29.033871779873245,27.75693310998625,27.8168827543935,0.0,570329000
2023-05-02,28.18657684326172,0.0,28.8120584439284,28.05968338673671,28.656187830632053,0.0,402730000
2023-05-03,27.778915405273438,0.0,28.3434468063841,27.449189488099005,27.8168839597217,0.0,383387000
2023-05-04,27.539113998413086,0.0,27.835866361148614,27.217380869969254,27.628038892272958,0.0,321850000
2023-05-05,28.656185150146484,0.0,28.731121728563178,27.707973770612693,27.802894198913098,0.0,361494000
2023-05-08,29.12679100036621,0.0,29.19573394414959,28.326457491586734,28.498313634929115,0.0,344979000
2023-05-09,28.54727554321289,0.0,28.94894217400301,28.426377630267304,28.875004213655114,0.0,314869000
2023-05-10,28.86101722717285,0.0,29.088828560798916,28.437369484677525,28.980916524833432,0.0,369350000
2023-05-11,28.554269790649414,0.0,28.925962552461296,28.22254663595356,28.87200653679025,0.0,322149000
2023-05-12,28.31646728515625,0.0,28.756102453152394,28.022710790728325,28.505309520725387,0.0,274222000
2023-05-15,28.928958892822266,0.0,28.94494635477983,28.128625289421656,28.484328689651942,0.0,293926000
2023-05-16,29.18874168395996,0.0,29.845197623603145,28.808059443130762,28.817050841568992,0.0,449405000
2023-05-17,30.152938842773438,0.0,30.173921312310178,29.40556081091014,29.55943225417957,0.0,432535000
2023-05-18,31.651691436767578,0.0,31.801566483071674,30.294819431722896,30.384744840658275,0.0,748725000
2023-05-19,31.238037109375,0.0,31.553774675559076,30.89032652886848,31.509810589762786,0.0,473908000
2023-05-22,31.150114059448242,0.0,31.493828286869693,30.654525616110014,30.875340877060037,0.0,372000000
2023-05-23,30.66251564025879,0.0,31.262017766354816,30.60556376728732,30.974256822059314,0.0,356253000
2023-05-24,30.51263999938965,0.0,30.58158294267241,29.781247533939762,30.184911363622657,0.0,721419000
2023-05-25,37.94845962524414,0.0,39.44721397289926,36.60457534049064,38.49100796728165,0.0,1543911000
2023-05-26,38.913665771484375,0.0,39.13747882860018,37.51882483669722,37.858542717618114,0.0,714397000
2023-05-30,40.077693939208984,0.0,41.903176556488546,39.91582970590061,40.56129320908205,0.0,923401000
2023-05-31,37.802581787109375,0.0,40.26153667698876,37.79059071532984,39.45520761311079,0.0,1002580000
2023-06-01,39.73698043823242,0.0,40.01674674166672,38.30816742592722,38.45704197696047,0.0,635873000
2023-06-02,39.294349670410156,0.0,40.46637615978603,39.025571992882654,40.06371085972058,0.0,482731000
2023-06-05,39.138465881347656,0.0,39.532135818463644,38.67485057983819,38.87668246260903,0.0,396094000
2023-06-06,38.62190628051758,0.0,39.12748668498753,38.116325876047625,38.79776265430803,0.0,388729000
2023-06-07,37.44774627685547,0.004,39.47027647730588,37.32883333327853,38.886701533947004,0.0,511998000
2023-06-08,38.481998443603516,0.0,38.83574114850908,37.477731904328415,37.6965706304561,0.0,417772000
2023-06-09,38.74181365966797,0.0,39.68212760699857,38.53896213031096,39.00861783598584,0.0,427717000
2023-06-12,39.45330047607422,0.0,39.501265922143716,38.58993007067233,39.171507768831006,0.0,388701000
2023-06-13,40.99217987060547,0.0,41.07112482299617,39.71111409271858,40.15678903495475,0.0,613208000
2023-06-14,42.96574020385742,0.0,42.968736375923285,40.5225143610938,40.79431977201554,0.0,740465000
2023-06-15,42.62199401855469,0.0,43.25753327513272,42.116361328067455,42.571032403423146,0.0,568622000
2023-06-16,42.66095733642578,0.0,43.68920841570231,42.62997783526068,43.41840556812391,0.0,655709000
2023-06-20,43.776145935058594,0.0,43.95801662220809,42.64297159288135,42.96673732432782,0.0,451153000
2023-06-21,43.01370620727539,0.0,43.583295347445485,42.04941138244555,43.469375994641815,0.0,551603000
2023-06-22,42.99372100830078,0.0,43.39442663272672,42.20329572401854,42.22227910485018,0.0,417737000
2023-06-23,42.17831039428711,0.0,42.77787262265415,41.984451203476524,42.43312605670876,0.0,358140000
2023-06-26,40.60245895385742,0.0,42.73290887794561,40.070844243899195,42.43012776772855,0.0,594322000
2023-06-27,41.84555435180664,0.0,41.90950699852485,40.41859495947549,40.769337698334375,0.0,462175000
2023-06-28,41.087100982666016,0.0,41.81457223360901,40.48853754132965,40.630432573555964,0.0,582639000
2023-06-29,40.792320251464844,0.0,41.56975450915622,40.57048152757147,41.527785226902004,0.0,380514000
2023-06-30,42.271244049072266,0.0,42.51906484775984,41.470827697536826,41.649698416136715,0.0,501148000
2023-07-03,42.38216018676758,0.0,42.86680815864475,42.171315066266786,42.48608466102656,0.0,198209000
2023-07-05,42.28623962402344,0.0,43.14561125771648,42.05440601633571,42.10436890718979,0.0,323618000
2023-07-06,42.072391510009766,0.0,42.14833647102733,41.31594188398918,41.81358093287342,0.0,303582000
2023-07-07,42.47209167480469,0.0,43.182577008894604,42.149328500686266,42.29122353556656,0.0,355881000
2023-07-10,42.14933776855469,0.0,42.77987958473674,41.618721733111734,42.62599220515189,0.0,353908000
2023-07-11,42.374176025390625,0.0,42.72692008207876,42.036424267728336,42.4501209970387,0.0,298244000
2023-07-12,43.870079040527344,0.0,43.90305599140233,42.74589703423399,43.001711413643235,0.0,481277000
2023-07-13,45.943572998046875,0.0,46.1214411716362,44.45965207720189,44.485634149407474,0.0,478204000
2023-07-14,45.435943603515625,0.0,48.05303894524698,45.027240569884796,46.54913208580055,0.0,772075000
2023-07-17,46.427223205566406,0.0,46.46219760945773,45.22909733231496,46.255351170399976,0.0,510488000
2023-07-18,47.459468841552734,0.0,47.86117699331049,45.700750131517545,46.66704612621804,0.0,569164000
2023-07-19,47.04277801513672,0.0,47.783240488874554,46.708022451305204,47.42949773035123,0.0,427502000
2023-07-20,45.48690414428711,0.0,47.052766164408155,45.029236960247545,46.47318603639003,0.0,537865000
2023-07-21,44.27678298950195,0.0,45.83265398251241,44.067935310129315,45.754707765315004,0.0,963769000
2023-07-24,44.57956314086914,0.0,45.07620343021659,44.00798043185595,44.69847610025229,0.0,382516000
2023-07-25,45.645790100097656,0.0,46.14942147302996,44.8903392287754,44.90832769720461,0.0,348081000
2023-07-26,45.41895294189453,0.0,46.019517711894565,44.59755199508339,45.98753948381612,0.0,364237000
2023-07-27,45.866634368896484,0.0,47.36054650639366,45.71674188711987,46.48518386639015,0.0,455976000
2023-07-28,46.71601486206055,0.0,46.992813922510294,46.34728362681164,46.63407374046653,0.0,331194000
2023-07-31,46.695030212402344,0.0,47.09573967930946,46.472192750297545,46.7200135632976,0.0,251055000
2023-08-01,46.47319030761719,0.0,46.86590615971662,45.99353971547932,46.42622359131387,0.0,237858000
2023-08-02,44.23681640625,0.0,45.80667339857495,43.35545767140817,45.79768107011527,0.0,530142000
2023-08-03,44.482635498046875,0.0,45.08519773730657,43.76815517445485,43.76815517445485,0.0,324176000
2023-08-04,44.64751434326172,0.0,45.608812879018394,44.360724265707994,44.95229288862931,0.0,362666000
2023-08-07,45.38398742675781,0.0,45.50689911921515,44.53060808479913,45.078210093853784,0.0,322154000
2023-08-08,44.631534576416016,0.0,45.209113535751534,44.023974832392284,44.82039636629239,0.0,353843000
2023-08-09,42.5230598449707,0.0,44.27978102394421,42.10336324472602,44.24180664104453,0.0,586449000
2023-08-10,42.3571891784668,0.0,43.542327913208446,41.80458974449363,42.12935426842484,0.0,492705000
2023-08-11,40.82529830932617,0.0,41.98745483103536,40.609455735906536,41.72064683355446,0.0,533085000
2023-08-14,43.72119140625,0.0,43.768158123210526,40.28169609363209,40.456568112182865,0.0,690286000
2023-08-15,43.908050537109375,0.0,45.23508789652122,43.67821822396301,44.52760248933731,0.0,676512000
2023-08-16,43.45438766479492,0.0,44.6425224910749,43.37444399152848,44.487636389026356,0.0,527451000
2023-08-17,43.31249237060547,0.0,44.02996891832421,42.969739400582895,43.938036744094546,0.0,452395000
2023-08-18,43.26752471923828,0.0,43.546321236640146,41.62971620809795,42.60400593276561,0.0,583768000
2023-08-21,46.932857513427734,0.0,47.030785847728,44.18985399309083,44.46165562877054,0.0,692573000
2023-08-22,45.634796142578125,0.0,48.15196569860594,45.30004062070193,48.10000155373569,0.0,755293000
2023-08-23,47.08175277709961,0.0,47.165691352034756,45.17513874604211,45.83266139495846,0.0,779046000
2023-08-24,47.12871170043945,0.0,50.229456525679716,47.12471680402284,50.17949363700367,0.0,1156044000
2023-08-25,45.98454666137695,0.0,47.7702462695261,44.99126600172495,46.97782350910496,0.0,925341000
2023-08-28,46.80094909667969,0.0,46.945844136189635,44.85536600768865,46.44820509438741,0.0,685192000
2023-08-29,48.748538970947266,0.0,49.04532396396878,46.35727690385868,46.63207852923495,0.0,701397000
2023-08-30,49.22819137573242,0.0,49.89070766116117,48.38980051894268,49.00835006749342,0.0,735206000
2023-08-31,49.31912612915039,0.0,49.707843325624495,48.922415326845325,49.34410948280614,0.0,528570000
2023-09-01,48.47373962402344,0.0,49.76380161381712,48.10700580219994,49.72583103372229,0.0,463830000
2023-09-05,48.5127067565918,0.0,48.81548788347983,47.82520719547016,48.18794226373671,0.0,382653000
2023-09-06,47.030662536621094,0.004,48.51770224742843,46.54997362392489,48.40977397493204,0.0,468670000
2023-09-07,46.2111930847168,0.0,46.314127328933516,45.122894378455285,45.495655031746296,0.0,433330000
2023-09-08,45.54262161254883,0.0,46.575955463730146,45.241816956969146,45.912385845022,0.0,473069000
2023-09-11,45.14887237548828,0.0,46.13323408329751,44.28342961037863,46.118244364675505,0.0,473966000
2023-09-12,44.8410758972168,0.0,45.643559689302776,44.50229371390593,44.70916101442447,0.0,349256000
2023-09-13,45.4556770324707,0.0,45.90038984188142,44.474307858028645,44.571245445404095,0.0,398355000
2023-09-14,45.5516242980957,0.0,45.95736086196473,45.10191356092752,45.920385958902,0.0,370097000
2023-09-15,43.87169647216797,0.0,45.56959852066616,43.779752923471165,45.31176544872774,0.0,506831000
2023-09-18,43.937652587890625,0.0,44.21347561321812,41.97292056005233,42.7204393860463,0.0,500271000
2023-09-19,43.491939544677734,0.0,43.937651117962965,42.97427198636258,43.80473745342954,0.0,373064000
2023-09-20,42.21177291870117,0.0,43.874701837692996,42.19578439055347,43.57189573593531,0.0,367108000
2023-09-21,40.990562438964844,0.0,42.072864617979214,40.95358753623693,41.55619953736175,0.0,450736000
2023-09-22,41.583168029785156,0.0,42.0878434434508,41.20441081493187,41.54519052156328,0.0,479236000
2023-09-25,42.19477844238281,0.0,42.50857517454085,41.15045020013546,41.564184746897794,0.0,419091000
2023-09-26,41.88398361206055,0.0,42.79239807025896,41.62814811031587,41.97392575085955,0.0,402282000
2023-09-27,42.44062423706055,0.0,42.8443669656933,41.6021681553093,42.302716514168864,0.0,444935000
2023-09-28,43.061222076416016,0.0,43.417990370192356,42.08785097086144,42.43262596387141,0.0,424663000
2023-09-29,43.4709587097168,0.0,44.11554336483788,43.27908114153103,43.7987463785024,0.0,397830000
2023-10-02,44.75312805175781,0.0,45.14587240598545,43.83272043820974,44.00161019361143,0.0,433298000
2023-10-03,43.48894119262695,0.0,45.10090400420974,43.2181160083425,44.77910920077743,0.0,470850000
2023-10-04,44.01261520385742,0.0,44.11455065256754,43.264097397939636,43.71380812785057,0.0,361821000
2023-10-05,44.6591911315918,0.0,44.87105626291606,43.859707622537925,44.021601937102886,0.0,393483000
2023-10-06,45.73249435424805,0.0,45.759477372005065,43.99761364120761,44.16450577901021,0.0,434436000
2023-10-09,45.24380874633789,0.0,45.57559541910592,44.33939347095082,44.813086880403254,0.0,409675000
2023-10-10,45.768470764160156,0.0,46.229172057316305,45.058929471918596,45.28078645305619,0.0,368582000
2023-10-11,46.775821685791016,0.0,46.82878891705578,46.020308596739376,46.16621437205222,0.0,378137000
2023-10-12,46.91473388671875,0.0,47.57830726462998,46.30013251687724,46.746842929581085,0.0,481325000
2023-10-13,45.43168640136719,0.0,47.085621890391806,45.25080334969889,46.92972043199577,0.0,474115000
2023-10-16,46.065284729003906,0.0,46.19519817588755,44.8830449142491,45.03394854361238,0.0,375099000
2023-10-17,43.909671783447266,0.0,44.72514757843825,42.45261161000831,43.97163208495719,0.0,812333000
2023-10-18,42.168800354003906,0.0,43.19114356919589,41.79804111040275,42.56354620148906,0.0,627294000
2023-10-19,42.07386016845703,0.0,43.26908828015481,41.85499958396407,42.783401532452814,0.0,501233000
2023-10-20,41.36031723022461,0.0,42.44261916103959,41.05151453316081,41.86299127969732,0.0,477266000
2023-10-23,42.947296142578125,0.0,43.22012278548461,40.91860593108143,41.20242325687503,0.0,478530000
2023-10-24,43.634849548339844,0.0,43.66882802570082,42.66347986731124,43.049228794577566,0.0,401463000
2023-10-25,41.75206756591797,0.0,43.62186366950043,41.52821293771827,43.37002340053755,0.0,398379000
2023-10-26,40.30000305175781,0.0,42.22875913409801,39.85429143072344,41.82601906009142,0.0,541001000
2023-10-27,40.47389221191406,0.0,41.17943837928563,39.98920425077625,41.10348715819275,0.0,416784000
2023-10-30,41.134464263916016,0.0,41.73907378443747,40.45490233078289,41.06051446991565,0.0,388028000
2023-10-31,40.75370407104492,0.0,40.85264307272008,39.20470426456185,40.42391883550711,0.0,517969000
2023-11-01,42.29772186279297,0.0,42.353685526231295,40.84265898891911,40.857648711306,0.0,437593000
2023-11-02,43.47794723510742,0.0,43.85570184848127,42.866342349318806,43.30006060911841,0.0,409172000
2023-11-03,44.97598648071289,0.0,45.27978753454021,43.694811487819166,43.99162089726106,0.0,424610000
2023-11-06,45.72150421142578,0.0,45.90538750972343,44.87005229839821,45.25580503371784,0.0,400733000
2023-11-07,45.92538070678711,0.0,46.18820786112749,45.128893543055014,45.689532763842614,0.0,343165000
2023-11-08,46.54397964477539,0.0,46.836790044608954,45.93836746742981,46.070282349544186,0.0,346719000
2023-11-09,46.919734954833984,0.0,48.198908596818825,46.71986312021431,47.43639996851601,0.0,540496000
2023-11-10,48.30384063720703,0.0,48.440753359097926,47.25252065392858,47.46937982263058,0.0,421245000
2023-11-13,48.58864974975586,0.0,49.084332134936744,48.06798577140686,48.288843946075154,0.0,384136000
2023-11-14,49.623985290527344,0.0,49.801871937843956,49.00838510603704,49.64797189172138,0.0,416954000
2023-11-15,48.85648727416992,0.0,49.927794859868946,48.168931033577685,49.90281326221653,0.0,475497000
2023-11-16,49.44810485839844,0.0,49.49307783387502,48.29884843286255,48.647622492403215,0.0,339756000
2023-11-17,49.2662239074707,0.0,49.68495254819164,48.975411113822275,49.49207615888525,0.0,325205000
2023-11-20,50.376502990722656,0.0,50.515413319946866,49.14929401076898,49.28021007685078,0.0,414120000
2023-11-21,49.911800384521484,0.0,50.48442900851123,49.1902657498463,50.09368225266799,0.0,565747000
2023-11-22,48.68458938598633,0.0,50.302544998111564,47.65924993569592,49.81985852243295,0.0,899420000
2023-11-24,47.74520492553711,0.0,48.889467324614394,47.71422286454428,48.438757822338204,0.0,294645000
2023-11-27,48.210899353027344,0.0,48.49871188238506,47.62127956875629,47.769182964937485,0.0,395662000
2023-11-28,47.7901725769043,0.0,48.29185168991899,47.442397333062274,48.20490597283938,0.0,401491000
2023-11-29,48.108970642089844,0.0,48.730571377443304,47.8291523366515,48.34781882043628,0.0,382005000
2023-11-30,46.73984909057617,0.0,48.078985380939635,46.39207386383031,47.99303847449865,0.0,526247000
2023-12-01,46.73484802246094,0.0,47.16956893202257,46.15722156787437,46.495004895434896,0.0,369317000
2023-12-04,45.480655670166016,0.0,46.047291437827624,44.980978046044385,46.047291437827624,0.0,437543000
2023-12-05,46.54007339477539,0.004,46.57405104711008,45.24579248346221,45.44068360016381,0.0,371718000
2023-12-06,45.477657318115234,0.0,47.360610785418956,45.386708393351064,47.18870568926755,0.0,380590000
2023-12-07,46.57004928588867,0.0,46.603031852238765,45.578601195304635,45.67454839964707,0.0,350823000
2023-12-08,47.479549407958984,0.0,47.71441917110969,46.52408042310089,46.56905734985708,0.0,359224000
2023-12-11,46.60103988647461,0.0,47.50453592444969,45.8044865345936,47.46456109151934,0.0,509728000
2023-12-12,47.63046646118164,0.0,47.63946032153252,46.02036339199116,46.02036339199116,0.0,372387000
2023-12-13,48.06122589111328,0.0,48.5669446692335,47.58149361223289,47.60248182794816,0.0,447792000
2023-12-14,48.32307815551758,0.0,48.64289968086901,47.395597257027774,48.36305679932983,0.0,391232000
2023-12-15,48.86277770996094,0.0,49.37649145661912,48.09320598416868,48.16716609290554,0.0,479948000
2023-12-18,50.04911422729492,0.0,50.404914981750885,49.12263228888661,49.372493076088325,0.0,412587000
2023-12-19,49.57637405395508,0.0,49.67232125952952,48.86776928450163,49.396473996646186,0.0,464444000
2023-12-20,48.084205627441406,0.0,49.97115463261809,48.07121237951516,49.62734444732078,0.0,397894000
2023-12-21,48.96272277832031,0.0,49.06766385409553,48.39203776733346,48.783821596134075,0.0,300425000
2023-12-22,48.80281448364258,0.0,49.35550417725914,48.440013817586234,49.16760912555352,0.0,252507000
2023-12-26,49.251556396484375,0.0,49.572376781102484,48.93273380006729,48.9407287654443,0.0,244200000
2023-12-27,49.38948059082031,0.0,49.65233461998989,49.05766474220859,49.483430013348695,0.0,233648000
2023-12-28,49.49442672729492,0.0,49.85622468658464,49.38448736257904,49.615361553511725,0.0,246587000
2023-12-29,49.49442672729492,0.0,49.96916454651592,48.72385609264306,49.78526507165566,0.0,389293000
2024-01-02,48.141178131103516,0.0,49.267549491534815,47.56849914375037,49.21657920112469,0.0,411254000
2024-01-03,47.54251480102539,0.0,48.15717024660548,47.2936528901048,47.458561936508566,0.0,320896000
2024-01-04,47.97127914428711,0.0,48.47299856752152,47.481550264732384,47.740404942993884,0.0,306535000
2024-01-05,49.06966018676758,0.0,49.5194103643003,48.27910029347317,48.43501546755193,0.0,415039000
2024-01-08,52.22390365600586,0.0,52.24589457837139,49.45144996976697,49.48443254074205,0.0,642510000
2024-01-09,53.11041259765625,0.0,54.29475419696261,51.66121915258384,52.37182563719699,0.0,773100000
2024-01-10,54.31973648071289,0.0,54.569597281107285,53.45921582315341,53.58614782430592,0.0,533796000
2024-01-11,54.791473388671875,0.0,55.315183696465496,53.530178853161665,54.9683767860804,0.0,596759000
2024-01-12,54.67953872680664,0.0,54.939396104159464,54.2997530407885,54.58958868273426,0.0,352994000
2024-01-16,56.350608825683594,0.0,56.803355729677996,54.86943549694436,54.98736982997111,0.0,449580000
2024-01-17,56.02178955078125,0.0,56.439556064869315,54.709520939803106,56.31562456246964,0.0,474394000
2024-01-18,57.0752067565918,0.0,57.5679323320847,56.075763460461346,57.228121458897405,0.0,491650000
2024-01-19,59.45787048339844,0.0,59.46686434276065,57.19312976933183,57.95670423535368,0.0,543501000
2024-01-22,59.62078094482422,0.0,60.297405908795795,59.03710651176245,60.01556144622368,0.0,452955000
2024-01-23,59.83966827392578,0.0,59.876646424559254,58.552383323292965,59.536835558716284,0.0,294654000
2024-01-24,61.32783126831055,0.0,62.81400277309229,59.90462440869122,60.27042173718701,0.0,560271000
2024-01-25,61.58268737792969,0.0,62.6840748870048,60.816112399436015,62.31527708122234,0.0,482777000
2024-01-26,60.99702072143555,0.0,61.74860477846685,60.53927933125107,60.92606110295733,0.0,390309000
2024-01-29,62.43022155761719,0.0,62.45420645662032,60.87309034622641,61.197906346142304,0.0,348733000
2024-01-30,62.739044189453125,0.0,63.457645602005435,62.225330458008614,62.86497729318725,0.0,410735000
2024-01-31,61.492740631103516,0.0,62.23432804617364,60.66620146120928,61.40578727537811,0.0,453795000
2024-02-01,62.99190902709961,0.0,63.15581918121957,61.6156767942891,62.06542319875055,0.0,369146000
2024-02-02,66.12315368652344,0.0,66.56290342904931,63.654524401126274,63.93836661455511,0.0,476578000
2024-02-05,69.29340362548828,0.0,69.45831268504848,67.16758882386114,68.1870176350593,0.0,680078000
2024-02-06,68.18501281738281,0.0,69.71515858330277,66.26308702618283,69.59122707783612,0.0,683111000
2024-02-07,70.0599594116211,0.0,70.18089422020962,67.56235060844563,68.28095195120673,0.0,495575000
2024-02-08,69.60221099853516,0.0,70.75456869186667,69.41631758373076,70.03496848915448,0.0,414422000
2024-02-09,72.09284973144531,0.0,72.14481511205457,70.17291382776136,70.49373428612587,0.0,436637000
2024-02-12,72.20777130126953,0.0,74.56945447682682,71.21032591879988,72.55957267433736,0.0,613710000
2024-02-13,72.08785247802734,0.0,73.40911526024477,69.58125280309775,70.36081744123659,0.0,602580000
2024-02-14,73.8588638305664,0.0,74.19467532641171,71.89795802434332,73.16125433620005,0.0,504917000
2024-02-15,72.61753845214844,0.0,73.93380643951798,72.35968650824275,73.82787028335872,0.0,420122000
2024-02-16,72.57255554199219,0.0,74.36056058278803,72.46061841088577,74.05872683634956,0.0,495327000
2024-02-20,69.413330078125,0.0,71.91593356383504,67.6962844049487,71.90693589131082,0.0,704833000
2024-02-21,67.43443298339844,0.0,68.84964494727922,66.21111545956025,67.96813224619191,0.0,673755000
2024-02-22,78.49427795410156,0.0,78.53125229218321,74.17868109913526,74.98323324060954,0.0,865100000
2024-02-23,78.77311706542969,0.0,82.34812129044985,77.52680973171769,80.7450180977802,0.0,829388000
2024-02-26,79.04796600341797,0.0,80.60110162092384,78.46128722131758,79.65562156391138,0.0,503973000
2024-02-27,78.65718078613281,0.0,79.43575404356761,77.11904376268178,79.3368025112215,0.0,391705000
2024-02-28,77.61975860595703,0.0,78.88904810428491,77.08205615581203,77.57678328073024,0.0,393110000
2024-02-29,79.06794738769531,0.0,79.94545684182245,78.30637065695909,79.04995966772168,0.0,507289000
2024-03-01,82.2331771850586,0.0,82.2541692109824,79.39075927311268,79.95544705800646,0.0,479135000
2024-03-04,85.18953704833984,0.0,87.64616854479111,83.67238457234258,84.08315120139147,0.0,615616000
2024-03-05,85.920166015625,0.004,86.05310143549691,83.37446759481172,85.22651962468665,0.0,520639000
2024-03-06,88.65476989746094,0.0,89.67824984643924,86.9856232402923,87.97712182383515,0.0,582520000
2024-03-07,92.62173461914062,0.0,92.71968420903526,89.55629754335479,90.11201372188047,0.0,608119000
2024-03-08,87.4833755493164,0.0,97.35034416273697,86.46189342253078,95.08949635927887,0.0,1142269000
2024-03-11,85.73026275634766,0.0,88.75171621511622,84.1230810265849,86.38492752767289,0.0,678364000
2024-03-12,91.86614227294922,0.0,91.91311538288066,86.10607991861596,88.00411383105026,0.0,668075000
2024-03-13,90.8416519165039,0.0,91.45733510152752,88.38989990202793,91.00856657140831,0.0,635713000
2024-03-14,87.89915466308594,0.0,90.59978030033041,86.55583824442805,89.53132517509458,0.0,602318000
2024-03-15,87.79219818115234,0.0,89.50032616800947,86.21300982934207,86.88566309961936,0.0,642086000
2024-03-18,88.4098892211914,0.0,92.35787164603076,87.04058518466691,90.34190203688856,0.0,668976000
2024-03-19,89.35242462158203,0.0,90.49783644933297,84.96666127835144,86.65579447616338,0.0,672171000
2024-03-20,90.32592010498047,0.0,90.36390274155225,88.17801382637771,89.75120872764549,0.0,479063000
2024-03-21,91.38836669921875,0.0,92.60075314567852,90.35889320815413,92.25293104894116,0.0,480372000
2024-03-22,94.24091339111328,0.0,94.72966241146648,90.78767363601877,91.09451627074266,0.0,586719000
2024-03-25,94.95355224609375,0.0,96.71665262612369,93.46231633076846,93.89309629655145,0.0,552136000
2024-03-26,92.51380157470703,0.0,96.32585986372577,92.4548335490284,95.8021249691622,0.0,513648000
2024-03-27,90.20397186279297,0.0,93.1924448065412,89.07754773882262,93.0645117345537,0.0,586067000
2024-03-28,90.30992126464844,0.0,91.25344006885744,89.14751238127785,89.95410001839039,0.0,435212000
2024-04-01,90.3169174194336,0.0,92.17796738530402,89.15851187965868,90.25295469319977,0.0,452441000
2024-04-02,89.40638732910156,0.0,90.04805823236576,87.57532082751612,88.40289389067334,0.0,433064000
2024-04-03,88.91864013671875,0.0,90.32792493292138,88.35493231864154,88.43888912667452,0.0,370067000
2024-04-04,85.8611831665039,0.0,90.58777505707383,85.83619439258581,90.35988689456467,0.0,434965000
2024-04-05,87.96311950683594,0.0,88.43587785170828,85.88218058642197,86.82169600485652,0.0,399678000
2024-04-08,87.08856201171875,0.0,88.7846950725735,86.68776556126254,88.65475649731144,0.0,283220000
2024-04-09,85.31045532226562,0.0,87.59029759028141,82.97965182031417,87.39739525078261,0.0,501700000
2024-04-10,86.99461364746094,0.0,87.35542960706438,83.66631003801581,83.88320224037439,0.0,431929000
2024-04-11,90.56979370117188,0.0,90.69273208355851,86.8816803570947,87.37542414329695,0.0,431637000
2024-04-12,88.14103698730469,0.0,90.1290289713359,87.4853732060557,89.65326609988566,0.0,426805000
2024-04-15,85.9571533203125,0.0,90.5668014834056,85.885191431367,89.05257449013831,0.0,443077000
2024-04-16,87.37042999267578,0.0,88.07306685163755,86.02012091101756,86.38892843501489,0.0,370453000
2024-04-17,83.99214172363281,0.0,88.72972195798647,83.90717836732355,88.2949386437983,0.0,495400000
2024-04-18,84.62782287597656,0.0,86.14605313921993,82.35998267211264,84.9266740115763,0.0,447260000
2024-04-19,76.16114807128906,0.0,84.28100677926233,75.56745676539116,83.10760934336838,0.0,875198000
2024-04-22,79.47745513916016,0.0,80.0321724749778,76.36104864748893,78.06417460921173,0.0,596341000
2024-04-23,82.38097381591797,0.0,82.72679808163171,80.22307798101387,80.72781776562408,0.0,438559000
2024-04-24,79.63636779785156,0.0,84.0391200894545,79.14261643671647,83.90718362535628,0.0,512208000
2024-04-25,82.58985900878906,0.0,83.2805008438938,78.18310352042066,78.82777119604825,0.0,424641000
2024-04-26,87.69027709960938,0.0,88.28597395561746,83.3444939490843,83.7752739998992,0.0,551011000
2024-04-29,87.71224975585938,0.0,87.94712289586843,85.2225151665247,87.55032980991761,0.0,388971000
2024-04-30,86.35794830322266,0.0,88.77371581096726,86.25600293117195,87.19551848613133,0.0,363709000
2024-05-01,82.99864196777344,0.0,85.95613224492045,81.21354987762143,85.0336065353816,0.0,559863000
2024-05-02,85.77323913574219,0.0,86.19302312746696,83.15756927733226,84.40593290133356,0.0,377898000
2024-05-03,88.74372100830078,0.0,89.23546686580507,86.99561241116382,87.7442309865165,0.0,398341000
2024-05-06,92.093017578125,0.0,92.17297861657092,89.00959152215785,89.3444197919577,0.0,376203000
2024-05-07,90.50782775878906,0.0,91.73419949359099,88.96561525990342,91.05154909444323,0.0,437342000
2024-05-08,90.36589813232422,0.0,91.14749704338682,89.37439959760155,89.43737100980039,0.0,325721000
2024-05-09,88.70175170898438,0.0,91.02556319779642,88.18601596391863,90.48284079234612,0.0,378013000
2024-05-10,89.83216094970703,0.0,91.35438684926548,89.18149198091324,90.25894513362616,0.0,335325000
2024-05-13,90.35292053222656,0.0,90.95161421159385,88.48387103302493,90.43187501505936,0.0,289680000
2024-05-14,91.3094253540039,0.0,91.60427311943869,88.8886555026712,89.55331737042562,0.0,296507000
2024-05-15,94.58174133300781,0.0,94.81362528334245,91.55228873986127,92.42484465754981,0.0,417735000
2024-05-16,94.3108901977539,0.0,95.77014487035822,94.05501639356171,94.8616117597436,0.0,323952000
2024-05-17,92.43183898925781,0.0,94.69168763651655,91.75918564554273,94.3208822477914,0.0,359691000
2024-05-20,94.73168182373047,0.0,95.1514658859747,93.39236858928308,93.70220811729594,0.0,318764000
2024-05-21,95.33735656738281,0.0,95.35134936664903,93.1324803037148,93.55126534071833,0.0,328946000
2024-05-22,94.90157318115234,0.0,95.9710271843739,93.20144427728806,95.4103162792502,0.0,548648000
2024-05-23,103.74607849121094,0.0,106.26578917767765,101.46823355489357,101.97597776870575,0.0,835065000
2024-05-24,106.41470336914062,0.0,106.42069701496759,102.94747076428304,104.39572928386976,0.0,429494000
2024-05-28,113.84291076660156,0.0,114.88038339336015,109.82696222842502,110.18777817721215,0.0,652728000
2024-05-29,114.76644897460938,0.0,115.43310869580411,110.8444538043126,112.99236012753595,0.0,557442000
2024-05-30,110.44364929199219,0.0,115.75993705260656,109.60707814261482,114.59153447828542,0.0,484553000
2024-05-31,109.57710266113281,0.0,112.65952979992652,106.88547499697964,112.46262402548862,0.0,613263000
2024-06-03,114.94135284423828,0.0,114.94135284423828,111.94587959300615,113.56305829627723,0.0,438392000
2024-06-04,116.37763214111328,0.0,116.54055105021374,113.98685338816156,115.65700669071254,0.0,403324000
2024-06-05,122.3775634765625,0.0,122.3865539456356,117.408098853795,118.31063824188061,0.0,528402000
2024-06-06,120.93629455566406,0.0,125.52295114690725,118.25965887862115,123.98473454180629,0.0,664696000
2024-06-07,120.82635498046875,0.0,121.62994584355768,117.9618191498612,119.70892124903274,0.0,412386000
2024-06-10,121.72789764404297,0.0,123.0372272074531,116.95033628620642,120.30862356189567,10.0,313434100
2024-06-11,120.85828399658203,0.01,122.81744468477636,118.68920642560704,121.71790911261488,0.0,222551200
2024-06-12,125.14643096923828,0.0,126.8257124975509,122.51755894250634,123.00734716397616,0.0,299595000
2024-06-13,129.55455017089844,0.0,129.74447132445016,127.10560139337456,129.33464307228707,0.0,260704500
2024-06-14,131.82357788085938,0.0,132.7831585880022,128.26510352503902,129.90440121431337,0.0,309320400
2024-06-17,130.92396545410156,0.0,133.67278906643185,129.52457044327446,132.9331153831068,0.0,288504400
2024-06-18,135.52200317382812,0.0,136.27168233747813,130.63409563692056,131.08390008465824,0.0,294335100
2024-06-20,130.7240447998047,0.0,140.69977060471427,129.46458937927747,139.74018988019657,0.0,517768400
2024-06-21,126.51585388183594,0.0,130.57412222632124,124.24682832839595,127.06562164590744,0.0,649445800
2024-06-24,118.05946350097656,0.0,124.40674492687346,117.98949375774167,123.18726572238242,0.0,476060900
2024-06-25,126.03604888916016,0.0,126.44587713171062,119.26894878077069,121.14814167969276,0.0,414192600
2024-06-26,126.3459243774414,0.0,128.0651821115694,122.54754706402704,126.07603561970313,0.0,362975900
2024-06-27,123.93695831298828,0.0,126.35592889862836,122.8674163349487,124.04691186806878,0.0,252571700
2024-06-28,123.48714447021484,0.0,127.65535851030685,122.69748155565787,124.52670042256338,0.0,315516700
2024-07-01,124.24681854248047,0.0,124.78658078052614,118.7791577829481,123.4171718460919,0.0,284885500
2024-07-02,122.61752319335938,0.0,123.35721213177682,120.97822535200487,121.07818104942778,0.0,218374000
2024-07-03,128.22511291503906,0.0,128.22511291503906,121.30807553564613,121.60795022813568,0.0,215749000
2024-07-05,125.77616119384766,0.0,128.79487325497558,125.62622385121296,127.32549339805952,0.0,214176700
2024-07-08,128.14512634277344,0.0,130.71403368367476,126.98562679747023,127.43543114348468,0.0,237677300
2024-07-09,131.3238067626953,0.0,133.76276548705792,128.59496354527897,130.29424856790877,0.0,285366600
2024-07-10,134.852294921875,0.0,135.04221608834806,132.36335454676214,133.9726664675838,0.0,248978600
2024-07-11,127.34550476074219,0.0,136.09175422496259,126.99565600235432,135.69193143030844,0.0,374782700
2024-07-12,129.18470764160156,0.0,131.86355363035963,127.16556766728102,128.20511597204649,0.0,252680500
2024-07-15,128.3850555419922,0.0,131.33379047542198,127.1255924372887,130.50414372087192,0.0,208326200
2024-07-16,126.3059310913086,0.0,128.98477699663783,124.52669397454281,128.3850428883488,0.0,214769500
2024-07-17,117.93950653076172,0.0,121.7978553351996,116.6700533559942,121.29806929966236,0.0,390086200
2024-07-18,121.03819274902344,0.0,122.34763750285344,116.51013195140489,121.79786974825338,0.0,320979500
2024-07-19,117.87955474853516,0.0,121.54798304467437,117.31979673364096,120.29851774276338,0.0,217223800
2024-07-22,123.48714447021484,0.0,124.01691649015211,119.80871864887781,120.2985068676328,0.0,258068900
2024-07-23,122.53755950927734,0.0,124.63666735303748,122.04777123792785,122.72748067875479,0.0,173911000
2024-07-24,114.20111846923828,0.0,119.89867669033677,113.39146746574805,119.1190116312528,0.0,327776900
2024-07-25,112.2319564819336,0.0,116.580093681362,106.25451947131738,112.99163342891377,0.0,460067000
2024-07-26,113.01162719726562,0.0,116.15028320368103,111.53226465502331,116.14029297278634,0.0,293399100
2024-07-29,111.54225158691406,0.0,116.23024736996389,111.2523823769322,113.64135918454429,0.0,248152100
2024-07-30,103.68561553955078,0.0,111.94207545546908,102.49612232025332,111.47227535621278,0.0,486833300
2024-07-31,116.96992492675781,0.0,118.28935980657482,110.83255278301941,112.85169271533529,0.0,473174200
2024-08-01,109.16327667236328,0.0,120.10859659996095,106.76430191931924,117.47971689042026,0.0,523462300
2024-08-02,107.2240982055664,0.0,108.67348235860572,101.32662878479363,103.71560554704351,0.0,482027500
2024-08-05,100.40702056884766,0.0,103.36576087778293,90.65120176374947,92.020610744235,0.0,552842400
2024-08-06,104.20539855957031,0.0,107.66391734722711,100.50698458680512,103.79557030996848,0.0,409012100
2024-08-07,98.86769104003906,0.0,108.75345959568735,98.64778393346153,107.76387761608842,0.0,411440400
2024-08-08,104.92508697509766,0.0,105.45485898012505,97.47827008281362,101.95635654950479,0.0,391910000
2024-08-09,104.70519256591797,0.0,106.55439969221393,103.38575750879603,105.59481125304626,0.0,290844200
2024-08-12,108.97335052490234,0.0,111.02247644689008,106.21453693013632,106.27450881772207,0.0,325559900
2024-08-13,116.0903091430664,0.0,116.18027460234957,111.53226256952769,112.3918952304853,0.0,312646700
2024-08-14,118.02948760986328,0.0,118.5492618001431,114.02120093884069,118.47929205094907,0.0,339246400
2024-08-15,122.80743408203125,0.0,123.18726875091167,117.4197408420992,118.70918982152592,0.0,318086700
2024-08-16,124.52669525146484,0.0,124.94651370725,121.12814855340164,121.88782549205811,0.0,302589900
2024-08-19,129.94439697265625,0.0,129.94439697265625,123.36720951099952,124.22684228567836,0.0,318333600
2024-08-20,127.19556427001953,0.0,129.82444407435935,125.83614544847738,128.345066215563,0.0,300087400
2024-08-21,128.4450225830078,0.0,129.29466502006431,126.60581346882094,127.26552712895132,0.0,257883600
2024-08-22,123.68705749511719,0.0,130.69406050330699,123.04733191995243,129.96437709388331,0.0,376189100
2024-08-23,129.31463623046875,0.0,129.54454879248973,125.16641816339359,125.80614369005178,0.0,323230300
2024-08-26,126.40589904785156,0.0,131.20384101513017,124.3167968178151,129.5145768150302,0.0,331964700
2024-08-27,128.2451171875,0.0,129.14472607274774,123.8270022374259,124.99650751528328,0.0,303134600
2024-08-28,125.55626678466797,0.0,128.27510443502842,122.58753608006307,128.06518755846798,0.0,448101100
2024-08-29,117.53968811035156,0.0,124.37676573622443,116.66006734390899,121.30807947152184,0.0,453023300
2024-08-30,119.31893157958984,0.0,121.69791057687668,117.169849908653,119.47885915972935,0.0,333751600
2024-09-03,107.95378875732422,0.0,116.1602749319815,107.24409346859224,115.96036355880885,0.0,477155100
2024-09-04,106.16455841064453,0.0,113.22153543398687,104.07545625261184,105.36490525672457,0.0,372470300
2024-09-05,107.16413879394531,0.0,109.60309749669094,104.71518985962717,104.94508720389065,0.0,306850700
2024-09-06,102.78600311279297,0.0,108.10372649561138,100.90680264312543,107.9937729521253,0.0,413638100
2024-09-09,106.4244384765625,0.0,106.50440607165478,103.6456293692074,104.83511493515424,0.0,273912000
2024-09-10,108.05374908447266,0.0,109.35319594429214,104.90509525193343,107.76387224263199,0.0,268283700
2024-09-11,116.85997772216797,0.0,117.13985668962943,107.37403301447969,109.34319126914343,0.0,441422400
2024-09-12,119.0992202758789,0.01,120.74865704096976,115.34050510922769,116.80000446674823,0.0,366052700
2024-09-13,119.05921936035156,0.0,119.91892551173434,117.55973295121166,119.0392295640139,0.0,238358300
2024-09-16,116.7400131225586,0.0,118.13953528569532,114.32084356482326,116.75001183404176,0.0,248772300
2024-09-17,115.55043029785156,0.0,118.75933823796504,114.79069593440207,118.12954900355818,0.0,231925900
2024-09-18,113.33119201660156,0.0,117.65970390167261,113.18124184177299,115.85032597194726,0.0,310318900
2024-09-19,117.82964324951172,0.0,119.61903125645314,117.20985279612093,117.30981703007888,0.0,293506400
2024-09-20,115.96028900146484,0.0,118.57939482627764,115.35049721640073,117.01992368452845,0.0,382462400
2024-09-23,116.22020721435547,0.0,116.94995306986277,114.82068489843978,116.51010886475667,0.0,206228500
2024-09-24,120.82862091064453,0.0,121.75830281490052,115.34049501127092,116.4801041033547,0.0,354966800
2024-09-25,123.46772003173828,0.0,124.8972307941946,121.56836894761845,121.9782246233193,0.0,284692900
2024-09-26,123.9975357055664,0.0,127.62629022604027,121.75830470715397,126.75659295249227,0.0,302582900
2024-09-27,121.35844421386719,0.0,123.9875411739155,119.21917738287792,123.9275641535197,0.0,271009200
2024-09-30,121.39842987060547,0.0,121.45840689022769,118.10955522149155,118.26949648274505,0.0,226553700
2024-10-01,116.95994567871094,0.0,122.39808576451375,115.7503608309228,121.72830933905863,0.0,302094500
2024-10-02,118.80931854248047,0.0,119.33913591399957,115.1005893150636,116.40014740227824,0.0,221845900
2024-10-03,122.80794525146484,0.0,124.31743049345978,120.2988023230489,120.87860561160097,0.0,277118000
2024-10-04,124.87723541259766,0.0,124.99719707970252,121.78829684578011,124.89723283717322,0.0,243678100
2024-10-07,127.67628479003906,0.0,130.5952834922112,124.90722864393703,124.94721586781675,0.0,346250200
2024-10-08,132.84449768066406,0.0,133.43429200303964,129.3756845929013,130.2153933149511,0.0,285722500
2024-10-09,132.60458374023438,0.0,134.473953954377,131.33502948270424,134.06409064908044,0.0,246191600
2024-10-10,134.76385498046875,0.0,134.9537923881041,130.95516150253064,131.86485368985453,0.0,242311300
2024-10-11,134.7538604736328,0.0,135.73352074472976,133.61425131031754,133.9641223517835,0.0,170209500
2024-10-14,138.0227508544922,0.0,139.5522259694365,136.25335239175735,136.42329237635488,0.0,232347700
2024-10-15,131.55496215820312,0.0,138.52257769243778,128.6959404665834,137.82280508502743,0.0,377831000
2024-10-16,135.67355346679688,0.0,136.57323935639468,131.53497091822635,133.93414345953184,0.0,264879700
2024-10-17,136.8831329345703,0.0,140.8417844676902,136.8231559081479,139.2923118529861,0.0,306435900
2024-10-18,137.9527587890625,0.0,138.85244459278235,137.23300404466042,138.62252759913224,0.0,176090200
2024-10-21,143.6608123779297,0.0,143.6608123779297,137.95276029474488,138.0827206747143,0.0,264554500
2024-10-22,143.5408477783203,0.0,144.37056551302095,141.73146975294682,142.86108785315807,0.0,226311600
2024-10-23,139.51222229003906,0.0,142.38123492807873,137.41295033058282,141.9813779606296,0.0,285930000
2024-10-24,140.3619384765625,0.0,141.30161913611144,138.41260905173522,140.7718017861216,0.0,172354900
2024-10-25,141.49154663085938,0.0,144.08067171203157,140.75180968215267,140.8817548130095,0.0,205122100
2024-10-28,140.47189331054688,0.0,143.09099139897359,140.0020530079347,142.95103994204007,0.0,173586700
2024-10-29,141.20164489746094,0.0,142.21129364579818,138.8524432880062,140.2419668294209,0.0,157593600
2024-10-30,139.29229736328125,0.0,140.28196395700422,136.76316465511044,139.49222584841445,0.0,179418100
2024-10-31,132.7145538330078,0.0,137.56289989167158,132.06478241439225,137.55290880572403,0.0,270039600
2024-11-01,135.35365295410156,0.0,137.26300291330367,134.52395044654537,134.65389558133728,0.0,207127800
2024-11-04,136.00343322753906,0.0,138.91244079735898,135.52360180221356,137.16303982117785,0.0,187528200
2024-11-05,139.8621063232422,0.0,140.3219403030432,137.28298774012364,137.40294177771256,0.0,160537400
2024-11-06,145.56015014648438,0.0,146.43985375430594,141.9114058474733,142.91106349142868,0.0,242043900
2024-11-07,148.8290557861328,0.0,148.87902647248674,146.11997647950326,146.33990241230273,0.0,207323300
2024-11-08,147.57945251464844,0.0,149.71871911263233,146.2099112659944,148.71906153874144,0.0,175665800
2024-11-11,145.21026611328125,0.0,148.79904870323992,143.52085748188875,148.62909347800425,0.0,182325600
2024-11-12,148.2392120361328,0.0,149.59874692031187,145.95999403229789,146.7297346202135,0.0,198634700
2024-11-13,146.2199249267578,0.0,149.27887481548683,145.85004123347073,149.01896932454213,0.0,191903300
2024-11-14,146.7097625732422,0.0,148.94900137376933,145.50018526515709,147.58946625444327,0.0,194463300
2024-11-15,141.93138122558594,0.0,145.1902747512061,140.03203789439084,144.8203910682193,0.0,250132900
2024-11-18,140.1020050048828,0.0,141.50153478170088,137.10303223771245,139.45223367342163,0.0,221205300
2024-11-19,146.9596710205078,0.0,147.0796403153284,140.94174272954967,141.27163159656618,0.0,227834900
2024-11-20,145.84005737304688,0.0,147.50948385732136,142.68113546401185,147.35954130772643,0.0,309871700
2024-11-21,146.6197967529297,0.0,152.83766902515802,140.65183891204953,149.29888738883682,0.0,400946600
2024-11-22,141.90139770507812,0.0,147.10962067545384,141.05169787065546,145.88003080645086,0.0,236406200
2024-11-25,135.9734344482422,0.0,142.00136870780395,135.7735059739188,141.9413916908634,0.0,344941900
2024-11-26,136.87313842773438,0.0,139.25232877348597,135.6235662299349,137.6528702588759,0.0,190287700
2024-11-27,135.2936553955078,0.0,137.17301655731904,131.7548742168772,134.96376655836661,0.0,226370900
2024-11-29,138.2026824951172,0.0,139.30231211006736,136.0034385187834,136.7331843976686,0.0,141863200
2024-12-02,138.58255004882812,0.0,140.40191910756175,137.77282976281836,138.7824785355422,0.0,171682800
2024-12-03,140.2119903564453,0.0,140.49189330582607,137.90278339727084,138.21267485883047,0.0,164414000
2024-12-04,145.09033203125,0.0,145.740103497805,140.24198561488052,141.95140715914127,0.0,231224300
2024-12-05,145.0203399658203,0.01,146.49993108099994,143.9106428157812,145.07032934736787,0.0,172621200
2024-12-06,142.40106201171875,0.0,145.66016529709515,141.27136605108353,144.5604751692698,0.0,188505600
2024-12-09,138.77203369140625,0.0,139.91172129670065,137.0925004855475,138.93199359328304,0.0,189308600
2024-12-10,135.03306579589844,0.0,141.7812196768295,133.7534018405272,138.97197539548316,0.0,210020900
2024-12-11,139.2718963623047,0.0,140.13166176303284,135.173026862483,137.32243273699547,0.0,184905200
2024-12-12,137.30242919921875,0.0,138.40213441382414,135.76285715338648,137.0425058096826,0.0,159211400
2024-12-13,134.21328735351562,0.0,139.56183041879834,132.50374826625531,138.9020072444441,0.0,231514900
2024-12-16,131.96389770507812,0.0,134.3632351978696,130.38432800805435,134.1432941479919,0.0,237951100
2024-12-17,130.35433959960938,0.0,131.5540083659402,126.82530622422306,129.0546920799943,0.0,259410300
2024-12-18,128.874755859375,0.0,136.6626191312432,128.2449232385065,133.82339933223892,0.0,277444500
2024-12-19,130.6442413330078,0.0,133.99333094415113,129.51456085077075,131.72394769790225,0.0,209719200
2024-12-20,134.6631622314453,0.0,135.24300545668208,128.1849385069714,129.7745000485284,0.0,306528600
2024-12-23,139.63180541992188,0.0,139.75176772445488,135.08304656610844,136.24273302531586,0.0,176053500
2024-12-24,140.18167114257812,0.0,141.8612045810897,138.61209299039524,139.96173006068474,0.0,105157000
2024-12-26,139.89173889160156,0.0,140.8115008078877,137.69234337416663,139.66180603983884,0.0,116205600
2024-12-27,136.9725341796875,0.0,138.9819943823141,134.67317523350815,138.5121216661011,0.0,170582600
2024-12-30,137.452392578125,0.0,140.2316308377207,133.98334063995796,134.79311660884966,0.0,167734700
2024-12-31,134.25328063964844,0.0,138.0322612848829,133.79341493856927,137.99226367763055,0.0,155659200
2025-01-02,138.2721710205078,0.0,138.84202245285945,134.5931847895647,135.96280522543205,0.0,198247200
2025-01-03,144.4304962158203,0.0,144.86037131104774,139.69178686675932,139.9717090810043,0.0,229322500
2025-01-06,149.38912963867188,0.0,152.11839407781596,147.77958455274808,148.54936300568127,0.0,265377400
2025-01-07,140.10166931152344,0.0,153.08812187242287,139.97169998670535,152.98814312185272,0.0,351782200
2025-01-08,140.07168579101562,0.0,143.91063203422854,137.5223800692543,142.54101155921632,0.0,227349900
2025-01-10,135.8728485107422,0.0,139.88174676307978,134.18330808313058,137.41242079266553,0.0,207602500
2025-01-13,133.19357299804688,0.0,133.4535116815908,129.4745887600242,129.95446851982027,0.0,204808900
2025-01-14,131.7239532470703,0.0,136.3426998783518,130.01442953826418,136.01278831507346,0.0,195590500
2025-01-15,136.2027587890625,0.0,136.4126928345012,131.25409986764885,133.61345527658474,0.0,185217300
2025-01-16,133.53347778320312,0.0,138.7120538029648,133.4534978315376,138.60208327625168,0.0,209235600
2025-01-17,137.67234802246094,0.0,138.46212527408701,135.4229633158422,136.65262268416788,0.0,201188800
2025-01-21,140.79148864746094,0.0,141.7912151745994,137.05250594430132,139.12194717769367,0.0,197749000
2025-01-22,147.02981567382812,0.0,147.74960487622204,143.63073568135124,144.62047062339892,0.0,237651400
2025-01-23,147.17974853515625,0.0,147.1897403093082,143.6807055002306,145.01034368405638,0.0,155915500
2025-01-24,142.58099365234375,0.0,148.92926325643236,141.84120577881646,148.32942123311412,0.0,234657600
2025-01-27,118.38761901855469,0.0,128.3648859520762,116.668088091544,124.7658794397831,0.0,818830900
2025-01-28,128.95472717285156,0.0,128.96471894622445,116.21820602712087,121.77668294561497,0.0,579666400
2025-01-29,123.66617584228516,0.0,126.8553060976507,120.01717989918284,126.46541333864903,0.0,467120600
2025-01-30,124.61592102050781,0.0,124.96582380169083,118.06770880237578,123.06634175444341,0.0,392925500
2025-01-31,120.03717041015625,0.0,127.81504199868698,119.15741376372098,123.74615511454752,0.0,388161100
2025-02-03,116.62810516357422,0.0,118.53757894355685,112.97910166242248,114.71862375628316,0.0,371235700
2025-02-04,118.6175537109375,0.0,121.16685177317855,116.66808241089754,116.92801344303115,0.0,256550000
2025-02-05,124.79586029052734,0.0,124.96581196424484,120.72697375806385,121.7267002537778,0.0,262230800
2025-02-06,128.64479064941406,0.0,128.73477762229223,125.1757463183856,127.38514082988289,0.0,251483600
2025-02-07,129.80447387695312,0.0,130.3343276557766,124.96580169637689,129.18464838201572,0.0,228186300
2025-02-10,133.53347778320312,0.0,134.96307937585763,129.92446445785666,130.05441853152416,0.0,216989100
2025-02-11,132.76370239257812,0.0,134.4432358451655,130.9841901729766,132.54376130884148,0.0,178902400
2025-02-12,131.10414123535156,0.0,132.203846559633,129.04470695043977,129.98445236307722,0.0,160278600
2025-02-13,135.2530059814453,0.0,136.46268188823717,131.13413724109478,131.52403000773361,0.0,197430000
2025-02-14,138.81204223632812,0.0,139.21192676792597,135.46295207938218,136.44267986002885,0.0,195479600
2025-02-18,139.3618927001953,0.0,143.40079701868018,137.892293264338,141.23139195970475,0.0,219176600
2025-02-19,139.19192504882812,0.0,141.32134750878612,137.18248014952957,139.47184726600554,0.0,167536000
2025-02-20,140.07168579101562,0.0,140.62153843760984,136.7525863640224,139.991705837455,0.0,143903600
2025-02-21,134.3932342529297,0.0,141.42132600995674,133.99334973043614,140.0017008694862,0.0,228217600
2025-02-24,130.244384765625,0.0,138.55211066034528,130.04444248958205,136.52266681200447,0.0,251381100
2025-02-25,126.59537506103516,0.0,130.16439867421266,124.40597902043103,129.94445760453814,0.0,271428700
2025-02-26,131.24411010742188,0.0,133.69343728770713,128.4548795357506,129.95446947322534,0.0,322553800
2025-02-27,120.11714935302734,0.0,134.9730792207777,119.97718824289691,134.96308744670299,0.0,443175800
2025-02-28,124.8858413696289,0.0,125.05579305607802,116.36817434407594,117.98772650698133,0.0,389091100
2025-03-03,114.02880859375,0.0,123.66617198823369,112.2492965435478,123.47622912906817,0.0,411381400
2025-03-04,115.95828247070312,0.0,119.27737437091366,110.07989299750376,110.6197462594264,0.0,398163300
2025-03-05,117.26792907714844,0.0,118.24765683915241,114.47869104666965,117.54785129486386,0.0,284337900
2025-03-06,110.53976440429688,0.0,115.31845609620828,110.18986163701831,113.49895407905146,0.0,321181900
2025-03-07,112.65918731689453,0.0,113.44897220636766,107.5305852358904,111.21957864470976,0.0,341755500
2025-03-10,106.95074462890625,0.0,111.81940781621753,105.43115607331026,109.8699441866197,0.0,366487400
2025-03-11,108.73026275634766,0.0,112.20930691241836,104.74134829193281,106.96074247458567,0.0,354865700
2025-03-12,115.71900177001953,0.01,116.73882100614277,112.85951998498375,114.09930053195751,0.0,323857500
2025-03-13,115.55902862548828,0.0,117.73863334670654,113.76935252443205,117.00876245655117,0.0,299033100
2025-03-14,121.64791870117188,0.0,121.85787967708788,118.12856083227834,118.58847644066721,0.0,277593500
2025-03-17,119.50830841064453,0.0,122.86769930249316,118.00858060635532,122.71772499646224,0.0,255501500
2025-03-18,115.40904998779297,0.0,118.99839474842913,114.51921213127834,117.97858323274161,0.0,299686900
2025-03-19,117.49866485595703,0.0,120.42813331851431,115.65900250727064,117.24871023501531,0.0,273426200
2025-03-20,118.50848388671875,0.0,120.17817892707569,116.44886024718888,116.5288475567653,0.0,248829700
2025-03-21,117.67863464355469,0.0,117.96858292451893,115.39904967929496,116.91877807414131,0.0,266498500
2025-03-24,121.38796997070312,0.0,122.19782052957932,119.31833831489072,119.85824123014483,0.0,228452500
2025-03-25,120.66809844970703,0.0,121.26798803028822,118.89841541478116,120.52812446850508,0.0,167447200
2025-03-26,113.7393569946289,0.0,118.81842927999459,112.68954449720724,118.70845626054094,0.0,293463300
2025-03-27,111.40977478027344,0.0,114.42922326739314,110.63991789836862,111.32978747025457,0.0,236902100
2025-03-28,109.65009307861328,0.0,112.84951685583745,109.0502035041368,111.46976244373079,0.0,229872500
2025-03-31,108.3603286743164,0.0,110.93986229194257,103.63119133667838,105.11091847763528,0.0,299212700
2025-04-01,110.13001251220703,0.0,110.17999886185885,106.45068001979016,108.50030342775528,0.0,222614000
2025-04-02,110.39995574951172,0.0,111.95967777974947,106.77061737970816,107.2705266243207,0.0,220601200
2025-04-03,101.78153228759766,0.0,105.61083156865355,101.58156399912866,103.49122110695384,0.0,338769400
2025-04-04,94.29288482666016,0.0,100.11182847125419,92.09328707213024,98.89205625014841,0.0,532273800
2025-04-07,97.62227630615234,0.0,101.73153089146867,86.60427995314998,87.444123819458,0.0,611041300
2025-04-08,96.28252410888672,0.0,105.83078615825814,94.44285411172834,103.79115551332612,0.0,476243400
2025-04-09,114.30924987792969,0.0,115.07910675948129,97.51229618216108,98.87204993981901,0.0,612918300
2025-04-10,107.55047607421875,0.0,110.83987986480561,99.13200610877084,109.35015243101728,0.0,437812400
2025-04-11,110.90986633300781,0.0,111.52975654810143,107.46049556472005,108.4803070767672,0.0,313417300
2025-04-14,110.68990325927734,0.0,114.26925525660798,109.05020155855789,114.08928762467488,0.0,264705000
2025-04-15,112.17963409423828,0.0,113.59938217981927,110.4799456735416,110.94986159507806,0.0,228966900
2025-04-16,104.47103881835938,0.0,106.77062454919468,100.4317709352981,104.53103311878802,0.0,397016900
2025-04-17,101.4715805053711,0.0,104.45104308202083,100.03184700877077,104.43104243972901,0.0,292517500
2025-04-21,96.89241790771484,0.0,99.42195758129023,95.02275450080649,98.75207336541831,0.0,288501100
2025-04-22,98.87205505371094,0.0,99.79188628205247,97.26234659010818,98.76207440379943,0.0,241004800
2025-04-23,102.69136047363281,0.0,104.78098517141211,102.00148324580945,104.5010295750129,0.0,247526000
2025-04-24,106.41067504882812,0.0,106.52065568558213,103.09127819009328,103.46121375263034,0.0,220815000
2025-04-25,110.98986053466797,0.0,111.89969145813895,105.71081975581805,106.83061166162848,0.0,251064700
2025-04-28,108.71026611328125,0.0,110.3499678015911,106.00075133412535,109.67009093365705,0.0,207708500
2025-04-29,109.00021362304688,0.0,110.1799998026459,107.42050613077843,107.65046012276234,0.0,170444300
2025-04-30,108.90023040771484,0.0,108.90023040771484,104.06111247501677,104.45104108413872,0.0,235044600
2025-05-01,111.5897445678711,0.0,114.9191420385801,111.27980327057723,113.05947899879722,0.0,236121500
2025-05-02,114.4792251586914,0.0,115.37906338859757,113.34943293159324,114.15928352450368,0.0,190194800
2025-05-05,113.79934692382812,0.0,114.64919116473993,112.63956137373921,112.88951601094917,0.0,133163200
2025-05-06,113.51940155029297,0.0,114.71918078517231,110.79989381468877,111.45977773347964,0.0,158525600
2025-05-07,117.03875732421875,0.0,117.65864757290291,112.25962586336117,113.02949042053457,0.0,206758800
2025-05-08,117.34870910644531,0.0,118.658469001105,115.82898059800607,118.22854670795566,0.0,198428100
2025-05-09,116.62882995605469,0.0,118.20854502226882,115.18908887008638,117.32869985728382,0.0,132972200
2025-05-12,122.9776840209961,0.0,122.9776840209961,120.25817629208265,121.94787211512306,0.0,225023300
2025-05-13,129.9064178466797,0.0,131.19619232916256,124.44741706637032,124.95732666651305,0.0,330430100
2025-05-14,135.3154296875,0.0,135.4154176381041,131.65609038206884,133.17581874633882,0.0,281180800
2025-05-15,134.80552673339844,0.0,136.2752611112406,132.6359224746836,134.2656162138544,0.0,226632600
2025-05-16,135.37542724609375,0.0,136.32526708518697,133.43579205010155,136.19528579014883,0.0,226542500
2025-05-19,135.54539489746094,0.0,135.84532822832756,132.36596428610483,132.36596428610483,0.0,193154600
2025-05-20,134.35562133789062,0.0,134.55558199625042,132.59593092987555,134.26562607401144,0.0,161514200
2025-05-21,131.7760772705078,0.0,137.3750515435132,130.56629021032253,133.0358430493297,0.0,270608700
2025-05-22,132.80589294433594,0.0,134.22563338103308,131.52612648714359,132.20599574301846,0.0,187344000
2025-05-23,131.26617431640625,0.0,132.65592152877483,129.13657112060253,129.97641506418768,0.0,198821300
2025-05-27,135.47540283203125,0.0,135.63537744884945,133.2857979393918,134.1256417936587,0.0,192953600
2025-05-28,134.78553771972656,0.0,137.22509744866613,134.76553707682788,136.00531758419635,0.0,304021100
2025-05-29,139.1647491455078,0.0,143.46397204605128,137.88498259688382,142.22419152756274,0.0,369241900
2025-05-30,135.10548400878906,0.0,139.59465948344436,132.8958783257386,138.6948289010735,0.0,333170900
2025-06-02,137.35507202148438,0.0,138.09492795630163,135.37542038395227,135.46541564458173,0.0,197663100
2025-06-03,141.19436645507812,0.0,141.97422364617418,137.9249557656252,138.75480693174418,0.0,225578800
2025-06-04,141.8942413330078,0.0,142.36415725393297,139.5146683935161,142.1641966028205,0.0,167120800
2025-06-05,139.964599609375,0.0,143.97386636815438,138.80480646885346,142.14419665233672,0.0,231397900
2025-06-06,141.69427490234375,0.0,143.24399658328852,141.4843063108272,142.4841247816278,0.0,153986200
2025-06-09,142.6041259765625,0.0,144.97369107987248,141.91424872977086,143.16402192873528,0.0,185114500
2025-06-10,143.9338836669922,0.0,144.26381035974757,141.50431668274294,142.66410985007164,0.0,155881900
2025-06-11,142.81399536132812,0.01,144.97375695921582,141.85409623212945,144.59379466225064,0.0,167694000
2025-06-12,144.98374938964844,0.0,144.98374938964844,141.83410852298076,141.9540901919345,0.0,162365000
2025-06-13,141.95408630371094,0.0,143.5639064320885,140.83421673860605,142.4640236398758,0.0,180820600
2025-06-16,144.6737823486328,0.0,146.16360555156524,143.18394388862185,143.33393622751285,0.0,183133700
2025-06-17,144.1038360595703,0.0,145.20371882793046,143.7638778428329,144.4738049491523,0.0,139108000
2025-06-18,145.46368408203125,0.0,145.63366319028128,143.10394808189747,143.9938476821936,0.0,161494100
2025-06-20,143.83387756347656,0.0,146.1836049259659,142.63399990245927,145.43368901636921,0.0,242956200
2025-06-23,144.15383911132812,0.0,144.76377135076248,142.01407957999888,142.48402812138661,0.0,154308900
2025-06-24,147.88340759277344,0.0,147.94341367999496,145.4836828445603,145.54367367470394,0.0,187566100
2025-06-25,154.29270935058594,0.0,154.43269305532343,149.24327207878133,149.25328072295656,0.0,269146500
2025-06-26,155.00262451171875,0.0,156.70243086817015,153.98273459501658,155.9625083392563,0.0,198145700
2025-06-27,157.73231506347656,0.0,158.69221415352254,155.24258871826237,156.02250005395288,0.0,263234500
2025-06-30,157.97230529785156,0.0,158.6422284044636,155.94253394670602,158.38224776867892,0.0,194580300
2025-07-01,153.2828369140625,0.0,157.18239409932116,151.47304203431221,156.27249233706732,0.0,213143600
2025-07-02,157.2323760986328,0.0,157.58234297497486,152.95285700312823,152.962850389823,0.0,171224100
2025-07-03,159.3221435546875,0.0,160.96195919540767,157.7523273944205,158.35225101493015,0.0,143716100
2025-07-07,158.22227478027344,0.0,159.29214695363126,157.3223664705724,158.18227071828886,0.0,140139000
2025-07-08,159.98207092285156,0.0,160.20204749093682,158.3722507239072,159.31214783171163,0.0,138133000
2025-07-09,162.86175537109375,0.0,164.40157611225678,161.14194686393122,161.20193770023792,0.0,183656400
2025-07-10,164.0816192626953,0.0,164.48156834124046,161.5918927660757,164.30159583301895,0.0,167704100
2025-07-11,164.90151977539062,0.0,167.87118822352508,163.4516852914618,163.70165728031435,0.0,193633300
2025-07-14,164.05162048339844,0.0,165.4714595173457,162.00184716942397,165.35146259057728,0.0,136975800
2025-07-15,170.6808624267578,0.0,172.38066881478494,169.18103056842588,171.17081299302788,0.0,230627400
2025-07-16,171.35079956054688,0.0,171.73076187811773,168.88107501049606,171.04083672550954,0.0,158831500
2025-07-17,172.98062133789062,0.0,174.1404950617398,170.81086624213197,172.00073538495315,0.0,160841100
2025-07-18,172.39068603515625,0.0,174.23047621121117,171.24080573231237,173.62054394819432,0.0,146456400
2025-07-21,171.36080932617188,0.0,173.36058531454748,170.9808470061149,172.73065099594356,0.0,123126100
2025-07-22,167.01129150390625,0.0,171.37080379639445,164.5615689540832,171.32080634495316,0.0,193114300
2025-07-23,170.7608642578125,0.0,171.24080620570157,167.95118153678195,169.511004310231,0.0,154082200
2025-07-24,173.7205352783203,0.0,173.81052153075,171.28080627636527,172.42067791171223,0.0,128984600
2025-07-25,173.48056030273438,0.0,174.70042482917586,172.9406275198062,173.59054858813744,0.0,122316800
2025-07-28,176.73019409179688,0.0,176.98016607778243,173.9505068282037,174.00050427681666,0.0,140023500
2025-07-29,175.49032592773438,0.0,179.35990260986108,175.00039060425894,177.94006357342778,0.0,154077500
2025-07-30,179.2499237060547,0.0,179.869849375745,176.0202745228646,176.49022309733303,0.0,174312200
2025-07-31,177.85006713867188,0.0,183.2794667127293,175.9102820488597,182.87950237318685,0.0,221685400
2025-08-01,173.70053100585938,0.0,176.52020701181988,170.8708463561498,174.07048465468185,0.0,204529000
2025-08-04,179.97982788085938,0.0,180.17980241597786,174.500446281802,175.14037394842856,0.0,148174600
2025-08-05,178.24002075195312,0.0,180.23979665506658,175.8802845759961,179.59986897635343,0.0,156407600
2025-08-06,179.39988708496094,0.0,179.87982901005608,176.23024423927978,176.31023710297544,0.0,137192300
2025-08-07,180.749755859375,0.0,183.85940811228025,178.7799753024853,181.54966930117607,0.0,151878400
2025-08-08,182.6795196533203,0.0,183.27945850723472,180.3797743894202,181.52965464990967,0.0,123396700
2025-08-11,182.0395965576172,0.0,183.8193958765311,180.22980182096376,182.02960317073044,0.0,138323200
2025-08-12,183.1394805908203,0.0,184.4593247511904,179.43989822709233,182.9395060522284,0.0,145485700
2025-08-13,181.5696563720703,0.0,183.9493946696141,179.329917039869,182.59953978080497,0.0,179871700
2025-08-14,181.99960327148438,0.0,182.99949119039164,179.43989264021437,179.7298534235828,0.0,129554000
2025-08-15,180.42977905273438,0.0,181.87961354108583,178.02004541114613,181.85962676701382,0.0,156602200
2025-08-18,181.98959350585938,0.0,182.91949719839158,180.56975450061333,180.57976314427117,0.0,132008000
2025-08-19,175.6203155517578,0.0,182.47954736718557,175.47033846497254,182.4095478886331,0.0,185229200
2025-08-20,175.38034057617188,0.0,175.9802794498554,168.7810892510499,175.1503706193276,0.0,215142700
2025-08-21,174.96038818359375,0.0,176.88017120538285,173.79052111986658,174.83041312567687,0.0,140040900
2025-08-22,177.97006225585938,0.0,178.56998587344157,171.18081451068767,172.59066018618677,0.0,172789400
2025-08-25,179.78985595703125,0.0,181.88962682620624,176.5502286534902,178.33002804439553,0.0,163012800
2025-08-26,181.7496337890625,0.0,182.36955942503778,178.78995879531527,180.0398187111229,0.0,168688200
2025-08-27,181.57965087890625,0.0,182.46955051009175,179.07993109949993,181.95959791056248,0.0,235518900
2025-08-28,180.14981079101562,0.0,184.44933204343067,176.39023757757423,180.79974711518173,0.0,281787800
2025-08-29,174.1604766845703,0.0,178.130033086625,173.13059331145078,178.09004428153852,0.0,243257900
2025-09-02,170.7608642578125,0.0,172.36069109354864,167.20126556823303,169.980952871088,0.0,231164900
2025-09-03,170.60089111328125,0.0,172.3906992342715,168.86109570238054,171.0408442884315,0.0,164424900
2025-09-04,171.64077758789062,0.0,171.8407521362954,169.39102958990665,170.55090333056648,0.0,141670100
2025-09-05,167.0012969970703,0.0,169.0110663720669,164.05163046676552,168.01117837826322,0.0,224441400
2025-09-08,168.2911376953125,0.0,170.940849905597,167.33125381142952,167.53122834914853,0.0,163769100
2025-09-09,170.74085998535156,0.0,170.96083655380463,166.7213214317911,169.0710489481518,0.0,157548400
2025-09-10,177.3101348876953,0.0,179.26990675759993,175.45034266016896,176.62020974984335,0.0,226852000
2025-09-11,177.16014099121094,0.01,180.26996857097555,176.4701769393558,179.66999584989978,0.0,151159300
2025-09-12,177.8101043701172,0.0,178.59005971058946,176.44017029123495,177.76010410307373,0.0,124911000
2025-09-15,177.74009704589844,0.0,178.84004186496986,174.50027206258352,175.66021109761542,0.0,147061600
2025-09-16,174.87026977539062,0.0,177.49011904437822,174.37029760906842,176.99014687805604,0.0,140737800
2025-09-17,170.280517578125,0.0,173.1903593144249,168.40063256525568,172.63039291663662,0.0,211843800
2025-09-18,176.23019409179688,0.0,177.09014682532762,172.95037791227023,173.9703101424577,0.0,191763300
2025-09-19,176.66015625,0.0,178.07008136373162,175.17023376194967,175.7602124903078,0.0,237182100
2025-09-22,183.5997772216797,0.0,184.53972732383275,174.70027887607205,175.29024236301854,0.0,269637000
2025-09-23,178.42005920410156,0.0,182.409842567533,176.20019683221489,181.9598706713119,0.0,192559600
2025-09-24,176.96014404296875,0.0,179.76998508551358,175.39022416770254,179.75999113536878,0.0,143564100
2025-09-25,177.68011474609375,0.0,180.24996380236055,173.12037093203185,174.47028665549124,0.0,191586700
2025-09-26,178.18008422851562,0.0,179.75999811527313,174.920255917913,178.16008106951017,0.0,148573700
2025-09-29,181.8398895263672,0.0,183.98976381560166,180.30997586310093,180.4199550960203,0.0,193063500
2025-09-30,186.56961059570312,0.0,187.3395719841704,181.4698885277926,182.06986121505474,0.0,236981000
2025-10-01,187.22958374023438,0.0,188.12952754318238,183.88975804814035,185.22969505995906,0.0,173844900
2025-10-02,188.87948608398438,0.0,191.0393695238543,188.04953044946197,189.5894532800495,0.0,136805800
2025-10-03,187.6095428466797,0.0,190.34939569471342,185.36967740169,189.1794627061203,0.0,137596900
2025-10-06,185.5296630859375,0.0,187.21957143407985,183.31979467524326,185.48967202648717,0.0,157678100
2025-10-07,185.02969360351562,0.0,189.0494741147918,183.9897582054133,186.21962980709273,0.0,140088000
2025-10-08,189.09947204589844,0.0,189.58945025835604,186.52960780500513,186.55962017208088,0.0,130168900
2025-10-09,192.5592803955078,0.0,195.28912405123697,191.04935474353755,192.21928773885006,0.0,182997200
2025-10-10,183.14981079101562,0.0,195.6091088464203,182.0398719523004,193.49922565779727,0.0,268774400
2025-10-13,188.3095245361328,0.0,190.09941818271824,185.94965529464977,187.9595379156231,0.0,153482800
2025-10-14,180.0199737548828,0.0,184.78971240822688,179.68999030007896,184.75971529942103,0.0,205641400
2025-10-15,179.8199920654297,0.0,184.85970481354866,177.2801249034248,184.7897166440438,0.0,214450500
2025-10-16,181.7998809814453,0.0,183.26980040587233,179.76000120804414,182.21985578014733,0.0,179723300
2025-10-17,183.20980834960938,0.0,184.08976427610557,179.74000017155936,180.16996892604442,0.0,173135200
2025-10-20,182.6298370361328,0.0,185.18969215276272,181.71988400794234,183.1198152646831,0.0,128544700
2025-10-21,181.14991760253906,0.0,182.77981647710283,179.78999271004406,182.77981647710283,0.0,124240200
2025-10-22,180.26995849609375,0.0,183.42978616900905,176.7501502622395,181.1299112106735,0.0,162249600
2025-10-23,182.1498565673828,0.0,183.01980322210497,179.7799782111653,180.40994799999942,0.0,111363700
2025-10-24,186.24961853027344,0.0,187.45955783835475,183.48977777431884,183.8297551720498,0.0,131296700
2025-10-27,191.47933959960938,0.0,191.98930570001696,188.41949722334647,189.979423148828,0.0,153452700
2025-10-28,201.01881408691406,0.0,203.1386912540773,191.89932637827522,193.03926234185508,0.0,297986200
2025-10-29,207.02847290039062,0.0,212.1781954922272,204.76860414707738,207.96842303697136,0.0,308829600
2025-10-30,202.8787078857422,0.0,206.1485301715792,201.39879452489242,205.1385766163601,0.0,178864400
2025-10-31,202.47872924804688,0.0,207.95841980607935,202.05875446792163,206.43850017947892,0.0,179802200
2025-11-03,206.8684844970703,0.0,211.32822759164594,205.5485506791992,208.06841462190084,0.0,180267300
2025-11-04,198.67893981933594,0.0,203.9586446199207,197.9189723693821,202.98869740675082,0.0,188919300
2025-11-05,195.1991424560547,0.0,202.90870481768462,194.63916080574026,198.75894188581304,0.0,171350300
2025-11-06,188.0695343017578,0.0,197.60899664277025,186.3696319662745,196.40906647995496,0.0,223029800
2025-11-07,188.1395263671875,0.0,188.3095303364016,178.90005019006267,184.8897071775586,0.0,264942300
2025-11-10,199.03892517089844,0.0,199.9288750287355,193.7792081445882,195.09914200543773,0.0,198897100
2025-11-11,193.1492462158203,0.0,195.40911485928362,191.28934919242405,195.14913483203398,0.0,176483300
2025-11-12,193.78921508789062,0.0,195.87909508520013,191.1193655455878,195.70910637927892,0.0,154935300
2025-11-13,186.84959411621094,0.0,191.42934088057365,183.8397672401686,191.03936321053533,0.0,207423100
2025-11-14,190.15940856933594,0.0,190.99935813210442,180.56994624954729,182.8498180673128,0.0,186591900
2025-11-17,186.58961486816406,0.0,188.98947511566342,184.30974305565786,185.95964506857126,0.0,173628900
2025-11-18,181.3498992919922,0.0,184.7897101334883,179.63998782140993,183.36979105504545,0.0,213598900
2025-11-19,186.50961303710938,0.0,187.8495347223247,182.8198161698128,184.7796984316032,0.0,247246400
2025-11-20,180.62994384765625,0.0,195.9890894251709,179.83999453744622,195.9390891568929,0.0,343504800
2025-11-21,178.8700408935547,0.0,184.54971718190046,172.92036011460985,181.22991004695137,0.0,346926200
2025-11-24,182.5398406982422,0.0,183.4897847612219,176.47017128450955,179.48001348627363,0.0,256618300
2025-11-25,177.8101043701172,0.0,178.15008177330986,169.54056066153746,174.90026276869568,0.0,320600300
2025-11-26,180.2499542236328,0.0,182.8998157763143,178.2300777211247,181.61988829154,0.0,183852000
2025-11-28,176.99014282226562,0.0,179.28000857805475,176.49017066740046,179.0000253919654,0.0,121332800
2025-12-01,179.9099884033203,0.0,180.28997214473748,173.67033006996684,174.75027181562072,0.0,188131000
2025-12-02,181.4499053955078,0.0,185.6496685428864,179.98997995570696,181.74987648908228,0.0,182632200
2025-12-03,179.5800018310547,0.0,182.43984327721986,179.1000328161426,181.06992440272873,0.0,165138000
2025-12-04,183.3800048828125,0.01,184.52000427246094,179.9600067138672,181.6199951171875,0.0,167364900
2025-12-05,182.41000366210938,0.0,184.66000366210938,180.91000366210938,183.88999938964844,0.0,143971100
2025-12-08,185.5500030517578,0.0,188.0,182.39999389648438,182.63999938964844,0.0,204378100
2025-12-09,184.97000122070312,0.0,185.72000122070312,183.32000732421875,185.55999755859375,0.0,144719700
2025-12-10,183.77999877929688,0.0,185.47999572753906,182.0399932861328,184.97000122070312,0.0,162785400
2025-12-11,180.92999267578125,0.0,181.32000732421875,176.6199951171875,180.27999877929688,0.0,182136600
2025-12-12,175.02000427246094,0.0,182.82000732421875,174.6199951171875,181.11000061035156,0.0,204274900
2025-12-15,176.2899932861328,0.0,178.4199981689453,175.02999877929688,177.94000244140625,0.0,164775600
2025-12-16,177.72000122070312,0.0,178.49000549316406,174.89999389648438,176.25999450683594,0.0,148588100
2025-12-17,170.94000244140625,0.0,176.1300048828125,170.30999755859375,176.10000610351562,0.0,222775500
2025-12-18,174.13999938964844,0.0,176.14999389648438,171.82000732421875,174.52999877929688,0.0,176096000
2025-12-19,180.99000549316406,0.0,181.4499969482422,176.33999633789062,176.6699981689453,0.0,324925900
2025-12-22,183.69000244140625,0.0,184.16000366210938,182.35000610351562,183.9199981689453,0.0,129064400
2025-12-23,189.2100067138672,0.0,189.3300018310547,182.89999389648438,182.97000122070312,0.0,174873600
2025-12-24,188.61000061035156,0.0,188.91000366210938,186.58999633789062,187.94000244140625,0.0,65528500
