Price,Close,Dividends,High,Low,Open,Stock Splits,Volume
Ticker,RTX,RTX,RTX,RTX,RTX,RTX,RTX
Date,,,,,,,
2015-11-18,48.70082473754883,0.0,48.775587662238685,48.267196148892666,48.660950774885904,0.0,6676978
2015-11-19,48.99488830566406,0.0,49.28895798808007,48.76062955973329,48.830407475026654,0.0,6938527
2015-11-20,48.95501708984375,0.0,49.61791638589432,48.9151431299537,49.16435386866036,0.0,7783240
2015-11-23,48.89021682739258,0.0,49.1344425442182,48.79053193648048,48.93507578360603,0.0,6637412
2015-11-24,48.5263671875,0.0,48.785547892901135,48.077786707988594,48.63103405261845,0.0,8491775
2015-11-25,48.48152542114258,0.0,48.87029510646726,48.4715584395457,48.55130637717261,0.0,6890540
2015-11-27,48.247257232666016,0.0,48.431675057889315,48.117668369814766,48.35192713576166,0.0,3050403
2015-11-30,47.87344741821289,0.0,48.471553872851786,47.818621471563006,48.37685396114512,0.0,8836429
2015-12-01,48.19742202758789,0.0,48.571239701743664,47.858493318211764,47.86846332027037,0.0,7302250
2015-12-02,47.474708557128906,0.0,48.26221786948974,47.41489760854912,48.07780002273221,0.0,6185183
2015-12-03,47.20057678222656,0.0,47.748839255393456,47.05104790662413,47.49962849100621,0.0,9664298
2015-12-04,47.71394348144531,0.0,48.16252400179641,47.245425981940556,47.34511087770882,0.0,14664722
2015-12-07,47.80366134643555,0.0,47.97312416916198,47.53451362174876,47.659120504502305,0.0,7438427
2015-12-08,46.96631622314453,0.0,47.50959367496599,46.80183537256499,47.34013084498441,0.0,11141750
2015-12-09,46.93143081665039,0.0,47.63918917266901,46.45792823149877,46.64234305608215,0.0,10982215
2015-12-10,46.78688430786133,0.0,47.18562091936727,45.67041937867466,46.88656921604095,0.0,9238605
2015-12-11,46.502784729003906,0.0,47.165684083322674,46.3183668929992,46.35824085639413,0.0,15798791
2015-12-14,46.368202209472656,0.0,46.63734990158202,45.95451067171315,46.50277605552734,0.0,10722890
2015-12-15,46.482845306396484,0.0,47.18063660795278,46.46789030499928,46.69218209262089,0.0,10516002
2015-12-16,47.41489791870117,0.0,47.56442680173511,46.57256567448155,46.83672843319402,0.0,15680729
2015-12-17,46.78688430786133,0.0,47.71394942211299,46.771932326937524,47.41489469757412,0.0,7630855
2015-12-18,46.02429962158203,0.0,47.01616073738626,46.02429962158203,46.50776918760743,0.0,13769956
2015-12-21,46.65729904174805,0.0,46.796854902766576,46.19874842870231,46.36322929520669,0.0,13838283
2015-12-22,47.285301208496094,0.0,47.55444892368318,46.851672655576756,47.00618651407094,0.0,7379475
2015-12-23,47.998046875,0.0,48.14757574080546,47.56442132143766,47.59931028234772,0.0,7432071
2015-12-24,47.998046875,0.0,48.10769875820658,47.78372508785083,47.79369508880365,0.0,2197110
2015-12-28,47.89338302612305,0.0,48.00303491627564,47.69899820735362,47.83855405983415,0.0,5731205
2015-12-29,48.48152542114258,0.0,48.730736215620176,48.022977801000835,48.18247367625465,0.0,5230035
2015-12-30,48.29711151123047,0.0,48.59616326187651,48.107708645113206,48.307078493019254,0.0,5023782
2015-12-31,47.8834114074707,0.0,48.18745112733762,47.703978575924864,48.05287423776886,0.0,4689139
2016-01-04,47.63419723510742,0.0,47.66908619454664,46.83173908315628,47.07596482044309,0.0,8552316
2016-01-05,47.70896911621094,0.0,47.84852800139573,47.25042151467376,47.41988436464887,0.0,6758176
2016-01-06,46.413063049316406,0.0,47.17066527137261,46.123978348675365,46.80183265038752,0.0,13189653
2016-01-07,45.80500030517578,0.0,46.52771071368175,45.570741490171784,45.590678474878786,0.0,11098847
2016-01-08,45.05735397338867,0.0,45.795019207623184,44.96763907454858,45.64050836887996,0.0,11919566
2016-01-11,45.10719299316406,0.0,45.55577348065673,44.81810832721758,45.401262658836856,0.0,11417283
2016-01-12,45.10719299316406,0.0,45.43116661477079,44.69350146133163,45.351418703997695,0.0,12231010
2016-01-13,44.274837493896484,0.0,45.19193564424464,44.06550069360305,45.19193564424464,0.0,13647603
2016-01-14,44.364540100097656,0.0,44.648642769983944,43.79135580333017,44.39942905360319,0.0,11752085
2016-01-15,42.67988204956055,0.0,43.891046738939515,42.60013413271403,43.357736321543705,0.0,16661618
2016-01-19,42.48548889160156,0.0,43.03873617926737,42.101704383259055,43.03873617926737,0.0,11869830
2016-01-20,42.281150817871094,0.0,42.65496849663288,41.5634224456791,42.086765987460495,0.0,15256307
2016-01-21,42.64998245239258,0.0,43.25805891299266,42.13660892534893,42.28114978374257,0.0,9125468
2016-01-22,43.03874588012695,0.0,43.55211933293471,42.80448712302046,43.337800576820015,0.0,7384719
2016-01-25,42.3160400390625,0.0,42.93906850036343,42.21137314280073,42.8543385873724,0.0,16595516
2016-01-26,42.689857482910156,0.0,43.09856412708318,42.470550668150466,42.51042463447041,0.0,11748748
2016-01-27,42.76960372924805,0.0,43.646824911274514,42.24127520694591,42.714777783022974,0.0,12845317
2016-01-28,43.08859634399414,0.0,43.46241404219232,42.82443356942951,43.013833408597094,0.0,9148191
2016-01-29,43.70663833618164,0.0,43.70663833618164,43.2431057356196,43.29793470616566,0.0,12533238
2016-02-01,43.6418342590332,0.0,43.78139008670517,43.088583863403095,43.39262353948918,0.0,8003634
2016-02-02,42.57521438598633,0.0,43.22814671289085,42.40575156440717,42.94903201050382,0.0,11754945
2016-02-03,42.844356536865234,0.0,43.04870829201491,42.01199149589741,42.85930851481044,0.0,13197440
2016-02-04,43.920955657958984,0.0,44.2150253792422,42.87925366361403,42.909160646415515,0.0,9409581
2016-02-05,43.781394958496094,0.0,44.115338628753854,43.5820281734035,43.88107986164859,0.0,8289495
2016-02-08,43.25306701660156,0.0,43.56208868799968,42.77458253019432,43.53218170816736,0.0,10897998
2016-02-09,43.48233413696289,0.0,43.74649680892141,42.8294019349753,42.993879724719726,0.0,11696470
2016-02-10,43.3427848815918,0.0,44.08543515232033,43.233132997526646,43.542154690085184,0.0,5750273
2016-02-11,42.1964111328125,0.0,43.13842808136519,41.792686562220695,42.560258725126666,0.0,12254050
2016-02-12,42.839378356933594,0.0,42.92909628131132,42.31603487584246,42.36089383803132,0.0,9353331
2016-02-16,43.10354995727539,0.0,43.61193850581437,42.6449993357758,43.53219057164053,0.0,11060076
2016-02-17,44.248416900634766,0.402769,44.434209697568136,43.5052518003768,43.54040392782857,0.0,8169208
2016-02-18,44.36892318725586,0.0,44.71037571978579,44.26849507658904,44.464329131455024,0.0,7941345
2016-02-19,44.303653717041016,0.0,44.68527754999047,43.89691904805845,44.363907548569706,0.0,18778008
2016-02-22,46.38249969482422,0.0,47.65792912556911,44.62501531979401,44.78570030122245,0.0,34685169
2016-02-23,45.995849609375,0.0,46.41262550916257,45.438477397900456,46.312197398145244,0.0,18381075
2016-02-24,47.00515365600586,0.0,47.276308055883796,45.74980673204411,45.74980673204411,0.0,27002354
2016-02-25,49.24469757080078,0.0,49.576105848984746,47.040309911067126,47.15580150478705,0.0,26794989
2016-02-26,49.05388259887695,0.0,50.49000035652389,48.45633900331441,50.31927100601633,0.0,23286477
2016-02-29,48.51659393310547,0.0,49.646405074182475,48.46135922228971,48.92332557864465,0.0,14069324
2016-03-01,47.728233337402344,0.0,47.728233337402344,46.23186186737861,46.30718524478097,0.0,19630347
2016-03-02,47.96925735473633,0.0,48.20526267306446,47.40184076612109,47.58261138002429,0.0,8655760
2016-03-03,48.260501861572266,0.0,48.28058748720553,47.73827863884529,47.803557683087824,0.0,7306063
2016-03-04,48.7073974609375,0.0,48.85803810877744,48.094790536395166,48.29062459608202,0.0,7427145
2016-03-07,48.667232513427734,0.0,48.93838693212309,48.230373969413094,48.481442762881464,0.0,10022776
2016-03-08,48.657196044921875,0.0,48.95345524170884,48.270550003786724,48.275569127787605,0.0,8507665
2016-03-09,48.506553649902344,0.0,48.94843438934865,48.40612551736048,48.86809188331515,0.0,6608492
2016-03-10,48.29564666748047,0.0,48.76765730618262,47.728230076405815,48.50654723981708,0.0,7640865
2016-03-11,48.581878662109375,0.0,49.033800736417284,48.44127926302464,48.797798406912094,0.0,6405418
2016-03-14,48.62204360961914,0.0,48.89319803651319,48.35088613898727,48.3559083063803,0.0,6315481
2016-03-15,48.35087966918945,0.0,48.55675806737697,48.14500431473935,48.23538809703057,0.0,4369909
2016-03-16,48.95344924926758,0.0,49.20954020400903,48.20526505353977,48.30569317733423,0.0,7306699
2016-03-17,49.631351470947266,0.0,49.847271233366584,48.90324966337157,49.119169425790886,0.0,6619933
2016-03-18,49.73680114746094,0.0,50.35945266624795,49.62130952986261,49.81714367165779,0.0,15106464
2016-03-21,49.79705047607422,0.0,50.01297021611883,49.606238531961715,49.75186009588219,0.0,6350756
2016-03-22,49.54096221923828,0.0,49.84726882407946,49.36521372547236,49.55100655566175,0.0,5578026
2016-03-23,49.76691818237305,0.0,49.9476857710991,49.35014220734914,49.59618884095493,0.0,5140892
2016-03-24,49.7418098449707,0.0,49.75185417964438,49.20954228818573,49.28486566702499,0.0,4523883
2016-03-28,49.66650390625,0.0,49.857315882981055,49.5359488238138,49.691608662735526,0.0,3622443
2016-03-29,50.27408218383789,0.0,50.374510321438535,49.249718224049374,49.41542541202495,0.0,5985127
2016-03-30,50.3393669128418,0.0,50.71597173316451,50.163618402523014,50.62558791553204,0.0,4784002
2016-03-31,50.264041900634766,0.0,50.42472693375067,49.706669496686864,50.25400060793418,0.0,6089843
2016-04-01,50.198753356933594,0.0,50.44480302832107,49.62129543299149,49.90751635506517,0.0,6416541
2016-04-04,50.34939956665039,0.0,50.80634376120233,50.11339421809539,50.36446302547056,0.0,5891059
2016-04-05,50.14351272583008,0.0,50.38956236815715,49.882402670946604,50.088278023594626,0.0,4958316
2016-04-06,50.39961624145508,0.0,50.48498092132916,49.42044872555928,50.0079480176015,0.0,8056866
2016-04-07,50.66072082519531,0.0,50.921830901049766,50.04811079725195,50.16360237767558,0.0,6109228
2016-04-08,50.87663650512695,0.0,51.39384053632931,50.69586589816655,50.93689337411375,0.0,4378490
2016-04-11,51.28839874267578,0.0,51.68508912509688,50.77119763892269,51.007203001250375,0.0,7283182
2016-04-12,51.76041030883789,0.0,51.96126658722012,51.36371991996751,51.36371991996751,0.0,5066844
2016-04-13,52.5286865234375,0.0,52.59899079487868,52.02654881122269,52.036593148211,0.0,5822891
2016-04-14,52.563838958740234,0.0,52.940440701371166,50.841500060410254,52.724517904779894,0.0,8290290
2016-04-15,52.50860595703125,0.0,52.804865209768174,52.32783832167212,52.458390357634805,0.0,5982108
2016-04-18,52.789794921875,0.0,52.89524218216419,52.23744169421079,52.53872305930906,0.0,4463660
2016-04-19,52.724510192871094,0.0,53.37227240042139,52.47846659782962,53.02579763038377,0.0,6118445
2016-04-20,52.990657806396484,0.0,53.281894872337276,52.82495059992572,52.93542004174729,0.0,6075383
2016-04-21,52.940425872802734,0.0,53.20655810221696,52.850039044897926,53.00570186658124,0.0,4176528
2016-04-22,53.07599639892578,0.0,53.38229985452834,52.68935045456113,53.091062898371625,0.0,4865359
2016-04-25,52.824947357177734,0.0,52.824947357177734,52.362980944749665,52.81992518911093,0.0,4398352
2016-04-26,52.62408447265625,0.0,53.11115557686155,52.031560027225275,52.95047665625591,0.0,8763335
2016-04-27,53.17141342163086,0.0,53.76393784391645,52.66425366748839,53.38733008813364,0.0,10072194
2016-04-28,52.337852478027344,0.0,53.020763618020865,52.06669810607498,52.799818734874,0.0,7421266
2016-04-29,52.408164978027344,0.0,52.694385927453276,51.98636984925169,51.98636984925169,0.0,4852806
2016-05-02,52.408164978027344,0.0,52.67430334392875,51.991392017001836,52.167143538352725,0.0,6711300
2016-05-03,51.28336715698242,0.0,52.157090271417346,51.152815167738716,51.95121186629647,0.0,7612263
2016-05-04,50.550254821777344,0.0,51.107627136909656,50.32931293644939,50.9117930449398,0.0,8943369
2016-05-05,50.35944747924805,0.0,50.83145823841837,50.16863552580337,50.77622351965683,0.0,5609647
2016-05-06,50.776214599609375,0.0,50.861576224976574,50.1184141707323,50.3443751742627,0.0,5951600
2016-05-09,50.25901412963867,0.0,50.90175419045089,50.20377941659712,50.379527891040965,0.0,6092544
2016-05-10,51.29843521118164,0.0,51.428993291854205,50.31424570152075,50.36445824073032,0.0,5834808
2016-05-11,51.017242431640625,0.0,51.559548234837834,50.936899929318734,51.49427223450463,0.0,4442685
2016-05-12,50.94694137573242,0.0,51.35869213578213,50.791278537943114,51.10762638086663,0.0,4555186
2016-05-13,50.34939956665039,0.0,51.077501238654925,50.193736723453505,50.83647372258057,0.0,5212715
2016-05-16,51.12771224975586,0.0,51.258270346689834,50.23892858450881,50.23892858450881,0.0,5512877
2016-05-17,50.24395751953125,0.0,51.18797906879792,50.08327248242401,51.04737966132909,0.0,6659499
2016-05-18,50.1883430480957,0.415356,50.79996519118121,49.935607207736346,50.2692190072423,0.0,5307896
2016-05-19,49.794071197509766,0.0,50.011424558277525,49.5059529088421,49.87494715165101,0.0,4987712
2016-05-20,50.09230422973633,0.0,50.49162851695548,49.87495085283892,50.117578733267905,0.0,6851927
2016-05-23,49.991214752197266,0.0,50.077146235243184,49.67276639025992,50.016489258495696,0.0,4224992
2016-05-24,50.50174331665039,0.0,50.72920775133235,50.254062953143524,50.289445424509076,0.0,4693429
2016-05-25,50.70899200439453,0.0,51.02238181651207,50.693825460883076,50.693825460883076,0.0,3740824
2016-05-26,50.75447463989258,0.0,51.05270399054409,50.693817667016965,50.76963811712456,0.0,3980127
2016-05-27,50.93138885498047,0.0,50.93644436858892,50.592721530323516,50.79491143518552,0.0,4243107
2016-05-31,50.84041213989258,0.0,51.153805004899866,50.7241536940962,50.936451592335324,0.0,8367197
2016-06-01,50.72414779663086,0.0,50.79996824690467,49.915391220464016,50.59272282313838,0.0,4460164
2016-06-02,50.946563720703125,0.0,50.95667475018032,50.58262487454248,50.67360882009556,0.0,3922447
2016-06-03,50.764591217041016,0.0,50.941506641282075,50.49163634123459,50.92634009844435,0.0,3577634
2016-06-06,51.23468780517578,0.0,51.34083523646511,50.80503643712242,50.92129489840987,0.0,5989259
2016-06-07,51.2801628112793,0.0,51.76036305686996,51.2801628112793,51.446970244445765,0.0,4035583
2016-06-08,51.593563079833984,0.0,51.61883452297691,51.24478775056079,51.28017022211929,0.0,4078645
2016-06-09,51.71992874145508,0.0,51.73509528296122,51.30038543602203,51.3408234188095,0.0,5733748
2016-06-10,51.55816650390625,0.0,51.75530086460136,51.15884226969124,51.33070519415674,0.0,5723101
2016-06-13,51.158851623535156,0.0,51.76036584125045,51.14874365998461,51.548064903264034,0.0,7141761
2016-06-14,51.148746490478516,0.0,51.51268528554926,50.80502668757547,51.15885445458842,0.0,5887563
2016-06-15,50.820186614990234,0.0,51.4267502097459,50.820186614990234,51.30543932916338,0.0,7118720
2016-06-16,51.11336898803711,0.0,51.32566689445792,50.2186838595679,50.69382562576755,0.0,7229791
2016-06-17,51.1537971496582,0.0,51.401477482245056,50.714034877734136,50.976881750968275,0.0,9044429
2016-06-20,51.40653610229492,0.0,51.99288379099498,51.38631711082431,51.56828803405985,0.0,7067713
2016-06-21,51.340824127197266,0.0,51.60872653284764,51.25489571054911,51.55312200778682,0.0,5273732
2016-06-22,51.22962188720703,0.0,51.5430116663858,51.103252421582745,51.441919770623805,0.0,4186221
2016-06-23,51.724971771240234,0.0,51.81090322991061,51.421690037480374,51.81090322991061,0.0,4885857
2016-06-24,49.98615646362305,0.0,50.7544719514548,49.92044398050163,50.254055781672406,0.0,11832330
2016-06-27,49.136966705322266,0.0,49.64243843745782,48.975214770575576,49.536287964293344,0.0,9909799
2016-06-28,50.05692672729492,0.0,50.102420225373834,49.500905978145155,49.61211196634384,0.0,8871705
2016-06-29,50.784793853759766,0.0,50.901052261050275,50.2742667386329,50.53711050122577,0.0,7527570
2016-06-30,51.836185455322266,0.0,51.8462964826574,50.83535001047599,50.98699090892151,0.0,9276105
2016-07-01,51.92718505859375,0.0,52.66517380330297,51.7300506171518,51.800815569895704,0.0,10453872
2016-07-05,50.86063003540039,0.0,51.73004366689196,50.653384592012095,51.60872970938876,0.0,6850338
2016-07-06,51.24478530883789,0.0,51.30038677063022,50.198459370873884,50.82524505643805,0.0,8306498
2016-07-07,51.54301071166992,0.0,51.62894219181858,51.23973196605361,51.32060486837565,0.0,4848992
2016-07-08,52.39727020263672,0.0,52.43770819065784,51.846304913810144,52.01816176697762,0.0,5566108
2016-07-11,52.548912048339844,0.0,52.8168114257221,52.36693803510174,52.3972711225724,0.0,5270872
2016-07-12,52.821861267089844,0.0,53.10492715780539,52.614615831114705,52.685380771819645,0.0,5945085
2016-07-13,53.12007522583008,0.0,53.18073525226126,52.86734247806757,53.109964200109154,0.0,4687709
2016-07-14,53.1453742980957,0.0,53.57502565827706,53.044276255760764,53.569970143370625,0.0,5255459
2016-07-15,53.327327728271484,0.0,53.403148175505216,53.008879398731736,53.25150728103775,0.0,4507834
2016-07-18,53.322269439697266,0.0,53.5446752562889,53.013932153274126,53.317213926425424,0.0,3472442
2016-07-19,53.387977600097656,0.0,53.54972950941058,53.01898641888543,53.06953542251941,0.0,5551807
2016-07-20,53.60029602050781,0.0,53.72160999211729,53.35766807728887,53.42338364184612,0.0,4746979
2016-07-21,53.50423812866211,0.0,53.954111410164536,53.38292419189387,53.76708805560745,0.0,6052342
2016-07-22,53.14030838012695,0.0,53.17569084964844,52.821860026537884,52.95833439070711,0.0,5583587
2016-07-25,52.897674560546875,0.0,53.17568489958993,52.7814161371576,53.0998644551141,0.0,5500006
2016-07-26,54.53541564941406,0.0,54.57079812284944,53.83280943938991,54.105764325817304,0.0,7014482
2016-07-27,54.43433380126953,0.0,54.83870762720156,54.32818023345337,54.62135723195412,0.0,6348691
2016-07-28,54.37871170043945,0.0,54.58595712584344,54.136083806487775,54.43431622409752,0.0,4459846
2016-07-29,54.41410446166992,0.0,54.63146095574311,54.18158755129178,54.33828399645516,0.0,5136601
2016-08-01,54.05521774291992,0.0,54.41410413580565,53.83281186334141,54.318067740127184,0.0,4864882
2016-08-02,53.71654510498047,0.0,53.94906197802212,53.52446621541978,53.82774802757922,0.0,3788335
2016-08-03,53.726661682128906,0.0,53.84292013065781,53.590181175823005,53.716550653240404,0.0,4743801
2016-08-04,53.76203155517578,0.0,54.120917845539076,53.7418095021382,53.8580679234197,0.0,2960148
2016-08-05,54.459590911865234,0.0,54.459590911865234,53.92379221003362,54.00971756568899,0.0,4252323
2016-08-08,54.484867095947266,0.0,54.762877499215115,54.33322617196415,54.459595651248875,0.0,4800210
2016-08-09,54.76287841796875,0.0,54.79321150559138,54.525305998970424,54.596077075526736,0.0,3516616
2016-08-10,54.651649475097656,0.0,54.84372829916031,54.47978657193411,54.8235123782612,0.0,2635674
2016-08-11,55.18745422363281,0.0,55.24305873621237,54.823518583110456,54.84373450629758,0.0,3186263
2016-08-12,55.03077697753906,0.0,55.18747341633753,54.86903115210847,55.10659743967404,0.0,2873548
2016-08-15,55.44527053833008,0.0,55.51603548931672,55.18242666556683,55.18242666556683,0.0,3248711
2016-08-16,55.177364349365234,0.0,55.409881232744,55.09648837880776,55.20263579220347,0.0,3835369
2016-08-17,55.40110778808594,0.415356,55.43670547723612,55.02477967180331,55.20277428272377,0.0,3508512
2016-08-18,55.59945297241211,0.0,55.645223206057466,55.355355334922805,55.45706217011239,0.0,3114122
2016-08-19,55.50283432006836,0.0,55.64522512728432,55.38078241452392,55.436725183171205,0.0,3795803
2016-08-22,55.17736053466797,0.0,55.42655060326697,54.99428576569676,55.18753306771402,0.0,3893845
2016-08-23,54.92308807373047,0.0,55.60962305261397,54.92308807373047,55.43163455759016,0.0,4868855
2016-08-24,54.902740478515625,0.0,55.08582139658505,54.71966572561721,54.93325190980353,0.0,3884628
2016-08-25,54.78069305419922,0.0,54.994285420969696,54.62304345365981,54.79595185367265,0.0,2850030
2016-08-26,54.57218933105469,0.0,55.07056326536334,54.38402214462973,54.89256861121456,0.0,3990138
2016-08-29,54.9078369140625,0.0,54.99937739005141,54.63322165126794,54.70950332620131,0.0,2849236
2016-08-30,54.592533111572266,0.0,54.984113987505665,54.51116517642988,54.856975818199224,0.0,3798981
2016-08-31,54.12467575073242,0.0,54.51117039708844,54.08399177926483,54.409463551005565,0.0,5321879
2016-09-01,54.27214050292969,0.0,54.39927865552242,53.753421525881116,54.2823130347781,0.0,5134854
2016-09-02,54.37895584106445,0.0,54.78070315102566,54.15010463264017,54.51117413351778,0.0,4872986
2016-09-06,53.91108703613281,0.0,54.66373747703019,53.64155801871691,54.41455352932178,0.0,5832742
2016-09-07,53.82969665527344,0.0,54.053461502943534,53.54491511942616,53.7635875366189,0.0,4010954
2016-09-08,53.77885818481445,0.0,53.987358117343746,53.66189255247921,53.707656619990516,0.0,4465408
2016-09-09,52.217613220214844,0.0,53.44829853752328,52.2125269539437,53.39744203998308,0.0,6766280
2016-09-12,52.904151916503906,0.0,53.0668877689826,51.81585744434539,51.97351319595871,0.0,6120510
2016-09-13,52.034542083740234,0.0,52.55834739891719,51.897231380371416,52.41595042892305,0.0,5630304
2016-09-14,51.69889831542969,0.0,52.30915471991262,51.58701895075995,51.96843035953141,0.0,6502506
2016-09-15,52.232879638671875,0.0,52.33458648341786,51.49548497745404,51.58702545334592,0.0,4989301
2016-09-16,50.90555953979492,0.0,52.16167301912223,50.77842446989602,52.16167301912223,0.0,12273754
2016-09-19,51.07846450805664,0.0,51.454789614574885,50.97167141994123,51.10897902079346,0.0,5269283
2016-09-20,50.976768493652344,0.0,51.61753952728693,50.976768493652344,51.246300585498645,0.0,4941949
2016-09-21,51.85145950317383,0.0,51.91248236314545,51.09372302836357,51.18526040090637,0.0,4997087
2016-09-22,52.380348205566406,0.0,52.62445199147787,52.18710091634595,52.24304367922316,0.0,5680039
2016-09-23,52.156585693359375,0.0,52.38034439826191,51.82602773665139,51.9226544568238,0.0,4205130
2016-09-26,51.988773345947266,0.0,52.36001533373848,51.75992833224954,51.953175643716854,0.0,5330459
2016-09-27,52.0498046875,0.0,52.2430520075269,51.7599306248736,51.9124939740963,0.0,6831588
2016-09-28,52.0498046875,0.0,52.31424741514121,51.70399093566434,52.217620672541706,0.0,7962002
2016-09-29,51.39377212524414,0.0,52.268474367933436,51.30223473714783,52.268474367933436,0.0,5911080
2016-09-30,51.668392181396484,0.0,51.88706774937667,51.39377384275835,51.57685170765511,0.0,8030012
2016-10-03,52.09046936035156,0.0,52.21251506237777,51.51072144987792,51.66837409027816,0.0,6311031
2016-10-04,51.581932067871094,0.0,52.28372892831915,51.51581985358242,52.16167703236422,0.0,5091474
2016-10-05,51.99894332885742,0.0,52.03962729586397,51.58193420833319,51.71924182633385,0.0,4360375
2016-10-06,51.91249084472656,0.0,51.9836862480491,51.54633821214715,51.927749644797856,0.0,5802234
2016-10-07,51.149662017822266,0.0,51.36833753840038,50.75808120361516,51.34290929203028,0.0,6257800
2016-10-10,50.844539642333984,0.0,51.378514397608235,50.67163432376724,50.93608010943492,0.0,7178784
2016-10-11,50.22919845581055,0.0,50.78860147785908,50.07154884951533,50.62586560488702,0.0,6856217
2016-10-12,50.31056213378906,0.0,50.473297992986446,50.11222857603865,50.24953618659004,0.0,6067120
2016-10-13,50.77843475341797,0.0,50.900483582114035,49.91390500571553,50.04104010136152,0.0,5987670
2016-10-14,50.93608474731445,0.0,51.25646716358214,50.89031450959647,51.06830611089455,0.0,5040308
2016-10-17,50.70723342895508,0.0,51.07847232641016,50.676721994133395,50.920825803050306,0.0,3896864
2016-10-18,50.84962463378906,0.0,51.149668112434185,50.691975036163655,51.103897880031425,0.0,4836598
2016-10-19,50.73265838623047,0.0,51.07338582674449,50.72248585355971,50.98693162938573,0.0,6378087
2016-10-20,50.49363327026367,0.0,50.94624000661489,50.483463821707055,50.727564495503046,0.0,6160076
2016-10-21,50.178340911865234,0.0,50.23428059295436,49.644366184510694,50.03086385104712,0.0,6506955
2016-10-24,50.61061096191406,0.0,50.78351628932476,50.386852214412905,50.519073572716856,0.0,6813791
2016-10-25,51.54633331298828,0.0,51.92265844318119,51.08864025382548,51.41919515332644,0.0,10729405
2016-10-26,51.36833953857422,0.0,51.78025926681429,51.2361151183694,51.363253272585084,0.0,5933485
2016-10-27,50.89030838012695,0.0,51.67855636485152,50.84962441429693,51.60735788335614,0.0,5640950
2016-10-28,51.790428161621094,0.0,51.942991469897244,51.11914590610375,51.11914590610375,0.0,7069620
2016-10-31,51.973514556884766,0.0,52.176928212638565,51.82094506731275,51.87688783000627,0.0,6379041
2016-11-01,51.87689208984375,0.0,52.339668367216554,51.51582264869944,52.08031192747235,0.0,6426711
2016-11-02,51.637874603271484,0.0,52.156593648453814,51.444627298622635,51.795524206945935,0.0,6539530
2016-11-03,51.38867950439453,0.0,51.8260274628413,51.22085739401893,51.770090869496535,0.0,3883834
2016-11-04,51.531070709228516,0.0,51.75483249737275,51.23103034653953,51.48530356450166,0.0,4143794
2016-11-07,52.40577697753906,0.0,52.55326021157467,52.131167905955834,52.36509917559245,0.0,6715432
2016-11-08,52.56850051879883,0.0,52.84820195650038,52.187092269737676,52.4973051343301,0.0,4010954
2016-11-09,53.30081558227539,0.0,53.54491934526958,51.40902066682631,51.40902066682631,0.0,7951197
2016-11-10,55.1316032409668,0.0,55.15703457955087,53.57036565882452,53.59070456451879,0.0,9701798
2016-11-11,55.36043930053711,0.0,55.39095073330869,54.41454172841885,54.87223171550654,0.0,6594191
2016-11-14,54.85188293457031,0.0,55.64521712391925,54.78577380718153,55.64521712391925,0.0,6576077
2016-11-15,54.76034164428711,0.0,54.933243839631714,54.24162272791309,54.84679582454446,0.0,6031208
2016-11-16,54.729637145996094,0.415356,54.94454669633522,54.4175111871445,54.555662452712475,0.0,4302218
2016-11-17,54.596614837646484,0.0,54.975263937770386,54.55056853646827,54.76547195260975,0.0,3537909
2016-11-18,54.49428176879883,0.0,54.729655725976514,54.42776492969867,54.576151510703504,0.0,4254548
2016-11-21,54.673362731933594,0.0,54.78082063491892,54.34588999877546,54.673362731933594,0.0,3459889
2016-11-22,54.719417572021484,0.0,54.91897428199215,54.683600337226004,54.857575080397815,0.0,4196072
2016-11-23,55.31808853149414,0.0,55.40507590438453,54.93944564186787,54.93944564186787,0.0,3779437
2016-11-25,55.660919189453125,0.0,55.87582259681744,55.41019234433541,55.58416708636691,0.0,1602824
2016-11-28,55.4920654296875,0.0,55.76325662383486,55.41019568769663,55.51764739786225,0.0,3898612
2016-11-29,55.69161605834961,0.0,55.99862445563555,55.59439342417313,55.604628691600624,0.0,4979767
2016-11-30,55.118526458740234,0.0,56.28516702181672,55.118526458740234,55.788831003114,0.0,6534127
2016-12-01,54.99571990966797,0.0,55.34878698843519,54.78593415959631,55.26179962709231,0.0,6444348
2016-12-02,55.3743782043457,0.0,55.55346438715745,54.99572909852611,55.282273194217936,0.0,4964672
2016-12-05,54.96500778198242,0.0,55.671129372156656,54.934308191798884,55.63019451751508,0.0,4890624
2016-12-06,54.97013473510742,0.0,55.108292219145596,54.79104859267828,54.903617911232544,0.0,3463226
2016-12-07,56.121429443359375,0.0,56.203299176960876,54.79105557712369,55.0059589754333,0.0,6772000
2016-12-08,55.481815338134766,0.0,56.12142020035863,55.33342879661796,56.11630256745234,0.0,5034747
2016-12-09,56.177703857421875,0.0,56.28003789850174,55.2924898994768,55.53809904189761,0.0,5447569
2016-12-12,56.484737396240234,0.0,56.54101897283903,55.66603988940573,55.9884012573226,0.0,7116654
2016-12-13,56.443790435791016,0.0,57.149912231853655,56.418202267185016,56.73545213555271,0.0,6050276
2016-12-14,55.91162872314453,0.0,56.51029873019192,55.8195299396544,56.46424623685113,0.0,4387547
2016-12-15,55.328330993652344,0.0,55.9935180556225,55.32321335891187,55.79396131671209,0.0,5738038
2016-12-16,55.52787399291992,0.0,55.90651683808865,55.30784676949045,55.47158622789598,0.0,12690072
2016-12-19,56.70475769042969,0.0,56.83267994950365,55.712091629508826,56.06515259825353,0.0,6099059
2016-12-20,56.617759704589844,0.0,56.79684585158387,56.361915262379206,56.76102862218506,0.0,3584784
2016-12-21,56.535892486572266,0.0,56.863365198911374,56.5256572196639,56.766148772858095,0.0,3303054
2016-12-22,56.520538330078125,0.0,56.674042517523816,56.126542594783,56.58193752377963,0.0,3317673
2016-12-23,56.617759704589844,0.0,56.709858493104576,56.30562750007149,56.46424931734838,0.0,2070785
2016-12-27,56.786624908447266,0.0,56.863377019831326,56.54101567074094,56.81732451236222,0.0,1695940
2016-12-28,56.38238525390625,0.0,56.84290405549145,56.3363389566209,56.796851555013696,0.0,3010837
2016-12-29,56.56660461425781,0.0,56.70475593535459,56.30052483485298,56.4284470899676,0.0,4613820
2016-12-30,56.090728759765625,0.0,56.68939884895651,55.96792416173732,56.587058582336766,0.0,3496595
2017-01-03,56.709869384765625,0.0,56.77639242630416,56.28517398044869,56.484730698678355,0.0,4353224
2017-01-04,56.74568176269531,0.0,57.15503043252801,56.581942294762236,57.0322258315782,0.0,4912235
2017-01-05,56.97593307495117,0.0,57.277830018718426,56.57170827747338,56.88383428469654,0.0,5315046
2017-01-06,57.58994674682617,0.0,57.733215644043945,56.827537365052386,57.011747322264846,0.0,4166358
2017-01-09,57.052696228027344,0.0,57.66671929804544,56.935009248339675,57.66671929804544,0.0,3867785
2017-01-10,56.92988586425781,0.0,57.22154133348666,56.8275456058122,57.180606470746774,0.0,2860836
2017-01-11,56.796844482421875,0.0,57.1140881093281,56.581934908017935,57.1140881093281,0.0,4363712
2017-01-12,56.70475769042969,0.0,56.86849718953337,56.13679328150662,56.86849718953337,0.0,4202269
2017-01-13,56.39773941040039,0.0,56.92989268982098,56.20841797372681,56.761035585375,0.0,4577273
2017-01-17,56.26981735229492,0.0,56.42332155566328,55.97816184717208,56.17260091831817,0.0,3559519
2017-01-18,56.50006866455078,0.0,56.74056021609413,56.19306028494378,56.38749933890768,0.0,4131877
2017-01-19,56.65868377685547,0.0,57.103849596473324,56.29539387905268,56.812194151668514,0.0,4494010
2017-01-20,56.68941116333008,0.0,56.84803302817428,56.30052675016876,56.771280913133126,0.0,4980403
2017-01-23,56.45913314819336,0.0,56.95035151244378,56.274929363195426,56.71497759703844,0.0,3649297
2017-01-24,57.108985900878906,0.0,57.14992077357431,56.45914557223849,56.633120331992295,0.0,5148360
2017-01-25,56.77638244628906,0.0,57.56948534239491,55.660912073961676,57.24201263924661,0.0,8030806
2017-01-26,56.46936798095703,0.0,57.04757370149906,56.04467265045752,56.694512831104255,0.0,6349644
2017-01-27,56.131656646728516,0.0,56.74567335733488,56.08560415279473,56.3619129132059,0.0,4496870
2017-01-30,55.860469818115234,0.0,56.080490835496654,55.389715779713846,55.93210427943979,0.0,4623831
2017-01-31,56.116310119628906,0.0,56.18794458357479,55.461358473733675,55.7939488286802,0.0,6269717
2017-02-01,55.35389709472656,0.0,56.2391111807866,55.21062817584159,56.09584226190162,0.0,7420789
2017-02-02,55.44600296020508,0.0,55.609742414761165,54.67335818441754,55.302734039064475,0.0,7491341
2017-02-03,56.1060676574707,0.0,56.172590682482976,55.51763291738643,55.53298581620267,0.0,5420397
2017-02-06,56.633113861083984,0.0,56.92477557111261,56.12143111245301,56.18794794678533,0.0,6720834
2017-02-07,56.924781799316406,0.0,57.17039103429788,56.78150664398057,56.9912986409264,0.0,4408522
2017-02-08,56.489845275878906,0.0,56.84290618853388,56.46425710621305,56.84290618853388,0.0,3292885
2017-02-09,56.33122253417969,0.0,56.6535838412634,56.28517003271165,56.48984437079596,0.0,4217206
2017-02-10,56.82243347167969,0.0,56.929891373766225,56.32610364071806,56.41309100785768,0.0,4257249
2017-02-13,57.31876754760742,0.0,57.35970241291037,57.01175915943138,57.108975587530765,0.0,4498141
2017-02-14,57.0885009765625,0.0,57.4722613926789,57.02709558806923,57.30340432831125,0.0,4404549
2017-02-15,57.60324478149414,0.415356,57.69074980136342,57.165725922254715,57.20175629982908,0.0,4171125
2017-02-16,57.68560028076172,0.0,57.81943185136262,57.551768710160815,57.72163065744142,0.0,4452537
2017-02-17,57.726768493652344,0.0,57.819421583006594,57.44881546569528,57.61352929561142,0.0,4023030
2017-02-21,57.90693283081055,0.0,58.061350502985476,57.670158234794805,57.74736707088227,0.0,3395534
2017-02-22,57.989295959472656,0.0,58.01503016088657,57.5054505401633,57.82973018247093,0.0,3504698
2017-02-23,57.695899963378906,0.0,58.10253654789998,57.63412914238337,58.00988343646027,0.0,5516531
2017-02-24,57.88633346557617,0.0,58.004720749238786,57.52087544032926,57.55690581013044,0.0,4636543
2017-02-27,58.06649398803711,0.0,58.14885090534982,57.66500557616415,57.95324854665274,0.0,4340195
2017-02-28,57.932655334472656,0.0,58.26208296333359,57.82456423379208,58.14884377593892,0.0,4675633
2017-03-01,58.514305114746094,0.0,58.90550360813939,58.40106590880572,58.49371900462336,0.0,8080860
2017-03-02,58.00473403930664,0.0,58.69961987921181,57.973851749559245,58.591522504935355,0.0,4577591
2017-03-03,57.82457733154297,0.0,58.38563154899081,57.73707231779303,58.004729206816506,0.0,4939089
2017-03-06,57.474544525146484,0.0,57.80397215553819,57.4127799645006,57.56204951948242,0.0,5994026
2017-03-07,57.79368209838867,0.0,57.86060099295975,57.392193691385394,57.57749987314432,0.0,3904491
2017-03-08,57.5208854675293,0.0,57.989292836809874,57.469417067472996,57.896639732537814,0.0,4102480
2017-03-09,57.6135368347168,0.0,57.82457723692607,55.10166308001208,57.582654547592796,0.0,4639562
2017-03-10,57.721614837646484,0.0,57.948099451983474,57.28409610918187,57.85029828486669,0.0,5116898
2017-03-13,57.809139251708984,0.0,58.0253277652693,57.62898735716472,57.93782274215901,0.0,4729341
2017-03-14,57.56205749511719,0.0,57.73706750803796,57.41793600690432,57.587797932373775,0.0,3487537
2017-03-15,58.205474853515625,0.0,58.31871406932236,57.58265604652525,57.71133952634927,0.0,5035700
2017-03-16,57.82457733154297,0.0,58.277534183720164,57.623833104748726,58.04590766975139,0.0,4661808
2017-03-17,58.39592742919922,0.0,58.65329440876816,57.78855283921368,57.999587023144485,0.0,11825815
2017-03-20,58.42681884765625,0.0,58.720209980342844,58.076798739723884,58.37019611251794,0.0,4858844
2017-03-21,57.73191833496094,0.0,58.756225475755286,57.63926524279154,58.50401287612552,0.0,5676067
2017-03-22,57.6135368347168,0.0,57.865755699793574,57.35102803400303,57.84001526043481,0.0,3379803
2017-03-23,57.567222595214844,0.0,57.881206101687646,57.423101064410226,57.61354915586143,0.0,3634679
2017-03-24,57.546634674072266,0.0,57.793699256256694,57.3047119405914,57.63928155235106,0.0,3574773
2017-03-27,57.56205749511719,0.0,57.61353212952436,56.85173374874348,57.176013337328435,0.0,3957881
2017-03-28,58.03045654296875,0.0,58.24149692056404,57.29954671245092,57.345873257787034,0.0,5176485
2017-03-29,57.680450439453125,0.0,57.93266930865167,57.60324160032812,57.93266930865167,0.0,3176093
2017-03-30,57.88118362426758,0.0,57.98928097050066,57.57234832669974,57.62897104330304,0.0,2354262
2017-03-31,57.757659912109375,0.0,57.97384840809469,57.57235994419817,57.906935744147496,0.0,3946599
2017-04-03,57.6135368347168,0.0,57.896637986917575,57.25837493252452,57.79368870969556,0.0,3373447
2017-04-04,58.159156799316406,0.0,58.29298838670058,57.77311254354536,57.788556809819234,0.0,4720760
2017-04-05,57.90693283081055,0.0,58.874617325780534,57.881192392043815,58.236354286067424,0.0,4785909
2017-04-06,57.86061096191406,0.0,58.12826786599628,57.74737174249877,57.94296789241734,0.0,3473077
2017-04-07,58.159156799316406,0.0,58.27239603166875,57.767964454787396,57.97385680456782,0.0,3280014
2017-04-10,58.10253143310547,0.0,58.55034020539316,57.999582153877974,58.159147920584616,0.0,3332928
2017-04-11,58.23635482788086,0.0,58.25179909128458,57.77824989484734,57.90693336955914,0.0,3803272
2017-04-12,57.77308654785156,0.0,58.071625640621235,57.72161192354118,58.051039534959955,0.0,4139504
2017-04-13,57.695899963378906,0.0,58.00988343646027,57.55692029621934,57.675307609678,0.0,3592570
2017-04-17,58.30328369140625,0.0,58.30843178008714,57.80399397064973,57.92238128998775,0.0,5567538
2017-04-18,58.4525260925293,0.0,58.514290647733034,58.07162386842431,58.138542750017045,0.0,4324464
2017-04-19,58.12311553955078,0.0,58.81285322219409,58.015024416187195,58.653287460992715,0.0,4078486
2017-04-20,58.64814758300781,0.0,58.838595657529005,58.066507182414085,58.14371602992558,0.0,3928485
2017-04-21,59.188602447509766,0.0,59.33787827629901,58.67902286676452,58.67902286676452,0.0,8991992
2017-04-24,59.87318420410156,0.0,60.01216383886309,59.569496978664276,59.703328526200664,0.0,5013613
2017-04-25,60.156280517578125,0.0,60.38276513687192,59.919505964761385,60.0996640428336,0.0,5278817
2017-04-26,60.84086990356445,0.0,61.38133165687332,59.970980515420734,60.39820307928142,0.0,8108190
2017-04-27,61.13943099975586,0.0,61.37105752509854,60.78941092756853,60.923242498705264,0.0,5409751
2017-04-28,61.24750900268555,0.0,61.566640477673715,61.04161672203101,61.35045202296007,0.0,7115224
2017-05-01,61.211483001708984,0.0,61.612971417609664,61.0827995371037,61.273247570260196,0.0,4064026
2017-05-02,61.417388916015625,0.0,61.51518387792485,61.12399155007333,61.226934600521034,0.0,4765252
2017-05-03,61.92181396484375,0.0,62.004170892591034,61.25266860697705,61.40708628647655,0.0,5761873
2017-05-04,62.28211212158203,0.0,62.28211212158203,61.84459336615305,62.09166410241763,0.0,5048253
2017-05-05,62.4622688293457,0.0,62.51374346343445,61.829153918446146,61.87548046511542,0.0,3873346
2017-05-08,62.32330322265625,0.0,62.565225920986826,62.22550202966868,62.47257281606247,0.0,4306667
2017-05-09,62.51890182495117,0.0,62.77112070931809,62.33360184792859,62.51890182495117,0.0,3092194
2017-05-10,62.29241180419922,0.0,62.45197755034435,61.82915258758398,62.36962063361746,0.0,3389178
2017-05-11,62.42622756958008,0.0,62.47770219469099,61.64899130691916,61.94238855791503,0.0,4371975
2017-05-12,62.19462585449219,0.0,62.37992584244726,62.10197898056833,62.2872789685234,0.0,3910370
2017-05-15,62.24094009399414,0.0,62.43138813282866,62.112256625552284,62.17917552360147,0.0,3471171
2017-05-16,62.48801040649414,0.0,62.52918886649522,62.174026989025684,62.32844465400321,0.0,3213435
2017-05-17,61.88766098022461,0.415356,62.48800938940302,61.804853870391966,62.48800938940302,0.0,5335544
2017-05-18,61.77898025512695,0.0,62.094680014939435,61.049244937748924,61.846258680400105,0.0,4108995
2017-05-19,62.70537185668945,0.0,62.8037013660546,61.79450003553685,61.975636644480936,0.0,5099260
2017-05-22,62.96415710449219,0.0,63.16599868239472,62.85547510845776,62.91240735831438,0.0,3468946
2017-05-23,63.17634963989258,0.0,63.38854367167476,62.94863319431296,62.964155608110396,0.0,5409433
2017-05-24,63.181514739990234,0.0,63.574845358240935,63.06248030882973,63.191867196843226,0.0,3830285
2017-05-25,63.26948547363281,0.0,63.455798288797865,63.16080352097112,63.36263874410783,0.0,4348775
2017-05-26,63.06248092651367,0.0,63.36782821293736,62.922747854494816,63.300549791166524,0.0,3378532
2017-05-30,62.76229476928711,0.0,63.10387560702115,62.69501635697635,63.036597194710396,0.0,4236115
2017-05-31,62.76748275756836,0.0,62.92275079649481,62.62257345029697,62.91239833905639,0.0,6543661
2017-06-01,63.031429290771484,0.0,63.217742143275245,62.663973539980596,62.72607573274309,0.0,5107364
2017-06-02,63.20222854614258,0.0,63.5800305322699,62.990034521882414,63.176347400368684,0.0,3810581
2017-06-05,62.61220169067383,0.0,63.321238144940224,62.586326829271144,63.279834602167114,0.0,5088296
2017-06-06,62.16716003417969,0.0,62.53461595717007,61.92909105999762,62.296546982988,0.0,4746979
2017-06-07,61.99116516113281,0.0,62.456950389345124,61.778971184757644,62.43107552362746,0.0,2854162
2017-06-08,62.073974609375,0.0,62.368969422052466,61.62888800205154,61.99116750688617,0.0,5638884
2017-06-09,62.436248779296875,0.0,62.52940205597527,62.011860846749784,62.19300372079719,0.0,3383299
2017-06-12,62.04289627075195,0.0,62.38965324805648,61.76860018929648,62.23439155191995,0.0,4869014
2017-06-13,62.13609313964844,0.0,62.18784916086872,61.892847996396036,62.068814704014414,0.0,3745273
2017-06-14,62.11019515991211,0.0,62.31721289356087,61.89800119864522,62.13607002378747,0.0,2811100
2017-06-15,62.49317932128906,0.0,62.5811626508982,61.99634298657051,62.01704162483483,0.0,3094736
2017-06-16,62.327571868896484,0.0,62.995204981239276,62.239588529758045,62.67950522545028,0.0,7215490
2017-06-19,63.06248092651367,0.0,63.2746749229969,62.62257052233198,62.74160495465841,0.0,5392907
2017-06-20,62.88652801513672,0.0,63.40924564089484,62.865829370915286,62.91240916318564,0.0,4263923
2017-06-21,63.0107536315918,0.0,63.24364637390272,62.87619672672906,63.124611887329195,0.0,4341784
2017-06-22,63.22809982299805,0.0,63.6369591608092,63.0469569097479,63.05213313860839,0.0,4793377
2017-06-23,63.25395202636719,0.0,63.36781019784722,62.87615019710228,63.145270081892775,0.0,6119398
2017-06-26,63.07283020019531,0.0,63.70422965508485,63.04177910511564,63.35230260434445,0.0,2613111
2017-06-27,62.92792892456055,0.0,63.21257762157312,62.886525363645674,63.09871939761158,0.0,2706226
2017-06-28,63.398895263671875,0.0,63.450645007912385,62.97968343517651,63.17634877625542,0.0,2862107
2017-06-29,62.95896530151367,0.0,63.3781707260143,62.42589541681252,63.35747208956943,0.0,3747815
2017-06-30,63.197044372558594,0.0,63.47134056376033,62.94344682115681,63.145288361734146,0.0,3829808
2017-07-03,63.181514739990234,0.0,63.735283342597114,63.17116228313725,63.45581092708043,0.0,1837202
2017-07-05,63.54899597167969,0.0,63.66285422006764,63.22811987430507,63.331625661689,0.0,2761682
2017-07-06,63.08319091796875,0.0,63.657658211930794,63.07801468907492,63.42994178590351,0.0,4859480
2017-07-07,63.45581817626953,0.0,63.60590372091849,63.160823315989454,63.28502771554928,0.0,2801248
2017-07-10,63.68869400024414,0.0,64.04062728668441,63.321244579286166,63.517909858888785,0.0,3262376
2017-07-11,63.93711853027344,0.0,64.009573172616,63.3264177498428,63.740453240679784,0.0,3104112
2017-07-12,64.02510833740234,0.0,64.58405316950459,63.999233469436675,64.18554632206532,0.0,3776894
2017-07-13,63.693885803222656,0.0,64.03546671789222,63.57485136082321,64.0044093444009,0.0,4271073
2017-07-14,63.869834899902344,0.0,63.988869309520055,63.548958989261976,63.88535730815631,0.0,2827626
2017-07-17,63.714595794677734,0.0,64.03547181924885,63.65248731696413,64.03547181924885,0.0,2927574
2017-07-18,63.46617889404297,0.0,63.631793147299085,63.10389928359967,63.56451470974547,0.0,2990021
2017-07-19,63.699066162109375,0.0,63.776697052437186,63.42476993133662,63.68354374857417,0.0,2718779
2017-07-20,63.37300109863281,0.0,63.80773525140607,63.3005464522066,63.58519508392328,0.0,2910095
2017-07-21,63.91124725341797,0.0,63.91642348162102,63.067653814856264,63.29019398229156,0.0,3928803
2017-07-24,63.724945068359375,0.0,64.04581480267605,63.5748532480132,63.911257943753554,0.0,5847202
2017-07-25,62.3223876953125,0.0,63.14010623828541,62.09984753571221,63.08835023229306,0.0,7629425
2017-07-26,61.86697006225586,0.0,62.4000401140655,61.737583152714905,62.322402948967074,0.0,4757307
2017-07-27,61.427040100097656,0.0,61.804841976061724,60.99230599424904,61.77896711204984,0.0,6764850
2017-07-28,61.520206451416016,0.0,61.820383799148225,61.22003537790047,61.47880289566732,0.0,3417621
2017-07-31,61.364959716796875,0.0,61.763466685658095,61.297681275057144,61.670313368068825,0.0,3451785
2017-08-01,61.5253791809082,0.0,61.71686826252374,61.2562592209562,61.587487648107164,0.0,2468194
2017-08-02,62.28618240356445,0.0,62.306887322970894,61.411537591438474,61.48399226092501,0.0,3717307
2017-08-03,62.67433166503906,0.0,62.67950789394011,62.03257966877802,62.301699652114856,0.0,3227577
2017-08-04,62.876163482666016,0.0,62.96414053770725,62.44142933869566,62.73642414663132,0.0,2865920
2017-08-07,61.33907699584961,0.0,61.97565281860858,60.99749605238828,61.747936372445956,0.0,7906387
2017-08-08,61.16828155517578,0.0,61.58231712748989,61.07512198285089,61.30284468473209,0.0,4396604
2017-08-09,60.65591812133789,0.0,61.463284372410946,60.567934775528144,61.36494856845487,0.0,5058423
2017-08-10,60.42818832397461,0.0,60.70248448467364,60.08143124649272,60.49546673861333,0.0,5018698
2017-08-11,60.495460510253906,0.0,60.94572327730094,60.21598815039972,60.552392737389866,0.0,3322440
2017-08-14,60.63003158569336,0.0,60.837043063491194,60.52134334450127,60.70766245842151,0.0,2949184
2017-08-15,60.014163970947266,0.0,60.61451240884364,59.88477707136741,60.61451240884364,0.0,3631024
2017-08-16,61.440834045410156,0.440529,61.49289806602093,60.305739923893285,60.3578102568247,0.0,5485864
2017-08-17,60.4515380859375,0.0,61.32628698252301,60.441122755370124,61.32628698252301,0.0,4325099
2017-08-18,60.12873077392578,0.0,60.54007332740875,60.06104373025206,60.42031592811958,0.0,4386276
2017-08-21,60.02458190917969,0.0,60.243265987879944,59.71217247542397,60.20161097589106,0.0,3040075
2017-08-22,60.23806381225586,0.0,60.31096482412179,59.8944146662698,60.18079211075274,0.0,3823929
2017-08-23,60.935768127441406,0.0,61.893826932576204,59.84232897762942,60.09225900827002,0.0,9857362
2017-08-24,60.034996032714844,0.0,61.029508739472746,59.852759284969025,61.029508739472746,0.0,6881959
2017-08-25,59.91524124145508,0.0,60.44634113434486,59.8892092227442,60.28492873122751,0.0,3569053
2017-08-28,60.05061721801758,0.0,60.28492430618489,59.977722521119595,60.029792867041955,0.0,5529561
2017-08-29,61.80533218383789,0.0,61.82615653582864,59.587213612213695,59.91003841048915,0.0,8855338
2017-08-30,62.27394104003906,0.0,62.409321409492364,61.60225948304799,61.93549327256678,0.0,8285523
2017-08-31,62.33641815185547,0.0,62.58114055376702,61.8625963443627,62.289561787507935,0.0,6322631
2017-09-01,61.39918518066406,0.0,62.56551909363003,61.34711484252628,62.346828723308356,0.0,4202428
2017-09-05,57.90538024902344,0.0,60.347396224583015,57.863725244247306,60.18598387011561,0.0,22592720
2017-09-06,57.072296142578125,0.0,57.842910705435855,56.80674307498479,57.796048028076925,0.0,14601480
2017-09-07,57.26494216918945,0.0,57.31180484160882,56.80673708725935,57.07229012686201,0.0,8188276
2017-09-08,57.04105758666992,0.0,57.45239373532829,56.93691689885816,57.33263636297014,0.0,6998115
2017-09-11,57.08790969848633,0.0,57.65545046149361,56.9004590200494,57.28056172926135,0.0,8935265
2017-09-12,57.202457427978516,0.0,57.43676445569174,57.11914742092662,57.3117994451139,0.0,6302610
2017-09-13,57.42112731933594,0.0,57.520060295462926,57.176405022936564,57.35344032239791,0.0,6071410
2017-09-14,58.91031265258789,0.0,58.98321365872067,57.327434801877324,57.41594618017795,0.0,11175119
2017-09-15,58.87907791137695,0.0,59.31645242326066,58.696841161559774,59.21752570545203,0.0,10375534
2017-09-18,58.717655181884766,0.0,59.17065261218499,58.655175825032984,59.04568758616006,0.0,6418924
2017-09-19,59.175865173339844,0.0,59.175865173339844,58.71245237444918,58.83741741081334,0.0,5288828
2017-09-20,59.4101676940918,0.0,59.477854716478404,58.95196259588969,58.9571702610458,0.0,5458692
2017-09-21,59.61843490600586,0.0,59.790262584296954,59.13419785796411,59.45181489218669,0.0,4076103
2017-09-22,59.88397216796875,0.0,59.94125015581024,59.425773514515136,59.576770511116,0.0,4502273
2017-09-25,59.50909423828125,0.0,59.878781652498155,59.20710015859397,59.837126643680456,0.0,5879459
2017-09-26,59.73299026489258,0.0,59.88398729964786,59.47785255544172,59.66009557999838,0.0,6388098
2017-09-27,61.01388931274414,0.0,61.15968503179679,59.79548477139492,59.80590010396784,0.0,8859470
2017-09-28,60.316165924072266,0.0,60.94098478050956,60.07664487513999,60.91495276559859,0.0,9580399
2017-09-29,60.44110870361328,0.0,60.467147023978164,59.61322267473195,60.045389357267986,0.0,5196666
2017-10-02,61.222145080566406,0.0,61.258592420745906,60.36822063786758,60.472361306083975,0.0,3703641
2017-10-03,61.28984069824219,0.0,61.440844057117026,61.065948961099316,61.440844057117026,0.0,3513438
2017-10-04,61.24818801879883,0.0,61.55539610129357,61.19091632215062,61.37315305556114,0.0,4449041
2017-10-05,61.52935028076172,0.0,61.61266029512494,61.149253863510516,61.24818056036613,0.0,4252959
2017-10-06,61.560611724853516,0.0,61.586643743756795,61.232579249987666,61.38878398805279,0.0,2844469
2017-10-09,61.768882751464844,0.0,61.89904914974494,61.48771297897126,61.591847360059795,0.0,2779956
2017-10-10,61.503334045410156,0.0,61.86781387366641,61.310681954895955,61.758471818886356,0.0,4234049
2017-10-11,61.3106689453125,0.0,61.75325104911715,61.14404890919948,61.602254008510265,0.0,4903495
2017-10-12,61.86779022216797,0.0,61.925068216959374,61.248172857309655,61.2690035144412,0.0,3774828
2017-10-13,61.815738677978516,0.0,62.456180582283665,61.815738677978516,61.997981733983345,0.0,5517803
2017-10-16,61.96675491333008,0.0,62.22188640744241,61.64913772818361,61.87823719988713,0.0,3437960
2017-10-17,62.14897155761719,0.0,62.154179222876294,61.53456174186479,61.76887511691723,0.0,3220109
2017-10-18,62.05524444580078,0.0,62.22186448007581,61.753250367918305,62.22186448007581,0.0,2948548
2017-10-19,62.21666717529297,0.0,62.237497839206746,61.55540090551131,62.01360607606803,0.0,2592771
2017-10-20,62.96644973754883,0.0,62.96644973754883,62.35724757756743,62.46138194740696,0.0,3995858
2017-10-23,62.94562530517578,0.0,63.096628678020316,62.726941213175685,62.87793827369798,0.0,4095806
2017-10-24,62.34681701660156,0.0,64.19004604229636,61.93547467842446,62.45615902507088,0.0,8632243
2017-10-25,61.9563102722168,0.0,62.63319934556884,61.893824610740275,62.33120530411417,0.0,5859120
2017-10-26,62.44577407836914,0.0,62.518668778778576,61.96153688123466,62.19584398068892,0.0,5372091
2017-10-27,61.99797821044922,0.0,62.45617703270871,61.940700201505834,62.28435563052235,0.0,4533099
2017-10-30,62.393707275390625,0.0,62.758187110471475,61.883438031206595,62.175023161735844,0.0,7043084
2017-10-31,62.35723876953125,0.0,62.60716879662915,62.22185842677304,62.50302812917799,0.0,5467113
2017-11-01,62.54468536376953,0.0,63.002890429786646,62.44575866971643,62.76858338814825,0.0,4275363
2017-11-02,63.24241256713867,0.0,63.26844458182802,62.331216305151024,62.5290760288265,0.0,3119366
2017-11-03,63.03934097290039,0.0,63.39340538573682,62.680068895009136,63.39340538573682,0.0,3822657
2017-11-06,62.6852912902832,0.0,63.24242320957,62.67487595772609,63.13828882096717,0.0,3838388
2017-11-07,62.872711181640625,0.0,63.24239853226048,62.68005916612107,62.8310561799888,0.0,2945370
2017-11-08,62.62800598144531,0.0,62.99769343327333,62.487424257584,62.75297102061205,0.0,3195479
2017-11-09,61.633487701416016,0.0,62.66444118433829,61.48769834013677,62.62799384401848,0.0,4473035
2017-11-10,61.49811935424805,0.0,61.69077142275574,61.440847656424644,61.440847656424644,0.0,4961653
2017-11-13,60.956607818603516,0.0,61.440844957602806,60.87850546149535,61.41480663035225,0.0,3522654
2017-11-14,61.85738754272461,0.0,61.97193724341117,60.92015927584095,60.95660662095387,0.0,4541203
2017-11-15,61.21692657470703,0.0,61.63868421288273,60.701449926518684,61.581406224275284,0.0,4175892
2017-11-16,61.75123977661133,0.440529,61.918857835789396,61.337433486781855,61.44219794883367,0.0,3371222
2017-11-17,61.03886032104492,0.0,61.615039376338274,61.012666034351966,61.541708073858224,0.0,4463024
2017-11-20,60.960289001464844,0.0,61.379327729148756,60.918384493683455,61.19599947643642,0.0,4631776
2017-11-21,61.30599594116211,0.0,61.615037714764156,61.00742553182475,61.00742553182475,0.0,3961377
2017-11-22,61.14361572265625,0.0,61.38456504883146,61.049328994977316,61.28504581417465,0.0,4545493
2017-11-24,61.23790740966797,0.0,61.368859797576114,60.94457583879023,61.28505077732533,0.0,2361890
2017-11-27,61.347896575927734,0.0,61.400278794464235,60.991711460164545,61.190756270447785,0.0,4082936
2017-11-28,61.656944274902344,0.0,61.81932345290528,61.23266667922409,61.52075938375803,0.0,4343849
2017-11-29,61.89265060424805,0.0,62.04979089821624,61.635984737364495,61.725032597314225,0.0,4400418
2017-11-30,63.615962982177734,0.0,63.77310328022322,62.12836265723512,62.295980668518105,0.0,8539922
2017-12-01,62.9193000793457,0.0,63.87786474304625,62.22264013363276,63.72595695855155,0.0,6168180
2017-12-04,62.877403259277344,0.0,63.86739483203297,62.8669318953767,63.474544057191714,0.0,4380714
2017-12-05,63.008338928222656,0.0,64.18165843476676,62.96119557771536,63.898804681851026,0.0,5004238
2017-12-06,63.48502731323242,0.0,63.58979177290125,63.050271950960216,63.464078231377194,0.0,4143159
2017-12-07,64.11358642578125,0.0,64.33881918865198,63.411687500567965,63.547878739827276,0.0,5733589
2017-12-08,64.32833099365234,0.0,64.47499355899797,64.04023836875625,64.11356965142906,0.0,4766523
2017-12-11,64.58500671386719,0.0,64.70548137999998,64.16596798608747,64.39120074663269,0.0,4985488
2017-12-12,64.67928314208984,0.0,65.03546822651647,64.41214591630212,64.70547107398936,0.0,5606469
2017-12-13,65.10882568359375,0.0,65.32358713189646,64.57455101728988,64.68978685414231,0.0,8274082
2017-12-14,64.82595825195312,0.0,65.40738252357062,64.63739113554242,65.2188154071599,0.0,4820390
2017-12-15,66.08833312988281,0.0,66.22976324497006,65.0354877791576,65.37072388887772,0.0,9841630
2017-12-18,66.37117767333984,0.0,66.80593932327328,66.14070605539368,66.38689424507118,0.0,6713684
2017-12-19,66.40782165527344,0.0,66.6330606926111,65.80544852074144,66.6330606926111,0.0,5788886
2017-12-20,66.5230712890625,0.0,66.98925328272985,66.15116965527663,66.71687721508006,0.0,5197301
2017-12-21,66.68545532226562,0.0,66.8164013345099,66.44450602356058,66.65402218320305,0.0,4804977
2017-12-22,66.64353942871094,0.0,66.83734533582336,66.49687052187689,66.79544084103192,0.0,2549551
2017-12-26,66.59640502929688,0.0,67.01544368340483,66.51783488476858,66.75878417467253,0.0,1672740
2017-12-27,66.8268814086914,0.0,66.842597978778,66.48117401795041,66.76402782860372,0.0,2877361
2017-12-28,67.10973358154297,0.0,67.13592151425217,66.67497833784675,66.90544992604946,0.0,2245257
2017-12-29,66.82164001464844,0.0,67.30353861078659,66.82164001464844,67.21449710073165,0.0,2871164
2018-01-02,67.13070678710938,0.0,67.50784105857281,66.61213605111816,66.99451553066761,0.0,4918591
2018-01-03,68.11544799804688,0.0,68.19925701850813,67.73831375610155,67.82735528397758,0.0,7958983
2018-01-04,68.33019256591797,0.0,68.55019277793959,68.19924020995579,68.52399849666988,0.0,5820666
2018-01-05,68.91688537597656,0.0,69.330685347619,68.33546098208497,68.67069712632023,0.0,5835444
2018-01-08,69.5716323852539,0.0,71.12733200810368,69.24687396904496,70.81305130858051,0.0,10526807
2018-01-09,70.3311538696289,0.0,70.4306731296277,69.68163702495582,69.8335385192406,0.0,6724489
2018-01-10,70.66111755371094,0.0,70.97015925378457,70.0587380211594,70.2525502908277,0.0,5216528
2018-01-11,70.70826721191406,0.0,71.37349402480633,70.5825537082692,70.5825537082692,0.0,7633874
2018-01-12,71.54113006591797,0.0,71.54113006591797,70.83399222340506,71.03303706682509,0.0,8285523
2018-01-16,70.17398834228516,0.0,72.14348725339067,70.12160612679106,72.14348725339067,0.0,8288065
2018-01-17,70.4096908569336,0.0,70.68730577256639,69.63969968144595,70.53540434988346,0.0,6219028
2018-01-18,70.50921630859375,0.0,71.05921368267859,70.37827029821408,70.47778952010779,0.0,5098465
2018-01-19,71.1849365234375,0.0,71.1849365234375,70.44637197143705,70.74494237653697,0.0,5140892
2018-01-22,70.82349395751953,0.0,70.95967880647858,69.98016518450798,70.69778046993014,0.0,6520938
2018-01-23,71.25304412841797,0.0,71.48875464833137,70.45162582065991,71.14304715581795,0.0,9101156
2018-01-24,71.06969451904297,0.0,72.48396356435796,70.20017766518967,70.72398078011636,0.0,8806238
2018-01-25,72.15398406982422,0.0,72.43683794817336,71.24256248951541,71.6720853400539,0.0,7217874
2018-01-26,72.27442932128906,0.0,72.54680537282483,71.59348601738549,72.37394853140886,0.0,5090520
2018-01-29,71.5882339477539,0.0,72.9344100897629,71.50442497042346,72.31108161463364,0.0,5530356
2018-01-30,71.49922180175781,0.0,71.78207565389229,70.87589301551711,71.23731702934836,0.0,5675590
2018-01-31,72.29016876220703,0.0,72.45254159323937,71.5254098733964,71.82398029848358,0.0,9389719
2018-02-01,72.45250701904297,0.0,72.80869835623639,71.50966552683141,71.75585360983169,0.0,6674277
2018-02-02,70.50921630859375,0.0,72.25348244617713,70.39921937382839,71.99158407528878,0.0,7443988
2018-02-05,66.64878845214844,0.0,70.26303456079768,65.94689592809775,69.91732715568564,0.0,10984757
2018-02-06,67.99497985839844,0.0,67.99497985839844,64.55882873970505,65.03548862054828,0.0,13781079
2018-02-07,69.1263656616211,0.0,69.8439809533913,67.60209993007426,67.7749567708048,0.0,12563270
2018-02-08,66.77449798583984,0.0,69.33065994894329,66.71688326348827,69.06352271320141,0.0,11691068
2018-02-09,65.49117279052734,0.0,68.115426847295,64.01404402616362,67.64924487209903,0.0,19253277
2018-02-12,66.72210693359375,0.0,67.31924119824662,64.42784387182425,64.46450950955601,0.0,15172249
2018-02-13,65.87879180908203,0.0,66.50212047939763,65.45975314134104,66.18783989105962,0.0,8052258
2018-02-14,66.3659439086914,0.0,66.41832613501872,64.92548666079932,65.46500644661837,0.0,11043073
2018-02-15,68.4728012084961,0.440529,68.49386667217622,67.30876033777857,67.41410681240568,0.0,7240596
2018-02-16,68.08302307128906,0.0,69.00477590331975,67.90394429790507,68.4411933888735,0.0,7602888
2018-02-20,66.60821533203125,0.0,68.08828253193794,66.30272467036079,67.81439325157693,0.0,7364856
2018-02-21,68.08302307128906,0.0,69.11011598263927,66.61875957192096,66.75043946012651,0.0,12340333
2018-02-22,70.35843658447266,0.0,70.89041775315417,68.89417297640863,68.89417297640863,0.0,12827679
2018-02-23,70.1319351196289,0.0,71.06421741253759,69.19965282672023,70.88513865399577,0.0,7316709
2018-02-26,71.35391235351562,0.0,71.44345492770542,70.45323142096247,70.48483918978793,0.0,7548386
2018-02-27,70.53223419189453,0.0,71.75947758486487,70.51643669375875,71.44345099725912,0.0,6848431
2018-02-28,70.96940612792969,0.0,72.94984650786355,70.5796344965903,70.64284364091344,0.0,14665993
2018-03-01,68.63079071044922,0.0,71.47504237148297,68.35690146523287,71.21168904715364,0.0,10061230
2018-03-02,68.44120025634766,0.0,68.63081497231225,67.57212056947631,68.06196443900963,0.0,9265618
2018-03-05,69.37348175048828,0.0,69.73691367582948,67.42990380102758,68.11463672467012,0.0,7570791
2018-03-06,69.32080841064453,0.0,69.72110968560781,68.64134983565182,69.63156709861133,0.0,4830878
2018-03-07,68.96265411376953,0.0,69.14173292745318,68.32006479887418,68.39907147249542,0.0,4718059
2018-03-08,69.13643646240234,0.0,69.5736069281964,68.277893026321,69.39452181947269,0.0,6279092
2018-03-09,70.61653137207031,0.0,70.67974054104033,69.2681435971543,69.4261633268746,0.0,6629308
2018-03-12,69.26288604736328,0.0,70.94836607496248,69.05219944756091,70.94836607496248,0.0,5778716
2018-03-13,68.55180358886719,0.0,69.79484465978064,68.21997306971849,69.77904715935972,0.0,6134335
2018-03-14,68.25157928466797,0.0,68.99424703383787,67.4983819962753,68.73615519281627,0.0,5154080
2018-03-15,68.0777359008789,0.0,68.7729980421447,67.3508660008329,68.55704361750901,0.0,4779076
2018-03-16,67.59317016601562,0.0,68.38851096471981,67.30348339047039,68.06194846169042,0.0,11507220
2018-03-19,66.99800109863281,0.0,67.91447966209823,66.4344185358396,67.41937422287482,0.0,6069662
2018-03-20,66.97691345214844,0.0,67.77225423838539,66.79783470564072,67.02431871562048,0.0,4472717
2018-03-21,66.89265441894531,0.0,67.68272096728816,66.55555595276802,66.96112515035952,0.0,5542273
2018-03-22,65.34937286376953,0.0,66.8610414979967,65.27036621502158,66.39753752811741,0.0,7916239
2018-03-23,64.42236328125,0.0,65.90769860371117,64.33282070330166,65.41258682955744,0.0,6138148
2018-03-26,66.70304870605469,0.0,66.82419269707027,65.01756237227428,65.28092220600013,0.0,18321011
2018-03-27,65.98670959472656,0.0,67.51417594028833,65.50213371211201,66.81891350318733,0.0,14319115
2018-03-28,65.5495376586914,0.0,66.38174801678993,65.30198173623977,66.32380681530611,0.0,4961017
2018-03-29,66.2711410522461,0.0,66.70831170285972,65.51793734760672,65.78656512425816,0.0,4509423
2018-04-02,65.03860473632812,0.0,66.37118803332393,63.842962871621886,66.18157338108863,0.0,10481839
2018-04-03,65.79180908203125,0.0,65.86028619119307,64.61197096780732,65.09655315143105,0.0,6045351
2018-04-04,66.24481964111328,0.0,66.30802882364037,63.553311476873446,63.795599508170326,0.0,11538047
2018-04-05,66.2395248413086,0.0,66.68196335545765,65.81815178716296,66.60295670598131,0.0,6481372
2018-04-06,64.65938568115234,0.0,66.22899567900892,64.3696924750324,65.61800788083427,0.0,7077724
2018-04-09,64.37493133544922,0.0,65.51789975756463,64.3117285921513,65.23347464191305,0.0,5649531
2018-04-10,64.76473236083984,0.0,65.48106024295225,64.43290184391435,65.33358285116687,0.0,6561299
2018-04-11,64.49609375,0.0,64.94380019724493,64.20113901612179,64.40128960785655,0.0,4164610
2018-04-12,64.9174575805664,0.0,65.23875207402769,64.67516972040195,64.80684957103213,0.0,5136125
2018-04-13,64.63304138183594,0.0,65.3124997994437,64.18006697496168,65.20189177457901,0.0,5512241
2018-04-16,65.21243286132812,0.0,65.32830885637416,64.70151722835196,65.25983812871237,0.0,5573259
2018-04-17,65.59166717529297,0.0,66.33960281617797,65.39151655322948,65.69174567902884,0.0,6679203
2018-04-18,65.73389434814453,0.0,66.07099287952204,65.40206377949598,66.06045695406415,0.0,6561299
2018-04-19,65.23350524902344,0.0,66.13945423072845,64.8648053790462,65.68647973987595,0.0,7665495
2018-04-20,64.82794189453125,0.0,65.77076030997476,64.52245115528187,65.77076030997476,0.0,8543894
2018-04-23,65.02809143066406,0.0,65.05443124250073,64.52245005371621,64.8490126372194,0.0,5212873
2018-04-24,64.311767578125,0.0,67.05594832371497,63.62704097875547,66.6293071989038,0.0,12952734
2018-04-25,63.969383239746094,0.0,64.78578952269213,62.873819709310055,64.39075628430132,0.0,7501510
2018-04-26,64.69099426269531,0.0,65.43892353775716,63.63756150660744,63.995725450973104,0.0,5698154
2018-04-27,64.50137329101562,0.0,64.65411864639756,63.73764012869753,64.41183070840951,0.0,4609848
2018-04-30,63.2846565246582,0.0,64.675181179543,63.2846565246582,64.53823334437446,0.0,7058497
2018-05-01,62.657867431640625,0.0,63.34259386409268,61.64657847451368,63.20565240884694,0.0,6588471
2018-05-02,62.41556167602539,0.0,63.10028791273386,62.24701250045298,62.65784951955925,0.0,4859321
2018-05-03,61.994205474853516,0.0,62.43665037288938,60.78276593010877,61.899401327052416,0.0,8062745
2018-05-04,62.94755935668945,0.0,63.28465779747965,61.44642664248111,61.85199580952895,0.0,10399369
2018-05-07,63.67441940307617,0.0,63.97991644375025,63.031830326488276,63.08450355117152,0.0,4596500
2018-05-08,64.14846801757812,0.0,64.16953347698308,63.56381371973714,63.73236293660689,0.0,4867902
2018-05-09,64.84373474121094,0.0,64.89640158599818,64.15900829030517,64.50663628461439,0.0,5643810
2018-05-10,65.36519622802734,0.0,65.46527475181787,64.78580970759998,65.02809768735548,0.0,3715718
2018-05-11,65.56534576416016,0.0,65.79182985140339,65.06496592462024,65.27565250892175,0.0,4318108
2018-05-14,65.82868194580078,0.0,66.17630989597627,65.46525011295076,65.51791695105159,0.0,7024016
2018-05-15,65.60220336914062,0.0,65.70754983512896,65.02808492426988,65.47579144119959,0.0,5377971
2018-05-16,65.72334289550781,0.0,65.88135619840794,65.37044694472472,65.85502277639387,0.0,5861821
2018-05-17,66.00407409667969,0.440529,66.22124690005093,65.57503259211296,65.94051477060728,0.0,5290893
2018-05-18,66.31129455566406,0.0,66.42782426762057,65.77101459892823,65.99348508279517,0.0,3670749
2018-05-21,67.82621765136719,0.0,67.9745270787973,66.72447304656697,66.72447304656697,0.0,7470048
2018-05-22,67.73084259033203,0.0,68.34527718326228,67.60901520780529,67.93742001474094,0.0,6296730
2018-05-23,67.57721710205078,0.0,67.6566694419497,66.78798496048307,67.1852530814066,0.0,6370142
2018-05-24,67.4819107055664,0.0,67.72027428437941,67.0581667884788,67.42894672932584,0.0,2916292
2018-05-25,67.2859115600586,0.0,67.63020942568494,67.02107248155686,67.50838203685932,0.0,2749129
2018-05-29,66.26893615722656,0.0,67.04757341396433,65.99350163973257,66.8304005563501,0.0,4411223
2018-05-30,66.84630584716797,0.0,67.08466305528168,66.34840069878788,66.43315078453062,0.0,4421551
2018-05-31,66.11532592773438,0.0,66.69797460606632,65.80280765058598,66.62381990349976,0.0,5430249
2018-06-01,66.63972473144531,0.0,67.03168904084708,66.3589924955602,66.70858176436987,0.0,4258361
2018-06-04,66.89396667480469,0.0,67.39187173462356,66.74565084041849,66.9522283349937,0.0,5114991
2018-06-05,66.7138442993164,0.0,67.17996950025422,66.28480285811376,66.75621931758349,0.0,3450196
2018-06-06,67.17467498779297,0.0,67.17467498779297,66.6608770643987,67.04225224678542,0.0,4674202
2018-06-07,67.57721710205078,0.0,67.62488979027592,67.1746577237057,67.17995540255615,0.0,3993952
2018-06-08,67.59313201904297,0.0,67.63550704213479,67.14289980672898,67.23294111204699,0.0,4388500
2018-06-11,67.8897476196289,0.0,68.12281344657107,67.55605155232276,67.56134281121241,0.0,6155945
2018-06-12,67.72026062011719,0.0,68.20227251953055,67.45541510662312,68.12811783061025,0.0,3989661
2018-06-13,67.23823547363281,0.0,67.88445614924244,67.18527151345565,67.76792002541909,0.0,4458893
2018-06-14,67.23823547363281,0.0,67.6619856836341,66.8939440467586,67.45011057863346,0.0,6260819
2018-06-15,67.22235107421875,0.0,67.4660058476587,66.47549371246248,67.25413073566072,0.0,11852033
2018-06-18,67.52957916259766,0.0,67.58254955693027,66.78272164609331,67.03167415159476,0.0,6185024
2018-06-19,66.23715209960938,0.0,67.29122380403383,66.06765197039756,67.29122380403383,0.0,9243054
2018-06-20,66.4013442993164,0.0,66.58673102363565,66.03586211014584,66.47020130814478,0.0,6264950
2018-06-21,65.405517578125,0.0,66.30598182786193,65.24661287775139,66.30598182786193,0.0,7310353
2018-06-22,66.1418228149414,0.0,66.28484099190776,65.73926312052599,65.95643601676349,0.0,6050912
2018-06-25,66.00407409667969,0.0,66.09412182647492,65.37905051171998,65.57503259211296,0.0,10027067
2018-06-26,66.54963684082031,0.0,66.915118937519,65.7709999528223,66.20533904092761,0.0,8867573
2018-06-27,65.87164306640625,0.0,67.46599417896999,65.86104770728116,66.94689863899823,0.0,8265501
2018-06-28,65.998779296875,0.0,66.2159456671652,65.40552898534509,65.69685646064967,0.0,5215893
2018-06-29,66.22654724121094,0.0,66.97340467043561,66.11531520540028,66.13649950779835,0.0,6055520
2018-07-02,66.22654724121094,0.0,66.23184492216832,65.20425535222257,65.61211257162644,0.0,6706692
2018-07-03,66.16827392578125,0.0,67.25413147873161,66.08352388004569,66.67147651965732,0.0,3918474
2018-07-05,66.18418884277344,0.0,66.69798054611309,65.49030162736231,66.69798054611309,0.0,5456944
2018-07-06,66.42253112792969,0.0,66.66088824887689,65.73923943026136,66.13120361740589,0.0,3665346
2018-07-09,67.10052490234375,0.0,67.26472731443617,66.6396973280838,66.74563167528527,0.0,5400534
2018-07-10,67.30182647705078,0.0,67.88977288999905,67.03698089103463,67.18529673091959,0.0,5083052
2018-07-11,66.1470947265625,0.0,66.64499967830142,65.79749915558348,66.64499967830142,0.0,5806047
2018-07-12,67.45541381835938,0.0,67.52956850586348,66.22124684876705,66.71915178119635,0.0,7329739
2018-07-13,68.59953308105469,0.0,68.7743308598234,67.42893185852718,67.56134819135808,0.0,7378045
2018-07-16,68.31878662109375,0.0,69.01797116807549,68.21285229276373,68.61541173041961,0.0,6454359
2018-07-17,69.23518371582031,0.0,69.38879082767855,68.42476027369075,68.42476027369075,0.0,7483713
2018-07-18,69.7542495727539,0.0,70.25745219972524,69.34639235886362,69.39406506540415,0.0,5969237
2018-07-19,69.04977416992188,0.0,69.68010193767225,69.00210145855493,69.56886989210408,0.0,4090245
2018-07-20,68.99681091308594,0.0,69.3781797651068,68.79552470268948,68.8431974145501,0.0,5109906
2018-07-23,68.525390625,0.0,68.92795021895238,68.26054506920208,68.80082512274126,0.0,6132904
2018-07-24,71.10494232177734,0.0,71.15261502565642,67.95861450149951,68.4088467159092,0.0,12897913
2018-07-25,71.3750991821289,0.0,71.49692659475399,70.1833070424723,70.7447713925823,0.0,8814978
2018-07-26,71.95244598388672,0.0,72.38679163601563,71.05198143470379,71.46513636164013,0.0,9750899
2018-07-27,71.25853729248047,0.0,72.30201965603224,71.15790064262457,72.30201965603224,0.0,6031844
2018-07-30,70.50110626220703,0.0,71.52869580762598,70.44813587532897,71.42275503386986,0.0,5871991
2018-07-31,71.89947509765625,0.0,72.0054094491335,70.97781991193608,71.01489725602467,0.0,8112481
2018-08-01,71.45453643798828,0.0,72.21728042048218,71.21088166431447,71.21088166431447,0.0,5982744
2018-08-02,71.04139709472656,0.0,71.33801589517884,70.64412876452262,70.96724239461349,0.0,3547919
2018-08-03,70.91958618164062,0.0,71.35922322439735,70.55939511769007,71.35922322439735,0.0,3093147
2018-08-06,70.94602966308594,0.0,71.04137506019126,70.37397012331459,70.80830924742605,0.0,3091876
2018-08-07,71.23738861083984,0.0,71.43866843261301,70.81363823793153,71.03081110672618,0.0,3491669
2018-08-08,71.3539047241211,0.0,71.47043444904673,71.03079753455346,71.24797036185193,0.0,2900720
2018-08-09,71.10494232177734,0.0,72.34440693690925,71.0043056548602,71.68229960605423,0.0,5203657
2018-08-10,70.50110626220703,0.0,70.84539772333612,70.07205832921426,70.73416569018038,0.0,3825676
2018-08-13,70.01380157470703,0.0,70.7235752698799,69.70658101506679,70.46933152225044,0.0,4015721
2018-08-14,70.14093780517578,0.0,70.44815199220298,69.90787190245115,70.28394953460354,0.0,5073359
2018-08-15,69.7860336303711,0.0,69.93964712143571,68.65250964952878,69.91845639655848,0.0,7253626
2018-08-16,70.9895248413086,0.440529,71.13862643594926,70.49961222379513,70.49961222379513,0.0,6771365
2018-08-17,71.59125518798828,0.0,71.78295812052932,70.9788580880127,71.2078428671752,0.0,6773271
2018-08-20,71.96399688720703,0.0,72.11843085838677,71.60721451737092,71.868148665064,0.0,8489074
2018-08-21,72.41132354736328,0.0,72.67225127223965,72.10246202177419,72.10246202177419,0.0,3551733
2018-08-22,70.95223236083984,0.0,71.93738333788978,70.94158040500645,71.92141185987049,0.0,5965265
2018-08-23,70.6220703125,0.0,71.09601131348934,70.39841152835426,71.09601131348934,0.0,5603132
2018-08-24,71.01614379882812,0.0,71.06939713172359,70.61675994144206,70.61675994144206,0.0,4575684
2018-08-27,72.08116912841797,0.0,72.26222010836078,71.42617710224508,71.49540190730576,0.0,4819596
2018-08-28,71.62320709228516,0.0,72.60303215716078,71.52202641654067,72.42197471876801,0.0,3571913
2018-08-29,71.15458679199219,0.0,71.9533608155485,71.08536199097551,71.9533608155485,0.0,6034704
2018-08-30,70.60609436035156,0.0,71.0906873303079,70.4037394812713,70.9895066629024,0.0,4610801
2018-08-31,70.13217163085938,0.0,70.590134788884,69.75408524237251,70.35582400327236,0.0,4381668
2018-09-04,70.2386703491211,0.0,70.2653002422236,69.50912748128236,70.2653002422236,0.0,4653387
2018-09-05,70.70728302001953,0.0,70.78715978511333,69.80200871180213,70.02566752750364,0.0,4185108
2018-09-06,71.10134887695312,0.0,71.6711447094056,70.69663902745452,70.96289924491697,0.0,5728345
2018-09-07,70.29724884033203,0.0,70.96821884700209,69.7327854933695,70.89366160291418,0.0,5056834
2018-09-10,71.17056274414062,0.0,71.49006976237527,70.75520103814335,70.75520103814335,0.0,6670304
2018-09-11,71.14926147460938,0.0,71.35694233531814,70.37711733329971,71.16523940840652,0.0,3257450
2018-09-12,71.29840087890625,0.0,71.62323402994392,70.9203143808306,71.01616265861855,0.0,5549741
2018-09-13,72.16637420654297,0.0,72.18234568591159,71.34630265270471,71.50605618077904,0.0,4450789
2018-09-14,73.38050079345703,0.0,73.47102951076239,72.25689370584641,72.25689370584641,0.0,8720432
2018-09-17,73.35919952392578,0.0,73.91301084383876,73.18879405449694,73.391148935511,0.0,7567136
2018-09-18,74.32836151123047,0.0,74.72775169172597,73.19943512769817,73.47634074648705,0.0,6855105
2018-09-19,74.81828308105469,0.0,75.0153184347062,74.09939228859798,74.10471826634323,0.0,6344400
2018-09-20,75.53720092773438,0.0,75.94191078942836,75.03131037275071,75.35614345794542,0.0,6158646
2018-09-21,75.65966033935547,0.0,76.76196345541778,75.50523280380995,76.5116812295257,0.0,11648482
2018-09-24,74.73307037353516,0.0,76.1495607698616,74.47214268896009,75.51586633871983,0.0,4023825
2018-09-25,74.39761352539062,0.0,74.94609893898077,74.23253401230917,74.65321530715255,0.0,5196666
2018-09-26,74.31773376464844,0.0,74.88752957483887,73.95029932703318,74.34436365879354,0.0,3763388
2018-09-27,74.38162994384766,0.0,74.90881785883059,73.85444202886472,74.55736140075234,0.0,2917881
2018-09-28,74.45087432861328,0.0,74.56802651211603,74.08876581895036,74.36567156684167,0.0,3935317
2018-10-01,75.04195404052734,0.0,75.3561351326162,74.69049755390584,75.1644321813437,0.0,5268965
2018-10-02,75.32417297363281,0.0,75.82473740943301,74.86620990376733,75.0579192783388,0.0,5877870
2018-10-03,75.09521484375,0.0,75.66500423139072,74.97805621415252,75.60109893745279,0.0,5461711
2018-10-04,74.75971984863281,0.0,75.59044336907847,74.18460455843682,75.13780621557733,0.0,5409274
2018-10-05,74.0514907836914,0.0,75.00469265089008,73.81186043592405,74.75973632351905,0.0,4578227
2018-10-08,74.33369445800781,0.0,74.3603178902452,73.18346405825076,74.03548490288144,0.0,5042692
2018-10-09,72.35806274414062,0.0,74.52539980986951,72.25688208677974,74.16328499887692,0.0,7576670
2018-10-10,69.82331085205078,0.0,72.07052529370874,69.78070947742854,72.00662645964132,0.0,9112597
2018-10-11,68.89141845703125,0.0,70.57948918242157,68.43345525779739,69.69019268001725,0.0,12920318
2018-10-12,69.02986907958984,0.0,70.34517925746209,67.95951519169657,69.86058620056295,0.0,8156496
2018-10-15,69.40261840820312,0.0,70.03630649136718,68.78490180312818,69.1416842235292,0.0,5177121
2018-10-16,70.56349182128906,0.0,70.61141916527815,69.02452957027533,69.69549301893072,0.0,5576913
2018-10-17,69.26416015625,0.0,70.62739742661067,68.98192852448165,70.37178922796855,0.0,5924587
2018-10-18,68.66242218017578,0.0,69.63692773175295,68.20979149136258,69.01388510374727,0.0,5420079
2018-10-19,68.52397918701172,0.0,69.1470218752118,67.94353787379279,68.42279850053197,0.0,7269198
2018-10-22,67.30984497070312,0.0,68.68906048659662,66.93708454389937,68.52398096123684,0.0,8711216
2018-10-23,69.23754119873047,0.0,69.78070058629223,66.51638600415079,66.96370360855501,0.0,11171623
2018-10-24,65.00405883789062,0.0,69.91384331650261,64.8336533302947,69.34937991439024,0.0,13442463
2018-10-25,66.24481964111328,0.0,66.819935013102,65.20641509287466,65.7123056468916,0.0,7501351
2018-10-26,65.62177276611328,0.0,66.59095243514626,64.74312828181402,65.48864266203609,0.0,7456541
2018-10-29,64.482177734375,0.0,66.80926192660496,63.470396946312164,66.48442894475794,0.0,7856334
2018-10-30,65.29693603515625,0.0,65.392790737626,64.11475601286624,64.4715384742545,0.0,7725400
2018-10-31,66.14363098144531,0.0,66.79862298696278,65.72826925271751,66.07439972283672,0.0,9773145
2018-11-01,67.93817901611328,0.0,68.12988188288752,66.60156555776885,66.93705041642036,0.0,8884576
2018-11-02,67.85833740234375,0.0,69.02987202579706,67.21399723288371,68.61451021971686,0.0,9839247
2018-11-05,67.76246643066406,0.0,68.09262540469346,67.33645922450815,67.88494455149011,0.0,8702953
2018-11-06,68.12992095947266,0.0,68.23110165501897,67.44830535442787,67.78911638481652,0.0,5171083
2018-11-07,69.519775390625,0.0,69.71147833114253,68.18316141811886,68.68905188883025,0.0,8579329
2018-11-08,69.9404525756836,0.0,70.27061153530292,69.4239102262248,69.7061418440074,0.0,7543778
2018-11-09,69.60498809814453,0.0,69.98306805500253,69.06182215722141,69.96709657351587,0.0,7956282
2018-11-12,68.32160949707031,0.0,69.77537545519931,68.20978333282363,69.72744811174202,0.0,6669669
2018-11-13,68.7582778930664,0.0,69.61030532294372,68.28434328396213,68.60917632070358,0.0,5454719
2018-11-14,68.63581085205078,0.0,69.59433863774424,68.47605729705728,69.2535276107008,0.0,9136432
2018-11-15,69.47930908203125,0.462555,69.94525519675987,67.82975958774504,68.1296794483668,0.0,7307811
2018-11-16,69.69355773925781,0.0,70.12201480709724,68.97054374163096,69.08836781209743,0.0,8238012
2018-11-19,68.47245788574219,0.0,69.62392883434502,68.21538367112913,69.62392883434502,0.0,7928633
2018-11-20,67.48165893554688,0.0,68.14041413050094,66.76400144285357,68.14041413050094,0.0,6969831
2018-11-21,67.32633209228516,0.0,68.2582244295706,67.31026901300834,67.63696503563243,0.0,4335904
2018-11-23,69.10975646972656,0.0,69.7738613810932,66.83359149008359,66.94070246269725,0.0,15454773
2018-11-26,68.54210662841797,0.0,70.90932125507112,68.3974998911388,69.51148859183627,0.0,16858972
2018-11-27,65.70353698730469,0.0,67.02104018651141,63.85582898346941,66.23374828468748,0.0,26805953
2018-11-28,65.7303466796875,0.0,66.1373776111793,64.30573192670924,66.00884050237816,0.0,13559890
2018-11-29,64.91090393066406,0.0,65.8427960897497,64.31107074747246,65.76246123045836,0.0,9781407
2018-11-30,65.253662109375,0.0,65.51073622725158,64.289637413715,64.67524859052988,0.0,15312716
2018-12-03,66.19628143310547,0.0,67.47629590071412,66.01954860291293,66.29804240472956,0.0,10925328
2018-12-04,64.73419189453125,0.0,66.1052479578896,63.89334737107245,65.99277392460998,0.0,12213849
2018-12-06,65.0448226928711,0.0,65.08766840058712,63.438118392656364,64.00581915032555,0.0,14831249
2018-12-07,63.97365188598633,0.0,65.44111171186533,63.80226914783221,64.89483085718763,0.0,11923220
2018-12-10,63.95226287841797,0.0,64.61101153530554,62.60798294102479,63.74338438522633,0.0,8448713
2018-12-11,63.69517517089844,0.0,65.40899002402006,63.539855465049875,65.39292694600529,0.0,6883230
2018-12-12,64.0861587524414,0.0,65.03411442419127,64.03260648342733,64.25218507045291,0.0,4905720
2018-12-13,63.8665657043457,0.0,64.47711863120202,63.663050226312706,64.35929456421,0.0,9081135
2018-12-14,63.625572204589844,0.0,63.97369443459414,62.752594859475465,63.17569546410142,0.0,6374432
2018-12-17,61.75642395019531,0.0,63.66840456588327,61.451153990001885,63.593426206985136,0.0,8063381
2018-12-18,62.00814437866211,0.0,62.89719115363321,61.692161355361584,62.17952720240388,0.0,6003560
2018-12-19,60.947723388671875,0.0,62.86506067990177,60.556755496842776,61.895678984241684,0.0,16601078
2018-12-20,58.70903396606445,0.0,60.958423384943494,58.31806615795808,60.89415159119358,0.0,22699660
2018-12-21,56.86668014526367,0.0,59.55523332434858,56.802414838945936,58.73581495863523,0.0,19808474
2018-12-24,54.660125732421875,0.0,56.63102114340533,54.60121696174969,56.43286224547576,0.0,6793611
2018-12-26,56.77562713623047,0.0,56.9952121498851,53.8139336848376,55.13143402763112,0.0,11301604
2018-12-27,56.64173889160156,0.0,56.64173889160156,54.44590503035148,54.949337101897484,0.0,10412081
2018-12-28,56.41680908203125,0.0,57.40225382771981,56.1972240270872,56.93095755426392,0.0,8925413
2018-12-31,57.02735900878906,0.0,57.02735900878906,56.363253771276675,56.55606270652723,0.0,7049281
2019-01-02,58.0020866394043,0.0,58.0288627676174,55.827675440007695,56.32039775277101,0.0,9361752
2019-01-03,55.420650482177734,0.0,57.84142309799789,55.28675684121603,57.600411947163906,0.0,8884258
2019-01-04,57.31654739379883,0.0,57.41295183026552,55.43670633198818,55.763402319979456,0.0,10083317
2019-01-07,57.2897834777832,0.0,57.5254316029676,56.523917331798316,57.33798570628844,0.0,8314601
2019-01-08,58.323429107666016,0.0,58.61799250397939,57.49329767062567,58.291296453628924,0.0,5951282
2019-01-09,58.548370361328125,0.0,58.719753172294105,58.13062638278777,58.67690746955261,0.0,6726873
2019-01-10,59.13212585449219,0.0,59.20174766927093,58.23236632169137,58.2484358909889,0.0,5368119
2019-01-11,58.88576889038086,0.0,58.90183196805296,58.1734616449277,58.676896938597686,0.0,5759807
2019-01-14,59.36779022216797,0.0,59.70519932805737,58.26987149688476,58.484100015922245,0.0,5049524
2019-01-15,59.48025131225586,0.0,59.56594271058196,58.66618952091428,59.31422503959359,0.0,4444751
2019-01-16,59.37849426269531,0.0,59.76409904570367,59.153552728643724,59.49631830710098,0.0,6177238
2019-01-17,60.39607238769531,0.0,60.787040193237246,59.07321876731982,59.110707941446286,0.0,5079239
2019-01-18,61.00128936767578,0.0,61.429739999869064,60.465714715107026,61.210154911736545,0.0,7366763
2019-01-22,59.48025131225586,0.0,60.60494604571863,59.26067278520704,60.52461117138245,0.0,9039980
2019-01-23,62.68295669555664,0.0,63.914762508752744,61.242278897274524,62.82220684986624,0.0,19960859
2019-01-24,61.89030838012695,0.0,63.92011275680875,61.34402735794429,63.06320529604065,0.0,14356933
2019-01-25,62.02420425415039,0.0,62.607974471449836,61.63323643703231,62.30805457680165,0.0,7375185
2019-01-28,61.63324737548828,0.0,61.72965183906668,60.93165298396387,61.697519182126385,0.0,14161009
2019-01-29,63.11141586303711,0.0,63.31493133072188,61.85818390985434,61.89567308868388,0.0,17208552
2019-01-30,63.796939849853516,0.0,64.40213621381103,62.79542560435877,63.518446027887975,0.0,11627984
2019-01-31,63.23460388183594,0.0,64.03795279798469,62.99894923937559,64.03795279798469,0.0,9663345
2019-02-01,63.721954345703125,0.0,64.28429845100601,63.25600819136988,64.0486503582942,0.0,6572581
2019-02-04,63.80766677856445,0.0,63.86657557478603,63.132848435514354,63.72733187989262,0.0,7857128
2019-02-05,64.68062591552734,0.0,64.69133896373967,63.775516182228465,64.17183403851968,0.0,7192132
2019-02-06,64.9966049194336,0.0,65.1947703282125,64.45033039261526,64.7288241798029,0.0,5565473
2019-02-07,64.65383911132812,0.0,64.79843926729045,63.727303434605375,64.46103024637112,0.0,7384719
2019-02-08,65.60179901123047,0.0,65.61786208927192,64.3860564441526,64.42354561659052,0.0,6263679
2019-02-11,65.72500610351562,0.0,65.93387814440602,65.0769638778,65.82140408893993,0.0,6222365
2019-02-12,66.39978790283203,0.0,66.59795329521792,65.7196198160865,66.06774189084008,0.0,5624266
2019-02-13,66.63545227050781,0.0,66.88716994777371,66.52833477355064,66.59796309439976,0.0,3914660
2019-02-14,66.87519836425781,0.462555,67.01526947816559,66.11016946776215,66.34721791540595,0.0,5957638
2019-02-15,68.83086395263672,0.0,68.91167621979505,67.36007154647938,67.66716208048491,0.0,10850328
2019-02-19,69.30496215820312,0.0,69.57434074139522,68.34598511343673,68.62614040747808,0.0,9680983
2019-02-20,69.19182586669922,0.0,69.84371236766889,68.8685767939103,69.33729186825816,0.0,10012607
2019-02-21,68.05506134033203,0.0,69.27802864342335,67.79107763730849,69.04098018685607,0.0,5179822
2019-02-22,68.83625793457031,0.0,69.1487303180998,68.31366580164645,68.98710577057209,0.0,5018221
2019-02-25,69.10560607910156,0.0,69.56354431567277,69.04634724890487,69.33727264000495,0.0,4245967
2019-02-26,68.5237808227539,0.0,69.2026091653044,68.2975090627974,68.84164810175065,0.0,5397833
2019-02-27,68.3675308227539,0.0,68.60996760147412,67.93652775080298,68.46450814677766,0.0,3969322
2019-02-28,67.70487976074219,0.0,68.59920313041998,67.65100273430149,68.25440714268439,0.0,7017342
2019-03-01,67.75875854492188,0.0,68.60998823518833,67.47322137313435,68.4106517037149,0.0,6073158
2019-03-04,67.74259185791016,0.0,68.6369152294106,67.3977893381315,68.0389057069274,0.0,5526065
2019-03-05,67.85033416748047,0.0,68.33521430650632,67.68870963158514,67.68870963158514,0.0,5141845
2019-03-06,67.55403137207031,0.0,68.34599564608057,67.54326119090119,67.97964620280759,0.0,5592486
2019-03-07,67.05298614501953,0.0,67.39240030560076,66.22330998863885,67.34929999106124,0.0,6616437
2019-03-08,66.8159408569336,0.0,66.88058806614586,65.8838989599627,66.72435186776572,0.0,4912394
2019-03-11,67.88805389404297,0.0,67.98503123921586,65.4475139788103,65.50139100738865,0.0,7398066
2019-03-12,67.16615295410156,0.0,68.37295566829702,67.08534065139854,67.72645071533017,0.0,6108434
2019-03-13,68.22748565673828,0.0,68.57228827836907,67.32777366368047,67.32777366368047,0.0,7713801
2019-03-14,68.36214447021484,0.0,68.3890797137485,67.726416553302,68.22745518986783,0.0,6236984
2019-03-15,67.83956909179688,0.0,68.6530867975138,67.82879891053923,68.51300912775473,0.0,15396933
2019-03-18,68.3675308227539,0.0,68.42140783958257,67.6294437769597,67.94191610561975,0.0,6181051
2019-03-19,68.15742492675781,0.0,69.05174823247383,67.83417585391298,68.75544093659265,0.0,4704076
2019-03-20,67.51092529296875,0.0,68.1520416624986,67.09069885434252,68.11971805906744,0.0,4680876
2019-03-21,68.35676574707031,0.0,68.51839029372474,66.9829505691674,67.1014748012913,0.0,4127904
2019-03-22,67.42472839355469,0.0,68.0604564424643,66.50885154717366,67.8826668167452,0.0,6152926
2019-03-25,67.55941009521484,0.0,67.79107672444333,67.12302514553139,67.32236164183963,0.0,3608460
2019-03-26,67.95809173583984,0.0,68.39447669911524,67.37624076391252,67.97963862711781,0.0,5091474
2019-03-27,68.0442886352539,0.0,68.49683864069617,67.68870943225939,67.94731130146634,0.0,4336063
2019-03-28,68.56687927246094,0.0,68.63691483463552,67.98502828935123,68.26517706938989,0.0,2974767
2019-03-29,69.43965148925781,0.0,69.54740553513184,68.68001093807155,69.10023734803246,0.0,4839617
2019-04-01,71.75628662109375,0.0,71.88558756008052,70.03228063261018,70.03228063261018,0.0,8422971
2019-04-02,71.061279296875,0.0,71.85324331049166,70.8727195466514,71.69161880134607,0.0,4616840
2019-04-03,70.74343872070312,0.0,71.50307935445878,70.36631258183199,71.4438139696522,0.0,4512760
2019-04-04,71.4922866821289,0.0,71.79937718695086,70.4955977943341,70.84578860630057,0.0,3546171
2019-04-05,72.04182434082031,0.0,72.0849246541721,71.41687306288942,71.7401221473578,0.0,3973771
2019-04-08,71.95564270019531,0.0,71.99335466791122,70.6787980294953,71.29297928965,0.0,4318425
2019-04-09,71.24984741210938,0.0,71.60542003511287,70.68415508420249,71.46534894029585,0.0,3320692
2019-04-10,70.9319839477539,0.0,71.29295147574571,70.17773835635178,71.27139805612147,0.0,4324622
2019-04-11,71.55695343017578,0.0,71.65393078058484,70.8350312524135,70.9912674592518,0.0,2767879
2019-04-12,72.89305114746094,0.0,72.90382132688761,72.00410966736,72.0956986461957,0.0,4553280
2019-04-15,72.48897552490234,0.0,72.87148993415481,72.23037368219595,72.7314123031874,0.0,2979216
2019-04-16,72.91458129882812,0.0,72.92535800712066,72.41354273928543,72.65597948783737,0.0,3176411
2019-04-17,73.15704345703125,0.0,73.43181042589568,72.58596915791242,73.04929593069697,0.0,4425365
2019-04-18,73.80891418457031,0.0,74.21297544997924,73.27554547662415,73.27554547662415,0.0,3970117
2019-04-22,73.76044464111328,0.0,74.06214684542797,73.1031632060212,73.45874243679859,0.0,4694224
2019-04-23,75.43595123291016,0.0,76.69662383342538,74.82177020066956,75.36590914913641,0.0,9030605
2019-04-24,75.20429229736328,0.0,75.51677120037466,74.30996896413706,75.24739261049106,0.0,4344803
2019-04-25,75.27969360351562,0.0,75.5598488203763,74.36381712312354,74.74633147083328,0.0,3712381
2019-04-26,75.84540557861328,0.0,75.87234082397886,75.19890090778097,75.42517917540722,0.0,3273022
2019-04-29,76.56733703613281,0.0,76.77745026354724,75.88851521254362,75.96393913390457,0.0,5417378
2019-04-30,76.83133697509766,0.0,76.99834990687683,76.30336292769113,76.73974797418494,0.0,5232736
2019-05-01,76.27642059326172,0.0,77.79570203834523,76.2440969847441,77.04144967244665,0.0,3487537
2019-05-02,75.31742095947266,0.0,76.21175073841927,74.77328200758079,75.84001302253348,0.0,4379761
2019-05-03,76.30332946777344,0.0,76.33565306235029,75.40361145457098,75.99085063662774,0.0,4513396
2019-05-06,75.53292846679688,0.0,75.78614198575119,74.29380264936512,74.77328790993394,0.0,3776100
2019-05-07,72.96849060058594,0.0,74.70865544371601,72.55903428631305,74.53086580356317,0.0,7794522
2019-05-08,73.8466567993164,0.0,74.4285078756589,72.91461479330758,73.00081543656879,0.0,3807721
2019-05-09,73.73348999023438,0.0,73.87895597688696,72.20343887532809,72.9792378767909,0.0,4066569
2019-05-10,73.9004898071289,0.0,73.99207876054109,71.96098938050046,72.8553124363961,0.0,4214823
2019-05-13,71.09363555908203,0.0,72.55365156394278,70.24779422102401,72.20884900096252,0.0,6545091
2019-05-14,72.181884765625,0.0,72.73679381984095,71.12054225188231,71.12054225188231,0.0,4305078
2019-05-15,72.181884765625,0.0,72.63443468214633,70.9319759767176,71.5461569282395,0.0,3861588
2019-05-16,73.2680435180664,0.462555,73.71226023205087,72.28752246792878,72.61256117025334,0.0,4463819
2019-05-17,72.45548248291016,0.0,73.38182965217675,72.3471405883642,72.66134324707562,0.0,2551298
2019-05-20,72.3092041015625,0.0,72.46088403279917,71.84873966188778,72.14126993453563,0.0,3091558
2019-05-21,73.69059753417969,0.0,73.76643749991493,72.73174867054301,73.07845316232468,0.0,3480863
2019-05-22,73.354736328125,0.0,73.84770272067789,73.10012601315114,73.3276524998356,0.0,3086791
2019-05-23,70.66777038574219,0.0,72.49338016528186,70.09354609537867,71.78913514546346,0.0,8983570
2019-05-24,71.18241119384766,0.0,71.44243952619695,70.42941658602392,70.77070295131148,0.0,4952595
2019-05-28,70.38066864013672,0.0,72.09251217619023,70.35899632623628,71.30701557728815,0.0,6419719
2019-05-29,70.13689422607422,0.0,70.31024646709731,69.5084956360494,69.9852077314951,0.0,4444592
2019-05-30,69.55724334716797,0.0,70.60277484379804,69.35680728660836,70.17481233113858,0.0,4367525
2019-05-31,68.41962432861328,0.0,69.02093245351678,68.00249801195484,68.94509249910017,0.0,5646829
2019-06-03,68.72299194335938,0.0,69.45432088361838,68.22460753794283,68.50089013270707,0.0,4307779
2019-06-04,70.08273315429688,0.0,70.25608542783557,69.0805460693492,69.50850867372672,0.0,3805973
2019-06-05,71.16075134277344,0.0,71.1824236579476,70.18023669798048,70.68945729615434,0.0,3770538
2019-06-06,71.32868194580078,0.0,71.59954646771119,70.6840356795268,71.214921998935,0.0,3197068
2019-06-07,71.58869934082031,0.0,72.03291603790527,71.42076520183215,71.56703359741873,0.0,2930752
2019-06-10,69.3459701538086,0.0,73.52806941592372,69.3297159206526,73.40347333049526,0.0,21901664
2019-06-11,66.59944915771484,0.0,69.49766835166864,66.18774081640753,69.45974836502471,0.0,17434985
2019-06-12,67.21157836914062,0.0,67.93748916486055,66.96238618913287,67.20074878067254,0.0,15850911
2019-06-13,67.61246490478516,0.0,67.69914102682957,66.58860567589863,67.57454492231172,0.0,7317027
2019-06-14,67.87792205810547,0.0,68.5279865086268,67.67206131024682,68.31671424873358,0.0,4873145
2019-06-17,67.29826354980469,0.0,68.24086475241316,66.69153725177934,68.10543248832398,0.0,5317589
2019-06-18,68.59296417236328,0.0,68.78798868705238,67.74788202238759,67.74788202238759,0.0,7208181
2019-06-19,68.6688232421875,0.0,69.01010307055539,68.43046063258483,68.85300506850812,0.0,5172354
2019-06-20,70.44025421142578,0.0,70.5431845674875,69.27013314971278,69.50307768678347,0.0,6906906
2019-06-21,69.74685668945312,0.0,70.88989400612923,69.6547624838791,70.32108110352793,0.0,9087332
2019-06-24,70.5215072631836,0.0,70.96030591395832,70.15313706007643,70.4890053620733,0.0,5842594
2019-06-25,69.89312744140625,0.0,70.88989636462088,69.71977518217439,70.52693760909101,0.0,4439825
2019-06-26,69.2105484008789,0.0,70.23440106068426,69.1888760867201,69.9039508087059,0.0,4643853
2019-06-27,69.86604309082031,0.0,69.98522113751088,69.21056055033765,69.4543347232096,0.0,3199452
2019-06-28,70.53234100341797,0.0,70.74361320444926,69.4218123540555,69.91477863400615,0.0,8637486
2019-07-01,71.14991760253906,0.0,71.55078973619663,70.87905308287043,71.06324148163452,0.0,6233329
2019-07-02,71.48579406738281,0.0,71.66997591974693,71.09575147890867,71.31244180583874,0.0,5394655
2019-07-03,72.04918670654297,0.0,72.08710669512752,71.35036610638625,71.7512383099195,0.0,3237746
2019-07-05,71.79998779296875,0.0,71.91374774816336,70.88447693775608,71.91374774816336,0.0,5636024
2019-07-08,70.89530944824219,0.0,71.54537380718851,70.57568878004128,71.44245001512711,0.0,5088455
2019-07-09,70.63529205322266,0.0,70.71113203123488,69.84978874095145,70.47819401771605,0.0,4803229
2019-07-10,70.66777038574219,0.0,71.64829139539329,70.52692006830513,70.965718686273,0.0,3717148
2019-07-11,71.14991760253906,0.0,71.39369172982012,70.4619267137803,70.66236278060909,0.0,3874141
2019-07-12,72.43922424316406,0.0,72.48798038717639,71.35036110723989,71.45870298598066,0.0,5088455
2019-07-15,72.17378234863281,0.0,72.498814572824,71.9841824069776,72.19003658678994,0.0,3779754
2019-07-16,72.15211486816406,0.0,72.4175547801158,71.89208646809932,72.23879100151898,0.0,5085118
2019-07-17,70.47818756103516,0.0,72.18461317945658,70.46193332407775,72.08168281346322,0.0,4347663
2019-07-18,71.1282730102539,0.0,71.15535684582932,70.29401994693079,70.35902377925994,0.0,4638132
2019-07-19,71.71873474121094,0.0,71.98418122252946,70.9278199439208,71.31244446765716,0.0,5138985
2019-07-22,72.02210235595703,0.0,72.15211655903627,71.26368945501267,71.6645616556469,0.0,5399422
2019-07-23,73.1001205444336,0.0,73.94520947836982,71.51287303762412,73.84769719603312,0.0,12855169
2019-07-24,72.72632598876953,0.0,74.14563920295618,72.57464606689955,72.79674787144238,0.0,5684171
2019-07-25,73.8693618774414,0.0,74.92572293569967,73.07844724513117,73.08927683409648,0.0,6339633
2019-07-26,73.47391510009766,0.0,74.04272803880053,73.28973324462818,73.57142739070242,0.0,3521383
2019-07-29,73.52265167236328,0.0,73.87477418674135,73.33846329855932,73.43597556320458,0.0,3259675
2019-07-30,73.29513549804688,0.0,73.52265537050734,72.82925302972703,73.3384669874388,0.0,3584148
2019-07-31,72.37418365478516,0.0,73.69057272421497,72.04915158685486,73.26802840895927,0.0,5348733
2019-08-01,71.4207763671875,0.0,73.40890252475957,71.32326408821882,72.21710913245057,0.0,4633524
2019-08-02,70.86280059814453,0.0,71.43703155516575,70.10438780517676,71.19866893310547,0.0,3443681
2019-08-05,68.1216812133789,0.0,69.84436082190715,67.56912261179549,69.79560468538986,0.0,6322790
2019-08-06,69.77394104003906,0.0,69.91479138887829,67.98625740566241,67.98625740566241,0.0,6042808
2019-08-07,69.88771057128906,0.0,70.4890188426113,67.79124232191336,68.86385123525359,0.0,6835401
2019-08-08,71.22574615478516,0.0,71.33950608248293,70.19646902579532,70.19646902579532,0.0,4253117
2019-08-09,71.09574127197266,0.0,71.51828570698112,70.16939436194392,71.18241739030094,0.0,3767360
2019-08-12,69.35137939453125,0.0,70.54859064490127,69.08593956657218,70.3427365351636,0.0,4135055
2019-08-13,69.8552017211914,0.0,70.8086391583352,69.17804691325591,69.26472304390535,0.0,3813918
2019-08-14,67.33618927001953,0.0,68.93969112638112,67.04907704880404,68.85301499536868,0.0,5337769
2019-08-15,67.43155670166016,0.462555,67.80211812938411,66.72312247619526,67.57323826160682,0.0,6295618
2019-08-16,68.14543151855469,0.0,68.48874800133964,67.58413579222112,68.11272967719795,0.0,4023348
2019-08-19,69.01190948486328,0.0,69.37702728995082,68.65769890282387,69.06095565319103,0.0,2896906
2019-08-20,69.03369140625,0.0,69.35520665494002,68.34160814783016,68.65222938938825,0.0,3161474
2019-08-21,69.38790893554688,0.0,69.87291361765773,69.09363858445221,69.69853020864858,0.0,2732286
2019-08-22,69.73120880126953,0.0,69.97098262820613,68.83749734664464,69.75301002540824,0.0,2593248
2019-08-23,67.2571792602539,0.0,69.64403743310405,66.93021365424798,69.03370207565521,0.0,5532580
2019-08-26,68.38519287109375,0.0,68.48328516435124,67.37704483476656,68.10727351543939,0.0,3325936
2019-08-27,67.88385772705078,0.0,68.66312610543227,67.56233585924355,68.35796176504944,0.0,3459571
2019-08-28,69.13720703125,0.0,69.18625317139646,67.4696779048536,67.76394813930182,0.0,3252047
2019-08-29,70.5759048461914,0.0,70.99006222089099,69.75849071360918,69.75849071360918,0.0,7271105
2019-08-30,70.97370147705078,0.0,71.49684507954831,70.94099963416795,70.97370147705078,0.0,3702529
2019-09-03,70.28163146972656,0.0,70.39606812216941,69.55685279138685,70.11814865011273,0.0,4028433
2019-09-04,71.41512298583984,0.0,71.78569112053167,70.99551528643616,71.21894490768834,0.0,3585102
2019-09-05,72.49409484863281,0.0,72.85920594697693,72.20527483275671,72.52133977624781,0.0,4231348
2019-09-06,72.8537826538086,0.0,73.15895370326835,72.55951222200972,72.91917975333888,0.0,3375513
2019-09-09,73.0826416015625,0.0,73.78561892938396,72.94095343197199,73.37691194884044,0.0,3675834
2019-09-10,72.97364807128906,0.0,73.41505689180624,72.38510738155483,73.07719069560943,0.0,4552326
2019-09-11,74.0853500366211,0.0,74.11259497035697,72.52135606892897,72.7502359741858,0.0,4557093
2019-09-12,74.908203125,0.0,75.1970231367367,74.22157017976365,74.3632583354825,0.0,4805931
2019-09-13,75.23515319824219,0.0,75.96538184065707,74.90818771308936,75.20245797101312,0.0,4807520
2019-09-16,75.24608612060547,0.0,75.75833579073802,74.83192217427876,75.75833579073802,0.0,3355968
2019-09-17,74.77196502685547,0.0,75.06078503762977,74.45589348251505,74.8700507283964,0.0,3369316
2019-09-18,75.01719665527344,0.0,75.08803743672993,74.08533945609567,74.61393998269071,0.0,2773600
2019-09-19,74.94637298583984,0.0,75.21339185729882,74.55401023174959,75.16979599573324,0.0,3479433
2019-09-20,73.87825775146484,0.0,75.45315204505135,73.87280744443508,74.98449831125295,0.0,8439656
2019-09-23,73.93275451660156,0.0,74.18342900239513,73.07718843809916,73.24612153097885,0.0,4137597
2019-09-24,73.8292236328125,0.0,74.22158634503637,73.38237105427181,74.13439463120883,0.0,4506881
2019-09-25,74.56489562988281,0.0,74.7392790405531,73.64393241647623,74.07989094315194,0.0,3357875
2019-09-26,74.94637298583984,0.0,75.36053036749563,74.39052740248728,74.52676529568404,0.0,4278541
2019-09-27,74.32510375976562,0.0,75.33325852418523,74.21611744799625,75.21881529943037,0.0,3395375
2019-09-30,74.39595794677734,0.0,74.76106906137122,74.20522362568589,74.73927443959572,0.0,4079122
2019-10-01,72.90826416015625,0.0,75.03355384573946,72.59219255795745,74.62484022532202,0.0,5539095
2019-10-02,71.09905242919922,0.0,72.47776239093848,70.74483524780953,72.38512036444264,0.0,5175532
2019-10-03,71.50228881835938,0.0,71.56768589168463,70.09632771583777,71.25706465786233,0.0,4609053
2019-10-04,72.5921859741211,0.0,72.64668243985419,71.36061473615746,71.54589214935717,0.0,3009884
2019-10-07,72.3088150024414,0.0,73.00089830414058,72.00364404858169,72.36331146723886,0.0,2662052
2019-10-08,71.27342224121094,0.0,72.14533265108234,71.02819145135477,71.56769258260542,0.0,3970911
2019-10-09,71.91099548339844,0.0,72.28155684203712,71.45323583318586,71.76930734343439,0.0,3864448
2019-10-10,72.9791030883789,0.0,73.05539418152122,71.55134712322958,71.87831272608716,0.0,3710633
2019-10-11,74.1943130493164,0.0,74.76105902300742,73.5676269189665,73.60577245677632,0.0,4849469
2019-10-14,74.0689926147461,0.0,74.35781927660503,73.74747732041894,74.11258846875938,0.0,2637740
2019-10-15,74.1943130493164,0.0,75.0498790129572,74.18886934942806,74.25971011872748,0.0,3964078
2019-10-16,74.49949645996094,0.0,74.77742249034081,73.9327569975975,74.0798888672067,0.0,3339125
2019-10-17,75.29511260986328,0.0,75.60573386408343,74.75016779305147,74.82101517767559,0.0,4103751
2019-10-18,74.54853057861328,0.0,75.44224208569766,74.39049812005752,75.32780547154678,0.0,5413246
2019-10-21,75.39319610595703,0.0,75.74741316835429,75.06078026902765,75.29510380421553,0.0,5951758
2019-10-22,77.06075286865234,0.0,77.51305574765243,75.70928793304692,76.73923095180297,0.0,10544286
2019-10-23,76.24330139160156,0.0,77.07706602360854,75.86183945572965,76.74465023193075,0.0,5324262
2019-10-24,78.16697692871094,0.0,78.38495618164406,76.30871288130126,76.56483767769357,0.0,7235353
2019-10-25,77.90538787841797,0.0,78.58112008102074,77.82364650593738,78.11791676815372,0.0,5074154
2019-10-28,77.94898986816406,0.0,78.81544980611359,77.55117697931914,78.07432708961959,0.0,3773081
2019-10-29,77.38226318359375,0.0,78.20513409034551,77.23513130745556,77.62748738144627,0.0,5647306
2019-10-30,78.38494873046875,0.0,78.61927888250905,77.38225086872447,77.51848871466119,0.0,4040191
2019-10-31,78.24327850341797,0.0,78.38496007002813,77.74737320098278,78.16698080628187,0.0,4852647
2019-11-01,79.9326171875,0.0,79.99255736174464,78.65744332739848,78.68468826056115,0.0,6444348
2019-11-04,80.38490295410156,0.0,80.64647803991623,79.7800113939592,80.37400234058451,0.0,6823166
2019-11-05,80.57017517089844,0.0,80.96253113578707,79.94348247540592,80.46663257049939,0.0,6453406
2019-11-06,80.82085418701172,0.0,80.85899972447022,80.17781714362333,80.55382881837028,0.0,5015679
2019-11-07,81.04972076416016,0.0,81.3875868737372,80.89713862684071,81.09876691013606,0.0,4407092
2019-11-08,81.13147735595703,0.0,81.2077684389262,80.28681192358592,80.36310300655508,0.0,2701618
2019-11-11,80.77181243896484,0.0,80.98979166948723,80.39580074372579,80.65192551378557,0.0,2341233
2019-11-12,80.86444091796875,0.0,81.21865132771882,80.65191202954627,80.86988461719349,0.0,2562421
2019-11-13,80.82085418701172,0.0,80.92984049311721,80.34129990599749,80.58652404955873,0.0,2926302
2019-11-14,81.11383056640625,0.462555,81.29455987329352,80.75237859196555,80.75237859196555,0.0,2757551
2019-11-15,81.7984390258789,0.0,82.04488455985381,81.19053473060488,81.2069670886045,0.0,3160839
2019-11-18,81.66150665283203,0.0,81.75461005127745,81.29457714998065,81.66150665283203,0.0,2948866
2019-11-19,81.25626373291016,0.0,81.9572648590765,81.24530882673989,81.94083913915819,0.0,4495758
2019-11-20,80.31428527832031,0.0,81.37126770624599,80.00759439080039,81.05909936581753,0.0,4204335
2019-11-21,80.67024993896484,0.0,81.02622455045567,80.12259107261816,80.30879123636146,0.0,3731131
2019-11-22,80.88932037353516,0.0,81.34387586958765,80.6045326975642,81.190527127295,0.0,3783568
2019-11-25,80.79074096679688,0.0,81.45888391217892,80.61548905207317,81.36030305031282,0.0,3818367
2019-11-26,81.11933135986328,0.0,81.39316412420823,80.72501456936743,80.88931821157585,0.0,5722625
2019-11-27,81.50270080566406,0.0,81.628662295505,80.88384826148983,81.26173273101264,0.0,2401456
2019-11-29,81.23981475830078,0.0,81.38768604334508,80.7797818259447,81.34387306696185,0.0,1575494
2019-12-02,79.40515899658203,0.0,81.38769132712987,79.34492029972914,81.26720729408794,0.0,6121940
2019-12-03,78.71511840820312,0.0,78.97251884934893,78.1948400732059,78.82464754430626,0.0,5938729
2019-12-04,79.14775085449219,0.0,79.88709397693538,79.02726683320071,79.3777706328381,0.0,4829130
2019-12-05,79.55302429199219,0.0,79.72279874377921,79.0875139125547,79.67898576785561,0.0,3720644
2019-12-06,80.50047302246094,0.0,80.71953789014852,80.07329819030399,80.58262151792687,0.0,4143953
2019-12-09,80.07878112792969,0.0,80.6976336121249,80.04044560337499,80.4511881088437,0.0,2403045
2019-12-10,79.61328125,0.0,79.95830101653094,79.60232634458538,79.83233952227268,0.0,4246761
2019-12-11,80.65382385253906,0.0,80.70859173523127,79.95282283929002,80.27593940456845,0.0,3603693
2019-12-12,81.82581329345703,0.0,81.95177477699278,80.60453398445082,80.99885079178117,0.0,4327483
2019-12-13,81.63961029052734,0.0,82.23108216139944,81.20148051975697,81.20148051975697,0.0,3762911
2019-12-16,81.85321044921875,0.0,82.51587602111181,81.66152615495547,82.00107512025673,0.0,5162502
2019-12-17,81.39318084716797,0.0,81.80940089187295,81.02624460198196,81.71082001416073,0.0,5759172
2019-12-18,80.89480590820312,0.0,81.38770365903201,80.61002481974148,81.10839338438363,0.0,6036929
2019-12-19,81.44245147705078,0.0,81.68890363147887,80.61548897449718,81.22339322319303,0.0,4755241
2019-12-20,81.86962127685547,0.0,82.64182248767796,81.71080172889977,82.64182248767796,0.0,7252673
2019-12-23,82.05036926269531,0.0,82.45016358865045,81.90797539879269,82.12704032812859,0.0,4361328
2019-12-24,81.9134521484375,0.0,82.32420137716605,81.84225853676621,82.18728496758986,0.0,1596786
2019-12-26,82.53777313232422,0.0,82.56515375329002,82.01201740656286,82.12154652976189,0.0,2231274
2019-12-27,82.3022689819336,0.0,82.73492126502411,82.17630751312682,82.69658574315555,0.0,2928050
2019-12-30,82.08319854736328,0.0,82.58704438841744,81.91890156783126,82.38988934084598,0.0,2674605
2019-12-31,82.01749420166016,0.0,82.26393970638583,81.65603548326055,82.03391991837373,0.0,3227100
2020-01-02,83.86857604980469,0.0,83.91238902409162,82.00653460161304,82.00653460161304,0.0,4451584
2020-01-03,83.98359680175781,0.0,84.6955527183792,82.4282393945101,82.65825919001473,0.0,4969756
2020-01-06,84.16432189941406,0.0,84.25194785832947,83.5180887515831,84.03836041339017,0.0,4139504
2020-01-07,83.8959732055664,0.0,84.13694127290397,83.18948808192826,83.18948808192826,0.0,4348775
2020-01-08,84.02192687988281,0.0,84.64077934773756,83.6440424569623,83.8576298820335,0.0,3772445
2020-01-09,84.14788818359375,0.0,84.44362410699006,83.85762971202605,84.23003668235187,0.0,4672455
2020-01-10,83.16758728027344,0.0,84.34505366742006,82.9320900192423,84.34505366742006,0.0,4605240
2020-01-13,83.27164459228516,0.0,83.51809677499604,82.93209562870219,83.25521887299564,0.0,4910010
2020-01-14,82.99234008789062,0.0,83.46880545027926,82.76232026625367,82.89923666867242,0.0,4987712
2020-01-15,83.22234344482422,0.0,83.83024099721126,82.77873624776501,83.04709154669393,0.0,4937023
2020-01-16,84.0931396484375,0.0,84.35054010757842,83.57833873015565,83.57833873015565,0.0,5671300
2020-01-17,84.55865478515625,0.0,85.177507428192,84.16433789509578,84.50936434398152,0.0,7365492
2020-01-21,84.59698486328125,0.0,85.1665536677441,83.671441365449,84.26291334272268,0.0,7797382
2020-01-22,84.22457885742188,0.0,84.92010917236685,83.97265585061318,84.54769547592174,0.0,5546881
2020-01-23,84.23004913330078,0.0,84.47101721336658,83.56737695411503,84.12599081184624,0.0,6369348
2020-01-24,83.8959732055664,0.0,84.56959361511072,83.45784341101067,84.01097978688621,0.0,5879141
2020-01-27,82.71302795410156,0.0,83.2223580218403,82.15442073013637,82.69112478266649,0.0,6889427
2020-01-28,83.71524047851562,0.0,84.56411277184348,81.08099764313457,82.43919331245915,0.0,9083677
2020-01-29,83.69332885742188,0.0,84.31218798393051,82.95399234402086,84.2957556278984,0.0,6079832
2020-01-30,84.33956909179688,0.0,84.45457566667861,82.9375604670393,82.9375604670393,0.0,6958867
2020-01-31,82.25846862792969,0.0,84.1095620614786,81.94082950105035,83.90145206540753,0.0,7325131
2020-02-03,82.12155151367188,0.0,83.41403109827382,82.03392555406035,82.72945577855984,0.0,7450027
2020-02-04,83.79190063476562,0.0,83.97262997419087,82.92112528547733,82.94302845181082,0.0,6090160
2020-02-05,85.23224639892578,0.0,85.23224639892578,84.0109672481325,84.72292307852302,0.0,5727709
2020-02-06,85.5444107055664,0.0,85.84014659924459,84.98579698654433,85.6375140986259,0.0,6011664
2020-02-07,85.88945770263672,0.0,86.45354236942741,85.22130807583758,85.43489553044213,0.0,7886048
2020-02-10,85.73609161376953,0.0,86.51924766875953,84.87079370443993,86.3220926118072,0.0,6419878
2020-02-11,85.0241470336914,0.0,86.77118207720915,84.8160370462361,86.65069804650723,0.0,8577104
2020-02-12,84.98580932617188,0.0,85.31440333589497,84.09860151631804,84.96937696995138,0.0,9167100
2020-02-13,84.22370147705078,0.462555,85.09862773267464,84.14666553942016,84.75746286236763,0.0,5420874
2020-02-14,84.44378662109375,0.0,84.76844751670556,83.95405352481794,84.234686272344,0.0,6175331
2020-02-18,83.24423217773438,0.0,83.77249006734633,82.73798836898972,83.75047598647903,0.0,4553280
2020-02-19,82.9140625,0.0,83.62390310080185,82.61141562779886,83.39279531027691,0.0,5339993
2020-02-20,82.4848403930664,0.0,82.94706256491233,81.40082069725914,82.75447277286464,0.0,5380831
2020-02-21,83.37628173828125,0.0,83.42580674044152,81.83553650674241,82.35278726341038,0.0,6796948
2020-02-24,80.65797424316406,0.0,81.53289375565997,80.08569493625397,81.10369261414333,0.0,10190257
2020-02-25,76.38240814208984,0.0,81.17522658271545,76.18431479059592,80.83956525363246,0.0,12089748
2020-02-26,76.14580535888672,0.0,78.7870814725351,75.98622328494913,77.14728593876937,0.0,13401785
2020-02-27,72.73414611816406,0.0,75.6395507630749,72.70662852092607,74.82515663255093,0.0,16203986
2020-02-28,71.8592300415039,0.0,72.09584805633423,69.24547153446372,69.9608157573084,0.0,19610008
2020-03-02,73.7741470336914,0.0,73.80716815150191,70.5715989260384,72.3599692991927,0.0,14433840
2020-03-03,72.92674255371094,0.0,76.04124786524307,72.28293078398151,73.70261878935409,0.0,14444010
2020-03-04,76.50895690917969,0.0,76.94917169906093,73.03678360065324,73.97773854469203,0.0,9077480
2020-03-05,69.57562255859375,0.0,74.55552737100636,68.89879637272223,74.3354199384195,0.0,13601522
2020-03-06,69.59761047363281,0.0,69.95528578527613,66.0318910772037,66.9453283279394,0.0,13614711
2020-03-09,63.478675842285156,0.0,65.51465789222709,61.91041290777358,63.51169028899639,0.0,13778378
2020-03-10,65.68524169921875,0.0,66.30154251515704,62.471686500835155,65.90534913348243,0.0,14774045
2020-03-11,59.15907287597656,0.0,64.28755143840591,58.75737607700255,63.73178281019874,0.0,16346679
2020-03-12,56.402252197265625,0.0,60.023000761162194,51.064669163978614,51.79102361987948,0.0,30644501
2020-03-13,57.99801254272461,0.0,60.952941683947905,54.22869274639085,60.006483262121634,0.0,26649596
2020-03-16,50.035675048828125,0.0,54.55335719020817,49.843081896151205,52.47335380967036,0.0,19586014
2020-03-17,51.0866813659668,0.0,51.42234601102272,45.5675153979415,50.10720836274475,0.0,25522359
2020-03-18,43.69111633300781,0.0,47.278851170973525,37.9793562291365,47.23482967998825,0.0,36292760
2020-03-19,46.090267181396484,0.0,47.047729390999,39.71818615110932,43.59756332503139,0.0,25171667
2020-03-20,45.4134407043457,0.0,48.885617482145854,40.32347951458602,46.690056973266664,0.0,22923550
2020-03-23,41.2424201965332,0.0,44.07078507691587,39.78421794718792,44.02676693549479,0.0,19084526
2020-03-24,47.74106216430664,0.0,48.120748267840966,44.02677059030577,44.076292254315106,0.0,20411023
2020-03-25,52.93006896972656,0.0,55.12562942867774,47.47693569152473,48.357358614263205,0.0,19096125
2020-03-26,57.579811096191406,0.0,57.77240755752272,53.375780102263796,53.926045223175294,0.0,23079589
2020-03-27,53.45832824707031,0.0,55.97854984924519,53.111659896934796,53.92605400960041,0.0,16126443
2020-03-30,54.19568634033203,0.0,54.88901970397657,52.115679578465915,52.869544983672704,0.0,12019832
2020-03-31,51.906578063964844,0.0,54.58637164433791,51.65345620648069,53.529862731754804,0.0,11616702
2020-04-01,50.277793884277344,0.0,50.62446225388238,48.604987416781746,49.23779211092868,0.0,19658472
2020-04-02,47.328365325927734,0.0,50.76202415782576,46.83312533367591,49.32032566195784,0.0,20980044
2020-04-03,43.65742111206055,0.0,46.60405563273441,42.0135998058283,44.59299946137361,1.589,18932300
2020-04-06,50.328880310058594,0.0,51.50053954713342,46.02696604577406,47.63581151555641,0.0,28777500
2020-04-07,50.50374984741211,0.0,56.38827587288446,50.03159127242679,54.57832521828675,0.0,27110200
2020-04-08,54.75320053100586,0.0,55.94234756727248,50.62616493718574,51.019629861582274,0.0,26540900
2020-04-09,56.58063888549805,0.0,59.54476087593989,55.53139130721318,58.582952541533984,0.0,24734300
2020-04-13,54.06245803833008,0.0,56.30959529444077,52.541048286705454,56.16095355737094,0.0,15181800
2020-04-14,56.89541244506836,0.0,57.13149006053005,54.73571152527713,55.63631737558649,0.0,16758300
2020-04-15,54.4996337890625,0.0,56.93038801583735,53.53782213902878,56.83420651728738,0.0,16662100
2020-04-16,54.60455322265625,0.0,54.84063415437735,53.59902369889592,54.61329547843891,0.0,14108100
2020-04-17,57.7697868347168,0.0,58.145767250693915,56.11722345705587,56.615615480938814,0.0,14111000
2020-04-20,56.81672286987305,0.0,58.521746422992834,55.7150117512014,56.397021172449314,0.0,10564000
2020-04-21,54.77943420410156,0.0,56.44074315924314,54.34224798806074,55.62757319510379,0.0,9877400
2020-04-22,55.47893142700195,0.0,56.746772119341315,55.172899074800796,56.23963450821912,0.0,9439900
2020-04-23,55.33903121948242,0.0,56.72928016415901,55.30405552219763,55.86365333688996,0.0,9320000
2020-04-24,55.46144104003906,0.0,56.029784428499156,54.64827444939479,55.94234518810054,0.0,8557100
2020-04-27,56.89541244506836,0.0,57.20144145434539,55.81993478115272,56.33581463640975,0.0,8305700
2020-04-28,57.17522430419922,0.0,58.83653359360785,56.66808659052847,58.163262949716156,0.0,10477000
2020-04-29,59.36989974975586,0.0,60.1480908153427,57.76105072734107,58.88899216049055,0.0,10327900
2020-04-30,56.66807556152344,0.0,58.97641826373877,56.57189405968677,58.97641826373877,0.0,12472200
2020-05-01,53.43290328979492,0.0,55.61883451038567,52.654712308939224,55.52265300300506,0.0,13680400
2020-05-04,51.45681381225586,0.0,52.48857349919172,50.337618220514976,52.47983124289761,0.0,15623300
2020-05-05,51.58797073364258,0.0,52.87329920740617,51.47430138962104,52.68967847153569,0.0,12776400
2020-05-06,50.64365005493164,0.0,51.92897860733355,50.49500834135746,51.85028495442187,0.0,8822100
2020-05-07,49.84797286987305,0.0,51.79782640625116,49.349580830582255,51.26445866777281,0.0,26893800
2020-05-08,51.29943084716797,0.0,51.36938224529174,50.14525946185574,50.4687796749788,0.0,10177300
2020-05-11,50.153995513916016,0.0,50.652387456610455,49.253393114918275,50.46877007466316,0.0,10652600
2020-05-12,49.59440994262695,0.0,51.09832839498717,49.59440994262695,50.1714956670659,0.0,10906200
2020-05-13,47.30354690551758,0.0,49.043549500609004,46.49912587473858,49.043549500609004,0.0,13948000
2020-05-14,47.51084518432617,0.475,47.5549503826997,45.10266501101323,46.46112329197706,0.0,16745200
2020-05-15,46.51405715942383,0.0,46.99040143533949,45.57019166733797,46.787514806340894,0.0,22048800
2020-05-18,51.074615478515625,0.0,51.709737925634066,48.97517443898282,49.089850680620124,0.0,19741400
2020-05-19,51.109886169433594,0.0,53.050545320824554,50.63354528214667,51.06578096792699,0.0,14442300
2020-05-20,50.986392974853516,0.0,52.10668265084825,50.889359507364084,51.789119799068786,0.0,10344800
2020-05-21,53.015262603759766,0.0,53.11229607118777,51.339241303223275,51.42745171087891,0.0,10309900
2020-05-22,52.92705535888672,0.0,53.60628630646049,52.33603818925137,53.27108068031764,0.0,6510700
2020-05-26,56.87012481689453,0.0,57.82281347474477,55.008856074807355,55.18528027422536,0.0,15937800
2020-05-27,58.79313659667969,0.0,59.975170894189255,57.48759964940812,59.10187639602749,0.0,13951600
2020-05-28,59.34004592895508,0.0,60.672045343079795,58.343255498397994,60.672045343079795,0.0,12683200
2020-05-29,56.91421890258789,0.0,58.74902494241665,56.579016670897495,57.8669074305785,0.0,13950600
2020-06-01,56.56137466430664,0.0,58.255038593450614,56.517266098746994,57.33763561599208,0.0,11314000
2020-06-02,55.9262580871582,0.0,56.63194814051525,55.185279156618165,56.19089269842001,0.0,14938400
2020-06-03,59.516448974609375,0.0,59.74580133260965,56.843634916829046,56.896559795590576,0.0,15875900
2020-06-04,59.551761627197266,0.0,59.83403899268294,58.493216459108524,59.19009017734388,0.0,10135000
2020-06-05,63.57421112060547,0.0,65.04734580373464,62.63034561781952,62.65680806733327,0.0,14203100
2020-06-08,65.41783142089844,0.0,66.0970588764455,63.95351326605146,63.95351326605146,0.0,11945500
2020-06-09,62.22458267211914,0.0,64.0858515367775,62.198120218217895,64.0858515367775,0.0,9964900
2020-06-10,60.30154037475586,0.0,62.00402706707202,60.028086159882925,61.87170812341636,0.0,9765900
2020-06-11,55.44108581542969,0.0,57.963942507876084,55.41462336614194,56.446702633511535,0.0,13709000
2020-06-12,57.66402053833008,0.0,58.28150006570116,55.89096256684726,58.19328966607988,0.0,9589500
2020-06-15,59.14597702026367,0.0,59.772279594809596,55.07941172008351,55.57339869768915,0.0,13553100
2020-06-16,59.82521057128906,0.0,61.836437461402525,58.263865505550235,61.413024816127404,0.0,11523900
2020-06-17,59.0136604309082,0.0,60.16040911053873,58.77548494381587,59.983988307525486,0.0,9294400
2020-06-18,58.99601364135742,0.0,59.48118093915713,57.87572742192289,58.069794341042765,0.0,6431100
2020-06-19,57.24060821533203,0.0,60.30155724059396,56.870120453490706,60.30155724059396,0.0,19144400
2020-06-22,57.37291717529297,0.0,57.708119368409534,56.39376631142788,57.17002720970812,0.0,7566100
2020-06-23,56.93186569213867,0.0,58.02568953529393,56.596663456500515,57.74341219738217,0.0,6935100
2020-06-24,54.44429016113281,0.0,56.46433993184489,53.870912471887735,56.446697179020774,0.0,9880500
2020-06-25,53.86210250854492,0.0,54.14437987470405,52.891771117987744,53.73860321646512,0.0,12717400
2020-06-26,52.13313674926758,0.0,54.17964883845979,51.99199810053056,53.826803899122645,0.0,17537900
2020-06-29,54.6207160949707,0.0,54.6207160949707,52.750627864926244,53.09465316481527,0.0,8908700
2020-06-30,54.35608673095703,0.0,54.5677964400847,52.99762815534631,53.85327995741695,0.0,10746400
2020-07-01,54.347251892089844,0.0,55.48518411092854,54.012046348127356,54.4972102303034,0.0,6860300
2020-07-02,54.50605392456055,0.0,55.97918888008337,54.35609216456037,55.28231508393223,0.0,8238300
2020-07-06,55.85568618774414,0.0,56.30556804835155,54.79714439426908,55.62633709224682,0.0,6128200
2020-07-07,53.8179817199707,0.0,55.42343850247219,53.75623377045267,55.16762364589126,0.0,8783000
2020-07-08,53.8179817199707,0.0,54.37371663064388,53.103468771258925,53.703308879443426,0.0,9306900
2020-07-09,51.25984573364258,0.0,53.703311482321155,51.215740533993575,53.509244565852285,0.0,10778900
2020-07-10,52.6094856262207,0.0,53.10347262320801,51.842044365821174,52.133141382519845,0.0,10458000
2020-07-13,52.35367965698242,0.0,53.63275088523887,51.8155907327612,53.174049316794616,0.0,7440800
2020-07-14,53.341644287109375,0.0,53.42103499371127,51.559766600608896,52.04493053428219,0.0,7256800
2020-07-15,55.52048110961914,0.0,55.76747632839404,54.735396975861626,55.000031585609655,0.0,9036900
2020-07-16,55.017669677734375,0.0,55.405803546473464,54.206123161300525,54.95592171952794,0.0,5684100
2020-07-17,54.86771011352539,0.0,55.229378160124526,54.43547105051116,55.1058822464094,0.0,10789100
2020-07-20,54.17083740234375,0.0,54.71774932893891,53.65038792485456,54.49721994635893,0.0,6688300
2020-07-21,55.61750793457031,0.0,55.99681873035735,54.541326868277736,54.69128522869942,0.0,7395200
2020-07-22,56.1291389465332,0.0,56.217349352853574,54.84124480518116,55.22055560937911,0.0,5758700
2020-07-23,55.67926025390625,0.0,56.746625074421644,55.467553920836984,56.093856589933175,0.0,6043300
2020-07-24,54.75303649902344,0.0,56.42906120348824,54.50604465984348,55.75864997569774,0.0,6058900
2020-07-27,53.8885612487793,0.0,54.55896910598368,53.50043073829376,54.38254828804296,0.0,10194300
2020-07-28,53.809173583984375,0.0,54.53250974656815,52.70652658431256,54.46194208839519,0.0,13111800
2020-07-29,52.39778137207031,0.0,53.80034834575232,52.09786128445871,53.544533460581285,0.0,11162500
2020-07-30,50.68647766113281,0.0,51.73619978302771,50.51887652465919,51.70973396620748,0.0,12292100
2020-07-31,49.9984130859375,0.0,50.615895921461096,49.49560645137089,50.59825317015919,0.0,11437200
2020-08-03,50.73057556152344,0.0,50.73939862086313,49.160407500177335,49.813175925855724,0.0,8789300
2020-08-04,50.73057556152344,0.0,51.08342390486492,50.38655027752165,50.915822792533874,0.0,7844600
2020-08-05,52.95350646972656,0.0,52.97114922153604,50.89817467658009,51.03049026763488,0.0,10115900
2020-08-06,52.81237030029297,0.0,53.288714526485016,52.309563627649474,52.48598778901812,0.0,5786700
2020-08-07,54.012054443359375,0.0,54.06498270507911,52.35367259126463,52.81237409780196,0.0,6263100
2020-08-10,56.658409118652344,0.0,56.84365298321318,54.126729509609525,54.25022541931675,0.0,10042600
2020-08-11,56.684871673583984,0.0,58.352073187805075,56.52609025651425,57.50524120677392,0.0,12120800
2020-08-12,56.71133041381836,0.0,57.461128883730666,55.908603686672706,57.45230582501963,0.0,7327000
2020-08-13,56.253658294677734,0.475,56.91128549941215,55.67601612125213,56.04037617804795,0.0,9452000
2020-08-14,56.555816650390625,0.0,57.089025387322614,55.622699665730416,55.80932238465076,0.0,5124400
2020-08-17,55.782657623291016,0.0,56.769096743210234,55.7026759814041,56.50249240027323,0.0,6408400
2020-08-18,55.18724060058594,0.0,56.13813161591222,55.125033030615676,55.738226777548654,0.0,4727700
2020-08-19,54.778446197509766,0.0,55.90707456278037,54.65403105945853,55.1161468508333,0.0,5381200
2020-08-20,54.2008056640625,0.0,54.5829364326354,53.62316005960361,54.20969100702814,0.0,4689200
2020-08-21,53.560951232910156,0.0,54.45852001396353,53.525403081764324,53.91642257419361,0.0,7067400
2020-08-24,54.99172592163086,0.0,55.13391512015243,53.43653007965081,53.67647498779182,0.0,6379800
2020-08-25,54.16526412963867,0.0,54.56517241311773,53.00108743552381,54.52962425679542,0.0,12678800
2020-08-26,54.00529861450195,0.0,54.138599110187926,53.31212654477074,53.88976880619387,0.0,8659600
2020-08-27,54.12082290649414,0.0,55.06282518420493,53.65870711042204,53.99640437711996,0.0,8749800
2020-08-28,55.31166076660156,0.0,55.56937639693325,53.880879834849175,54.31633283752087,0.0,18550100
2020-08-31,54.20969772338867,0.0,56.49361422512018,54.13860141062159,55.26722995035821,0.0,10885700
2020-09-01,53.92531967163086,0.0,54.5207360404192,53.42765564856897,53.93420501576643,0.0,9308800
2020-09-02,55.09837341308594,0.0,55.23167728543124,53.996404453198565,54.20968997093939,0.0,7511900
2020-09-03,54.08527755737305,0.0,56.16479705240712,53.69425465348351,55.267224832168374,0.0,8515700
2020-09-04,54.36076736450195,0.0,55.28499900615913,53.26768708045025,54.645149199676716,0.0,6785900
2020-09-08,52.65449523925781,0.0,53.84533121655813,52.27236107855304,53.65870850274186,0.0,10523800
2020-09-09,52.94776916503906,0.0,53.5965077696889,52.33457532703805,53.11661782431215,0.0,7560700
2020-09-10,52.894439697265625,0.0,54.813995826236386,52.77002455586003,53.587611707987236,0.0,8670400
2020-09-11,53.89865493774414,0.0,54.12082580988644,52.78780057703267,52.8766675698662,0.0,9780900
2020-09-14,55.07170867919922,0.0,55.30276486023047,54.280781034437304,54.458514993665354,0.0,6548600
2020-09-15,54.6007080078125,0.0,55.48939142624078,54.174140373773916,54.86731574538755,0.0,7069300
2020-09-16,55.91596603393555,0.0,56.63580091305886,54.12971363174477,54.422980823629366,0.0,8873300
2020-09-17,55.81821823120117,0.0,56.88463923102375,54.70736372931493,55.30278011509768,0.0,6062800
2020-09-18,55.40941619873047,0.0,56.28032903288274,55.18724531839866,55.604927658241216,0.0,16814200
2020-09-21,53.33878707885742,0.0,55.604929453390305,52.99220103675999,54.72513463730586,0.0,8845200
2020-09-22,53.13438415527344,0.0,54.01417887012465,52.37011584778922,53.26768463840267,0.0,5883200
2020-09-23,51.83689880371094,0.0,54.10304055326723,51.810235999323794,53.16103502962215,0.0,7280000
2020-09-24,50.99265670776367,0.0,51.8280179204733,50.31725539531054,51.58807298500113,0.0,7737300
2020-09-25,51.09040451049805,0.0,51.31257533594105,50.068417357437134,50.539418422557816,0.0,11955200
2020-09-28,52.33457565307617,0.0,52.93888076063561,51.62362946478826,51.62362946478826,0.0,5457500
2020-09-29,51.18816375732422,0.0,52.245699199268486,51.09041142854139,52.14794348042743,0.0,6362100
2020-09-30,51.134849548339844,0.0,52.08574062482645,50.74382663759569,51.19705712231123,0.0,7708400
2020-10-01,51.06375503540039,0.0,51.94355322543421,50.73494307713099,51.38368164995814,0.0,6525600
2020-10-02,52.73447799682617,0.0,52.77002614974672,50.219502113661754,50.228390846921116,0.0,8381200
2020-10-05,52.88555145263672,0.0,53.61427501199278,52.583398939265116,53.18770396600832,0.0,6077800
2020-10-06,51.943538665771484,0.0,53.83643501129095,51.92576459327157,53.15214847530396,0.0,7187200
2020-10-07,53.0455207824707,0.0,53.267691673754385,52.38789684270391,52.70782346856181,0.0,4925800
2020-10-08,54.031951904296875,0.0,54.07638539781673,53.036627411207505,53.161042549086396,0.0,4483000
2020-10-09,53.241031646728516,0.0,54.502964057713115,53.223257568820706,54.40520832424953,0.0,3996200
2020-10-12,53.792015075683594,0.0,53.92531896638536,52.92999432333744,53.17882463658473,0.0,5378900
2020-10-13,52.894439697265625,0.0,53.40987433881139,52.01464158437728,53.098836485297426,0.0,8836700
2020-10-14,53.26768493652344,0.0,53.62315967364083,52.61894642283379,52.68115399332058,0.0,5971800
2020-10-15,53.756465911865234,0.0,53.765351255157704,52.36122971085279,52.76113796018384,0.0,6166000
2020-10-16,54.87621307373047,0.0,55.13393213497833,53.88977372141269,54.20970036433294,0.0,8287700
2020-10-19,54.61848449707031,0.0,55.693790667282016,54.209690920139,54.74289963873998,0.0,7373300
2020-10-20,54.422977447509766,0.0,55.373868493627036,54.24524007467155,55.08060131993522,0.0,5960800
2020-10-21,53.63204574584961,0.0,54.29855834446444,53.48985652708078,53.69425331718232,0.0,5647200
2020-10-22,55.80931854248047,0.0,55.960396487914,53.51651706344977,53.525402406094926,0.0,6990100
2020-10-23,55.60491943359375,0.0,56.68911425406608,55.47161556908849,56.04926112853381,0.0,5864600
2020-10-26,54.04084396362305,0.0,54.8762052194166,53.214368051057114,54.78733822690651,0.0,7596800
2020-10-27,50.23727035522461,0.0,53.14326541281773,50.15728871547221,53.11660599625295,0.0,14785900
2020-10-28,46.513694763183594,0.0,49.828483828307746,46.433713112172725,49.055330128575044,0.0,19787500
2020-10-29,47.22463607788086,0.0,47.5267885742453,46.140441227974655,46.655879235326196,0.0,14994500
2020-10-30,48.27328872680664,0.0,48.38881853408162,47.02913043784476,47.206867820561975,0.0,14571800
2020-11-02,49.54411315917969,0.0,49.7662840702074,47.90893511841337,49.23307523976452,0.0,9750800
2020-11-03,50.690513610839844,0.0,51.10819259968632,50.06843440972045,50.219508995246876,0.0,7740500
2020-11-04,50.49500274658203,0.0,52.06797315235923,49.89069761701591,50.97489271242436,0.0,8662000
2020-11-05,51.7924690246582,0.0,52.27235888870316,50.53942552857964,50.75271104261903,0.0,7446700
2020-11-06,52.04130554199219,0.0,52.29902117342442,50.868243625620465,51.214829638631414,0.0,7849800
2020-11-09,57.75553512573242,0.0,58.99969330332569,55.533829905844385,57.87106831272426,0.0,19021200
2020-11-10,60.33271408081055,0.0,60.5637736578708,58.430932191437684,58.74197001818257,0.0,14358600
2020-11-11,58.51980209350586,0.0,60.163865071296215,57.871066991082444,60.119434968181935,0.0,10124700
2020-11-12,57.28003692626953,0.475,57.861876149927554,56.63553473175384,57.18157093380855,0.0,8345100
2020-11-13,59.213539123535156,0.0,59.4373242246601,57.75445589339779,57.98719431079393,0.0,6824200
2020-11-16,61.4603271484375,0.0,61.80047795334438,60.10866358395127,60.47566750116955,0.0,12885000
2020-11-17,61.64833068847656,0.0,62.319686085201184,60.29666657751118,60.43988551086804,0.0,11134200
2020-11-18,62.2212028503418,0.0,63.8414045737019,62.06007732657163,62.36442174403842,0.0,13392600
2020-11-19,63.6534309387207,0.0,63.76085023947239,61.048569237868186,61.45138649365285,0.0,8929000
2020-11-20,62.44499206542969,0.0,63.66238347485851,62.3465260816245,63.37593883907401,0.0,5833800
2020-11-23,65.02298736572266,0.0,65.2020126843901,62.96416205415631,63.39383238008758,0.0,7208800
2020-11-24,66.56262969970703,0.0,67.42196352229061,66.06135334387781,66.32093800716213,0.0,10570500
2020-11-25,66.07032012939453,0.0,66.41047790054503,65.25574580089358,65.83758850946869,0.0,5374200
2020-11-27,66.15983581542969,0.0,66.59845273615274,65.69435894376537,66.03450986584325,0.0,5103400
2020-11-30,64.19945526123047,0.0,65.83756344139111,63.87720424777665,65.4257929457953,0.0,10730800
2020-12-01,63.760860443115234,0.0,65.2915498695436,63.742953808768235,65.09461786800662,0.0,6544600
2020-12-02,64.39640808105469,0.0,64.76341212523474,63.27748248514745,63.725052723510345,0.0,5401600
2020-12-03,65.6048355102539,0.0,66.58948850595274,64.36954431521849,64.54856964920783,0.0,6893900
2020-12-04,66.15983581542969,0.0,66.8311911719849,65.68540562678493,65.68540562678493,0.0,9297900
2020-12-07,65.38105773925781,0.0,66.01660662418203,64.94244084137085,65.6854022069485,0.0,4913800
2020-12-08,66.67005920410156,0.0,66.69691232308155,65.15726976068994,65.51532728230787,0.0,4364900
2020-12-09,65.8286361694336,0.0,66.9744149685995,65.59589771667166,66.66111714529326,0.0,5329300
2020-12-10,65.32733917236328,0.0,66.0076408527343,64.85290909793906,65.3183858575384,0.0,7497900
2020-12-11,65.24677276611328,0.0,65.86442172865245,64.77234952275114,65.04089433151901,0.0,7185900
2020-12-14,63.37594985961914,0.0,66.08822447027198,63.29538366368747,65.70331378374956,0.0,10849300
2020-12-15,63.59076690673828,0.0,64.2710754381405,62.74933285025076,64.00253061987219,0.0,7769000
2020-12-16,63.17005920410156,0.0,63.71609540697932,63.06263989506056,63.68924228706393,0.0,5621100
2020-12-17,63.232730865478516,0.0,63.993599002717524,63.11636504710856,63.90408630940365,0.0,5769900
2020-12-18,62.81201171875,0.0,63.340148202635866,62.489760569452315,63.17006931012305,0.0,16809800
2020-12-21,62.36442565917969,0.0,62.874655378253586,60.67261096807261,61.48719195309835,0.0,8351700
2020-12-22,61.988460540771484,0.0,62.758281680119026,61.73782237063562,62.20329228240538,0.0,4028200
2020-12-23,63.30434036254883,0.0,63.92198952329267,62.29282717705466,62.47185938347771,0.0,4312900
2020-12-24,62.901512145996094,0.0,63.510207883845055,62.56136125666666,63.510207883845055,0.0,1758600
2020-12-28,63.2237548828125,0.0,63.96672294680103,62.9641633846944,63.28641442860802,0.0,2938000
2020-12-29,62.96416091918945,0.0,63.64446941074343,62.36441860014827,63.554956753023234,0.0,3670100
2020-12-30,63.87723159790039,0.0,64.1278698647067,62.96418439238532,63.10741016163496,0.0,5015500
2020-12-31,64.01148986816406,0.0,64.18156189474466,63.50126012966415,63.868264130644555,0.0,4177000
2021-01-04,61.25446701049805,0.0,64.0562544231446,61.147047687848676,63.89512885386068,0.0,7660500
2021-01-05,62.14064407348633,0.0,62.552407832292246,61.22760388298263,61.54985496889668,0.0,6436800
2021-01-06,62.91044235229492,0.0,63.99356100585515,61.27233440271035,61.31709413748108,0.0,8753800
2021-01-07,62.462894439697266,0.0,63.43860100230019,62.38233508383655,62.97312418161907,0.0,8771400
2021-01-08,62.534507751464844,0.0,62.73143972857898,61.496141628273634,62.624020423958775,0.0,5158100
2021-01-11,62.480812072753906,0.0,62.52556500187429,61.335026451311094,61.57671822020633,0.0,4569000
2021-01-12,64.02043151855469,0.0,64.1994636769298,62.2749106580132,62.382329953038266,0.0,5356200
2021-01-13,63.10740661621094,0.0,63.9577873778688,62.471857666977556,63.82352176346611,0.0,7032600
2021-01-14,63.50126647949219,0.0,64.78131761171093,63.152162246103416,63.55497272174285,0.0,9712500
2021-01-15,61.94371795654297,0.0,62.955231061128906,61.71993283844942,62.93732442722872,0.0,6980800
2021-01-19,62.086944580078125,0.0,62.70459370007128,61.8989658977715,62.46290194469138,0.0,7381800
2021-01-20,61.621463775634766,0.0,62.239112856258146,61.41558530167997,62.18540661598811,0.0,4657700
2021-01-21,60.968017578125,0.0,61.49614717403163,60.73527914514897,61.16494957299857,0.0,7366800
2021-01-22,60.49357986450195,0.0,60.96800310532452,60.08181616813938,60.61889895342195,0.0,4558100
2021-01-25,59.32990646362305,0.0,59.54473825407509,58.20202761233572,59.115074673171,0.0,10514000
2021-01-26,60.1534309387207,0.0,63.492307568511535,60.14448445205367,61.94371170272285,0.0,13322200
2021-01-27,58.631690979003906,0.0,60.65471001508564,58.407905898931375,59.57159104706002,0.0,12377000
2021-01-28,61.02171325683594,0.0,62.02427286200741,59.26723906981981,59.47312434592218,0.0,8753200
2021-01-29,59.73272705078125,0.0,60.47568845655714,59.177737496319146,60.07287797355358,0.0,15649100
2021-02-01,59.938602447509766,0.0,60.51149177706894,59.1956342506385,60.51149177706894,0.0,5994000
2021-02-02,62.78515625,0.0,63.035794505787585,60.4667455545846,60.574158047419125,0.0,8710600
2021-02-03,63.17900848388672,0.0,63.48335292932184,62.09588946376568,62.44499365911961,0.0,8370000
2021-02-04,65.05879974365234,0.0,65.17516552848768,63.31327882422842,63.61762325966489,0.0,9024300
2021-02-05,64.7455062866211,0.0,66.13296979861244,64.45010831778025,65.65854648286279,0.0,7952700
2021-02-08,64.88873291015625,0.0,65.05881179049858,64.28003709719322,64.70075422474739,0.0,4964300
2021-02-09,65.38105773925781,0.0,65.64959577027086,64.06520021621746,64.67389598097833,0.0,6263000
2021-02-10,64.87084197998047,0.0,65.47058455777018,64.57544393561922,65.13043357992997,0.0,3930200
2021-02-11,64.7455062866211,0.0,65.51532757121159,63.70714015228816,64.8708253953331,0.0,4535800
2021-02-12,64.99613189697266,0.0,65.18411052357912,64.28897030390384,64.53065515828989,0.0,4207500
2021-02-16,64.99613189697266,0.0,65.56902109121461,64.48590224493286,65.20201032304635,0.0,6110200
2021-02-17,65.39895629882812,0.0,65.53322872647014,64.52172251974176,64.70970118668883,0.0,5186900
2021-02-18,65.23783874511719,0.0,65.39001782409362,64.46801735031484,64.87083468259804,0.0,4903800
2021-02-19,66.47313690185547,0.0,66.51788983021014,65.43477062095242,65.68540887375516,0.0,6275900
2021-02-22,65.34526062011719,0.0,66.47313963345808,64.6470520787949,64.67390520278721,0.0,10506900
2021-02-23,66.23143768310547,0.0,66.2493443159362,64.92453349101883,65.71226143046461,0.0,11686700
2021-02-24,69.52555084228516,0.0,69.97312102692102,65.81071694393162,66.41046618167175,0.0,11159300
2021-02-25,66.03553009033203,0.475,69.45799622388577,65.70228776072045,69.04369884921785,0.0,9483300
2021-02-26,64.83769226074219,0.0,66.584952783225,64.83769226074219,66.584952783225,0.0,8000700
2021-03-01,66.97221374511719,0.0,67.8548453050329,65.83739486810948,66.20666400029998,0.0,10910500
2021-03-02,67.25142669677734,0.0,67.92691312050087,66.82812077181941,66.92719266367779,0.0,5792300
2021-03-03,67.61168670654297,0.0,68.8005425235404,67.23341596281723,67.36851462026304,0.0,5960700
2021-03-04,67.02625274658203,0.0,68.86357631997137,65.51316314916741,67.56664041607254,0.0,8284200
2021-03-05,67.71075439453125,0.0,68.06200675924671,65.83740386844694,67.75578956801897,0.0,6661900
2021-03-08,68.0980224609375,0.0,69.65614026229025,68.03497735113828,68.54834663704665,0.0,7232100
2021-03-09,67.3955307006836,0.0,69.07973904288139,67.32347716962623,68.48531459016539,0.0,6558300
2021-03-10,68.95365142822266,0.0,69.48503765077723,67.53963346647348,67.9089026736694,0.0,6776600
2021-03-11,69.39495849609375,0.0,70.32262520224975,68.62940189727999,68.96264426230954,0.0,6314900
2021-03-12,70.71891021728516,0.0,71.03414265829684,69.96236885022206,70.25057606692258,0.0,6075900
2021-03-15,71.66459655761719,0.0,72.10591237206756,70.56580435431425,70.95308346086524,0.0,7848900
2021-03-16,70.46674346923828,0.0,71.75467122252387,70.2595981423719,71.54752589565749,0.0,5941500
2021-03-17,71.65560150146484,0.0,71.90778201385635,70.52979073442874,70.6648894007538,0.0,6685900
2021-03-18,70.19654846191406,0.0,71.9798286991333,70.14250487768717,71.34937747817759,0.0,6093500
2021-03-19,70.57482147216797,0.0,70.74594689683713,68.55737062859704,70.2505874419544,0.0,15023800
2021-03-22,69.27787017822266,0.0,70.73692299462515,68.98065457038854,70.57480601502486,0.0,7457100
2021-03-23,67.71075439453125,0.0,69.50304298261821,67.55764579891738,68.69245795965838,0.0,8285400
2021-03-24,68.04399108886719,0.0,70.09746839335943,68.04399108886719,68.65643229120717,0.0,7722600
2021-03-25,69.82726287841797,0.0,69.95335309301514,67.21538138630277,67.63868719447954,0.0,6359100
2021-03-26,70.4036865234375,0.0,70.48474845572659,68.96265040154142,69.71919866016327,0.0,6193900
2021-03-29,69.96237182617188,0.0,71.14221909606957,69.82727318447769,70.52977787560462,0.0,7136700
2021-03-30,70.08845520019531,0.0,70.65586119409906,69.58409431672531,69.90832827649936,0.0,5540000
2021-03-31,69.59309387207031,0.0,70.44871391377639,69.3949570102051,70.10646314853336,0.0,6003300
2021-04-01,69.60211944580078,0.0,70.07046054383207,69.28689382485848,69.89933511900489,0.0,6166200
2021-04-05,70.16950988769531,0.0,70.65585390578723,69.83626755469066,70.12447472571597,0.0,5637900
2021-04-06,69.80927276611328,0.0,70.33164371580433,69.53006703613345,69.88131942963402,0.0,8489200
2021-04-07,69.89030456542969,0.0,70.34963710835562,69.39495213843988,69.79123270575153,0.0,5334700
2021-04-08,69.78224182128906,0.0,69.85428847181429,68.89059494809366,69.46700938070775,0.0,5043000
2021-04-09,70.51177215576172,0.0,71.04315147449445,69.93535766329788,70.73693428161175,0.0,5423400
2021-04-12,70.89905548095703,0.0,70.989118962344,70.36766925938856,70.47574955989482,0.0,5485800
2021-04-13,69.98038482666016,0.0,70.32263565007966,69.11576310203655,70.25058212184369,0.0,5490700
2021-04-14,70.21454620361328,0.0,70.87202253809436,70.04342081421375,70.25057296303433,0.0,4855200
2021-04-15,70.22356414794922,0.0,70.50276298212643,69.33192406324581,70.39468956058825,0.0,5106500
2021-04-16,70.44873046875,0.0,70.78196603355075,69.39497331755294,70.78196603355075,0.0,7629700
2021-04-19,70.7819595336914,0.0,70.908056640424,70.01640971307216,70.35866052731316,0.0,6265600
2021-04-20,69.43098449707031,0.0,70.16952280969093,68.51232611756538,70.07045093221267,0.0,8692700
2021-04-21,71.03414916992188,0.0,71.09719428962308,68.80954629111801,69.17880860039573,0.0,5186900
2021-04-22,70.91706085205078,0.0,71.97082481762357,70.74594230987961,71.14222297668897,0.0,6706800
2021-04-23,72.5382308959961,0.0,72.73637466509665,70.98010597012582,70.98010597012582,0.0,7139200
2021-04-26,72.95252990722656,0.0,73.91622354595974,72.77240295231307,72.95252990722656,0.0,12145600
2021-04-27,74.58271026611328,0.0,75.3752854519914,72.84445814899922,74.53768195780891,0.0,11082400
2021-04-28,74.82588958740234,0.0,74.86191635705421,73.38485315834625,73.38485315834625,0.0,7164200
2021-04-29,74.6367416381836,0.0,75.47434499525238,74.31250763729228,75.25818441372314,0.0,6237000
2021-04-30,74.969970703125,0.0,75.12308615300473,74.16839417885669,74.34852798124403,0.0,5616000
2021-05-03,75.78054809570312,0.0,76.05974687237264,75.0059900010058,75.47433096921414,0.0,5828800
2021-05-04,75.6004409790039,0.0,76.18585703545662,74.8889278047057,75.76255799177315,0.0,9306900
2021-05-05,75.77156066894531,0.0,76.25791171456481,75.2401813182926,75.32123639019427,0.0,4658200
2021-05-06,76.26689910888672,0.0,76.46504283636344,75.23115217887742,76.3839809153951,0.0,4903900
2021-05-07,77.19458770751953,0.0,77.39273149131063,75.78056973485054,76.38400262446652,0.0,6056000
2021-05-10,76.59113311767578,0.0,78.39242973792761,76.49206125384983,78.23031276724889,0.0,9042600
2021-05-11,75.9516830444336,0.0,76.73524277354647,75.06904456782809,75.8706211133586,0.0,6708100
2021-05-12,74.1053466796875,0.0,76.42902112014755,74.05130997641226,75.86161512155222,0.0,6086800
2021-05-13,75.4563217163086,0.0,75.90664591549535,73.9792588926882,74.1233659347009,0.0,4701200
2021-05-14,77.3476791381836,0.0,77.51880452643897,75.9786966463457,76.05975170094979,0.0,4989200
2021-05-17,77.96915435791016,0.0,77.96915435791016,76.60917295493499,76.60917295493499,0.0,5059800
2021-05-18,76.89735412597656,0.0,78.32038017693418,76.87033577473333,77.6358855026986,0.0,7438300
2021-05-19,76.74424743652344,0.0,76.79828414033494,75.27619305462922,76.41100506308162,0.0,9296500
2021-05-20,77.2244873046875,0.51,77.52348568592659,76.19155929692184,76.78050723316733,0.0,10059900
2021-05-21,77.74998474121094,0.0,78.91881767853754,77.51441115404833,77.7862284267997,0.0,5803800
2021-05-24,78.3570556640625,0.0,78.78290340419176,77.92213836181696,78.36611140062678,0.0,5113300
2021-05-25,78.15771484375,0.0,79.08190455852028,77.9130717135508,78.49295681159798,0.0,7606300
2021-05-26,78.37519073486328,0.0,78.58359023739888,77.92215495026869,78.22116022716772,0.0,4826200
2021-05-27,80.28699493408203,0.0,80.46820646618619,79.47152921405963,80.18732651759169,0.0,10492200
2021-05-28,80.3775863647461,0.0,80.48631741228246,79.77052023641322,80.09670646624669,0.0,4850300
2021-06-01,80.63127899169922,0.0,81.48298818290445,80.49536692098721,81.37425714377981,0.0,4302200
2021-06-02,80.30511474609375,0.0,80.86688156602044,80.14202159919742,80.86688156602044,0.0,4429100
2021-06-03,80.35041809082031,0.0,80.61317964617838,79.63462080128141,79.83395763036525,0.0,4083200
2021-06-04,80.65847778320312,0.0,80.85781460910204,80.23263000660961,80.32323576944277,0.0,4082800
2021-06-07,80.6131820678711,0.0,80.77627521358673,80.16920897061402,80.6131820678711,0.0,5693900
2021-06-08,81.04808044433594,0.0,81.34708565241408,80.42289590618041,80.82156260417538,0.0,4777000
2021-06-09,80.50445556640625,0.0,81.15682818627451,80.47727452604128,80.96655399094249,0.0,4594500
2021-06-10,79.9608154296875,0.0,81.52832227520032,79.87927230715583,81.36522911735956,0.0,4826300
2021-06-11,80.46820831298828,0.0,80.61318307222035,79.88832310161399,80.36853989421049,0.0,4082700
2021-06-14,80.38666534423828,0.0,80.81252005929919,79.96081062917739,80.38666534423828,0.0,5924900
2021-06-15,81.0027847290039,0.0,81.36521467239338,80.45914327030782,80.59504845039969,0.0,5336700
2021-06-16,80.12388610839844,0.0,81.02995741713853,79.68896883858197,80.84874592050072,0.0,8033800
2021-06-17,78.94600677490234,0.0,80.39572669536378,78.212091076932,80.16920882188879,0.0,7480500
2021-06-18,77.84966278076172,0.0,78.58358540738425,77.57784547437826,77.83154439211364,0.0,10387200
2021-06-21,79.73429107666016,0.0,79.86114053216906,78.39330223056723,78.60170171477579,0.0,5097400
2021-06-22,79.1725082397461,0.0,79.78863700441543,78.7013542021874,79.44433239669084,0.0,4150100
2021-06-23,78.46578216552734,0.0,79.38091621869779,78.43860112946481,79.20876043993349,0.0,3524500
2021-06-24,78.69229125976562,0.0,78.99129644873346,78.15771250928564,78.99129644873346,0.0,5335200
2021-06-25,78.57450866699219,0.0,79.1906374622007,78.53826498341806,78.8553885737219,0.0,6611000
2021-06-28,77.11575317382812,0.0,78.28458634833665,76.7986295015454,78.27552369690639,0.0,5738300
2021-06-29,76.50867462158203,0.0,77.80435705756226,76.41806194734201,77.36037707467095,0.0,6496800
2021-06-30,77.29695129394531,0.0,77.62313756097717,76.23684938247995,76.41806090293036,0.0,4744500
2021-07-01,78.1214828491211,0.0,78.14866388703753,77.26071080936597,77.39662291172486,0.0,3903900
2021-07-02,78.55638885498047,0.0,78.82821304438195,77.76811114871347,78.37517733723034,0.0,4185400
2021-07-06,77.69563293457031,0.0,78.36612392460884,76.95265456377706,78.05806292556689,0.0,4140000
2021-07-07,77.76810455322266,0.0,77.95837870455608,76.85297056681128,77.17009415236699,0.0,4127200
2021-07-08,77.41476440429688,0.0,77.72282544881963,76.1281374006682,76.65366061956033,0.0,4665500
2021-07-09,78.2664566040039,0.0,78.60170556012238,77.9402702988014,78.37518767666381,0.0,4556200
2021-07-12,78.1214828491211,0.0,78.28457598939642,77.03419294302674,77.52347236385269,0.0,5464400
2021-07-13,77.31507873535156,0.0,78.13960016285024,77.25165401015936,78.07617543765804,0.0,4595000
2021-07-14,76.93452453613281,0.0,77.82247062132777,76.52678826565361,77.17916076819948,0.0,3665400
2021-07-15,76.99795532226562,0.0,77.49629047507453,76.05564017910723,76.19154536719726,0.0,3460800
2021-07-16,75.68414306640625,0.0,77.69562268391746,75.47575051520172,77.57783589031386,0.0,4023800
2021-07-19,73.43710327148438,0.0,74.26162480282159,72.232026428291,74.11665694674384,0.0,9221300
2021-07-20,76.8348617553711,0.0,77.13386008027867,73.4099058662899,73.66361167912214,0.0,7935000
2021-07-21,78.4476547241211,0.0,78.79195932913156,77.06136674273695,77.26069662177959,0.0,5398300
2021-07-22,77.75904846191406,0.0,78.37517729985751,77.18822595977468,78.16677783304557,0.0,4124300
2021-07-23,77.74998474121094,0.0,78.5835756841999,77.56877322604336,78.5835756841999,0.0,2607600
2021-07-26,77.87683868408203,0.0,78.10335654751773,77.39662191964261,77.67750877099097,0.0,3759800
2021-07-27,79.9336166381836,0.0,81.05714319115603,79.19970104726765,79.37184990530943,0.0,8429700
2021-07-28,79.00943756103516,0.0,80.74910021642262,78.78291967019184,80.74910021642262,0.0,5517100
2021-07-29,79.41716766357422,0.0,80.32323915565658,79.27219290670813,80.30511385465987,0.0,4135400
2021-07-30,78.78291320800781,0.0,79.51683581482864,78.5201585594262,79.1634684871203,0.0,4443600
2021-08-02,78.47486114501953,0.0,80.4047911475979,78.38425536836482,78.95507798278943,0.0,4049200
2021-08-03,79.70709991455078,0.0,79.7342809497395,77.31507203908068,78.547329661326,0.0,4629200
2021-08-04,77.75904846191406,0.0,79.18158030518077,77.60501798062226,78.71042621158932,0.0,5286000
2021-08-05,78.71949005126953,0.0,79.21783214530446,78.0943054120349,78.29364224964887,0.0,3604600
2021-08-06,79.35374450683594,0.0,79.71617449340033,78.98225186959374,79.23595078635572,0.0,3020200
2021-08-09,78.90069580078125,0.0,79.2178193946799,78.40235378695772,78.88257050240082,0.0,3265600
2021-08-10,79.41716766357422,0.0,79.788653380684,78.8282198111653,79.00037560674956,0.0,2909100
2021-08-11,80.2960433959961,0.0,80.33228707856794,79.21781630600447,79.56212092127356,0.0,3724800
2021-08-12,79.7161636352539,0.0,80.3322924546573,79.1725152730692,80.09671195856234,0.0,2816500
2021-08-13,79.05474090576172,0.0,79.86114401355476,78.9550724845489,79.82490032286127,0.0,3051300
2021-08-16,78.955078125,0.0,79.06380920484808,77.53254599934797,78.57452971469816,0.0,3895900
2021-08-17,78.47486114501953,0.0,78.98225902450808,77.60503324613445,78.28458694021133,0.0,3999200
2021-08-18,77.45099639892578,0.0,78.75573468413485,77.38757166917796,77.96745688766579,0.0,4256200
2021-08-19,75.97433471679688,0.51,77.33248226930687,75.62796352242182,76.86761731339314,0.0,5707000
2021-08-20,76.6124038696289,0.0,77.0043533740674,75.65531576796548,75.91965445275126,0.0,4502400
2021-08-23,77.4418716430664,0.0,78.00701022165109,77.03169501546435,77.09550042318618,0.0,3367700
2021-08-24,77.87029266357422,0.0,78.4627755018178,77.47834312020713,77.57860976764537,0.0,4751800
2021-08-25,78.14374542236328,0.0,78.79091660555041,77.47834014710412,78.04347877877261,0.0,3195200
2021-08-26,77.25956726074219,0.0,78.20753822180087,77.04079991677429,78.0799274149533,0.0,2596000
2021-08-27,77.84294891357422,0.0,78.51746431025263,77.61507143253581,77.64241561757741,0.0,3590400
2021-08-30,77.2960433959961,0.0,77.95232469170148,77.20488684129067,77.92498050699734,0.0,2936800
2021-08-31,77.25956726074219,0.0,77.8611600709854,76.87672788593207,77.15930063332375,0.0,3969600
2021-09-01,76.6579818725586,0.0,77.60595301139841,76.49390981094653,77.60595301139841,0.0,4109000
2021-09-02,77.05905151367188,0.0,77.43276697455698,76.68532909851777,76.74913451643812,0.0,3471600
2021-09-03,76.247802734375,0.0,77.14107852099661,76.11107486173375,76.91320105135071,0.0,3300100
2021-09-07,75.65532684326172,0.0,76.24780970939409,75.07196102394435,75.98347098591137,0.0,5701400
2021-09-08,75.53682708740234,0.0,76.09284867664063,74.92611017586175,75.50036585729033,0.0,3911400
2021-09-09,76.25689697265625,0.0,76.88583387186745,75.40919276094286,75.59149190042828,0.0,4521200
2021-09-10,75.65532684326172,0.0,76.98613055322126,75.47302763257596,76.73090887655356,0.0,3893400
2021-09-13,76.23869323730469,0.0,76.77648773513933,75.43656696826378,76.36630407660054,0.0,4768000
2021-09-14,75.41831970214844,0.0,76.42097910189526,74.98079888791285,76.38452482926559,0.0,5253300
2021-09-15,77.35982513427734,0.0,77.53300723582073,75.50034464656973,75.8193716275882,0.0,5673400
2021-09-16,76.5850601196289,0.0,77.5968366832217,76.45744928766844,77.42365452800036,0.0,5907500
2021-09-17,76.01080322265625,0.0,76.57594181376892,75.08106626748948,76.19310240468329,0.0,23128700
2021-09-20,76.06548309326172,0.0,76.20221094164957,74.30626906148181,74.65264720463331,0.0,8217100
2021-09-21,75.75558471679688,0.0,76.70355580190315,75.35451815464121,76.2751450567402,0.0,5900300
2021-09-22,77.72444152832031,0.0,78.3533855475862,76.21133879979476,76.53948290077972,0.0,6233700
2021-09-23,79.07347869873047,0.0,79.30135615895736,77.94320844320019,78.007013853893,0.0,5906800
2021-09-24,79.44718933105469,0.0,79.91205427414792,78.71797878438218,78.9093949881736,0.0,4665900
2021-09-27,79.61125946044922,0.0,80.64126994463942,79.5109997843219,79.96675466638337,0.0,4162100
2021-09-28,79.15552520751953,0.0,79.9667755069393,78.81827095763174,79.3925197551508,0.0,5781200
2021-09-29,79.292236328125,0.0,80.0487911385278,79.01878755801884,79.45630837189587,0.0,3612600
2021-09-30,78.3533706665039,0.0,79.75709639761395,78.26222109004573,79.74797935368805,0.0,5642900
2021-10-01,79.73887634277344,0.0,80.14905295038173,78.51744965614874,79.11904943185961,0.0,5499500
2021-10-04,79.93031311035156,0.0,80.21287898139711,78.78180857774069,79.30136899297214,0.0,5490600
2021-10-05,80.86914825439453,0.0,81.57100772043107,79.96675552541393,80.21286010449312,0.0,4820500
2021-10-06,81.3704833984375,0.0,81.48898413279854,79.71153570579906,80.39516811135229,0.0,4354100
2021-10-07,82.172607421875,0.0,82.61012821849886,81.80800212184333,81.93561293371427,0.0,3750900
2021-10-08,82.60102081298828,0.0,82.79243703701714,81.79888773598981,82.30933795433462,0.0,3342700
2021-10-11,81.93561553955078,0.0,83.29376319723816,81.89003726774689,82.69217034418071,0.0,3048000
2021-10-12,81.78065490722656,0.0,82.54631975004553,81.27021167868058,81.68038827958111,0.0,3404100
2021-10-13,81.74421691894531,0.0,82.03589984020638,80.50456276501842,81.86271071517753,0.0,3285500
2021-10-14,81.27932739257812,0.0,82.46429291713696,81.22463902981224,82.32756505595434,0.0,4225300
2021-10-15,82.87446594238281,0.0,83.21172705806411,81.73507873919034,81.89915077462076,0.0,4581600
2021-10-18,82.76510620117188,0.0,83.05678910685826,81.41606841595421,82.12704506392296,0.0,3898700
2021-10-19,83.15704345703125,0.0,83.39403100178619,82.44605995996241,82.92916600335057,0.0,4195100
2021-10-20,83.56720733642578,0.0,83.77685762168935,82.10879324633231,82.66481470478465,0.0,3916600
2021-10-21,83.50340270996094,0.0,83.55809106563706,82.5645488480969,83.24818111111638,0.0,4274900
2021-10-22,83.73127746582031,0.0,84.1505710726142,83.11145062224091,83.55808840600251,0.0,4160800
2021-10-25,83.22083282470703,0.0,83.84065965741483,82.6739214778786,83.5580869404157,0.0,5953900
2021-10-26,81.27022552490234,0.0,83.1205894979003,79.30136081489734,80.47720941321667,0.0,9122500
2021-10-27,81.27022552490234,0.0,82.5463338136812,80.84181476184003,81.26110847876289,0.0,4273200
2021-10-28,81.29756927490234,0.0,81.86270095569544,80.88738565204082,81.45252428710248,0.0,4179900
2021-10-29,80.99676513671875,0.0,81.81712538557755,80.6777380827926,81.17906432345706,0.0,5202300
2021-11-01,80.7142105102539,0.0,81.29757633388154,80.17641601249987,81.0423546553281,0.0,4588800
2021-11-02,80.03055572509766,0.0,80.95117552978863,79.48364433291354,80.69595392237856,0.0,4554100
2021-11-03,80.82357788085938,0.0,80.93296156795284,79.25577980386156,79.31958521609899,0.0,4148500
2021-11-04,80.26753997802734,0.0,81.20639383320172,79.99409124732817,80.52276157505335,0.0,3711700
2021-11-05,83.1114730834961,0.0,83.15705136027118,81.17906958909198,81.82624078454005,0.0,4330400
2021-11-08,82.68305206298828,0.0,83.55810062525269,82.31844675681116,83.22995654512006,0.0,4469100
2021-11-09,82.93828582763672,0.0,83.01120829039665,82.00854876738829,82.68306416224573,0.0,3372900
2021-11-10,82.19995880126953,0.0,83.34846316295904,82.1634975726464,82.96562373955035,0.0,3503200
2021-11-11,81.16995239257812,0.0,82.41871639739844,80.84180830047123,82.10880639611307,0.0,4993600
2021-11-12,80.99676513671875,0.0,81.3522534188462,80.77800472177913,81.28844800806097,0.0,3273100
2021-11-15,81.44340515136719,0.0,81.69862680121163,80.97853317242573,81.69862680121163,0.0,3423100
2021-11-16,81.0332260131836,0.0,81.87181339536895,80.95118651151971,81.37048020261238,0.0,4746200
2021-11-17,79.71153259277344,0.0,81.16995389774509,79.4745450418435,80.90561521007568,0.0,3910600
2021-11-18,79.68402099609375,0.51,80.49085239251716,79.16140594975731,79.94073975881658,0.0,4376300
2021-11-19,78.32708740234375,0.0,79.07890980123119,77.98784782178528,79.07890980123119,0.0,5478200
2021-11-22,79.58319091796875,0.0,80.35334744536982,78.55630855303683,78.67549744559257,0.0,6819800
2021-11-23,80.0507583618164,0.0,80.44500703307577,79.5281503087574,80.05992888767686,0.0,5950700
2021-11-24,79.94075012207031,0.0,80.20663944509128,79.4731511750291,79.70236538504072,0.0,3464500
2021-11-26,76.09913635253906,0.0,76.64007866295638,74.65050051183192,76.61257407023201,0.0,7113600
2021-11-29,76.04409790039062,0.0,77.42854649849627,75.65901276526237,77.09847752270724,0.0,5835000
2021-11-30,74.1920394897461,0.0,75.64067469607346,73.60525178504206,75.29227168236207,0.0,7966000
2021-12-01,72.4775390625,0.0,75.31062346017947,72.43169342053781,75.31062346017947,0.0,8499000
2021-12-02,74.87052917480469,0.0,75.39313726771576,72.89928566818845,73.39438917648245,0.0,6409100
2021-12-03,74.36624908447266,0.0,75.2922763298624,73.45856289070896,74.82467744426101,0.0,6038900
2021-12-06,76.79594421386719,0.0,77.3735616051572,74.8797094480497,75.41148818641663,0.0,4964200
2021-12-07,77.94200134277344,0.0,78.66631908035154,77.06181962237869,77.41022270074458,0.0,5102900
2021-12-08,79.3081283569336,0.0,80.36251527745468,78.66633127230176,78.70299939565479,0.0,6749500
2021-12-09,78.99640655517578,0.0,79.37231430714579,78.4096116094286,78.84970606997295,0.0,4241900
2021-12-10,78.99640655517578,0.0,79.74822905417993,78.57464615774971,79.68404934066973,0.0,3294400
2021-12-13,77.31853485107422,0.0,78.79467484394539,77.05264554232068,78.34540997998481,0.0,4173900
2021-12-14,76.55754089355469,0.0,77.69444133862602,76.30999264154656,76.67672975636422,0.0,6144700
2021-12-15,76.49337768554688,0.0,76.75926704764018,75.24645164024345,76.52088227558005,0.0,5388300
2021-12-16,75.82405853271484,0.0,77.49273771629743,75.60401484780907,77.25435997225892,0.0,4546300
2021-12-17,75.43896484375,0.0,76.11743681333644,74.42125339183974,75.82404296202382,0.0,8892600
2021-12-20,74.29290771484375,0.0,74.58630162024299,73.06432292194144,74.29290771484375,0.0,5828400
2021-12-21,76.72259521484375,0.0,76.94263893959597,74.87971065800129,74.87971065800129,0.0,7301900
2021-12-22,77.08015441894531,0.0,77.70361735124156,76.49336659973268,76.53921223985284,0.0,3852800
2021-12-23,77.84114837646484,0.0,78.11620123588467,77.49273829477866,77.5294134083805,0.0,2650000
2021-12-27,78.15287017822266,0.0,78.29957062104597,77.23601339576324,77.6761077291711,0.0,2743700
2021-12-28,78.8680191040039,0.0,79.17058352776195,77.73111862707762,77.99700793931387,0.0,3220100
2021-12-29,78.74884033203125,0.0,78.91387485750259,78.13454787419026,78.46461692513294,0.0,2085300
2021-12-30,78.66631317138672,0.0,79.30811010834273,78.5746218989113,78.88635683619135,0.0,2459400
2021-12-31,78.90467834472656,0.0,79.15223354894007,78.39124087681834,78.60212097688687,0.0,2667700
2022-01-03,79.73902130126953,0.0,79.89488524773893,78.91384894487143,78.92301946968165,0.0,5169200
2022-01-04,82.53545379638672,0.0,82.58129943870993,80.40834610075957,80.56421708762078,0.0,6044200
2022-01-05,82.12287902832031,0.0,83.91991786116813,81.96701502127668,82.70049640475095,0.0,6833600
2022-01-06,82.57212829589844,0.0,83.36979629896291,82.15954549831572,82.88386327223483,0.0,5559000
2022-01-07,82.92052459716797,0.0,83.7732016327603,82.5996191467891,82.75549010656746,0.0,4835300
2022-01-10,82.26957702636719,0.0,83.24144315288005,81.82031208537698,83.14058832898947,0.0,4884200
2022-01-11,83.17725372314453,0.0,83.28727206720917,81.84780710684217,82.27873094126215,0.0,4529800
2022-01-12,83.49815368652344,0.0,83.93824805570753,83.28727353158753,83.43397398633645,0.0,4613100
2022-01-13,83.9474105834961,0.0,84.77258314392981,83.39729787489448,83.78237607140935,0.0,5026300
2022-01-14,84.65338134765625,0.0,84.79091125257483,83.17724149132398,83.47980588313256,0.0,4987400
2022-01-18,83.20475006103516,0.0,84.25913672252896,82.77382626933284,83.73652865484064,0.0,6010200
2022-01-19,82.24205017089844,0.0,83.74569472689029,82.13203183440183,83.18641852788761,0.0,4887800
2022-01-20,81.01346588134766,0.0,83.27810325389287,80.91261107564274,82.48043533469816,0.0,5354700
2022-01-21,79.95909118652344,0.0,81.4260608601113,79.60151754718211,81.16017151379488,0.0,5846500
2022-01-24,80.79342651367188,0.0,80.95846102315187,77.74946211275612,78.63880736349903,0.0,8849700
2022-01-25,82.80133056640625,0.0,83.69985325611177,77.93282347924054,77.93282347924054,0.0,10377400
2022-01-26,81.58192443847656,0.0,83.91073464892682,80.19746865591456,82.49878127552589,0.0,9829100
2022-01-27,81.85697937011719,0.0,83.87406865985777,81.05014785125857,82.44376720111666,0.0,6998700
2022-01-28,82.81967163085938,0.0,82.85634674014482,80.20663130106264,81.57274589540167,0.0,5877600
2022-01-31,82.69132232666016,0.0,82.89303195478928,81.60943095356434,82.15954366978569,0.0,6419700
2022-02-01,83.18643188476562,0.0,83.37897099961195,81.84781461858285,82.60880754516346,0.0,6558400
2022-02-02,84.8459243774414,0.0,84.9834542887804,82.74632158318097,82.79216721864792,0.0,5978600
2022-02-03,85.09349060058594,0.0,85.25852513004929,84.00243559558245,84.48836865592918,0.0,7171700
2022-02-04,85.27685546875,0.0,86.09285748547032,84.45168292513887,84.68089713197183,0.0,6321400
2022-02-07,86.2120361328125,0.0,86.85384003288485,85.27684535764523,85.68942808300045,0.0,4932700
2022-02-08,87.16556549072266,0.0,87.39477966388593,85.14848356491053,86.02866515045008,0.0,8173200
2022-02-09,88.01824951171875,0.0,88.31164339695533,87.54148707135755,88.04575409548124,0.0,5394900
2022-02-10,87.15640258789062,0.0,88.89843185530184,86.68881067018614,87.39478730744678,0.0,6534300
2022-02-11,87.34894561767578,0.0,88.06409980865878,86.2578907653369,87.33061155921783,0.0,6532900
2022-02-14,85.79029846191406,0.0,87.65151681952013,85.1668355002224,87.56900305748852,0.0,6419200
2022-02-15,86.22120666503906,0.0,87.00970400271761,85.79028288804477,85.80861694459146,0.0,4616000
2022-02-16,86.87218475341797,0.0,87.3489472277992,86.11119190473134,86.1937126569692,0.0,4560900
2022-02-17,86.51461029052734,0.0,87.25726207798748,85.67110369303406,86.1570366895234,0.0,5753300
2022-02-18,85.60693359375,0.0,87.11057839093904,85.25852348545726,86.31291034807552,0.0,6544800
2022-02-22,85.7627944946289,0.0,86.86301996671561,85.07515182580897,85.8361447247848,0.0,5862200
2022-02-23,84.57088470458984,0.0,86.67048799910096,84.39668663744717,86.45961481385889,0.0,6903300
2022-02-24,86.89419555664062,0.51,87.26297869523665,82.33973891797923,85.74175264474884,0.0,9698500
2022-02-25,90.46217346191406,0.0,90.60046100270269,86.84810666029566,87.02328025723361,0.0,8692300
2022-02-28,94.6847152709961,0.0,94.92442538755277,90.72031552093337,91.29192275447488,0.0,16726100
2022-03-01,94.71239471435547,0.0,96.19673507955466,94.20531689453692,94.74926670674677,0.0,12340900
2022-03-02,92.8777084350586,0.0,94.50957208636366,91.99263282500995,94.22376136496314,0.0,12834600
2022-03-03,92.03870391845703,0.0,93.44007142744488,90.9323544844581,93.17270382341064,0.0,8613500
2022-03-04,91.81742858886719,0.0,92.1493327112527,90.56357716802049,92.1493327112527,0.0,8627200
2022-03-07,90.52670288085938,0.0,95.05349523189345,90.46216635557633,93.38476005389327,0.0,12759000
2022-03-08,87.4473648071289,0.0,90.72030541785739,87.29985577533566,90.36074380004199,0.0,9410600
2022-03-09,90.83094024658203,0.0,91.34723947010133,87.81615259114831,87.81615259114831,0.0,7100500
2022-03-10,90.82172393798828,0.0,92.01104587981257,90.03806415633912,90.50825580495658,0.0,5118400
2022-03-11,89.3558120727539,0.0,91.96494451764387,89.24518205476356,91.07064769113751,0.0,4354300
2022-03-14,89.46643829345703,0.0,90.0380524417003,87.96365544807797,89.58628980975455,0.0,5581700
2022-03-15,90.00117492675781,0.0,90.44370902041571,89.03312016670822,90.24087796334226,0.0,5417600
2022-03-16,88.3232192993164,0.0,90.0196117302608,86.72823536387283,89.46644059121166,0.0,8813000
2022-03-17,90.12104034423828,0.0,90.15791936338965,88.3508896286947,89.06079140398592,0.0,6537200
2022-03-18,89.90898132324219,0.0,90.60966856918282,88.81186047612489,90.35152248750815,0.0,10438500
2022-03-21,92.14010620117188,0.0,92.95142337553565,90.16712475014324,90.20399672874633,0.0,6673700
2022-03-22,93.46773529052734,0.0,93.69822389237868,91.1905138127575,92.01105267263192,0.0,6048300
2022-03-23,93.3294448852539,0.0,94.48188785905508,93.21880782754566,93.26490836007919,0.0,4471800
2022-03-24,93.7719955444336,0.0,94.22375130012894,93.23726022237098,93.72590203774506,0.0,3894600
2022-03-25,94.43578338623047,0.0,94.9336395742142,93.9655847030314,94.03934273842603,0.0,3521400
2022-03-28,93.66133117675781,0.0,94.18685186473246,93.04362350226701,93.7350892067142,0.0,4053300
2022-03-29,93.19114685058594,0.0,93.4861719595323,91.61460576522062,92.97909425636506,0.0,5038200
2022-03-30,92.96065521240234,0.0,94.38968017940118,91.97416437731744,93.69821444357662,0.0,5168100
2022-03-31,91.3380126953125,0.0,93.03441227380263,91.27347617533452,91.5316222552464,0.0,5505600
2022-04-01,92.35216522216797,0.0,92.61031131381526,91.25504433266694,91.97416759767111,0.0,3608600
2022-04-04,91.55006408691406,0.0,92.56421240218455,90.8678128458086,92.30606632563784,0.0,3812300
2022-04-05,91.09831237792969,0.0,92.66563908457822,90.91392431077287,91.71602717420821,0.0,4217100
2022-04-06,90.77561950683594,0.0,91.5316217512522,90.47137289977799,90.6465464675907,0.0,5260800
2022-04-07,93.09894561767578,0.0,93.36630616706832,90.25932476761355,90.58200735649497,0.0,6151500
2022-04-08,92.5642318725586,0.0,94.72160199516378,92.25998520379494,94.0209216497108,0.0,4811400
2022-04-11,94.14075469970703,0.0,94.91519294004915,92.78548074515518,92.78548074515518,0.0,5707600
2022-04-12,94.5925064086914,0.0,95.86480779916748,94.10387177250392,94.20528730461297,0.0,4839200
2022-04-13,95.30242156982422,0.0,96.2981268998503,94.62939181436964,95.25632103976926,0.0,5351900
2022-04-14,96.1321792602539,0.0,96.78677305416291,95.57900804392085,95.7818391311655,0.0,4027400
2022-04-18,96.15985107421875,0.0,97.22931456883812,95.80028940470451,96.12297205247957,0.0,3873300
2022-04-19,96.39033508300781,0.0,97.4137050270638,96.03077343065883,96.28891953655514,0.0,4572800
2022-04-20,96.77754211425781,0.0,97.74558989005891,96.14139140876497,97.43212881045274,0.0,4232200
2022-04-21,93.7904281616211,0.0,97.74560651451213,93.48618150864358,97.5888759480525,0.0,5795300
2022-04-22,92.64720153808594,0.0,94.55564698526511,92.53657150482903,93.5322769739128,0.0,4683300
2022-04-25,91.83588409423828,0.0,92.12168772525997,89.95509615645526,92.05715119457913,0.0,5612500
2022-04-26,91.44865417480469,0.0,93.07128876542556,89.22674081628406,89.33737787044373,0.0,7199200
2022-04-27,91.12596130371094,0.0,92.11245917536318,89.98273992029179,91.47630844585382,0.0,6632100
2022-04-28,90.42530059814453,0.0,91.51320720815072,89.33739398813836,91.27349706453451,0.0,6544200
2022-04-29,87.50269317626953,0.0,91.17206765263728,87.22610404997084,90.78484850298206,0.0,5883000
2022-05-02,86.86654663085938,0.0,87.8899166004004,85.18858986679324,87.13391425689707,0.0,7870600
2022-05-03,87.9544448852539,0.0,88.62746761017375,86.95873251621684,87.75161380630709,0.0,5612200
2022-05-04,90.13026428222656,0.0,90.36996736222851,87.53956763028829,87.57644665043179,0.0,6160800
2022-05-05,88.80265045166016,0.0,90.53592224852798,87.96367557768166,90.16714610354417,0.0,5906500
2022-05-06,87.86224365234375,0.0,88.55370934624797,86.40555423570353,88.24024124068929,0.0,5295000
2022-05-09,84.58931732177734,0.0,87.39205957902024,84.12834011566412,87.15234946233426,0.0,6071900
2022-05-10,84.53398895263672,0.0,86.53462802294419,84.22974235652005,85.22545465256395,0.0,7526300
2022-05-11,83.89783477783203,0.0,86.7835489802752,83.72266122358492,84.14675932454142,0.0,6493900
2022-05-12,84.34040069580078,0.0,85.25313368065349,82.9205899227218,83.75956485947711,0.0,6356200
2022-05-13,84.74604797363281,0.0,85.38219876960937,83.98082412252391,84.86590654907997,0.0,5465600
2022-05-16,85.2623519897461,0.0,86.23962147145525,84.64463715259649,84.68151617525874,0.0,5158500
2022-05-17,87.53955841064453,0.0,87.71473197938845,86.20272748251827,86.96795124350649,0.0,4447200
2022-05-18,85.38219451904297,0.0,87.77005295407108,85.0779478896827,86.96795715624407,0.0,5843100
2022-05-19,83.7034912109375,0.55,85.75318250116838,83.04499368044519,84.75152129592203,0.0,5234700
2022-05-20,83.54582977294922,0.0,84.55676057498606,82.01551512148279,84.25069622949721,0.0,6585500
2022-05-23,85.16888427734375,0.0,85.34509734317045,83.47162618011352,84.02810227278546,0.0,4701300
2022-05-24,86.44878387451172,0.0,86.64355016188149,83.90753845590625,84.58458215829005,0.0,5932000
2022-05-25,86.77337646484375,0.0,87.27420699025146,85.87373684009155,86.55078747887687,0.0,3742000
2022-05-26,88.10893249511719,0.0,88.90655076588797,87.28349148308318,87.66374740697516,0.0,5545800
2022-05-27,89.69490051269531,0.0,89.70417711927787,88.29443010978643,88.69323928110575,0.0,3394200
2022-05-31,88.22021484375,0.0,89.00855636854581,87.7657532306998,88.44280381023897,0.0,6478700
2022-06-01,87.9327163696289,0.0,89.29608736141921,87.27421885116787,89.04567560267154,0.0,4245900
2022-06-02,89.25897979736328,0.0,89.32390188261708,87.23711147320381,88.8230713352407,0.0,3460300
2022-06-03,89.34245300292969,0.0,89.61141794296726,88.37789127602903,88.44281335976386,0.0,2837000
2022-06-06,90.15862274169922,0.0,90.4183110921623,89.39810382563873,89.95457987319914,0.0,3080300
2022-06-07,93.21925354003906,0.0,93.37692045950422,89.6485244955663,90.13080185980589,0.0,5634600
2022-06-08,92.03211212158203,0.0,93.0523195132893,91.78169327006745,92.49584339744695,0.0,6666600
2022-06-09,90.31629943847656,0.0,91.97645823126437,90.2606539504876,91.19739309550837,0.0,4566900
2022-06-10,88.56338500976562,0.0,89.6763441657009,87.59882323834576,88.86944930834608,0.0,5615900
2022-06-13,85.2801742553711,0.0,86.74556670722723,84.75152091210367,86.70846735801827,0.0,5419200
2022-06-14,84.69587707519531,0.0,85.98504941240168,84.14867758465883,85.72536103886047,0.0,3977900
2022-06-15,85.58624267578125,0.0,86.43023698973236,84.21360206923742,85.41929913433914,0.0,4139200
2022-06-16,83.02643585205078,0.0,84.56602692370626,82.55343509473907,84.44545935191687,0.0,4517700
2022-06-17,82.432861328125,0.0,83.48089844202585,81.254987111201,82.97079125596994,0.0,7577200
2022-06-21,86.17981719970703,0.0,86.57862637347057,83.57364973626248,84.25997003204941,0.0,5834200
2022-06-22,85.8459243774414,0.0,87.01452907661269,84.47328387769608,84.58457484601334,0.0,4481500
2022-06-23,85.10397338867188,0.0,86.55081283529537,84.18578028510386,85.79029375745759,0.0,3310500
2022-06-24,87.3669662475586,0.0,87.52464025314914,85.21525349173524,85.79028279947278,0.0,4782200
2022-06-27,87.9327163696289,0.0,88.15531246182378,87.03307662261206,87.58955977712199,0.0,2942600
2022-06-28,86.9774169921875,0.0,89.76908061298175,86.88467217351159,88.50773126625633,0.0,3358800
2022-06-29,86.53225708007812,0.0,87.45971961222911,85.60479454792713,87.38552091142242,0.0,2504100
2022-06-30,89.138427734375,0.0,89.28681806534335,85.98505359654693,86.22619584484556,0.0,6319100
2022-07-01,89.98240661621094,0.0,90.26064819035456,88.42426936815643,89.08277395523119,0.0,4221000
2022-07-05,86.17981719970703,0.0,88.52629628506882,84.77935386419253,88.03474227284396,0.0,4938700
2022-07-06,87.10728454589844,0.0,87.84925744651223,85.54914711539186,86.25402066337716,0.0,4294700
2022-07-07,87.12581634521484,0.0,88.108924182305,87.00524170981426,87.69156895077933,0.0,3212600
2022-07-08,88.22021484375,0.0,88.77669079796024,87.12580906754707,87.45041945117174,0.0,2763200
2022-07-11,87.8399887084961,0.0,88.23879794000715,87.22786702523416,87.45045608496771,0.0,2501400
2022-07-12,87.64521026611328,0.0,88.3408071729872,87.00525884747643,87.32987639813304,0.0,4667400
2022-07-13,85.15032958984375,0.0,87.48753904495693,85.05758475533422,86.07779208689371,0.0,5653700
2022-07-14,83.54582977294922,0.0,84.12085203613427,82.59054446064567,83.5087304211344,0.0,5029700
2022-07-15,84.6124038696289,0.0,84.82571627421893,83.74986349338293,84.39908438906181,0.0,3965200
2022-07-18,83.28611755371094,0.0,85.62331944142599,82.9893299000967,85.54912075902848,0.0,5364300
2022-07-19,87.0145263671875,0.0,87.19074649617228,82.73892392669511,82.78529987936801,0.0,5027600
2022-07-20,87.95126342773438,0.0,88.23877451506313,86.3745730602444,86.81048153198589,0.0,3849200
2022-07-21,88.00691223144531,0.0,88.14603301559032,86.79193867359803,87.7194011332621,0.0,3124500
2022-07-22,87.37623596191406,0.0,88.7674296273057,87.14437035101545,88.24805292320544,0.0,3254200
2022-07-25,87.71012115478516,0.0,88.48919327045435,87.20929059670713,87.74722050086243,0.0,4769200
2022-07-26,83.69420623779297,0.0,86.59716812153414,83.64783736269021,85.79954987960942,0.0,8253200
2022-07-27,83.7220458984375,0.0,84.2414297667842,82.59981700008218,84.2414297667842,0.0,5558900
2022-07-28,85.68827056884766,0.0,85.94795896930052,83.7035011356972,83.7035011356972,0.0,4490900
2022-07-29,86.44878387451172,0.0,86.61572741739691,85.22453358534624,85.3080088947777,0.0,4848400
2022-08-01,86.47660064697266,0.0,88.07183726304775,86.33747985817963,86.80121110350485,0.0,5623100
2022-08-02,86.94963073730469,0.0,87.90491621484856,85.97579204265524,86.94035412875189,0.0,4066800
2022-08-03,87.67302703857422,0.0,88.04401344550024,85.7068111110275,86.94960743685593,0.0,4491100
2022-08-04,86.04996490478516,0.0,87.97908849735933,85.99431942214567,87.77504562637863,0.0,4443700
2022-08-05,86.28182983398438,0.0,86.34675192187544,85.17814726385959,85.47494203819227,0.0,3320200
2022-08-08,84.5845718383789,0.0,86.90322794223772,84.36198283368199,86.90322794223772,0.0,4607400
2022-08-09,85.27090454101562,0.0,85.60479160719836,84.45473301213455,84.87209538285164,0.0,3137500
2022-08-10,86.64354705810547,0.0,86.92178864493943,85.7439072801168,86.22619175383201,0.0,3351300
2022-08-11,86.39312744140625,0.0,87.59882436419453,86.3096521425493,86.9403268828919,0.0,3487900
2022-08-12,88.11820983886719,0.0,88.17385532185963,86.51369667814085,86.51369667814085,0.0,3652200
2022-08-15,89.15696716308594,0.0,89.17552037554697,87.13509863944813,87.49680844668806,0.0,3376600
2022-08-16,88.15530395507812,0.0,89.26825600474668,87.99762996932755,88.76742545960286,0.0,5851000
2022-08-17,88.09964752197266,0.0,88.70249947066732,87.00524165504234,87.28348319320182,0.0,3311100
2022-08-18,88.3515396118164,0.55,88.640725144943,87.91309243760075,88.48213998917595,0.0,2694500
2022-08-19,87.12947845458984,0.0,88.63138970940534,86.88693187903584,87.92241124396296,0.0,5024700
2022-08-22,85.61823272705078,0.0,86.70968159228632,85.49696300330866,86.11264936939583,0.0,5769600
2022-08-23,86.22460174560547,0.0,86.42983292137137,85.59958470463549,85.75816984329606,0.0,2633900
2022-08-24,87.04551696777344,0.0,87.29739417380499,86.56976156471083,86.72834669906503,0.0,3065800
2022-08-25,89.67620086669922,0.0,89.76016231556711,87.46531805951756,87.53061824544304,0.0,4257700
2022-08-26,87.2414321899414,0.0,90.32921665873654,87.21344741060274,90.13331608617884,0.0,2805700
2022-08-29,85.93540954589844,0.0,86.74699643766299,85.15180031015612,86.43915681519304,0.0,3799000
2022-08-30,84.73202514648438,0.0,86.29923669811495,84.26559322179892,86.18729047400336,0.0,3463000
2022-08-31,83.72451782226562,0.0,85.11448275485961,83.68720241987035,84.88126682777808,0.0,4665700
2022-09-01,82.1199951171875,0.0,83.53795200874153,81.60692432285312,83.40735165257018,0.0,6151900
2022-09-02,81.70953369140625,0.0,83.73385346881551,81.42967883245295,82.9968902410228,0.0,4171600
2022-09-06,81.30841064453125,0.0,82.42784433590771,80.77667145636373,81.82148145425136,0.0,4557400
2022-09-07,81.57893371582031,0.0,81.82148028846423,79.61992122523048,80.52480021950694,0.0,5333100
2022-09-08,80.7486801147461,0.0,81.24309674018188,79.71320083169992,81.0192114435513,0.0,5758400
2022-09-09,82.12933349609375,0.0,82.4278496408185,80.6833916942539,81.2524392071958,0.0,4126800
2022-09-12,81.90543365478516,0.0,82.735681757609,81.63490233450092,82.40917377704127,0.0,5437000
2022-09-13,78.09935760498047,0.0,81.10318014627755,77.74486480992933,80.36621689842258,0.0,5867700
2022-09-14,80.59941864013672,0.0,81.67221323254593,77.69821219641084,78.64040645066774,0.0,7737900
2022-09-15,79.86246490478516,0.0,81.11249889315532,79.41468718052413,80.2729272255923,0.0,5054600
2022-09-16,79.47999572753906,0.0,80.41285956057209,78.82699389129043,79.12551003317355,0.0,8211100
2022-09-19,79.24678802490234,0.0,79.6106043883113,78.39788554934378,78.78035605979477,0.0,5587000
2022-09-20,79.433349609375,0.0,79.74119635450904,78.09935416431304,78.89228692711254,0.0,3861500
2022-09-21,78.6590805053711,0.0,82.08268916844553,78.62176509685423,81.30841757257662,0.0,7047100
2022-09-22,77.84748077392578,0.0,78.85497537971924,77.61426482539133,78.36055870757595,0.0,4950300
2022-09-23,76.52281951904297,0.0,77.45568335736789,75.33808557593228,77.30642884417276,0.0,6725900
2022-09-26,75.64591979980469,0.0,76.85864554939042,75.31009538994165,76.11235168546293,0.0,4843500
2022-09-27,75.56196594238281,0.0,76.54147575517692,74.88097225356255,76.09369801062326,0.0,6119300
2022-09-28,77.70755767822266,0.0,78.2486132751899,75.36606753863165,75.76719925882306,0.0,6066600
2022-09-29,76.81201171875,0.0,77.39038991105265,75.9537786208972,77.11985852032336,0.0,6989900
2022-09-30,76.3642349243164,0.0,77.30642940061857,76.28027347732595,76.90529766256408,0.0,6403900
2022-10-03,77.53031921386719,0.0,78.42586770282863,76.50417034842303,77.34374928094525,0.0,4303400
2022-10-04,79.787841796875,0.0,80.4968202965394,78.38854605966657,78.59377723987359,0.0,4432100
2022-10-05,79.48931884765625,0.0,80.20762791684223,78.4725007819798,78.88295599004337,0.0,3800400
2022-10-06,78.62175750732422,0.0,79.7318676726835,78.37921093397141,79.08818939297961,0.0,3192700
2022-10-07,78.36988067626953,0.0,78.44450436249124,77.15715503105605,78.13666475351195,0.0,4417500
2022-10-10,78.50982666015625,0.0,80.1983079861674,78.00607931664865,79.1348437444913,0.0,3645400
2022-10-11,78.91094207763672,0.0,79.79716692034665,77.71687760304947,78.11800930471728,0.0,4547700
2022-10-12,77.41838073730469,0.0,78.94827711548231,77.36241117526006,78.8456615069422,0.0,5489100
2022-10-13,79.17214965820312,0.0,79.42401974115687,75.55263372424186,75.98175019861327,0.0,5049000
2022-10-14,77.04522705078125,0.0,79.68523362900775,76.63477176932173,79.68523362900775,0.0,4614600
2022-10-17,78.79900360107422,0.0,79.70388259454697,78.20197135908543,78.55645702864574,0.0,4442000
2022-10-18,81.49498748779297,0.0,82.13866582955211,79.68522931947679,80.15166125009961,0.0,5779100
2022-10-19,81.74684143066406,0.0,82.97822119927534,81.01920890155536,81.2990708514518,0.0,4573700
2022-10-20,81.3830337524414,0.0,82.50247455294894,80.97257853105586,81.91476581959711,0.0,3663100
2022-10-21,82.59575653076172,0.0,82.931588047094,80.66472887044385,81.4016920803294,0.0,5422900
2022-10-24,83.70587158203125,0.0,84.37752753699903,83.02487787910152,83.11816283530376,0.0,7727800
2022-10-25,82.42784881591797,0.0,83.02488109939263,80.08635860333644,82.54911855196599,0.0,7561000
2022-10-26,84.44283294677734,0.0,86.01004450644945,82.65173605491962,82.65173605491962,0.0,6668600
2022-10-27,85.63689422607422,0.0,87.1108135270256,84.80664606639145,84.8346308398572,0.0,6420800
2022-10-28,88.69670104980469,0.0,88.77133186970205,85.88877872655009,86.28991048701502,0.0,6360800
2022-10-31,88.45413970947266,0.0,88.72467104864678,87.54926074121089,88.37018538896285,0.0,4933000
2022-11-01,89.1351547241211,0.0,89.62957148694036,88.6687227415086,88.92992351302163,0.0,5217500
2022-11-02,87.8291244506836,0.0,90.16128385130087,87.71717823726712,88.7619882109305,0.0,5326000
2022-11-03,88.43550109863281,0.0,89.39634978266047,86.78432800007982,87.11082894360571,0.0,4141600
2022-11-04,88.82730865478516,0.0,89.46165644116246,87.11083524339298,88.9672396741836,0.0,4247800
2022-11-07,89.7135009765625,0.0,89.88141672847715,88.94855302165915,89.26573038291362,0.0,3295600
2022-11-08,89.80679321289062,0.0,90.15195537461474,88.67802889008799,89.76948492471284,0.0,3927500
2022-11-09,88.74333953857422,0.0,89.95606544579779,88.64072394101592,89.40567204824083,0.0,3478700
2022-11-10,91.27139282226562,0.0,91.43930859471813,89.27506481487823,90.39450567029026,0.0,4764100
2022-11-11,87.36268615722656,0.0,90.67434799268112,86.55109218320439,90.61837844867446,0.0,6937600
2022-11-14,86.70968627929688,0.0,88.19294340369359,86.68170150439643,87.36269520144617,0.0,4942400
2022-11-15,89.35902404785156,0.0,89.50827855456708,87.07350347286534,87.33471131469294,0.0,7506500
2022-11-16,88.01568603515625,0.0,89.79745906503423,87.92240109138753,89.15378085381559,0.0,4813000
2022-11-17,88.70067596435547,0.55,88.80389323528188,87.15242405937681,87.27441201169931,0.0,3256300
2022-11-18,89.47949981689453,0.0,90.70871464023837,89.33874833386697,89.79852983010036,0.0,4073300
2022-11-21,90.26768493652344,0.0,90.53980252596796,89.08538981414407,89.38565626475236,0.0,3271700
2022-11-22,90.87760925292969,0.0,91.57197412408269,90.5585792598574,91.07465845316565,0.0,3031500
2022-11-23,91.14035034179688,0.0,91.22480409802543,90.65241996430514,90.86823270782182,0.0,2172300
2022-11-25,91.45938873291016,0.0,91.76904057830885,91.18727109534024,91.34678610942387,0.0,1313200
2022-11-28,90.92452239990234,0.0,91.95668787281382,90.511653347171,91.08403738521514,0.0,4662300
2022-11-29,91.4218521118164,0.0,91.8722554349541,90.65241876893288,90.83070446168375,0.0,2916100
2022-11-30,92.63229370117188,0.0,92.74488915093457,90.11755937865841,91.50628909112449,0.0,6191200
2022-12-01,93.36420440673828,0.0,93.79583705547815,92.39772182815572,93.00764017314918,0.0,4084200
2022-12-02,94.78108978271484,0.0,94.91245592902872,92.59477052647682,92.59477052647682,0.0,4339700
2022-12-05,94.47144317626953,0.0,95.04382734217775,93.36420905389673,93.58940715164012,0.0,4532000
2022-12-06,92.64168548583984,0.0,95.23148123537057,92.1162137676987,95.07196623116597,0.0,3809700
2022-12-07,92.93257904052734,0.0,93.48619253808181,92.39772906877191,92.79182754081936,0.0,3220500
2022-12-08,93.35480499267578,0.0,94.0960893729818,93.07330921667057,93.4955564601369,0.0,2780100
2022-12-09,92.21004486083984,0.0,94.15239523472819,92.17251781459568,93.12022964899019,0.0,3328400
2022-12-12,93.42049407958984,0.0,93.46741362474103,92.42586272085856,92.51969465224346,0.0,4578700
2022-12-13,93.73015594482422,0.0,95.67250648428893,93.51434319539383,95.30655690141283,0.0,7098700
2022-12-14,93.78644561767578,0.0,94.6778668820827,93.28912992773434,94.10548278186995,0.0,4939100
2022-12-15,92.41647338867188,0.0,93.63630992074437,91.29986128325733,93.59877571802798,0.0,4843000
2022-12-16,92.2757339477539,0.0,92.54785158373448,90.32400526448455,91.45000285709834,0.0,7610800
2022-12-19,91.52506256103516,0.0,93.0826926545275,91.13096415702212,92.42586198117243,0.0,4732700
2022-12-20,92.12560272216797,0.0,92.85750186091234,91.29048630396807,91.3937035834236,0.0,3907000
2022-12-21,93.60816955566406,0.0,93.69261615025364,92.61353099068498,92.91379748075542,0.0,3610000
2022-12-22,92.43524169921875,0.0,93.46740719124202,90.99959248698711,93.32665572439407,0.0,3165000
2022-12-23,93.1765365600586,0.0,93.27975383676612,91.98484878676912,92.43525209957629,0.0,2119300
2022-12-27,93.51432800292969,0.0,94.0585560384587,93.20467620344306,93.4580231200758,0.0,2600200
2022-12-28,93.02639770507812,0.0,94.15239522413513,92.99824884093934,93.59878180562544,0.0,2418700
2022-12-29,94.14302062988281,0.0,94.39636757570467,92.97010351994881,93.11085500492447,0.0,2940600
2022-12-30,94.69664001464844,0.0,94.78109377450309,93.62694011594515,94.09610698937355,0.0,2984100
2023-01-03,94.5934066772461,0.0,94.98751222482404,93.92719068910505,94.7623070093746,0.0,3532300
2023-01-04,94.62156677246094,0.0,95.80386923771773,94.21809015444546,94.31192209256344,0.0,5635100
2023-01-05,94.65909576416016,0.0,95.20333099774443,93.51433472792382,94.0867116665832,0.0,4967200
2023-01-06,96.14165496826172,0.0,97.53976995754523,95.05319176956621,95.61619046950644,0.0,6411700
2023-01-09,93.45803833007812,0.0,96.44193988594009,92.68860495574484,96.3950274946636,0.0,6377300
2023-01-10,93.75830078125,0.0,94.84677130018966,92.91379902671369,93.28913393527627,0.0,4701900
2023-01-11,93.44863891601562,0.0,94.14301092795881,92.82934246842949,93.94596173286699,0.0,4518700
2023-01-12,94.47144317626953,0.0,94.52774091097577,93.39235792124985,93.69262443788053,0.0,4221400
2023-01-13,92.59476470947266,0.0,92.94195073658726,91.49691605899669,91.71272878913251,0.0,4968000
2023-01-17,92.36016845703125,0.0,93.50493649434273,92.29448539713222,93.12960165538405,0.0,3959000
2023-01-18,89.8360595703125,0.0,92.57599920576746,89.7703765026872,92.57599920576746,0.0,5321800
2023-01-19,88.42855834960938,0.0,89.63900957855209,88.35349710078208,89.35751378788564,0.0,4641500
2023-01-20,88.54115295410156,0.0,88.6162213550575,87.58404873920509,88.34410377077975,0.0,8216200
2023-01-23,90.31461334228516,0.0,90.95268050731983,88.68191480428258,88.95403242043595,0.0,5686600
2023-01-24,93.33604431152344,0.0,93.66445963964885,88.22212189759236,92.77304558346313,0.0,8308000
2023-01-25,93.84274291992188,0.0,93.84274291992188,91.56259204437929,93.17652694017629,0.0,5967300
2023-01-26,94.06794738769531,0.0,94.70601454910073,93.01701113393419,94.47143113915635,0.0,4302900
2023-01-27,93.45803833007812,0.0,94.34007432952785,93.20469137221397,93.69262176321533,0.0,3365800
2023-01-30,92.6229248046875,0.0,93.64571232808993,91.82534253862707,93.36420933587168,0.0,4607300
2023-01-31,93.69261169433594,0.0,93.81459964816527,92.17251579267494,92.70736567639223,0.0,4099500
2023-02-01,92.35079956054688,0.0,93.82398315965591,91.58136622519537,93.76768542940903,0.0,5155100
2023-02-02,90.9808349609375,0.0,92.35080130790293,90.62427073109762,92.22882050375408,0.0,6035700
2023-02-03,90.53044128417969,0.0,91.7596561777773,90.44598752596922,90.79317358275766,0.0,3844300
2023-02-06,91.61890411376953,0.0,91.94731948493826,90.73686812355793,90.78378767326126,0.0,5243000
2023-02-07,91.834716796875,0.0,92.14436146024076,89.89236642997017,91.1685007652129,0.0,3814500
2023-02-08,91.6282730102539,0.0,92.19127171105714,91.25293815674613,91.33738474035401,0.0,3789500
2023-02-09,91.81594848632812,0.0,92.43525214689025,91.29048392021562,92.00361951630958,0.0,3670900
2023-02-10,94.40574645996094,0.0,94.49019304981965,92.14435899040092,92.17251501260458,0.0,5291000
2023-02-13,94.35882568359375,0.0,95.16579316221431,93.9365784219767,94.88429737410871,0.0,5238600
2023-02-14,95.11888885498047,0.0,95.76633423384989,94.06795254361688,94.07733788502598,0.0,3699700
2023-02-15,95.20331573486328,0.0,95.26899879328856,94.49018027273422,94.77168318536624,0.0,2551000
2023-02-16,94.74356842041016,0.0,95.20334999484461,93.76770037340304,94.21810376391365,0.0,3524300
2023-02-17,95.25025939941406,0.0,95.33470599924345,94.12425462259428,94.63095569832545,0.0,6507500
2023-02-21,94.44328308105469,0.0,96.31995037661893,94.18992898715965,95.89769593976642,0.0,3853000
2023-02-22,94.31192779541016,0.0,94.88431195913405,93.67386055514017,94.51836236710317,0.0,4489800
2023-02-23,94.00999450683594,0.55,94.96292802611076,93.21746086979675,94.84026886920661,0.0,3227800
2023-02-24,93.99113464355469,0.0,94.00056442684934,92.83063064891356,93.6892160170452,0.0,3915000
2023-02-27,93.55711364746094,0.0,94.37795097143685,93.42501751889806,94.33078046680644,0.0,2986700
2023-02-28,92.54756927490234,0.0,93.84959906652196,92.29282838428078,93.66089544540681,0.0,4470000
2023-03-01,92.50039672851562,0.0,93.00044871640607,91.99090776020076,92.50039672851562,0.0,3739900
2023-03-02,93.40615844726562,0.0,93.7175140363503,91.99091362230706,91.99091362230706,0.0,4134400
2023-03-03,93.4250259399414,0.0,93.70807778646454,92.70797373914907,93.5759888443024,0.0,5072800
2023-03-06,93.88734436035156,0.0,94.43456689245166,93.25519619673231,93.4250258648482,0.0,5064700
2023-03-07,92.63247680664062,0.0,94.28359550604722,92.62303982711826,94.07602514639282,0.0,5139300
2023-03-08,91.89655303955078,0.0,93.03818284758015,91.19836770205895,92.46264945368758,0.0,4299000
2023-03-09,90.50961303710938,0.0,92.44378360261788,90.12277604468507,92.44378360261788,0.0,4912700
2023-03-10,90.5756607055664,0.0,91.56633487385625,89.83029763388004,90.24543838223872,0.0,6340100
2023-03-13,91.95316314697266,0.0,92.68908922619373,89.3774218696989,89.52837755856922,0.0,7757700
2023-03-14,92.76458740234375,0.0,93.53825434291048,91.91543900457344,92.71740969201453,0.0,6407400
2023-03-15,90.41527557373047,0.0,91.76447592009933,89.3868605972569,91.481424077468,0.0,5755300
2023-03-16,92.53814697265625,0.0,93.0665027578727,89.63217575735041,89.96239812311069,0.0,4635500
2023-03-17,90.33979034423828,0.0,92.2456501168825,90.09447923743814,92.2362203346146,0.0,8157800
2023-03-20,92.01921081542969,0.0,92.28338867888364,90.86814395468865,90.96249936161384,0.0,3972700
2023-03-21,92.47208404541016,0.0,93.68919526344169,92.43434332566814,93.37783972429976,0.0,5135500
2023-03-22,91.23611450195312,0.0,92.99101867998084,91.2266847191315,92.71740381369615,0.0,4042000
2023-03-23,90.5756607055664,0.0,91.94372770148402,90.24543838223872,91.802208990277,0.0,4352100
2023-03-24,90.99080657958984,0.0,91.21724372858345,89.57556180134226,90.01900631692232,0.0,4711900
2023-03-27,91.43424987792969,0.0,91.90599813106529,90.9436276636167,91.90599813106529,0.0,3591700
2023-03-28,91.33047485351562,0.0,91.63239348120048,91.15120819390941,91.32103787187638,0.0,2324600
2023-03-29,92.17961883544922,0.0,92.25510029423234,91.70787051551692,91.70787051551692,0.0,3187400
2023-03-30,91.8682632446289,0.0,92.32113756536424,91.69843357477627,92.17961164076912,0.0,5296700
2023-03-31,92.39662170410156,0.0,92.50984388673038,91.98148089943697,92.44379941310717,0.0,4652700
2023-04-03,94.89689636230469,0.0,95.1422003126011,92.55702146414744,92.71741416972009,0.0,4312500
2023-04-04,93.88734436035156,0.0,95.72715976635075,93.49107033587619,94.89688538795501,0.0,3239800
2023-04-05,93.1797103881836,0.0,93.96280696231979,93.12309570696048,93.63258464812904,0.0,3841700
2023-04-06,92.6607894897461,0.0,93.89676758913015,92.5192635764768,93.18914522109067,0.0,3430400
2023-04-10,93.99113464355469,0.0,94.132653376053,92.13244517479308,92.42492681970006,0.0,3947600
2023-04-11,94.0854721069336,0.0,94.85913894879741,93.79299049546893,94.0854721069336,0.0,3408600
2023-04-12,95.78376007080078,0.0,96.5668638816055,95.13275239044994,95.29314506544166,0.0,4710100
2023-04-13,95.93473815917969,0.0,96.10456784145529,94.82141184166366,95.43468609423155,0.0,3932500
2023-04-14,95.93473815917969,0.0,95.96304190650761,95.26485641195595,95.47242682343814,0.0,3017700
2023-04-17,97.28392791748047,0.0,97.4537575810455,96.04794976494503,96.15173495925184,0.0,4007400
2023-04-18,98.746337890625,0.0,98.79350839221993,97.37826377485746,97.53865643723168,0.0,4949200
2023-04-19,98.20854187011719,0.0,98.98221586826897,97.99154171801183,98.71803081610886,0.0,5004500
2023-04-20,97.02919006347656,0.0,97.48207161354966,96.52913800084478,97.28393818486394,0.0,3937600
2023-04-21,96.47251892089844,0.0,97.40657845776059,96.11399283561478,97.18957828977294,0.0,3315300
2023-04-24,96.67064666748047,0.0,96.83103933848452,95.87811309430276,96.58573544105718,0.0,3962100
2023-04-25,95.3780746459961,0.0,96.821630593602,94.36853349987692,95.94417840504546,0.0,4638900
2023-04-26,92.1607437133789,0.0,95.0950185731618,91.68899543622162,94.79309996371343,0.0,5219300
2023-04-27,93.77411651611328,0.0,94.06659812752085,91.94373100349479,92.16073836565032,0.0,4010600
2023-04-28,94.25531005859375,0.0,94.26474703994762,93.20802827585212,93.47220616729908,0.0,2875900
2023-05-01,94.66100311279297,0.0,95.6516700930659,94.19868465702542,94.28360308293844,0.0,3481400
2023-05-02,93.28350067138672,0.0,94.50061200876699,92.71739701805117,94.50061200876699,0.0,3377500
2023-05-03,91.67013549804688,0.0,93.55712874717942,91.55691331170804,93.22689916993484,0.0,3610800
2023-05-04,90.50018310546875,0.0,91.77390194859126,89.50007911281519,91.51916105928959,0.0,4414800
2023-05-05,91.1229019165039,0.0,91.32103533557788,90.30205729607657,90.88702777022903,0.0,3260400
2023-05-08,90.14165496826172,0.0,91.93429972798259,90.04730675949892,91.22667736480122,0.0,4243600
2023-05-09,90.83039855957031,0.0,91.311583756572,89.93407982633985,90.22656141750434,0.0,2928400
2023-05-10,90.85871887207031,0.0,91.51916356486498,90.01900753481397,91.34933390124532,0.0,3329300
2023-05-11,90.14165496826172,0.0,90.74549214231195,89.5566845566413,90.25487713776123,0.0,3327100
2023-05-12,90.56623840332031,0.0,91.10403118798662,90.26431977330252,90.54737163820393,0.0,2756000
2023-05-15,91.23611450195312,0.0,91.2644254453405,90.43414386535729,90.54736604398431,0.0,2556100
2023-05-16,90.0661849975586,0.0,91.09460003953554,90.02844426958342,91.09460003953554,0.0,2534100
2023-05-17,91.11345672607422,0.0,91.85881982494473,90.34922686445692,90.34922686445692,0.0,4626800
2023-05-18,91.25585174560547,0.59,91.51216580534086,90.25909496484586,90.93309447637553,0.0,4277600
2023-05-19,91.25585174560547,0.0,91.89188577815428,90.6577976771497,91.69252717944627,0.0,3528700
2023-05-22,90.80967712402344,0.0,91.39823612731531,90.2211108781764,91.03750618198949,0.0,3976100
2023-05-23,89.30978393554688,0.0,90.43944143423654,89.30028894608843,90.02175605127817,0.0,4388700
2023-05-24,88.91109466552734,0.0,89.79393326900356,88.4269515260759,89.025005585947,0.0,3670500
2023-05-25,88.39848327636719,0.0,88.96805966721824,87.39222416855499,88.76870829254821,0.0,5340500
2023-05-26,88.5313720703125,0.0,89.8413983141452,88.39847117206378,88.9680474849234,0.0,4056700
2023-05-30,88.11367797851562,0.0,88.81615517833633,87.62953486121424,88.29404658433599,0.0,4559300
2023-05-31,87.46815490722656,0.0,88.16114434862043,87.28778630414689,87.68649622898383,0.0,9972500
2023-06-01,89.31928253173828,0.0,89.3667502422414,87.5725808720717,87.60105860135126,0.0,5636400
2023-06-02,91.20838165283203,0.0,91.53113888801009,89.80342007441706,90.14516728963814,0.0,5559200
2023-06-05,90.89511108398438,0.0,91.99629815161111,90.80018291256437,91.71150639479586,0.0,3811400
2023-06-06,92.49943542480469,0.0,92.73675950400006,90.52489734768575,91.26534731596632,0.0,4947600
2023-06-07,93.59111785888672,0.0,93.78098146263169,91.73049799752164,92.59436109881038,0.0,4275400
2023-06-08,94.05628204345703,0.0,94.48346249461136,93.2114088898007,93.4392379809126,0.0,3269300
2023-06-09,94.30308532714844,0.0,94.45497620249368,93.83793219587584,94.38852575516903,0.0,2518100
2023-06-12,94.3790283203125,0.0,94.73027052853422,94.02779335464616,94.35055059256176,0.0,3527500
2023-06-13,94.6353530883789,0.0,95.57515442351917,94.47396720856193,94.92963263191987,0.0,4053500
2023-06-14,91.9488525390625,0.0,94.75876909511143,91.65457296418131,94.65434590869094,0.0,6363800
2023-06-15,93.0310287475586,0.0,93.38227095321113,92.11970525342385,92.2526061436588,0.0,4530100
2023-06-16,92.78421783447266,0.0,93.98982818481221,91.90137199052424,93.22089326101458,0.0,9037900
2023-06-20,92.74625396728516,0.0,93.94236944094337,92.59437031173304,93.41076578267601,0.0,6935100
2023-06-21,94.0467758178711,0.0,94.8821538805286,92.45195788548469,92.74623739479084,0.0,4776500
2023-06-22,92.00579071044922,0.0,93.62908642705462,91.70201620048603,93.60060869839488,0.0,4531500
2023-06-23,91.99629974365234,0.0,92.35702969831307,91.4551939478282,91.79694116489853,0.0,6213400
2023-06-26,91.65457153320312,0.0,91.71152700034071,89.9458350935069,91.11347286772546,0.0,3993600
2023-06-27,91.63557434082031,0.0,91.8444206939722,90.99005254133097,91.46470071029206,0.0,4048200
2023-06-28,91.009033203125,0.0,91.51215905188654,90.29706102260081,91.502664061564,0.0,4014900
2023-06-29,92.84117889404297,0.0,92.9266120826441,90.99004680623759,91.13244269646196,0.0,4071400
2023-06-30,92.9930648803711,0.0,93.40126257995773,92.34754310527028,93.12596578325456,0.0,4402000
2023-07-03,93.40125274658203,0.0,93.8284331405112,92.38550610002237,92.54688471616848,0.0,2149900
2023-07-05,93.25887298583984,0.0,93.467719345209,92.49944023842785,93.05002662647068,0.0,3247400
2023-07-06,93.0785140991211,0.0,93.73352368442677,92.41400227942624,92.936118191861,0.0,3679600
2023-07-07,92.48043823242188,0.0,93.47720218435241,92.43297776581672,93.10697722907662,0.0,4569600
2023-07-10,92.53739166259766,0.0,93.34429193961492,92.33803309813653,92.47094122196222,0.0,3300300
2023-07-11,93.05953216552734,0.0,93.1164876363356,91.64508244751602,92.17668615521266,0.0,6209900
2023-07-12,91.91087341308594,0.0,93.79048339522001,91.81594522546546,93.63859250098206,0.0,4943300
2023-07-13,92.24312591552734,0.0,92.51842273008627,91.40774772285496,91.6925322864095,0.0,3357600
2023-07-14,91.2938232421875,0.0,92.22413680096987,90.87613779599761,92.16717409815071,0.0,3454600
2023-07-17,91.43621826171875,0.0,91.96782186591145,90.75272377486762,91.21787692853623,0.0,3268800
2023-07-18,90.90460968017578,0.0,92.72725671694512,90.64829564036275,91.53114143044719,0.0,5464600
2023-07-19,90.72425079345703,0.0,91.57861894673802,90.4394589948446,90.98055761816317,0.0,4133300
2023-07-20,92.23362731933594,0.0,92.34753823433859,91.10396246185542,91.32229654398091,0.0,4314600
2023-07-21,91.5026626586914,0.0,92.49942659316561,91.4836799208929,92.27159028425095,0.0,3274900
2023-07-24,92.09123229980469,0.0,92.25261092594779,91.61658416934448,91.98680913169899,0.0,4741800
2023-07-25,82.68370819091797,0.0,82.82610408771754,77.22525433986495,81.50658277965009,0.0,49625600
2023-07-26,81.92427062988281,0.0,82.778631474999,80.55728168960775,82.41790150134007,0.0,20124000
2023-07-27,80.85157012939453,0.0,82.79763058575256,80.1490928432088,81.44963147798745,0.0,14092700
2023-07-28,82.91153717041016,0.0,83.11089577119911,81.06990723325922,81.16483541681444,0.0,11617700
2023-07-31,83.47161865234375,0.0,84.1930858224816,82.79761919121641,83.01595327053154,0.0,10177400
2023-08-01,83.50959014892578,0.0,83.73741921521996,82.65522209712829,82.7311675334115,0.0,6780400
2023-08-02,81.12686157226562,0.0,83.46212961967862,80.9464929562173,83.06342690873016,0.0,8610900
2023-08-03,80.37692260742188,0.0,81.4116594258336,80.08264304778538,81.19331807211336,0.0,7947300
2023-08-04,80.26300811767578,0.0,80.88004494212188,80.06364951363682,80.73765628574589,0.0,5573300
2023-08-07,81.1363525390625,0.0,81.42113707166264,80.41488535320853,80.45285807273302,0.0,6740900
2023-08-08,81.83882904052734,0.0,82.04767537483932,80.36742419501638,80.6996764348056,0.0,7220000
2023-08-09,83.31973266601562,0.0,83.45264081053186,81.61100367971677,81.71542685162213,0.0,8802600
2023-08-10,81.84832763671875,0.0,83.6045243323056,81.73440947410576,82.89255211172532,0.0,5359700
2023-08-11,82.43688201904297,0.0,82.46536698999442,81.54454847823061,81.56353121630937,0.0,3778800
2023-08-14,82.05717468261719,0.0,82.6932014668997,81.85782332825504,82.43688740946547,0.0,3521800
2023-08-15,81.31672668457031,0.0,81.85782530017558,81.2502689889593,81.75340212500998,0.0,4174900
2023-08-16,80.82308959960938,0.0,81.44013366752819,80.77562188570936,81.20280958314066,0.0,4207700
2023-08-17,81.39663696289062,0.59,81.94151138916371,80.80396359148506,81.21500972310125,0.0,5090700
2023-08-18,82.01798248291016,0.0,82.42902859297007,80.88999599203144,80.90911119322494,0.0,8150400
2023-08-21,81.75032043457031,0.0,82.21872674482839,81.46354865171512,81.84591832195024,0.0,4494800
2023-08-22,81.5687026977539,0.0,82.03710172757562,81.31060006380466,82.03710172757562,0.0,3924500
2023-08-23,82.24740600585938,0.0,82.35255785109656,81.54002683225063,81.7790069726815,0.0,4462000
2023-08-24,81.39663696289062,0.0,82.36211876842542,81.39663696289062,81.73120769953286,0.0,3905800
2023-08-25,80.95690155029297,0.0,81.95105964810166,80.91866385886641,81.74075599180256,0.0,4737600
2023-08-28,81.96062469482422,0.0,82.25696502021735,81.07161830483464,81.10029475401255,0.0,4834600
2023-08-29,81.58782958984375,0.0,82.34300781156813,81.51135418415356,81.97976057418389,0.0,5130900
2023-08-30,82.6202163696289,0.0,82.90699546207668,81.77900888119484,81.86503823307201,0.0,4469800
2023-08-31,82.24740600585938,0.0,83.18420407221512,82.23784475817551,82.87830978418742,0.0,4914500
2023-09-01,82.47682189941406,0.0,82.86875281615414,82.10401347734634,82.7922774236544,0.0,2583000
2023-09-05,81.30104064941406,0.0,82.49594126276175,81.27235690849429,82.44814232099002,0.0,4973800
2023-09-06,79.82892608642578,0.0,81.22456919526546,79.5803847047408,81.12897860018506,0.0,7528800
2023-09-07,80.61279296875,0.0,80.689268373753,80.01055827072153,80.11571012932663,0.0,6376700
2023-09-08,79.80026245117188,0.0,80.67970773608076,79.28406440313506,80.61279357947022,0.0,5984000
2023-09-11,73.51029968261719,0.0,76.95161257518649,72.640408387603,76.6648334620158,0.0,24520700
2023-09-12,72.22935485839844,0.0,72.37274440037939,70.41311163695656,71.40726259700904,0.0,17931800
2023-09-13,72.22935485839844,0.0,73.2808733041954,72.13376426144282,72.22935485839844,0.0,11613000
2023-09-14,72.17201232910156,0.0,72.30584064268797,70.37488405158687,70.43223695938217,0.0,15600400
2023-09-15,72.45878601074219,0.0,73.03233692489488,71.77052199652074,71.78963719998441,0.0,16049800
2023-09-18,71.8661117553711,0.0,73.13748791708207,71.80875885255857,72.56393700967045,0.0,9847200
2023-09-19,71.77052307128906,0.0,72.10509383513038,71.13961195110628,71.67493246634807,0.0,11389300
2023-09-20,71.149169921875,0.0,72.80291575424366,71.10137097505863,72.6021660120912,0.0,10817900
2023-09-21,69.43804931640625,0.0,71.16826270837,69.24686817554915,71.00575800933215,0.0,12456600
2023-09-22,68.42479705810547,0.0,69.48586948832057,68.28140751208541,69.40939409136384,0.0,9673000
2023-09-25,68.87406921386719,0.0,68.92186085903549,67.88946505455885,68.1571288984963,0.0,10430100
2023-09-26,69.07482147216797,0.0,69.22776496883709,68.17625381504105,68.28140565973017,0.0,10323600
2023-09-27,69.66749572753906,0.0,70.09766440442398,69.25644954816686,69.54322866609014,0.0,9391800
2023-09-28,68.82627868652344,0.0,69.85867461716407,68.77847974241983,69.03658237162745,0.0,8490600
2023-09-29,68.797607421875,0.0,69.32335938116067,68.40567647135533,69.11306297330368,0.0,6366300
2023-10-02,68.19537353515625,0.0,68.7689317416751,67.77477342163013,68.57774324180363,0.0,6791300
2023-10-03,67.46887969970703,0.0,69.06526539871855,67.33505139518485,68.26229557158543,0.0,8175800
2023-10-04,67.02915954589844,0.0,67.11518890492198,66.16882949018363,67.03871350150379,0.0,10264000
2023-10-05,66.32176208496094,0.0,67.26812863698896,66.20705629181428,66.97178832080584,0.0,7402600
2023-10-06,66.69456481933594,0.0,67.28723810813695,65.53790198067263,66.05409988515854,0.0,8540300
2023-10-09,69.77262878417969,0.0,70.02117013320344,68.65420365321373,69.54320992751605,0.0,13726200
2023-10-10,70.11677551269531,0.0,70.41311586206307,69.44763400075941,70.2219273635846,0.0,10633900
2023-10-11,70.07853698730469,0.0,70.09765948347497,69.41895673133804,70.09765948347497,0.0,7349800
2023-10-12,70.06898498535156,0.0,70.30796514247336,69.1035031085127,70.1741368379328,0.0,6921300
2023-10-13,70.02118682861328,0.0,71.12049702242567,69.87779727409936,70.67121315506007,0.0,8661900
2023-10-16,70.71900177001953,0.0,70.83370756239202,69.39026556591625,70.39398500774334,0.0,6299700
2023-10-17,70.63297271728516,0.0,71.61756977071408,70.1167747168952,70.49914441641688,0.0,8035100
2023-10-18,70.96754455566406,0.0,71.59845566349568,70.66165024998386,70.74768689791343,0.0,7791000
2023-10-19,70.63297271728516,0.0,71.55065562027995,70.59473501802346,70.71900936389785,0.0,7421400
2023-10-20,69.35205078125,0.0,70.881522466427,69.28513662293277,70.82416226422917,0.0,7995600
2023-10-23,69.90646362304688,0.0,70.74767833163297,69.3233515339023,69.38071172327521,0.0,8357200
2023-10-24,74.92505645751953,0.0,75.32654866542754,73.56765091138496,75.27874971662318,0.0,25548200
2023-10-25,74.95372772216797,0.0,75.85228800668717,74.34193191034345,75.85228800668717,0.0,22157600
2023-10-26,75.66112518310547,0.0,76.31115155357412,74.47578555216718,74.56181491484429,0.0,33222400
2023-10-27,75.6706771850586,0.0,76.25378203361541,74.96329069948682,75.0684425475287,0.0,21946800
2023-10-30,75.10668182373047,0.0,76.2824673796698,74.34194242065337,75.5846421273798,0.0,23380600
2023-10-31,77.80237579345703,0.0,77.95532658767151,75.25963083095115,75.37433663351673,0.0,18663800
2023-11-01,78.52888488769531,0.0,79.15023478488907,77.74503022614049,78.38549532786661,0.0,20200200
2023-11-02,79.13111114501953,0.0,79.53259607226778,78.60535915736469,78.72006496909512,0.0,15755700
2023-11-03,79.0737533569336,0.0,80.16350225966396,79.0259544095999,79.50391471055516,0.0,21269500
2023-11-06,78.76786041259766,0.0,79.29361237684577,78.44284360994098,79.0546322222524,0.0,5950700
2023-11-07,79.02594757080078,0.0,79.04507006531759,78.50974961526873,78.76785223958214,0.0,6352900
2023-11-08,79.5325927734375,0.0,79.60906817348301,78.8730125040578,79.19802201460786,0.0,9844700
2023-11-09,78.79652404785156,0.0,80.15392935481452,78.51930623844177,79.97230942616935,0.0,9638100
2023-11-10,78.59578704833984,0.0,79.20757560335156,78.17517968185871,79.11198500908627,0.0,10351200
2023-11-13,78.4141616821289,0.0,79.15977854549384,78.00311555321042,78.6340266179623,0.0,7740300
2023-11-14,77.13323211669922,0.0,78.62446585257464,77.05675672175815,78.55755170527499,0.0,13128900
2023-11-15,77.07587432861328,0.0,77.66854771825457,76.26334328802598,76.96116852571808,0.0,10757800
2023-11-16,77.25884246826172,0.59,77.83662117515134,76.96994944138947,77.4899524816466,0.0,7578700
2023-11-17,76.72920227050781,0.0,77.69216916278484,76.47882882139656,77.65364960547124,0.0,7343900
2023-11-20,76.23809814453125,0.0,76.86402818457373,76.06476378493264,76.61365469918566,0.0,8359300
2023-11-21,75.25587463378906,0.0,76.17069037075001,75.21735507108419,76.0069877393958,0.0,7125000
2023-11-22,76.86402130126953,0.0,76.91217258728977,75.1114217542121,75.1210534807871,0.0,7024900
2023-11-24,77.01809692382812,0.0,77.1240165251375,76.48846218300872,76.86401869127903,0.0,2346300
2023-11-27,76.5269775390625,0.0,77.02771707364255,76.19956498630108,76.80623881008268,0.0,9378400
2023-11-28,77.22032928466797,0.0,77.7981080392675,76.62328707503036,77.02773146856448,0.0,7094800
2023-11-29,77.95217895507812,0.0,78.31811113229296,77.1529218954286,77.24921713006471,0.0,6852100
2023-11-30,78.4625473022461,0.0,78.88624774809634,78.04847123579042,78.13513473146847,0.0,8366100
2023-12-01,79.27143859863281,0.0,79.35810944402553,78.35662293985429,78.46254989152608,0.0,5487400
2023-12-04,80.05144500732422,0.0,80.10922802386582,78.90551925969837,79.0307023263039,0.0,5525300
2023-12-05,79.62773895263672,0.0,80.26329331533049,79.59885111981265,79.85884896208402,0.0,5945700
2023-12-06,79.6469955444336,0.0,80.34033292385686,79.28107074834011,79.56033204543309,0.0,6125800
2023-12-07,78.48181915283203,0.0,80.07071634738325,78.4144117492744,79.9262698120866,0.0,5443900
2023-12-08,78.3084716796875,0.0,79.05958472134984,78.15440078883984,78.66477209423324,0.0,5535000
2023-12-11,78.85736846923828,0.0,79.24255674557959,78.3181092904736,78.3181092904736,0.0,5897300
2023-12-12,78.0388412475586,0.0,78.55884427377154,77.91365819095081,78.202543863166,0.0,6811200
2023-12-13,80.13812255859375,0.0,80.31145692899956,77.53810700250665,78.18330053765129,0.0,8057900
2023-12-14,78.82847595214844,0.0,80.97588815922187,78.39514375878703,80.76404159932942,0.0,11124700
2023-12-15,77.30699157714844,0.0,78.95366430797003,76.71958110425908,78.71292255176473,0.0,19196600
2023-12-18,77.7018051147461,0.0,78.4721742623527,77.38402425976669,77.38402425976669,0.0,7701100
2023-12-19,79.56033325195312,0.0,79.59885281215576,77.92328500418823,77.92328500418823,0.0,9912600
2023-12-20,78.61662292480469,0.0,79.82996336538582,78.5395838038794,79.15588207757189,0.0,6961800
2023-12-21,78.9729232788086,0.0,79.91662679531309,78.35662500566342,79.00181111241619,0.0,7732800
2023-12-22,80.14773559570312,0.0,80.75440207721728,79.00180267265556,79.04994660790669,0.0,9769500
2023-12-26,80.93736267089844,0.0,81.17810437147,80.00328369718422,80.07069107947011,0.0,4442600
2023-12-27,81.05293273925781,0.0,81.34182578552938,80.60033706196488,80.7929348750977,0.0,5440600
2023-12-28,81.05293273925781,0.0,81.47664058129467,80.97589361400469,81.05293273925781,0.0,4622700
2023-12-29,81.0240249633789,0.0,81.28403011040515,80.67735633191295,81.0914323446721,0.0,4624800
2024-01-02,82.06404876708984,0.0,82.83441795758358,80.85070829216464,80.93737914237258,0.0,10455600
2024-01-03,82.4395980834961,0.0,83.68182628400095,82.18922462877265,82.31441502956163,0.0,9957500
2024-01-04,82.24700927734375,0.0,83.3833032053492,82.17959453905056,82.80552451489677,0.0,6656500
2024-01-05,82.21812438964844,0.0,82.58405657199576,81.71738475440416,82.58405657199576,0.0,6796100
2024-01-08,82.66108703613281,0.0,82.98849964949964,81.58256865529017,81.76553474354974,0.0,7625700
2024-01-09,82.62256622314453,0.0,82.79590056586711,81.82330190132069,82.5840466640001,0.0,5400500
2024-01-10,82.89220428466797,0.0,83.2581291137561,82.48775989248811,82.6225746898814,0.0,5706500
2024-01-11,82.16032409667969,0.0,82.82477351552886,81.59217723181409,82.72847830839865,0.0,5860100
2024-01-12,83.13294982910156,0.0,83.51813813070187,82.80553720134178,83.35442814339409,0.0,5277300
2024-01-16,82.33367156982422,0.0,83.08478459110484,81.89070766873192,82.92108197812922,0.0,9568200
2024-01-17,81.90034484863281,0.0,83.59516144909598,81.77515443884681,82.26626965733064,0.0,7669600
2024-01-18,82.3047866821289,0.0,82.66107975289782,81.65960058659971,81.90034232494835,0.0,6594800
2024-01-19,82.36256408691406,0.0,82.62256928405769,81.30330188519127,82.42033975434377,0.0,7509600
2024-01-22,81.87144470214844,0.0,82.98848986124658,81.86182032263712,82.63218945425398,0.0,14052800
2024-01-23,86.23368835449219,0.0,88.95887908273741,84.70256717163721,84.96257234743068,0.0,19434800
2024-01-24,86.17591094970703,0.0,86.71517744164412,85.41516617183467,86.3107257359776,0.0,12872300
2024-01-25,87.57221984863281,0.0,87.73592247261654,86.26258416305299,86.90777027888649,0.0,10584600
2024-01-26,87.06184387207031,0.0,87.84184473620701,86.80183868612166,87.33147343760622,0.0,5987400
2024-01-29,86.74406433105469,0.0,87.32184302976417,86.37813218928336,87.09073301965132,0.0,8488700
2024-01-30,87.24479675292969,0.0,87.71664846103047,86.72479376269744,86.82109632696036,0.0,9073500
2024-01-31,87.74554443359375,0.0,88.45813786510118,87.33146838281492,87.49517098857872,0.0,5560700
2024-02-01,88.75666046142578,0.0,88.76629218787618,87.3988809061063,88.30406482736774,0.0,13827100
2024-02-02,88.57369995117188,0.0,89.26702995765014,88.06332131557366,88.82406605898854,0.0,6067800
2024-02-05,88.8240737915039,0.0,89.21889378696592,87.52406981426131,87.88037024820105,0.0,6764600
2024-02-06,88.86257934570312,0.0,89.23813582777782,87.81294901038,88.06331510052713,0.0,4718000
2024-02-07,88.52555847167969,0.0,89.37296680469134,88.41963151169632,89.15148850425726,0.0,4625200
2024-02-08,87.66851806640625,0.0,88.96852206934909,87.56259110683965,88.44851899880089,0.0,6197500
2024-02-09,87.15813446044922,0.0,88.21739656022723,86.98480012798706,87.75516922471003,0.0,5948100
2024-02-12,87.76480865478516,0.0,88.50629733251688,86.88851253647617,87.15814211134047,0.0,5483500
2024-02-13,87.23518371582031,0.0,88.32334121153589,86.5322218659698,87.82259421876702,0.0,6039600
2024-02-14,88.00554656982422,0.0,88.20776874218011,87.4951752757563,87.59147049875607,0.0,6677900
2024-02-15,88.39073944091797,0.0,88.83370336741473,87.91888768069283,88.02481463560021,0.0,5267200
2024-02-16,87.6396255493164,0.0,88.67962428799625,87.5818425355501,87.96703079095425,0.0,4949800
2024-02-20,87.6107406616211,0.0,88.87222507730141,87.22555239326566,88.11148026768457,0.0,6023700
2024-02-21,86.86924743652344,0.0,88.06332439408652,86.67665698580043,87.60110437360942,0.0,13186100
2024-02-22,86.78201293945312,0.59,87.07280785818982,86.17135248437245,86.96618354766782,0.0,7600000
2024-02-23,87.24727630615234,0.0,87.71253926440659,86.54937447354959,86.75292794218849,0.0,5810000
2024-02-26,87.25696563720703,0.0,88.06149178641719,87.16973160415175,87.29573878363877,0.0,5293500
2024-02-27,87.64469146728516,0.0,87.70285488571217,86.70446298428334,87.26666252600714,0.0,4853900
2024-02-28,87.1600341796875,0.0,88.44921353260489,86.79170039109167,87.63499966458632,0.0,5626100
2024-02-29,86.91770935058594,0.0,87.78039151687656,86.51060240822393,87.63500146261975,0.0,5874800
2024-03-01,87.04373168945312,0.0,87.27636319223778,86.21981520065114,86.96618539011753,0.0,13566500
2024-03-04,87.15035247802734,0.0,87.37328883557436,86.40398231874285,87.32482055164405,0.0,6926100
2024-03-05,87.29574584960938,0.0,88.07119405056814,86.84986572238583,86.95649003489821,0.0,6747600
2024-03-06,87.4896011352539,0.0,87.96455921905296,86.98555764633875,87.10187708113945,0.0,5563800
2024-03-07,87.77070617675781,0.0,88.43952263029179,87.26666265747997,87.75131590551237,0.0,6778500
2024-03-08,88.09056854248047,0.0,88.11965394830605,87.37328383176568,87.50898614473276,0.0,5727600
2024-03-11,88.59461212158203,0.0,89.01141419612493,87.42175218978026,87.42175218978026,0.0,7273200
2024-03-12,87.18911743164062,0.0,88.26504824707825,86.69477643714791,88.08088503931936,0.0,9439800
2024-03-13,87.78038787841797,0.0,87.93548045682535,87.06310319133677,87.30542979868241,0.0,8664500
2024-03-14,88.94356536865234,0.0,90.14550334255773,88.67216073537257,89.2343528777857,0.0,12161400
2024-03-15,90.07766723632812,0.0,90.21336957564404,88.25537339749809,88.25537339749809,0.0,35743600
2024-03-18,90.59138488769531,0.0,91.03726499167205,89.51545407769125,89.99041219352402,0.0,7075400
2024-03-19,91.94841766357422,0.0,92.46214893920585,91.1438914720045,91.55099843814028,0.0,7998800
2024-03-20,91.93872833251953,0.0,92.58816197120066,91.44437990230115,92.08412579966874,0.0,7854200
2024-03-21,91.36683654785156,0.0,92.55907945094631,91.19236107481062,92.0841213169212,0.0,6477500
2024-03-22,92.6075439453125,0.0,92.88864371788446,91.2989816486802,91.2989816486802,0.0,6802000
2024-03-25,92.69477844238281,0.0,93.28605600225157,92.34582750884644,92.7723247376624,0.0,5229300
2024-03-26,93.11157989501953,0.0,93.58654540392362,92.64631691698582,92.69477780478591,0.0,5474300
2024-03-27,94.45892333984375,0.0,94.50739162697215,93.37330470230185,93.47023388133633,0.0,7267800
2024-03-28,94.53646087646484,0.0,95.06958240456103,94.4783048534804,94.69155346471888,0.0,10701000
2024-04-01,94.75940704345703,0.0,95.15681886937013,94.15843434145609,94.46861213066454,0.0,9504500
2024-04-02,95.525146484375,0.0,95.67053652485939,94.58491811473178,94.75939355853383,0.0,6759600
2024-04-03,94.55585479736328,0.0,95.05019580225536,94.05181126130375,94.28444275744249,0.0,15885400
2024-04-04,96.26182556152344,0.0,96.29090357311065,94.89510725037299,95.26344105584707,0.0,13373200
2024-04-05,98.56877899169922,0.0,98.626935014426,96.39752713709234,96.39752713709234,0.0,10216500
2024-04-08,98.7529525756836,0.0,99.12129381226183,98.16167496507133,98.56878935261686,0.0,9901300
2024-04-09,98.4815444946289,0.0,98.52031764424993,97.21175527423472,97.96781320378919,0.0,9652900
2024-04-10,98.2489013671875,0.0,98.63662542229952,97.15358775207574,97.82240416704217,0.0,5532900
2024-04-11,97.68670654296875,0.0,98.45245955486152,96.72709519183141,98.23921094455953,0.0,6786100
2024-04-12,97.02758026123047,0.0,99.20851991073714,96.41691982164843,98.59785947115512,0.0,7327300
2024-04-15,96.95003509521484,0.0,98.69478979323964,96.83372304549444,98.44276802680896,0.0,9636600
2024-04-16,97.74485778808594,0.0,98.21012813284148,97.15358766372385,97.17297053861228,0.0,7088600
2024-04-17,97.65763092041016,0.0,98.66571057862811,97.07604849322874,98.15197931136416,0.0,5377600
2024-04-18,97.61885070800781,0.0,98.77232773835078,97.42499237805058,97.43468011789355,0.0,4238600
2024-04-19,98.44275665283203,0.0,99.12127557710045,97.92902543866458,98.41367864376159,0.0,10328800
2024-04-22,98.44275665283203,0.0,99.11158044233662,98.25859346364547,98.86925383978813,0.0,7594100
2024-04-23,98.26829528808594,0.0,100.70125679705369,96.81433546439735,97.89996146169811,0.0,8568200
2024-04-24,97.9193344116211,0.0,98.76263368614589,96.94034022081544,98.59785336435341,0.0,7722100
2024-04-25,98.58816528320312,0.0,98.7529456167857,97.50253931828728,97.80302936830346,0.0,6186100
2024-04-26,98.29737854003906,0.0,98.6754074942869,97.21175256655542,98.42338572638103,0.0,4428300
2024-04-29,99.29576873779297,0.0,99.4605490820642,98.53001564972841,98.72387400825666,0.0,4469700
2024-04-30,98.40399169921875,0.0,99.66409309543832,98.35553081180824,99.19882272592324,0.0,5421800
2024-05-01,98.11319732666016,0.0,98.89833316287833,98.03565103796126,98.2101264899232,0.0,9982500
2024-05-02,98.76264190673828,0.0,98.78203217869333,97.91934256202074,98.09381803350638,0.0,6084400
2024-05-03,98.28768157958984,0.0,99.03404433829009,97.58008457348912,98.86926400646587,0.0,13324700
2024-05-06,98.78202819824219,0.0,98.91773051557152,98.50092842799668,98.66570875686492,0.0,3408700
2024-05-07,100.06151580810547,0.0,100.0905938206137,98.98558497396935,99.13097503651053,0.0,6933000
2024-05-08,100.74971771240234,0.0,100.89510776795774,99.65439665907473,100.07119874051715,0.0,5177600
2024-05-09,102.49446868896484,0.0,102.51385896056325,100.88542372172267,100.91450173389846,0.0,7211300
2024-05-10,103.0566635131836,0.0,103.26021698429622,102.30060565041626,102.74648573883746,0.0,5626100
2024-05-13,102.55262756347656,0.0,104.51062338049483,102.43630812470678,103.17298311313908,0.0,6045500
2024-05-14,102.45570373535156,0.0,103.0275984696953,102.4072428429233,102.55264031065289,0.0,3726200
2024-05-15,102.1164321899414,0.0,102.72709998136864,101.91287872453941,102.2521345002094,0.0,5688300
2024-05-16,101.64837646484375,0.63,102.74053363252725,101.56061762157977,101.90191441157086,0.0,8723800
2024-05-17,101.58985900878906,0.0,102.1749402164383,101.13154304022194,102.08718138316095,0.0,8500900
2024-05-20,102.40898132324219,0.0,102.79903798009227,101.75564070085265,101.81415403519293,0.0,4412800
2024-05-21,102.80879211425781,0.0,103.29636107857854,102.48699481227526,102.584507117197,0.0,4754800
2024-05-22,103.66690063476562,0.0,103.80341933619457,102.7892825369257,103.00380661080598,0.0,3626300
2024-05-23,102.78929138183594,0.0,104.65180093428981,102.72102458553593,103.7936822457947,0.0,5787100
2024-05-24,103.62789916992188,0.0,103.92044350962527,103.1988435619916,103.1988435619916,0.0,3431300
2024-05-28,102.89655303955078,0.0,103.70591932223682,102.66252201505905,103.39387547634382,0.0,5137200
2024-05-29,101.97017669677734,0.0,102.60401786193447,101.90191733681965,102.40898580511798,0.0,4796800
2024-05-30,103.09159088134766,0.0,103.21835614345815,101.9799341529555,102.29197801636886,0.0,4391300
2024-05-31,105.12960815429688,0.0,105.19786750551141,102.83803571813877,103.18908593573104,0.0,10411800
2024-06-03,104.70056915283203,0.0,105.94874459549848,104.16424027994607,104.57379645212491,0.0,5908800
2024-06-04,105.21737670898438,0.0,105.69519217784209,104.26173833155747,104.73956124012666,0.0,7998000
2024-06-05,105.74394989013672,0.0,105.82195526325928,104.8078184552642,105.3246403207938,0.0,3141000
2024-06-06,105.49042510986328,0.0,105.77321601183155,105.07111548828442,105.68544972653204,0.0,3875000
2024-06-07,105.42215728759766,0.0,105.86096635973436,105.19787230069139,105.41240382563348,0.0,3526500
2024-06-10,104.42750549316406,0.0,105.4123967737327,104.01794939460683,105.31488447974922,0.0,5917400
2024-06-11,104.2617416381836,0.0,104.48602662684056,103.50113527269667,103.74491974572257,0.0,5769500
2024-06-12,104.11547088623047,0.0,105.04185636018885,103.93019974320823,104.3495093401193,0.0,3429800
2024-06-13,102.41873931884766,0.0,104.20324358111705,101.25832275927704,103.92045267837663,0.0,7112900
2024-06-14,101.63862609863281,0.0,102.37972554245408,100.86826626859525,101.98966889639925,0.0,4917200
2024-06-17,101.8726577758789,0.0,101.89215726043875,100.89751987422747,101.41434177174885,0.0,3943500
2024-06-18,102.16519165039062,0.0,102.69176699441961,101.78488847521051,101.97016705173317,0.0,3991300
2024-06-20,102.4577407836914,0.0,103.10133538086566,101.95067233962143,102.02867771890857,0.0,6996400
2024-06-21,102.98431396484375,0.0,103.54989573100526,102.0774354224509,102.57475783336615,0.0,13310900
2024-06-24,99.42506408691406,0.0,104.80782971537167,98.43042665541218,103.11108433264475,0.0,13704800
2024-06-25,99.04476165771484,0.0,100.14666486707715,97.5430483162818,98.86923652846392,0.0,9330900
2024-06-26,98.74246978759766,0.0,98.86923504137305,97.66006608011602,98.4206724821924,0.0,6953800
2024-06-27,98.11837768554688,0.0,99.24953377523916,97.9330991047658,98.94724340845886,0.0,6955400
2024-06-28,97.89410400390625,0.0,98.39142647098366,97.57230667581425,98.39142647098366,0.0,13853200
2024-07-01,97.0749740600586,0.0,99.15201496196637,96.84093562400692,98.37190172121659,0.0,4475200
2024-07-02,97.91361236572266,0.0,98.12813648121634,96.60692354751677,96.82145510272316,0.0,8299900
2024-07-03,98.23539733886719,0.0,98.52794170671753,97.8843470733317,98.39142298564398,0.0,2149200
2024-07-05,97.87459564208984,0.0,98.06962025007236,97.08472886842327,97.99160743099459,0.0,6153300
2024-07-08,97.6113052368164,0.0,98.69370893353666,97.49429344671388,98.14763407382625,0.0,8738100
2024-07-09,98.59619903564453,0.0,99.15202737133728,97.53329479808797,97.74782633812941,0.0,5648900
2024-07-10,98.1768798828125,0.0,98.66444881202001,96.94820409809037,98.39141140201764,0.0,6483600
2024-07-11,99.19102478027344,0.0,100.09790329196557,97.72831798333203,98.02085487889342,0.0,7592400
2024-07-12,98.76197052001953,0.0,100.29293680601404,98.50843256955517,99.46407103532873,0.0,6003000
2024-07-15,99.09352111816406,0.0,100.09791201591348,98.99600137143285,99.74686175887514,0.0,3776300
2024-07-16,101.102294921875,0.0,101.11204838371957,99.22027853029662,99.33729775329682,0.0,4341200
2024-07-17,102.37973022460938,0.0,102.66252111993927,101.23882062048371,101.23882062048371,0.0,5433000
2024-07-18,101.25831604003906,0.0,102.83804211750694,101.19981014670344,102.38947957593966,0.0,4450100
2024-07-19,100.25392150878906,0.0,101.9019068811634,100.08814985728826,101.9019068811634,0.0,7229600
2024-07-22,101.1900634765625,0.0,101.23882335075618,100.06866076723044,100.12716666449305,0.0,6207900
2024-07-23,102.36022186279297,0.0,102.95505654971217,101.04378724605971,101.19005197258785,0.0,7602000
2024-07-24,102.22371673583984,0.0,103.22810766986646,101.43384990911863,102.43824828285766,0.0,7180200
2024-07-25,110.64889526367188,0.0,112.94046776949266,106.72883686129401,107.4894506490071,0.0,14997000
2024-07-26,111.11695861816406,0.0,112.36514135580951,110.67814954738508,111.12671208009806,0.0,7526300
2024-07-29,111.59477996826172,0.0,111.78005110413412,110.48312339418129,111.16571692573541,0.0,4138900
2024-07-30,113.97412109375,0.0,114.12039327441836,111.71180134384407,112.33588903763108,0.0,6074400
2024-07-31,114.5689468383789,0.0,115.28080076052588,113.56455601759016,114.5787003002471,0.0,6780400
2024-08-01,113.83760070800781,0.0,115.0565231295335,113.17450661310936,114.79323915995725,0.0,5135100
2024-08-02,113.54505920410156,0.0,115.35881628924339,112.20911760577742,113.35978062280599,0.0,4578400
2024-08-05,112.30663299560547,0.0,113.5450623261408,111.52652711971822,112.24812710083472,0.0,5888600
2024-08-06,111.55577850341797,0.0,113.91561046244526,111.28274107869902,112.7161875584735,0.0,4642400
2024-08-07,111.3119888305664,0.0,113.09649290989482,110.78541349045089,111.45826099832819,0.0,5553200
2024-08-08,112.23836517333984,0.0,112.95996510003255,110.87317069386155,111.06820272790782,0.0,8889100
2024-08-09,113.26226806640625,0.0,113.39878677661876,112.01409275034227,112.17986440707008,0.0,5534300
2024-08-12,113.70108032226562,0.0,114.52020004615233,112.88196803809086,113.95461826533912,0.0,8602000
2024-08-13,113.95462036132812,0.0,114.34467702560512,113.18426049530186,113.88636100305806,0.0,5911900
2024-08-14,114.7249755859375,0.0,114.90050070577534,113.74983768455208,113.9351088268113,0.0,5826700
2024-08-15,115.41732025146484,0.0,116.03165443852403,114.6079540242754,115.56359242163464,0.0,5629900
2024-08-16,115.63299560546875,0.63,116.2898398576061,115.26046299104358,115.55457280421093,0.0,5251500
2024-08-19,116.025146484375,0.0,116.19180523138182,115.6624195031865,115.68202333479519,0.0,5389900
2024-08-20,115.63299560546875,0.0,116.34865882843026,114.93694369246413,116.00553569941718,0.0,6129200
2024-08-21,114.95655822753906,0.0,116.3094469511132,114.65264275086687,116.17219769565743,0.0,3050900
2024-08-22,115.70162200927734,0.0,115.74083715027051,114.87812648699114,115.05459088169866,0.0,3743600
2024-08-23,116.19180297851562,0.0,116.5545374321947,115.59379263199928,115.96632526153087,0.0,3427500
2024-08-26,116.36827850341797,0.0,117.37805167703625,116.06437047341569,116.35848032662867,0.0,6260400
2024-08-27,117.14273834228516,0.0,117.24077244805149,116.06434821980989,116.34865236219822,0.0,4101200
2024-08-28,118.46623229980469,0.0,118.96621602518594,117.3290230674062,117.41725152978442,0.0,4287200
2024-08-29,119.88775634765625,0.0,120.32891363021538,118.17213305844456,118.71132446162528,0.0,3547800
2024-08-30,120.91712188720703,0.0,121.27005069354571,119.56423311592458,119.6524690572711,0.0,6372000
2024-09-03,118.61328887939453,0.0,121.23084549283239,118.30938086535531,120.70145227257048,0.0,5543900
2024-09-04,118.73092651367188,0.0,119.91715648358448,118.39760155412563,118.72112085851727,0.0,4484200
2024-09-05,117.28981018066406,0.0,119.22111300923912,116.31925967821364,118.8093652178388,0.0,5764500
2024-09-06,116.1133804321289,0.0,118.39760449127532,115.75064597764369,117.29961043146892,0.0,3983700
2024-09-09,118.77995300292969,0.0,118.94661175092891,116.82903890744325,117.28980748799006,0.0,4492000
2024-09-10,117.93684387207031,0.0,119.31914210774853,117.55450558478547,119.12307387614939,0.0,3806700
2024-09-11,116.91727447509766,0.0,117.51529231438113,115.04479067154888,117.51529231438113,0.0,4857200
2024-09-12,117.74076843261719,0.0,117.78978923039188,116.46630996523496,116.66237819728649,0.0,4229700
2024-09-13,116.78002166748047,0.0,117.83880057415108,116.55453647282815,117.54469823100172,0.0,4708000
2024-09-16,116.85845184326172,0.0,118.18193864925796,115.74084641383855,117.61333027863243,0.0,6025400
2024-09-17,116.39768981933594,0.0,116.70159783457848,115.43693749442157,116.17220461222043,0.0,5101500
2024-09-18,115.72123718261719,0.0,117.26039599024382,115.45653684195783,116.63296867245485,0.0,4434800
2024-09-19,116.48590850830078,0.0,116.86824677911008,114.95655542506357,116.36826308669666,0.0,5270600
2024-09-20,115.8290786743164,0.0,116.5545401188735,115.54477449804534,115.87809199327945,0.0,16958300
2024-09-23,117.90742492675781,0.0,118.113306289862,115.88789375299355,116.33885666172132,0.0,6755400
2024-09-24,117.68194580078125,0.0,117.88781968189289,116.74080485304657,117.77017425860478,0.0,5844600
2024-09-25,118.5250473022461,0.0,119.06423863912687,117.9956541405559,118.14270904316813,0.0,5713600
2024-09-26,117.9564437866211,0.0,119.48579688497757,117.77017373712057,117.87801350477632,0.0,6202600
2024-09-27,118.02507019042969,0.0,118.85837137888808,117.27019928499696,117.58391293757626,0.0,7941800
2024-09-30,118.77995300292969,0.0,118.90739660795433,117.41725109301468,118.3093787667583,0.0,5475700
2024-10-01,121.94649505615234,0.0,122.14256328494672,117.77998161832225,118.79955286300468,0.0,7206900
2024-10-02,121.6033706665039,0.0,123.06409915072616,121.21122673342101,122.76019115536054,0.0,3802900
2024-10-03,121.24063873291016,0.0,122.44648004322158,120.77987016294989,122.05433610200922,0.0,4765700
2024-10-04,122.45628356933594,0.0,122.52490819689058,120.73085474571761,121.27004611092597,0.0,3055900
2024-10-07,122.59353637695312,0.0,123.21115804284231,121.80924848543862,122.39746066431266,0.0,4606100
2024-10-08,121.07398223876953,0.0,123.46605359304786,120.84849703753686,122.96606987172234,0.0,3194500
2024-10-09,121.51512908935547,0.0,122.28961126438206,120.19164992120544,120.61320332078895,0.0,3210400
2024-10-10,120.52498626708984,0.0,121.63278601286389,120.00539870951862,121.2014269177374,0.0,2785300
2024-10-11,121.49552917480469,0.0,121.49552917480469,120.48576361011558,120.58379772211508,0.0,2556200
2024-10-14,122.19158935546875,0.0,122.37785941652892,120.84849874373919,121.30926732876772,0.0,1929700
2024-10-15,122.57392120361328,0.0,124.32875950895105,122.25040189759339,123.49545832517657,0.0,7521300
2024-10-16,123.74054718017578,0.0,123.7601510110336,121.76022368498309,122.31902635847342,0.0,3127400
2024-10-17,123.27977752685547,0.0,124.50522263149618,122.67195406232527,123.98563510385225,0.0,2463700
2024-10-18,123.4464340209961,0.0,123.78955714815076,122.58372337564674,123.67191920713957,0.0,4356300
2024-10-21,123.42683410644531,0.0,123.94642164112415,122.25040230234801,123.42683410644531,0.0,4768600
2024-10-22,123.06409454345703,0.0,126.17182144666171,121.10338243097108,125.47576954427197,0.0,5746100
2024-10-23,124.71110534667969,0.0,124.99540952864064,123.16214082959198,124.41700298844427,0.0,5451400
2024-10-24,122.71116638183594,0.0,124.19150612847241,122.66215306649123,123.89739631831148,0.0,4171800
2024-10-25,122.70137786865234,0.0,123.76996246930504,122.34844906047698,123.58369240956699,0.0,4716200
2024-10-28,122.96607208251953,0.0,123.43664632508464,122.181784171419,122.77000384450632,0.0,4453200
2024-10-29,120.3779296875,0.0,123.03469389314785,120.27008991520786,122.94646543192174,0.0,5102700
2024-10-30,119.4661865234375,0.0,120.39752176098021,119.35834676167703,119.93675322973507,0.0,4852100
2024-10-31,118.61328887939453,0.0,119.69167915199151,118.21134674594174,118.91720437295763,0.0,4112700
2024-11-01,116.41728973388672,0.0,119.23091450261,116.40748407837934,119.11326907509252,0.0,5234900
2024-11-04,115.6820297241211,0.0,117.28000761157986,115.51537096790942,116.73101054193005,0.0,6856100
2024-11-05,116.64276885986328,0.0,116.76040680173176,115.38790680358788,116.1623889988228,0.0,8093600
2024-11-06,119.20149993896484,0.0,120.44655643017111,117.89763195209977,120.14264841902927,0.0,9631900
2024-11-07,117.72116088867188,0.0,119.84853180538741,117.60351546543694,119.6034427832905,0.0,4415200
2024-11-08,121.12300109863281,0.0,121.7798379011317,118.52505589586382,118.57406921393955,0.0,6381600
2024-11-11,122.1131591796875,0.0,123.07391149397337,121.58376596318597,121.64259241803535,0.0,4012300
2024-11-12,120.94654083251953,0.0,122.81901718834175,119.89756005194297,122.43667888847428,0.0,3896200
2024-11-13,121.3190689086914,0.0,121.51513713936068,120.54458668235773,120.95633445447734,0.0,2802500
2024-11-14,116.58394622802734,0.0,121.07397898464896,115.25066132667662,120.7798691612979,0.0,6113200
2024-11-15,116.82048034667969,0.63,117.13586479319237,115.44067057342738,116.44596366624538,0.0,6970500
2024-11-18,117.66807556152344,0.0,117.99331788157114,116.66279000425385,116.66279000425385,0.0,4462300
2024-11-19,117.2442855834961,0.0,119.59981494749134,116.7909208857563,119.49140083288412,0.0,4654100
2024-11-20,117.4315414428711,0.0,117.55966378996897,115.97288367266881,117.13586523343493,0.0,3990700
2024-11-21,118.79164123535156,0.0,119.13659181688143,117.14572880393851,117.87505396479577,0.0,4847900
2024-11-22,119.02816772460938,0.0,120.122159133865,118.76206516098199,118.9788933710122,0.0,3585200
2024-11-25,116.93875122070312,0.0,119.25485643267264,116.31783269300323,118.62408754565179,0.0,8322400
2024-11-26,118.8704833984375,0.0,119.29428195476828,116.87961296382007,117.15558093486202,0.0,3175800
2024-11-27,118.60437774658203,0.0,119.99404545519097,118.59452738676623,119.2942864209786,0.0,3604000
2024-11-29,120.07289123535156,0.0,120.11231523196358,118.91976753204452,118.93947577067127,0.0,2728600
2024-12-02,116.96832275390625,0.0,120.23058144747444,116.83034252344079,120.07289297809618,0.0,4468700
2024-12-03,116.39668273925781,0.0,117.72721064883426,116.18971239948888,117.30341209044312,0.0,3620300
2024-12-04,117.51039123535156,0.0,117.64837146337393,115.80533910427724,116.06159132175814,0.0,3774300
2024-12-05,116.81062316894531,0.0,117.29356148006488,115.9925996904726,117.08659114073866,0.0,3328800
2024-12-06,116.28827667236328,0.0,116.64308514203643,115.70678960889606,116.31784279160955,0.0,4792100
2024-12-09,114.89861297607422,0.0,116.1502929424553,112.57264975345356,115.65750425155022,0.0,7255400
2024-12-10,115.91374969482422,0.0,116.51495246410434,114.32696960139414,114.91831449201246,0.0,3725400
2024-12-11,115.25341796875,0.0,116.27841931732799,114.62264906491099,116.14043157021466,0.0,4298000
2024-12-12,114.37625122070312,0.0,115.55894099930669,113.95245267148785,115.25341443569505,0.0,3848600
2024-12-13,116.05172729492188,0.0,116.22913151003237,114.29740090069465,114.58321922055926,0.0,5061600
2024-12-16,116.40653991699219,0.0,116.64307637253795,115.11543601124689,115.73634702681389,0.0,3986400
2024-12-17,115.72649383544922,0.0,116.42625287099425,115.31255314163813,115.99260393815538,0.0,3012400
2024-12-18,112.79932403564453,0.0,115.7560560682366,112.72048356282113,115.1745690444522,0.0,4113600
2024-12-19,113.79476165771484,0.0,115.5589460433435,113.58779131339308,114.0312981198885,0.0,5446900
2024-12-20,114.800048828125,0.0,115.09571751067118,112.9471586656597,113.28225886244184,0.0,13389200
2024-12-23,114.94788360595703,0.0,115.20413582233822,114.12000224137566,114.51423468518708,0.0,3588700
2024-12-24,115.14501190185547,0.0,115.27313425961822,114.2087088402756,114.27769895897232,0.0,1663000
2024-12-26,115.35197448730469,0.0,115.9236111576316,114.71134770292856,115.08586439071595,0.0,2147000
2024-12-27,115.0267333984375,0.0,115.83490653718526,114.1692783836828,114.5930769515236,0.0,3847500
2024-12-30,113.5582275390625,0.0,114.24812870103933,112.87817673700053,113.77505576692913,0.0,2822000
2024-12-31,114.05101013183594,0.0,114.42552681125582,113.25269489862274,113.90317202807394,0.0,2445000
2025-01-02,114.33683013916016,0.0,115.75605640577908,113.8736075829393,115.28298349002557,0.0,3207500
2025-01-03,114.1988525390625,0.0,114.98730992324155,114.15942854194977,114.62265110882623,0.0,2902600
2025-01-06,112.45437622070312,0.0,114.60293518440099,112.0897174068166,114.60293518440099,0.0,3832300
2025-01-07,113.144287109375,0.0,113.61736004460366,112.28683207515482,112.45437842640835,0.0,3588400
2025-01-08,114.24812316894531,0.0,114.52408362037356,112.75990680312036,113.2724037101502,0.0,4294200
2025-01-10,113.4498062133789,0.0,114.84932420691554,113.15413000883647,114.16927344808288,0.0,4287300
2025-01-13,116.04187774658203,0.0,116.22913985357415,112.92745715917674,112.92745715917674,0.0,5414900
2025-01-14,117.74693298339844,0.0,117.79620734170041,116.47553723721008,117.0471739328964,0.0,3804900
2025-01-15,117.37239837646484,0.0,118.6339436510074,116.46566905484582,118.41711543945542,0.0,4279600
2025-01-16,118.72264862060547,0.0,118.77193049665493,117.3822628011323,117.62865714266253,0.0,3896900
2025-01-17,119.36327362060547,0.0,119.59981007950327,118.13130193144833,118.86062706600899,0.0,4368600
2025-01-21,123.93635559082031,0.0,123.99548782745217,120.73322910437764,120.95991521039755,0.0,6071100
2025-01-22,122.58611297607422,0.0,124.06447906004725,121.86664569271491,123.86736658992767,0.0,5103800
2025-01-23,124.46856689453125,0.0,125.16832592454227,122.90149496698429,123.9462120918018,0.0,5501300
2025-01-24,123.50269317626953,0.0,124.45870439225483,123.27601460054913,123.70966351385012,0.0,3483000
2025-01-27,123.24645233154297,0.0,126.14404466749528,122.58610978318836,124.79380849169118,0.0,6207800
2025-01-28,126.49886322021484,0.0,130.52000571185673,124.31087270582657,129.2880339821652,0.0,8451600
2025-01-29,123.3252944946289,0.0,127.88851504382056,123.20703002176157,125.56255935157881,0.0,5179000
2025-01-30,127.11975860595703,0.0,127.35630257684976,123.73923561472843,123.84764972154804,0.0,4343600
2025-01-31,127.09019470214844,0.0,128.05605628235617,125.67096844887361,127.27745680252596,0.0,5569300
2025-02-03,128.04620361328125,0.0,128.65725673930882,125.71039017720616,126.64668562348866,0.0,6067300
2025-02-04,126.51856231689453,0.0,128.57843045193778,126.17361926023665,127.67168603644619,0.0,4036800
2025-02-05,127.29717254638672,0.0,128.0166397920657,126.43971003626196,127.78996121523579,0.0,4881500
2025-02-06,126.92265319824219,0.0,127.87866445545744,125.69068147901812,127.19861366025098,0.0,3363300
2025-02-07,126.1046142578125,0.0,127.13947344475729,125.49356113581608,126.9423609897955,0.0,3827300
2025-02-10,126.4002914428711,0.0,126.6466857731691,125.06976356313358,126.22289474364044,0.0,5344900
2025-02-11,127.24789428710938,0.0,127.5534208642817,125.95679034423677,127.23804392739054,0.0,3320600
2025-02-12,124.95149993896484,0.0,126.74525800215054,124.61640723662822,125.96664344462533,0.0,5154900
2025-02-13,124.02505493164062,0.0,125.79909723828494,123.46327612109638,125.70054100332887,0.0,6580400
2025-02-14,120.64452362060547,0.0,123.64067206307838,119.62937266247172,123.64067206307838,0.0,7715900
2025-02-18,121.97505950927734,0.0,123.52241570595011,121.63010892773094,122.44813244415278,0.0,5386200
2025-02-19,123.60125732421875,0.0,124.783947119744,122.31014590082023,122.61567998816162,0.0,5124600
2025-02-20,123.30558013916016,0.0,123.50269259706725,121.41327347356224,122.9606295781436,0.0,3132000
2025-02-21,122.1268081665039,0.63,124.29614879477631,121.52256267239528,123.38482288990507,0.0,4846100
2025-02-24,124.24662780761719,0.0,125.03908321043049,123.45417240480388,123.82068435115264,0.0,4461000
2025-02-25,126.13860321044922,0.0,126.72304076708694,124.47446047744228,124.7221018447228,0.0,6007900
2025-02-26,126.10888671875,0.0,127.1192677235035,125.6433197417964,126.31690455916049,0.0,3904500
2025-02-27,129.28860473632812,0.0,129.7541716997051,126.6239812992899,127.20841127805535,0.0,5758900
2025-02-28,131.73529052734375,0.0,131.83433799283773,129.3876403842047,130.05131735084214,0.0,7461000
2025-03-03,132.56736755371094,0.0,134.08293138660864,131.66594942399766,133.0725504597341,0.0,6215800
2025-03-04,127.48576354980469,0.0,133.45887168353843,127.2777532807731,132.260296017671,0.0,7911200
2025-03-05,128.41690063476562,0.0,129.308403468157,127.02019976293414,128.25840653977153,0.0,5774900
2025-03-06,127.06973266601562,0.0,127.6442624315227,124.77162116140178,127.39662107301943,0.0,6258300
2025-03-07,127.18859100341797,0.0,127.68387370220827,125.06878921460284,125.80180549273652,0.0,6418500
2025-03-10,127.3074722290039,0.0,128.61501072593657,125.21737858462427,125.8018085558682,0.0,4916800
2025-03-11,126.90133666992188,0.0,127.8324705838952,125.90086347878548,127.4758664277954,0.0,4404800
2025-03-12,126.75275421142578,0.0,127.33719175740991,125.61360243121776,127.13908169016271,0.0,4701800
2025-03-13,127.98104858398438,0.0,128.41689978491934,126.79237310905275,127.09944596930364,0.0,3434100
2025-03-14,128.76361083984375,0.0,129.45700364562583,126.79238011392148,127.72351407375582,0.0,5380700
2025-03-17,130.80416870117188,0.0,131.45794551576316,128.77350653666633,128.77350653666633,0.0,4934600
2025-03-18,131.43812561035156,0.0,132.0126553572936,130.46737574853913,130.8239798978539,0.0,4128400
2025-03-19,134.04331970214844,0.0,134.45935536418745,132.25038359799848,132.74566630730615,0.0,7080700
2025-03-20,133.20132446289062,0.0,134.04331106036224,132.62679474335425,132.85462054279577,0.0,4311300
2025-03-21,131.1211395263672,0.0,133.23104870317002,130.45746251017545,132.5673716869783,0.0,9545900
2025-03-24,133.41925048828125,0.0,133.617360536917,130.6951957537631,131.40840402071407,0.0,5525300
2025-03-25,134.38011169433594,0.0,134.65746880933284,132.71595388952537,133.50840926730044,0.0,3990600
2025-03-26,133.06265258789062,0.0,134.8852893044423,132.79519569654852,134.68717924652643,0.0,4464500
2025-03-27,132.171142578125,0.0,133.68672164336385,131.90370078557942,133.63719034720856,0.0,3914000
2025-03-28,130.47726440429688,0.0,132.37914799390822,130.39801736537632,131.7154710471293,0.0,3935200
2025-03-31,131.21031188964844,0.0,131.88388916995666,129.34804392554705,129.82351113016637,0.0,5521100
2025-04-01,131.59661865234375,0.0,131.78481338076722,130.120670773794,131.03198912258813,0.0,4799300
2025-04-02,131.89378356933594,0.0,132.4187820484417,129.97209929355353,130.12067806506298,0.0,3352900
2025-04-03,129.00132751464844,0.0,132.4485059814366,128.7140701998303,129.764067103055,0.0,4605200
2025-04-04,116.34191131591797,0.0,125.1876612567521,116.24285628049681,124.81124909918577,0.0,8526700
2025-04-07,116.213134765625,0.0,118.78860334599855,111.2107763719381,112.84521082632986,0.0,8774800
2025-04-08,119.32351684570312,0.0,122.80040379750568,117.58011948436246,121.8494618433421,0.0,8108600
2025-04-09,127.21830749511719,0.0,127.71359019678438,117.05511189824469,117.89709097959606,0.0,6747400
2025-04-10,125.87114715576172,0.0,128.07019603187368,122.60227825877698,125.71266061899809,0.0,6457800
2025-04-11,127.04991149902344,0.0,128.09992350903596,123.8206737684797,124.96973324860998,0.0,3654100
2025-04-14,127.92161560058594,0.0,128.72397115903073,127.06972874900151,128.03057839956168,0.0,4099900
2025-04-15,127.42633819580078,0.0,128.7239765099259,127.03011806387053,127.28765963814227,0.0,6315600
2025-04-16,128.0305938720703,0.0,128.971628096133,127.22823821666076,128.6843707449338,0.0,5382800
2025-04-17,127.6739730834961,0.0,129.2687839731216,126.49519784575179,128.1395400280645,0.0,5228300
2025-04-21,124.93011474609375,0.0,127.51548356544464,123.55322940305497,127.287657748708,0.0,6397400
2025-04-22,112.67681121826172,0.0,116.08435852094911,111.56737527944362,113.4494510002864,0.0,17094400
2025-04-23,119.14521026611328,0.0,121.46313733241881,116.17351393733128,116.2725689701411,0.0,10456300
2025-04-24,120.81926727294922,0.0,120.90841453450838,118.38247721060999,118.8975679113635,0.0,4512800
2025-04-25,124.03860473632812,0.0,124.3159618483972,121.25511828781633,121.57209892409733,0.0,6205900
2025-04-28,123.62256622314453,0.0,125.11831455129555,122.51313024298659,124.74190241606674,0.0,5460100
2025-04-29,124.54379272460938,0.0,124.85086558432315,123.21643114109031,123.62256658805373,0.0,4313600
2025-04-30,124.94001007080078,0.0,125.37586126129928,122.43388084026282,124.60322146535317,0.0,5674100
2025-05-01,126.20793914794922,0.0,126.88151635365786,124.2466163632225,125.20746599446966,0.0,4820900
2025-05-02,128.9815216064453,0.0,129.76406158686476,126.64377920516348,128.1593505474973,0.0,5002200
2025-05-05,127.3768081665039,0.0,128.8329405938042,127.06973529398182,128.77350908490695,0.0,3293300
2025-05-06,126.95087432861328,0.0,127.4560572772367,125.71266749047098,126.3763445419357,0.0,2596100
2025-05-07,126.29708862304688,0.0,127.59472687993856,126.17821805426193,126.60416147897348,0.0,4029200
2025-05-08,127.45604705810547,0.0,129.29849929013085,126.29708736430653,126.78246228986593,0.0,4748300
2025-05-09,127.45604705810547,0.0,127.63435668821288,124.84095503021413,127.63435668821288,0.0,4857600
2025-05-12,129.32821655273438,0.0,129.56595769071072,126.18812604008603,128.66453954673253,0.0,4686400
2025-05-13,129.48670959472656,0.0,130.7942480559224,129.22916803346197,129.76406669603563,0.0,4334700
2025-05-14,129.55604553222656,0.0,130.60605758118467,127.89190287017169,130.24945342291164,0.0,4843600
2025-05-15,134.24142456054688,0.0,134.37018778189326,130.50698884493832,130.695198685554,0.0,6772200
2025-05-16,134.20179748535156,0.0,135.1131158485732,133.2112320755678,134.42963841227845,0.0,4776000
2025-05-19,135.90557861328125,0.0,136.42067688662044,133.91454747233956,134.5980400607488,0.0,5180800
2025-05-20,135.88575744628906,0.0,136.45038699241,134.60793470138574,135.10321741279193,0.0,4998600
2025-05-21,133.6768035888672,0.0,137.51030213362603,133.57775611340617,137.19331393656074,0.0,5514900
2025-05-22,132.80511474609375,0.0,133.70651780209803,132.25038540762245,133.3301132159573,0.0,3790900
2025-05-23,131.76966857910156,0.68,132.80510163024195,130.74418621018748,131.27186101392456,0.0,5510000
2025-05-27,133.6016082763672,0.0,134.30848657232917,131.5705447281114,133.90029587956747,0.0,5160800
2025-05-28,132.26748657226562,0.0,134.40805319453676,130.32602476150524,134.049631111676,0.0,5426300
2025-05-29,134.20892333984375,0.0,134.49764504478856,131.321630330989,131.54066687620838,0.0,3634700
2025-05-30,135.88156127929688,0.0,136.69797305364762,133.78081255266875,134.40805500409027,0.0,8195100
2025-06-02,136.85726928710938,0.0,136.91700376719075,134.83615649577038,135.82182099275897,0.0,3946200
2025-06-03,136.8970947265625,0.0,138.1814316944778,135.8317791336775,136.80749300152064,0.0,3493900
2025-06-04,137.94248962402344,0.0,138.2511279067221,137.0464268248299,137.5542003019376,0.0,3200400
2025-06-05,138.460205078125,0.0,138.70910886360357,137.63384268731036,138.58962471609448,0.0,3510800
2025-06-06,138.49008178710938,0.0,140.03327320909622,137.71350313866358,139.06752524005012,0.0,4511000
2025-06-09,140.36183166503906,0.0,140.4713499486334,137.67367356722136,138.58963776097272,0.0,7104300
2025-06-10,137.91261291503906,0.0,140.5012031539343,137.3351543130387,139.88392663091523,0.0,6303500
2025-06-11,141.1881866455078,0.0,141.2379704430254,134.83615691769126,138.39051041247475,0.0,6370300
2025-06-12,140.36183166503906,0.0,141.43709794254272,139.51556782988538,139.65495335519793,0.0,4664400
2025-06-13,145.05117797851562,0.0,145.3797328108817,141.6959596839282,143.3885024512439,0.0,11765200
2025-06-16,145.81781005859375,0.0,146.4251359431927,144.27460344770628,145.85762798248834,0.0,7986100
2025-06-17,147.8289337158203,0.0,148.52586128478964,145.1706430793991,146.7835347664255,0.0,7251800
2025-06-18,145.23037719726562,0.0,148.60551195106896,145.02130652303478,147.90858438383023,0.0,7116900
2025-06-20,145.99700927734375,0.0,147.50038272893167,143.269018217125,145.2204306528804,0.0,9220600
2025-06-23,145.170654296875,0.0,146.42513920983666,144.46377599082837,146.1762354022659,0.0,6548500
2025-06-24,141.22802734375,0.0,143.40841195003205,139.8938913812974,142.87078640686673,0.0,8242100
2025-06-25,140.7600860595703,0.0,141.79551921420043,139.85407255434225,141.65613368969477,0.0,10395000
2025-06-26,142.04441833496094,0.0,142.77121317505413,140.64059726111947,141.28775625430794,0.0,5407500
2025-06-27,144.02569580078125,0.0,144.0754795982323,141.3076554171512,141.44705612676694,0.0,9173900
2025-06-30,145.37973022460938,0.0,145.7680195301559,144.3641985055332,144.84208952961774,0.0,5939500
2025-07-01,143.55775451660156,0.0,145.16069555605645,142.034464514174,145.0113441646745,0.0,4819500
2025-07-02,143.8863067626953,0.0,144.08542675574574,142.33314954826776,143.03007711988502,0.0,3253300
2025-07-03,145.1109161376953,0.0,145.7481092612593,143.73696229330824,143.85644644839564,0.0,1888700
2025-07-07,145.28016662597656,0.0,146.1363962966051,144.49363731071506,145.61867214434824,0.0,4532500
2025-07-08,144.27459716796875,0.0,145.35981405147953,142.35305200024942,145.01134266706916,0.0,4331300
2025-07-09,145.5390167236328,0.0,145.8576208667761,144.09537778073388,145.0909929402341,0.0,2666200
2025-07-10,145.758056640625,0.0,145.89744215849913,144.3940687020081,145.46933492212935,0.0,4130900
2025-07-11,146.2259979248047,0.0,146.42513311608016,144.86200997748426,145.53902101379794,0.0,3468800
2025-07-14,148.62542724609375,0.0,148.91416414485107,146.4350769711315,147.24152280579602,0.0,4461000
2025-07-15,148.02806091308594,0.0,150.08899167293725,147.7492898719296,149.14316026959372,0.0,4530500
2025-07-16,149.51153564453125,0.0,149.70070496688083,147.60990692980369,148.19733145496363,0.0,3361700
2025-07-17,150.835693359375,0.0,151.32355024591826,149.53143995970782,149.89981269924948,0.0,4326500
2025-07-18,150.835693359375,0.0,152.17977987200317,150.4175368245728,151.14433162135654,0.0,5928600
2025-07-21,150.8954315185547,0.0,152.71740908799867,150.39762393756612,151.31358806355928,0.0,7116000
2025-07-22,148.5159149169922,0.0,149.61109769424792,142.93051313675204,144.8420924636949,0.0,10722700
2025-07-23,155.8038330078125,0.0,155.9033854158081,148.45618773976508,149.34228468790468,0.0,8667100
2025-07-24,154.5393829345703,0.0,156.55052976704226,154.46968258280776,155.56486531135224,0.0,4865300
2025-07-25,156.19210815429688,0.0,156.6401319292926,153.58358615485153,154.52943269214202,0.0,4728200
2025-07-28,155.3856658935547,0.0,156.6401355307618,154.94759279081774,156.46091690151405,0.0,4022900
2025-07-29,156.43104553222656,0.0,158.09372098871555,155.6445162580815,157.03837137373654,0.0,4341800
2025-07-30,157.7054443359375,0.0,158.0339991806565,155.734130459506,156.75961291792478,0.0,3998700
2025-07-31,156.87908935546875,0.0,157.53618382069283,156.06267762538897,157.41671486190333,0.0,4796000
2025-08-01,156.12242126464844,0.0,156.78948164349666,153.07584110171553,155.6046970930488,0.0,4420700
2025-08-04,156.68992614746094,0.0,157.7154085953753,156.05273302262208,156.4410223456976,0.0,3961900
2025-08-05,155.64451599121094,0.0,157.34700936585037,155.07700807174356,156.58039664949524,0.0,4993900
2025-08-06,155.0670623779297,0.0,157.0383761563588,154.9575441018013,155.96310995215697,0.0,4112100
2025-08-07,155.07701110839844,0.0,155.07701110839844,152.56807185539222,153.97187767842607,0.0,5105800
2025-08-08,154.18096923828125,0.0,156.23193410306664,154.0415837190788,155.9133451414106,0.0,3667300
2025-08-11,154.12123107910156,0.0,154.9874114140523,153.46412142202357,154.05153072522276,0.0,3572900
2025-08-12,154.80821228027344,0.0,155.24627020529033,153.88228224830345,154.29048812467605,0.0,2962300
2025-08-13,155.02725219726562,0.0,155.65447945379393,151.99062274559418,155.31597392590467,0.0,5012300
2025-08-14,154.40000915527344,0.0,155.64452817233115,153.97188671362667,154.91773332009654,0.0,2766600
2025-08-15,154.08999633789062,0.68,154.8699951171875,153.3300018310547,154.25999450683594,0.0,4593800
2025-08-18,155.5,0.0,156.17999267578125,154.39999389648438,154.42999267578125,0.0,3679300
2025-08-19,153.66000366210938,0.0,155.1300048828125,153.2100067138672,154.57000732421875,0.0,3008600
2025-08-20,156.58999633789062,0.0,157.11000061035156,153.08999633789062,153.77000427246094,0.0,3766500
2025-08-21,156.32000732421875,0.0,157.75,156.22000122070312,156.7899932861328,0.0,3179800
2025-08-22,156.24000549316406,0.0,157.94000244140625,156.2100067138672,157.0500030517578,0.0,4252700
2025-08-25,156.27000427246094,0.0,157.63999938964844,156.0,156.6300048828125,0.0,2431100
2025-08-26,159.57000732421875,0.0,159.6999969482422,156.3800048828125,156.75999450683594,0.0,5096100
2025-08-27,159.83999633789062,0.0,160.2100067138672,159.0,159.97000122070312,0.0,2992300
2025-08-28,160.66000366210938,0.0,161.25999450683594,159.25,160.14999389648438,0.0,3117700
2025-08-29,158.60000610351562,0.0,161.10000610351562,158.42999267578125,161.05999755859375,0.0,3774900
2025-09-02,158.00999450683594,0.0,158.6300048828125,156.3699951171875,158.1999969482422,0.0,3260100
2025-09-03,158.11000061035156,0.0,158.33999633789062,156.4499969482422,157.9499969482422,0.0,2738900
2025-09-04,158.67999267578125,0.0,159.1699981689453,157.5500030517578,158.22999572753906,0.0,3218800
2025-09-05,157.52000427246094,0.0,159.0,155.55999755859375,158.60000610351562,0.0,4046300
2025-09-08,154.22000122070312,0.0,157.0,153.66000366210938,156.9199981689453,0.0,5522800
2025-09-09,151.75,0.0,153.6999969482422,150.61000061035156,153.63999938964844,0.0,5461300
2025-09-10,155.0,0.0,155.0399932861328,151.64999389648438,152.0,0.0,4520400
2025-09-11,157.64999389648438,0.0,158.00999450683594,154.36000061035156,155.02999877929688,0.0,4289900
2025-09-12,155.85000610351562,0.0,158.13999938964844,155.82000732421875,157.75,0.0,3194400
2025-09-15,158.3699951171875,0.0,158.47999572753906,155.7100067138672,155.92999267578125,0.0,3891400
2025-09-16,158.5800018310547,0.0,159.9499969482422,157.63999938964844,159.85000610351562,0.0,6525200
2025-09-17,158.30999755859375,0.0,159.32000732421875,157.6199951171875,158.57000732421875,0.0,3999200
2025-09-18,158.19000244140625,0.0,158.2899932861328,156.5,157.30999755859375,0.0,3696100
2025-09-19,158.24000549316406,0.0,158.6999969482422,156.69000244140625,158.6999969482422,0.0,7083700
2025-09-22,159.42999267578125,0.0,159.8000030517578,157.6699981689453,158.07000732421875,0.0,3296700
2025-09-23,160.5399932861328,0.0,161.39999389648438,158.9499969482422,159.75,0.0,3287100
2025-09-24,161.3800048828125,0.0,163.02999877929688,160.6999969482422,161.14999389648438,0.0,4269800
2025-09-25,160.50999450683594,0.0,162.3000030517578,159.69000244140625,162.13999938964844,0.0,3917700
2025-09-26,163.35000610351562,0.0,165.35000610351562,161.69000244140625,162.0,0.0,3961700
2025-09-29,163.6300048828125,0.0,168.27999877929688,162.7899932861328,167.42999267578125,0.0,6216100
2025-09-30,167.3300018310547,0.0,167.5,163.8699951171875,164.2899932861328,0.0,4893700
2025-10-01,167.1999969482422,0.0,167.72000122070312,165.0800018310547,165.8699951171875,0.0,4034500
2025-10-02,166.6300048828125,0.0,168.25,165.88999938964844,167.13999938964844,0.0,3498100
2025-10-03,166.5800018310547,0.0,167.25999450683594,165.5,166.80999755859375,0.0,2678300
2025-10-06,168.8000030517578,0.0,169.75,167.0,167.0,0.0,3816900
2025-10-07,169.27000427246094,0.0,170.36000061035156,168.82000732421875,169.36000061035156,0.0,5186500
2025-10-08,168.57000732421875,0.0,170.85000610351562,168.42999267578125,170.07000732421875,0.0,4683700
2025-10-09,162.17999267578125,0.0,169.14999389648438,161.89999389648438,168.99000549316406,0.0,5962400
2025-10-10,157.6999969482422,0.0,162.4600067138672,157.44000244140625,162.00999450683594,0.0,7776400
2025-10-13,158.85000610351562,0.0,159.5500030517578,157.3699951171875,158.4499969482422,0.0,5322300
2025-10-14,159.39999389648438,0.0,160.5800018310547,157.2899932861328,158.1999969482422,0.0,3590500
2025-10-15,157.0,0.0,160.66000366210938,155.63999938964844,159.49000549316406,0.0,5954700
2025-10-16,157.0500030517578,0.0,158.3300018310547,156.10000610351562,157.77000427246094,0.0,3926600
2025-10-17,157.9499969482422,0.0,158.5399932861328,156.10000610351562,156.3300018310547,0.0,5435200
2025-10-20,160.7100067138672,0.0,162.07000732421875,159.4499969482422,159.6699981689453,0.0,6517800
2025-10-21,173.0399932861328,0.0,178.75999450683594,170.25999450683594,171.80999755859375,0.0,12296700
2025-10-22,177.97999572753906,0.0,178.72000122070312,173.9199981689453,174.49000549316406,0.0,10219100
2025-10-23,179.44000244140625,0.0,179.97999572753906,176.5,177.60000610351562,0.0,5249400
2025-10-24,178.64999389648438,0.0,180.5,178.2899932861328,180.4600067138672,0.0,3471600
2025-10-27,179.24000549316406,0.0,179.6300048828125,177.5,179.42999267578125,0.0,4039700
2025-10-28,178.6699981689453,0.0,181.30999755859375,178.55999755859375,179.3000030517578,0.0,3344100
2025-10-29,176.36000061035156,0.0,178.97999572753906,176.0,177.7899932861328,0.0,4285200
2025-10-30,177.4199981689453,0.0,179.0,176.82000732421875,177.1199951171875,0.0,3637300
2025-10-31,178.5,0.0,179.11000061035156,176.75,177.5,0.0,4347100
2025-11-03,177.0399932861328,0.0,178.5500030517578,175.4499969482422,178.49000549316406,0.0,3843800
2025-11-04,175.61000061035156,0.0,177.88999938964844,175.44000244140625,176.55999755859375,0.0,3837800
2025-11-05,174.0,0.0,176.75999450683594,173.9199981689453,174.91000366210938,0.0,4493800
2025-11-06,175.10000610351562,0.0,175.38999938964844,173.60000610351562,174.00999450683594,0.0,3631300
2025-11-07,176.97000122070312,0.0,177.69000244140625,173.75,175.25999450683594,0.0,3774300
2025-11-10,179.02999877929688,0.0,179.5500030517578,176.3000030517578,176.83999633789062,0.0,2739000
2025-11-11,179.22000122070312,0.0,180.0,177.41000366210938,178.80999755859375,0.0,3387700
2025-11-12,177.69000244140625,0.0,179.89999389648438,177.3699951171875,178.60000610351562,0.0,4470500
2025-11-13,173.9600067138672,0.0,178.7899932861328,173.1300048828125,178.6300048828125,0.0,3617800
2025-11-14,175.57000732421875,0.0,176.16000366210938,172.5,173.9600067138672,0.0,3224700
2025-11-17,175.6300048828125,0.0,176.3000030517578,174.6300048828125,176.10000610351562,0.0,3913600
