Price,Close,Dividends,High,Low,Open,Stock Splits,Volume
Ticker,TSLA,TSLA,TSLA,TSLA,TSLA,TSLA,TSLA
Date,,,,,,,
2015-11-18,14.73799991607666,0.0,14.7586669921875,14.168000221252441,14.300000190734863,0.0,42178500
2015-11-19,14.786666870117188,0.0,15.079333305358887,14.686667442321777,14.702667236328125,0.0,37566000
2015-11-20,14.667332649230957,0.0,15.0,14.238666534423828,14.899333000183105,0.0,66010500
2015-11-23,14.516667366027832,0.0,14.612000465393066,14.312000274658203,14.489999771118164,0.0,37893000
2015-11-24,14.550000190734863,0.0,14.733332633972168,14.333333015441895,14.357999801635742,0.0,37204500
2015-11-25,15.309332847595215,0.0,15.388667106628418,14.692000389099121,14.755999565124512,0.0,59862000
2015-11-27,15.440667152404785,0.0,15.483332633972168,15.133999824523926,15.404000282287598,0.0,29241000
2015-11-30,15.350666999816895,0.0,15.618666648864746,15.272000312805176,15.452667236328125,0.0,39897000
2015-12-01,15.812666893005371,0.0,15.866666793823242,15.403332710266113,15.404000282287598,0.0,56010000
2015-12-02,15.465999603271484,0.0,15.90666675567627,15.415332794189453,15.800000190734863,0.0,44722500
2015-12-03,15.513999938964844,0.0,15.829999923706055,15.333333015441895,15.6986665725708,0.0,44094000
2015-12-04,15.358667373657227,0.0,15.5513334274292,15.177332878112793,15.497332572937012,0.0,38604000
2015-12-07,15.408666610717773,0.0,15.708666801452637,15.076666831970215,15.180000305175781,0.0,47163000
2015-12-08,15.114666938781738,0.0,15.25333309173584,14.946666717529297,15.168000221252441,0.0,40314000
2015-12-09,14.968000411987305,0.0,15.166666984558105,14.714667320251465,15.113332748413086,0.0,45867000
2015-12-10,15.137999534606934,0.0,15.232666969299316,14.909333229064941,14.980667114257812,0.0,31075500
2015-12-11,14.468000411987305,0.0,15.050000190734863,14.442667007446289,15.015999794006348,0.0,49030500
2015-12-14,14.571999549865723,0.0,14.727999687194824,14.324666976928711,14.500666618347168,0.0,42406500
2015-12-15,14.739333152770996,0.0,14.814666748046875,14.533332824707031,14.788000106811523,0.0,33666000
2015-12-16,15.633999824523926,0.0,15.658666610717773,14.715332984924316,14.80666732788086,0.0,76564500
2015-12-17,15.559332847595215,0.0,15.850666999816895,15.320667266845703,15.595999717712402,0.0,49479000
2015-12-18,15.36400032043457,0.0,15.726667404174805,15.28600025177002,15.526000022888184,0.0,45213000
2015-12-21,15.503999710083008,0.0,15.722000122070312,15.405332565307617,15.446000099182129,0.0,29298000
2015-12-22,15.329999923706055,0.0,15.770000457763672,15.308667182922363,15.666000366210938,0.0,29422500
2015-12-23,15.313332557678223,0.0,15.563332557678223,15.208666801452637,15.478667259216309,0.0,23325000
2015-12-24,15.371333122253418,0.0,15.458666801452637,15.218667030334473,15.370667457580566,0.0,10620000
2015-12-28,15.263333320617676,0.0,15.465332984924316,15.03600025177002,15.432666778564453,0.0,28519500
2015-12-29,15.812666893005371,0.0,15.847999572753906,15.303333282470703,15.337332725524902,0.0,36094500
2015-12-30,15.87266731262207,0.0,16.242000579833984,15.711333274841309,15.773332595825195,0.0,55468500
2015-12-31,16.000667572021484,0.0,16.229999542236328,15.891332626342773,15.900667190551758,0.0,40725000
2016-01-04,14.894000053405762,0.0,15.425333023071289,14.600000381469727,15.381333351135254,0.0,102406500
2016-01-05,14.895333290100098,0.0,15.12600040435791,14.666666984558105,15.090666770935059,0.0,47802000
2016-01-06,14.602666854858398,0.0,14.670000076293945,14.398667335510254,14.666666984558105,0.0,56686500
2016-01-07,14.376667022705078,0.0,14.562666893005371,14.244667053222656,14.279333114624023,0.0,53314500
2016-01-08,14.066666603088379,0.0,14.696000099182129,14.0513334274292,14.52400016784668,0.0,54421500
2016-01-11,13.856666564941406,0.0,14.296667098999023,13.533332824707031,14.267333030700684,0.0,61371000
2016-01-12,13.998000144958496,0.0,14.249333381652832,13.687333106994629,14.106666564941406,0.0,46378500
2016-01-13,13.354000091552734,0.0,14.176667213439941,13.333333015441895,14.133999824523926,0.0,61896000
2016-01-14,13.745332717895508,0.0,14.0,12.892000198364258,13.480667114257812,0.0,97360500
2016-01-15,13.666000366210938,0.0,13.671333312988281,13.149999618530273,13.264666557312012,0.0,83679000
2016-01-19,13.64799976348877,0.0,14.031332969665527,13.385333061218262,13.913999557495117,0.0,60580500
2016-01-20,13.24666690826416,0.0,13.41866683959961,12.75,13.293333053588867,0.0,87579000
2016-01-21,13.33133316040039,0.0,13.548666954040527,13.001333236694336,13.436667442321777,0.0,47493000
2016-01-22,13.50333309173584,0.0,13.699999809265137,13.268667221069336,13.653332710266113,0.0,46861500
2016-01-25,13.092000007629395,0.0,13.571332931518555,13.058667182922363,13.337332725524902,0.0,40480500
2016-01-26,12.904000282287598,0.0,13.187999725341797,12.592000007629395,13.113332748413086,0.0,74463000
2016-01-27,12.538000106811523,0.0,12.883999824523926,12.38466739654541,12.825332641601562,0.0,54258000
2016-01-28,12.646666526794434,0.0,12.751999855041504,12.160667419433594,12.719332695007324,0.0,68892000
2016-01-29,12.74666690826416,0.0,12.916000366210938,12.538666725158691,12.66333293914795,0.0,42784500
2016-02-01,13.129332542419434,0.0,13.3013334274292,12.183333396911621,12.583999633789062,0.0,79464000
2016-02-02,12.185333251953125,0.0,12.874667167663574,12.01533317565918,12.82800006866455,0.0,86604000
2016-02-03,11.565333366394043,0.0,12.262666702270508,11.345333099365234,12.239333152770996,0.0,118971000
2016-02-04,11.688667297363281,0.0,11.732000350952148,11.13266658782959,11.380000114440918,0.0,65781000
2016-02-05,10.84000015258789,0.0,11.533332824707031,10.515999794006348,11.420000076293945,0.0,141564000
2016-02-08,9.866000175476074,0.0,10.476667404174805,9.733332633972168,10.473333358764648,0.0,139695000
2016-02-09,9.883333206176758,0.0,10.652667045593262,9.403332710266113,9.48799991607666,0.0,129774000
2016-02-10,9.57800006866455,0.0,10.33133316040039,9.449333190917969,10.033332824707031,0.0,156097500
2016-02-11,10.031332969665527,0.0,10.883999824523926,9.800000190734863,10.133333206176758,0.0,213786000
2016-02-12,10.06933307647705,0.0,10.46733283996582,9.579999923706055,10.333333015441895,0.0,108537000
2016-02-16,10.344667434692383,0.0,10.863332748413086,10.27400016784668,10.579999923706055,0.0,83907000
2016-02-17,11.245332717895508,0.0,11.28933334350586,10.445332527160645,10.600000381469727,0.0,87378000
2016-02-18,11.118000030517578,0.0,11.529999732971191,10.98466682434082,11.494667053222656,0.0,58314000
2016-02-19,11.10533332824707,0.0,11.166000366210938,10.833333015441895,10.910667419433594,0.0,44391000
2016-02-22,11.849332809448242,0.0,11.927332878112793,11.323332786560059,11.341333389282227,0.0,75901500
2016-02-23,11.814000129699707,0.0,12.11533260345459,11.578666687011719,11.744000434875488,0.0,89766000
2016-02-24,11.933333396911621,0.0,11.966667175292969,11.189332962036133,11.516667366027832,0.0,80934000
2016-02-25,12.495332717895508,0.0,12.567999839782715,11.680000305175781,11.90999984741211,0.0,86260500
2016-02-26,12.689332962036133,0.0,12.800000190734863,12.333333015441895,12.579999923706055,0.0,90976500
2016-02-29,12.795332908630371,0.0,13.09000015258789,12.614666938781738,12.826666831970215,0.0,67485000
2016-03-01,12.423333168029785,0.0,13.063332557678223,12.180000305175781,12.949999809265137,0.0,100683000
2016-03-02,12.555999755859375,0.0,12.567999839782715,12.100000381469727,12.248666763305664,0.0,72936000
2016-03-03,13.049332618713379,0.0,13.161333084106445,12.281332969665527,12.552000045776367,0.0,72435000
2016-03-04,13.402667045593262,0.0,13.60200023651123,13.166666984558105,13.199999809265137,0.0,97336500
2016-03-07,13.685999870300293,0.0,13.979999542236328,13.15999984741211,13.178667068481445,0.0,79941000
2016-03-08,13.506667137145996,0.0,13.833333015441895,13.479999542236328,13.566666603088379,0.0,62680500
2016-03-09,13.914667129516602,0.0,13.958000183105469,13.519332885742188,13.63466739654541,0.0,48129000
2016-03-10,13.678667068481445,0.0,14.219332695007324,13.378000259399414,14.0,0.0,77887500
2016-03-11,13.833333015441895,0.0,13.961333274841309,13.688667297363281,13.862000465393066,0.0,50146500
2016-03-14,14.34333324432373,0.0,14.447999954223633,14.042667388916016,14.176667213439941,0.0,60985500
2016-03-15,14.555999755859375,0.0,14.597999572753906,14.100000381469727,14.284667015075684,0.0,47707500
2016-03-16,14.795332908630371,0.0,14.838666915893555,14.468000411987305,14.533332824707031,0.0,52750500
2016-03-17,15.092000007629395,0.0,15.233332633972168,14.666666984558105,14.764666557312012,0.0,56743500
2016-03-18,15.515999794006348,0.0,15.631999969482422,15.204000473022461,15.273332595825195,0.0,70677000
2016-03-21,15.887999534606934,0.0,15.991999626159668,15.666666984558105,15.689332962036133,0.0,79617000
2016-03-22,15.616000175476074,0.0,15.932666778564453,15.503999710083008,15.814000129699707,0.0,64740000
2016-03-23,14.838666915893555,0.0,15.648667335510254,14.802000045776367,15.4913330078125,0.0,74232000
2016-03-24,15.183333396911621,0.0,15.259332656860352,14.333333015441895,14.385333061218262,0.0,74413500
2016-03-28,15.350666999816895,0.0,15.654000282287598,15.0,15.440667152404785,0.0,58885500
2016-03-29,15.342000007629395,0.0,15.491999626159668,15.022000312805176,15.326000213623047,0.0,60214500
2016-03-30,15.12600040435791,0.0,15.699999809265137,15.100000381469727,15.672666549682617,0.0,60495000
2016-03-31,15.317999839782715,0.0,15.82800006866455,15.000666618347168,15.28933334350586,0.0,120193500
2016-04-01,15.839332580566406,0.0,16.52666664123535,15.550000190734863,16.32200050354004,0.0,239962500
2016-04-04,16.465999603271484,0.0,16.808000564575195,16.242666244506836,16.607999801635742,0.0,202129500
2016-04-05,17.031333923339844,0.0,17.104000091552734,16.0,16.03333282470703,0.0,149230500
2016-04-06,17.69466781616211,0.0,17.849332809448242,16.89666748046875,16.931333541870117,0.0,175582500
2016-04-07,17.14666748046875,0.0,17.95599937438965,16.96733283996582,17.76333236694336,0.0,132843000
2016-04-08,16.67133331298828,0.0,17.38800048828125,16.534666061401367,17.366666793823242,0.0,110458500
2016-04-11,16.661333084106445,0.0,17.266000747680664,16.35333251953125,16.733333587646484,0.0,137425500
2016-04-12,16.521333694458008,0.0,16.786666870117188,16.242000579833984,16.633333206176758,0.0,86448000
2016-04-13,16.968666076660156,0.0,17.03333282470703,16.488666534423828,16.567333221435547,0.0,73884000
2016-04-14,16.790666580200195,0.0,17.12266731262207,16.73666763305664,16.866666793823242,0.0,61983000
2016-04-15,16.96733283996582,0.0,16.97333335876465,16.607999801635742,16.753999710083008,0.0,56286000
2016-04-18,16.92533302307129,0.0,17.220666885375977,16.777332305908203,16.815332412719727,0.0,64071000
2016-04-19,16.4913330078125,0.0,16.95800018310547,16.083332061767578,16.874666213989258,0.0,95362500
2016-04-20,16.6646671295166,0.0,16.910667419433594,16.100000381469727,16.417333602905273,0.0,77911500
2016-04-21,16.55266761779785,0.0,16.726667404174805,16.46066665649414,16.599332809448242,0.0,41746500
2016-04-22,16.916667938232422,0.0,16.933332443237305,16.380666732788086,16.592666625976562,0.0,56794500
2016-04-25,16.788000106811523,0.0,17.158666610717773,16.71733283996582,16.867332458496094,0.0,55054500
2016-04-26,16.916000366210938,0.0,17.048667907714844,16.625999450683594,16.803333282470703,0.0,48357000
2016-04-27,16.764667510986328,0.0,17.0,16.626667022705078,16.850000381469727,0.0,48087000
2016-04-28,16.513999938964844,0.0,16.89533233642578,16.496000289916992,16.656667709350586,0.0,37785000
2016-04-29,16.05066680908203,0.0,16.562000274658203,15.854000091552734,16.542667388916016,0.0,81207000
2016-05-02,16.1200008392334,0.0,16.21266746520996,15.654666900634766,16.100000381469727,0.0,57658500
2016-05-03,15.48799991607666,0.0,15.927332878112793,15.441332817077637,15.824000358581543,0.0,64533000
2016-05-04,14.837332725524902,0.0,15.630666732788086,14.69333267211914,15.352666854858398,0.0,130507500
2016-05-05,14.10200023651123,0.0,15.242667198181152,13.986000061035156,15.230667114257812,0.0,168822000
2016-05-06,14.328666687011719,0.0,14.424667358398438,13.87399959564209,14.057999610900879,0.0,85278000
2016-05-09,13.928000450134277,0.0,14.40999984741211,13.786666870117188,14.381333351135254,0.0,71646000
2016-05-10,13.912667274475098,0.0,13.964667320251465,13.666666984558105,13.83666706085205,0.0,61059000
2016-05-11,13.93066692352295,0.0,14.36533260345459,13.736666679382324,13.839332580566406,0.0,77428500
2016-05-12,13.8186674118042,0.0,14.111332893371582,13.577333450317383,14.095999717712402,0.0,54757500
2016-05-13,13.840666770935059,0.0,14.079999923706055,13.779999732971191,13.85200023651123,0.0,42342000
2016-05-16,13.88599967956543,0.0,14.210000038146973,13.861332893371582,13.876667022705078,0.0,44241000
2016-05-17,13.644000053405762,0.0,13.98799991607666,13.601332664489746,13.936667442321777,0.0,42654000
2016-05-18,14.07800006866455,0.0,14.354000091552734,13.850000381469727,13.94333267211914,0.0,84262500
2016-05-19,14.347332954406738,0.0,14.452667236328125,13.819999694824219,14.2413330078125,0.0,102994500
2016-05-20,14.685333251953125,0.0,14.703332901000977,14.423333168029785,14.465999603271484,0.0,135106500
2016-05-23,14.414667129516602,0.0,14.84000015258789,14.390666961669922,14.657999992370605,0.0,76537500
2016-05-24,14.52733325958252,0.0,14.582667350769043,14.345333099365234,14.4399995803833,0.0,45207000
2016-05-25,14.638667106628418,0.0,14.757332801818848,14.434000015258789,14.52733325958252,0.0,46902000
2016-05-26,15.008000373840332,0.0,15.017333030700684,14.603333473205566,14.699999809265137,0.0,61086000
2016-05-27,14.869333267211914,0.0,15.062000274658203,14.716667175292969,14.999333381652832,0.0,54754500
2016-05-31,14.881999969482422,0.0,14.983332633972168,14.766667366027832,14.869333267211914,0.0,41835000
2016-06-01,14.637332916259766,0.0,14.826666831970215,14.459333419799805,14.76533317565918,0.0,44740500
2016-06-02,14.597332954406738,0.0,14.660667419433594,14.473999977111816,14.63933277130127,0.0,30492000
2016-06-03,14.599332809448242,0.0,14.795999526977539,14.534000396728516,14.666666984558105,0.0,33435000
2016-06-06,14.711999893188477,0.0,14.726667404174805,14.363332748413086,14.533332824707031,0.0,33742500
2016-06-07,15.489333152770996,0.0,15.629332542419434,14.767999649047852,14.815999984741211,0.0,93204000
2016-06-08,15.701333045959473,0.0,16.05666732788086,15.507332801818848,15.58666706085205,0.0,89580000
2016-06-09,15.290666580200195,0.0,15.688667297363281,15.137332916259766,15.665332794189453,0.0,67381500
2016-06-10,14.586000442504883,0.0,15.197999954223633,14.561332702636719,15.159333229064941,0.0,90399000
2016-06-13,14.524666786193848,0.0,15.0513334274292,14.510666847229004,14.633333206176758,0.0,62895000
2016-06-14,14.330666542053223,0.0,14.813332557678223,14.16866683959961,14.592000007629395,0.0,53703000
2016-06-15,14.513333320617676,0.0,14.793333053588867,14.342000007629395,14.463333129882812,0.0,43627500
2016-06-16,14.528667449951172,0.0,14.53600025177002,14.233332633972168,14.494667053222656,0.0,36604500
2016-06-17,14.364666938781738,0.0,14.666000366210938,14.300000190734863,14.52066707611084,0.0,46689000
2016-06-20,14.646666526794434,0.0,14.916666984558105,14.548666954040527,14.633333206176758,0.0,53332500
2016-06-21,14.640666961669922,0.0,14.838000297546387,14.587332725524902,14.711999893188477,0.0,67935000
2016-06-22,13.11066722869873,0.0,13.729999542236328,13.050000190734863,13.29800033569336,0.0,356136000
2016-06-23,13.09333324432373,0.0,13.170000076293945,12.808667182922363,13.045999526977539,0.0,151960500
2016-06-24,12.876667022705078,0.0,13.008000373840332,12.648667335510254,12.670000076293945,0.0,105397500
2016-06-27,13.236666679382324,0.0,13.253999710083008,12.524666786193848,12.723999977111816,0.0,108081000
2016-06-28,13.452667236328125,0.0,13.603333473205566,13.293999671936035,13.459333419799805,0.0,93186000
2016-06-29,14.012666702270508,0.0,14.118666648864746,13.533332824707031,13.675333023071289,0.0,89923500
2016-06-30,14.152000427246094,0.0,14.233332633972168,13.934666633605957,14.197999954223633,0.0,72646500
2016-07-01,14.433333396911621,0.0,14.549332618713379,13.733332633972168,13.742667198181152,0.0,81000000
2016-07-05,14.26533317565918,0.0,14.302666664123535,13.866666793823242,13.982000350952148,0.0,77629500
2016-07-06,14.295999526977539,0.0,14.34866714477539,13.933333396911621,14.0,0.0,73798500
2016-07-07,14.395999908447266,0.0,14.541333198547363,14.200667381286621,14.206666946411133,0.0,54180000
2016-07-08,14.45199966430664,0.0,14.654000282287598,14.300000190734863,14.520000457763672,0.0,61122000
2016-07-11,14.985333442687988,0.0,15.118666648864746,14.633999824523926,14.663999557495117,0.0,81447000
2016-07-12,14.976667404174805,0.0,15.166666984558105,14.881333351135254,14.9399995803833,0.0,68569500
2016-07-13,14.835332870483398,0.0,15.03933334350586,14.685999870300293,15.033332824707031,0.0,53506500
2016-07-14,14.768667221069336,0.0,14.996000289916992,14.736666679382324,14.874667167663574,0.0,40137000
2016-07-15,14.69333267211914,0.0,14.850000381469727,14.642666816711426,14.834667205810547,0.0,33513000
2016-07-18,15.083333015441895,0.0,15.13933277130127,14.553333282470703,14.642666816711426,0.0,51181500
2016-07-19,15.017333030700684,0.0,15.273332595825195,14.983332633972168,15.0,0.0,46726500
2016-07-20,15.223999977111816,0.0,15.319999694824219,15.0,15.097999572753906,0.0,38527500
2016-07-21,14.699999809265137,0.0,15.1899995803833,14.606666564941406,15.066666603088379,0.0,66430500
2016-07-22,14.817999839782715,0.0,14.966667175292969,14.592000007629395,14.799332618713379,0.0,38695500
2016-07-25,15.333999633789062,0.0,15.425999641418457,14.758000373840332,14.817999839782715,0.0,67360500
2016-07-26,15.300666809082031,0.0,15.333333015441895,15.020000457763672,15.179332733154297,0.0,51450000
2016-07-27,15.232666969299316,0.0,15.557332992553711,15.128000259399414,15.28933334350586,0.0,43335000
2016-07-28,15.37399959564209,0.0,15.383999824523926,15.106666564941406,15.196666717529297,0.0,36286500
2016-07-29,15.652667045593262,0.0,15.685333251953125,15.349332809448242,15.380000114440918,0.0,46062000
2016-08-01,15.333999633789062,0.0,15.775333404541016,15.291999816894531,15.699999809265137,0.0,60244500
2016-08-02,15.146666526794434,0.0,15.324666976928711,14.760000228881836,15.291333198547363,0.0,59016000
2016-08-03,15.052666664123535,0.0,15.313332557678223,14.947333335876465,15.157999992370605,0.0,58317000
2016-08-04,15.37399959564209,0.0,15.390666961669922,14.803333282470703,15.045999526977539,0.0,62205000
2016-08-05,15.335332870483398,0.0,15.466667175292969,15.15999984741211,15.333333015441895,0.0,48078000
2016-08-08,15.077333450317383,0.0,15.30666732788086,15.072667121887207,15.199999809265137,0.0,33954000
2016-08-09,15.272000312805176,0.0,15.435999870300293,15.109999656677246,15.121333122253418,0.0,33117000
2016-08-10,15.043333053588867,0.0,15.324666976928711,14.974666595458984,15.215999603271484,0.0,35074500
2016-08-11,14.994000434875488,0.0,15.171333312988281,14.894000053405762,15.07800006866455,0.0,28213500
2016-08-12,15.040666580200195,0.0,15.109999656677246,14.935999870300293,15.02733325958252,0.0,27202500
2016-08-15,15.03933334350586,0.0,15.300000190734863,14.995332717895508,15.067999839782715,0.0,30514500
2016-08-16,14.907333374023438,0.0,15.145999908447266,14.894000053405762,15.03266716003418,0.0,34006500
2016-08-17,14.88266658782959,0.0,14.988666534423828,14.853333473205566,14.95533275604248,0.0,26806500
2016-08-18,14.900667190551758,0.0,15.043999671936035,14.81933307647705,14.921333312988281,0.0,25717500
2016-08-19,15.0,0.0,15.011333465576172,14.835332870483398,14.902667045593262,0.0,24892500
2016-08-22,14.862000465393066,0.0,15.007332801818848,14.845333099365234,14.944666862487793,0.0,30982500
2016-08-23,14.989333152770996,0.0,15.232666969299316,14.853333473205566,14.954667091369629,0.0,71766000
2016-08-24,14.841333389282227,0.0,15.143333435058594,14.814666748046875,15.136667251586914,0.0,38560500
2016-08-25,14.730667114257812,0.0,14.920000076293945,14.718000411987305,14.87399959564209,0.0,26437500
2016-08-26,14.666000366210938,0.0,14.857333183288574,14.588000297546387,14.809332847595215,0.0,33585000
2016-08-29,14.346667289733887,0.0,14.69333267211914,14.333333015441895,14.676667213439941,0.0,48994500
2016-08-30,14.089332580566406,0.0,14.407333374023438,14.034667015075684,14.407333374023438,0.0,47533500
2016-08-31,14.133999824523926,0.0,14.173333168029785,13.90999984741211,14.028667449951172,0.0,49147500
2016-09-01,13.38466739654541,0.0,14.073332786560059,13.366666793823242,13.934000015258789,0.0,119146500
2016-09-02,13.185333251953125,0.0,13.546667098999023,13.079999923706055,13.488666534423828,0.0,89661000
2016-09-06,13.522000312805176,0.0,13.550000190734863,13.266667366027832,13.267999649047852,0.0,65859000
2016-09-07,13.447333335876465,0.0,13.766667366027832,13.380666732788086,13.699999809265137,0.0,54613500
2016-09-08,13.157333374023438,0.0,13.326000213623047,13.090666770935059,13.303333282470703,0.0,50668500
2016-09-09,12.964667320251465,0.0,13.32800006866455,12.91333293914795,13.272666931152344,0.0,56355000
2016-09-12,13.220000267028809,0.0,13.424667358398438,12.9399995803833,13.0,0.0,55728000
2016-09-13,13.069999694824219,0.0,13.232666969299316,12.896666526794434,13.137332916259766,0.0,53841000
2016-09-14,13.093999862670898,0.0,13.194666862487793,12.990667343139648,13.050000190734863,0.0,33817500
2016-09-15,13.361332893371582,0.0,13.501333236694336,13.09333324432373,13.099332809448242,0.0,46158000
2016-09-16,13.69333267211914,0.0,13.713333129882812,13.266667366027832,13.361332893371582,0.0,46617000
2016-09-19,13.755999565124512,0.0,13.961999893188477,13.666666984558105,13.800000190734863,0.0,34492500
2016-09-20,13.642666816711426,0.0,13.850000381469727,13.593999862670898,13.789999961853027,0.0,36157500
2016-09-21,13.6813325881958,0.0,13.800000190734863,13.437333106994629,13.758000373840332,0.0,39502500
2016-09-22,13.76200008392334,0.0,13.8186674118042,13.533332824707031,13.760000228881836,0.0,35743500
2016-09-23,13.829999923706055,0.0,14.01200008392334,13.711333274841309,13.732666969299316,0.0,43578000
2016-09-26,13.932666778564453,0.0,14.066666603088379,13.766667366027832,13.766667366027832,0.0,35916000
2016-09-27,13.720666885375977,0.0,13.998666763305664,13.640666961669922,13.976667404174805,0.0,50598000
2016-09-28,13.751333236694336,0.0,13.883333206176758,13.684000015258789,13.833999633789062,0.0,31326000
2016-09-29,13.380000114440918,0.0,13.821999549865723,13.371999740600586,13.706666946411133,0.0,40905000
2016-09-30,13.60200023651123,0.0,13.665332794189453,13.303333282470703,13.480667114257812,0.0,38794500
2016-10-03,14.24666690826416,0.0,14.378000259399414,13.883333206176758,14.153332710266113,0.0,89998500
2016-10-04,14.093999862670898,0.0,14.221332550048828,13.921333312988281,14.206666946411133,0.0,53122500
2016-10-05,13.897333145141602,0.0,14.210000038146973,13.874667167663574,14.149333000183105,0.0,28162500
2016-10-06,13.399999618530273,0.0,13.61400032043457,13.347332954406738,13.497332572937012,0.0,70551000
2016-10-07,13.107333183288574,0.0,13.421333312988281,13.053333282470703,13.399999618530273,0.0,52395000
2016-10-10,13.396666526794434,0.0,13.609333038330078,13.310667037963867,13.423333168029785,0.0,49744500
2016-10-11,13.34000015258789,0.0,13.479999542236328,13.220666885375977,13.456666946411133,0.0,34926000
2016-10-12,13.434000015258789,0.0,13.592000007629395,13.361332893371582,13.396666526794434,0.0,29560500
2016-10-13,13.349332809448242,0.0,13.393333435058594,13.136667251586914,13.366666793823242,0.0,37419000
2016-10-14,13.100666999816895,0.0,13.428667068481445,13.08666706085205,13.37733268737793,0.0,64048500
2016-10-17,12.93066692352295,0.0,13.22599983215332,12.800000190734863,13.136667251586914,0.0,68311500
2016-10-18,13.273332595825195,0.0,13.29800033569336,12.883999824523926,13.065999984741211,0.0,85207500
2016-10-19,13.570667266845703,0.0,13.77733325958252,13.204000473022461,13.315999984741211,0.0,104868000
2016-10-20,13.273332595825195,0.0,13.533332824707031,13.136667251586914,13.474666595458984,0.0,76093500
2016-10-21,13.339332580566406,0.0,13.437999725341797,13.160667419433594,13.239999771118164,0.0,44151000
2016-10-24,13.517333030700684,0.0,13.596667289733887,13.350000381469727,13.399999618530273,0.0,41274000
2016-10-25,13.489333152770996,0.0,13.645999908447266,13.41333293914795,13.526666641235352,0.0,36675000
2016-10-26,13.482666969299316,0.0,13.545999526977539,13.34000015258789,13.399999618530273,0.0,84492000
2016-10-27,13.600666999816895,0.0,14.24666690826416,13.44333267211914,14.089332580566406,0.0,196405500
2016-10-28,13.33133316040039,0.0,13.687999725341797,13.321999549865723,13.600000381469727,0.0,64201500
2016-10-31,13.182000160217285,0.0,13.499333381652832,13.053999900817871,13.499333381652832,0.0,70384500
2016-11-01,12.719332695007324,0.0,13.233332633972168,12.540666580200195,13.202667236328125,0.0,105900000
2016-11-02,12.534667015075684,0.0,12.846667289733887,12.500666618347168,12.670000076293945,0.0,63801000
2016-11-03,12.494667053222656,0.0,12.764666557312012,12.469332695007324,12.600000381469727,0.0,39795000
2016-11-04,12.704000473022461,0.0,12.897333145141602,12.397333145141602,12.600000381469727,0.0,77190000
2016-11-07,12.880666732788086,0.0,12.952667236328125,12.670000076293945,12.906000137329102,0.0,58051500
2016-11-08,12.996000289916992,0.0,13.166000366210938,12.750666618347168,12.919333457946777,0.0,49014000
2016-11-09,12.670666694641113,0.0,12.800000190734863,12.263333320617676,12.458666801452637,0.0,122596500
2016-11-10,12.356666564941406,0.0,12.77400016784668,12.027999877929688,12.736666679382324,0.0,101254500
2016-11-11,12.570667266845703,0.0,12.592000007629395,12.199999809265137,12.28266716003418,0.0,59827500
2016-11-14,12.096667289733887,0.0,12.550000190734863,11.879332542419434,12.533332824707031,0.0,98283000
2016-11-15,12.251333236694336,0.0,12.428667068481445,12.136667251586914,12.185333251953125,0.0,58530000
2016-11-16,12.26200008392334,0.0,12.315333366394043,12.080666542053223,12.176667213439941,0.0,51516000
2016-11-17,12.577333450317383,0.0,12.63266658782959,12.140666961669922,12.232666969299316,0.0,73306500
2016-11-18,12.334667205810547,0.0,12.866666793823242,12.333333015441895,12.710000038146973,0.0,78154500
2016-11-21,12.3013334274292,0.0,12.592666625976562,12.293999671936035,12.336000442504883,0.0,65415000
2016-11-22,12.744667053222656,0.0,12.764666557312012,12.247332572937012,12.38933277130127,0.0,84051000
2016-11-23,12.87600040435791,0.0,13.042667388916016,12.600000381469727,12.707332611083984,0.0,73378500
2016-11-25,13.109999656677246,0.0,13.149333000183105,12.909333229064941,12.909333229064941,0.0,35491500
2016-11-28,13.074666976928711,0.0,13.289999961853027,12.970000267028809,13.031999588012695,0.0,67938000
2016-11-29,12.637999534606934,0.0,13.11533260345459,12.633333206176758,13.037332534790039,0.0,66589500
2016-11-30,12.626667022705078,0.0,12.792667388916016,12.5,12.733332633972168,0.0,53206500
2016-12-01,12.125332832336426,0.0,12.5686674118042,12.066666603088379,12.550000190734863,0.0,76896000
2016-12-02,12.097999572753906,0.0,12.325332641601562,12.0,12.192000389099121,0.0,60634500
2016-12-05,12.453332901000977,0.0,12.592666625976562,12.167332649230957,12.167332649230957,0.0,61083000
2016-12-06,12.390000343322754,0.0,12.438667297363281,12.178667068481445,12.368000030517578,0.0,50874000
2016-12-07,12.876667022705078,0.0,12.893333435058594,12.333333015441895,12.40999984741211,0.0,81928500
2016-12-08,12.81933307647705,0.0,12.833333015441895,12.63599967956543,12.803333282470703,0.0,47911500
2016-12-09,12.812000274658203,0.0,12.922666549682617,12.720666885375977,12.724666595458984,0.0,40837500
2016-12-12,12.828666687011719,0.0,12.961333274841309,12.745332717895508,12.853333473205566,0.0,36583500
2016-12-13,13.210000038146973,0.0,13.41866683959961,12.866666793823242,12.878666877746582,0.0,102358500
2016-12-14,13.246000289916992,0.0,13.533332824707031,13.11733341217041,13.249333381652832,0.0,62263500
2016-12-15,13.17199993133545,0.0,13.38266658782959,13.159333229064941,13.227333068847656,0.0,48294000
2016-12-16,13.499333381652832,0.0,13.505999565124512,13.173333168029785,13.20533275604248,0.0,56953500
2016-12-19,13.51533317565918,0.0,13.630000114440918,13.322667121887207,13.499333381652832,0.0,52321500
2016-12-20,13.919333457946777,0.0,13.933333396911621,13.5,13.536666870117188,0.0,70336500
2016-12-21,13.846667289733887,0.0,14.148667335510254,13.827333450317383,13.896666526794434,0.0,78114000
2016-12-22,13.896666526794434,0.0,13.999333381652832,13.766667366027832,13.881333351135254,0.0,46666500
2016-12-23,14.22266674041748,0.0,14.229999542236328,13.847332954406738,13.866666793823242,0.0,70057500
2016-12-27,14.635333061218262,0.0,14.816666603088379,14.29466724395752,14.325332641601562,0.0,88735500
2016-12-28,14.649333000183105,0.0,14.920000076293945,14.479999542236328,14.768667221069336,0.0,56737500
2016-12-29,14.312000274658203,0.0,14.613332748413086,14.274666786193848,14.570667266845703,0.0,60675000
2016-12-30,14.246000289916992,0.0,14.5,14.112000465393066,14.420000076293945,0.0,69639000
2017-01-03,14.465999603271484,0.0,14.688667297363281,14.064000129699707,14.324000358581543,0.0,88849500
2017-01-04,15.13266658782959,0.0,15.199999809265137,14.287332534790039,14.316666603088379,0.0,168202500
2017-01-05,15.116666793823242,0.0,15.165332794189453,14.796667098999023,15.094667434692383,0.0,88675500
2017-01-06,15.267333030700684,0.0,15.354000091552734,15.029999732971191,15.128666877746582,0.0,82918500
2017-01-09,15.41866683959961,0.0,15.461333274841309,15.199999809265137,15.264666557312012,0.0,59692500
2017-01-10,15.324666976928711,0.0,15.466667175292969,15.12600040435791,15.466667175292969,0.0,54900000
2017-01-11,15.315333366394043,0.0,15.331999778747559,15.112000465393066,15.271332740783691,0.0,54762000
2017-01-12,15.305999755859375,0.0,15.380000114440918,15.038666725158691,15.27066707611084,0.0,56853000
2017-01-13,15.850000381469727,0.0,15.856666564941406,15.305999755859375,15.333333015441895,0.0,91395000
2017-01-17,15.70533275604248,0.0,15.997332572937012,15.624667167663574,15.779999732971191,0.0,69262500
2017-01-18,15.890666961669922,0.0,15.980667114257812,15.70533275604248,15.776666641235352,0.0,56535000
2017-01-19,16.250667572021484,0.0,16.57866668701172,16.049999237060547,16.483333587646484,0.0,115984500
2017-01-20,16.315332412719727,0.0,16.399999618530273,16.200666427612305,16.36400032043457,0.0,63064500
2017-01-23,16.594667434692383,0.0,16.72599983215332,16.366666793823242,16.389999389648438,0.0,93943500
2017-01-24,16.974000930786133,0.0,16.98666763305664,16.643333435058594,16.666667938232422,0.0,74482500
2017-01-25,16.96466636657715,0.0,17.230667114257812,16.786666870117188,17.15399932861328,0.0,77139000
2017-01-26,16.833999633789062,0.0,17.049333572387695,16.71666717529297,16.952667236328125,0.0,47281500
2017-01-27,16.863332748413086,0.0,16.866666793823242,16.56800079345703,16.7586669921875,0.0,47494500
2017-01-30,16.708667755126953,0.0,17.019332885742188,16.47333335876465,16.8353328704834,0.0,57016500
2017-01-31,16.795333862304688,0.0,17.05933380126953,16.51333236694336,16.615999221801758,0.0,61741500
2017-02-01,16.615999221801758,0.0,16.8799991607666,16.60333251953125,16.8700008392334,0.0,59382000
2017-02-02,16.770000457763672,0.0,16.827999114990234,16.513999938964844,16.555999755859375,0.0,37497000
2017-02-03,16.755332946777344,0.0,16.812000274658203,16.64533233642578,16.79400062561035,0.0,32800500
2017-02-06,17.184667587280273,0.0,17.187999725341797,16.708667755126953,16.733333587646484,0.0,53437500
2017-02-07,17.165332794189453,0.0,17.333332061767578,17.094667434692383,17.21266746520996,0.0,63672000
2017-02-08,17.472000122070312,0.0,17.55733299255371,17.079999923706055,17.156667709350586,0.0,58995000
2017-02-09,17.946666717529297,0.0,18.07866668701172,17.74333381652832,17.75,0.0,117303000
2017-02-10,17.948667526245117,0.0,18.06333351135254,17.74066734313965,17.986000061035156,0.0,54295500
2017-02-13,18.706666946411133,0.0,18.71933364868164,18.034000396728516,18.049333572387695,0.0,105444000
2017-02-14,18.73200035095215,0.0,19.159332275390625,18.573999404907227,18.601999282836914,0.0,110178000
2017-02-15,18.650667190551758,0.0,18.81599998474121,18.429332733154297,18.666667938232422,0.0,74218500
2017-02-16,17.93000030517578,0.0,18.666667938232422,17.899999618530273,18.50666618347168,0.0,106159500
2017-02-17,18.148666381835938,0.0,18.19266700744629,17.610000610351562,17.719999313354492,0.0,93856500
2017-02-21,18.492666244506836,0.0,18.760000228881836,18.267332077026367,18.363332748413086,0.0,85150500
2017-02-22,18.233999252319336,0.0,18.89666748046875,18.17333221435547,18.687332153320312,0.0,131325000
2017-02-23,17.06599998474121,0.0,17.643999099731445,17.03733253479004,17.600000381469727,0.0,223728000
2017-02-24,17.133333206176758,0.0,17.21666717529297,16.68000030517578,16.8439998626709,0.0,122574000
2017-02-27,16.415332794189453,0.0,16.55733299255371,16.134000778198242,16.544666290283203,0.0,171912000
2017-02-28,16.666000366210938,0.0,16.733333587646484,16.260000228881836,16.279333114624023,0.0,91171500
2017-03-01,16.667999267578125,0.0,16.989999771118164,16.607332229614258,16.94533348083496,0.0,72142500
2017-03-02,16.698667526245117,0.0,16.885332107543945,16.551332473754883,16.6473331451416,0.0,50277000
2017-03-03,16.771333694458008,0.0,16.793333053588867,16.600000381469727,16.715999603271484,0.0,43791000
2017-03-06,16.747333526611328,0.0,16.780000686645508,16.500667572021484,16.527332305908203,0.0,50332500
2017-03-07,16.57266616821289,0.0,16.926000595092773,16.55466651916504,16.794666290283203,0.0,51892500
2017-03-08,16.45800018310547,0.0,16.67133331298828,16.35466766357422,16.46666717529297,0.0,55878000
2017-03-09,16.32666778564453,0.0,16.577333450317383,16.200000762939453,16.5086669921875,0.0,58189500
2017-03-10,16.246000289916992,0.0,16.433332443237305,16.200000762939453,16.413999557495117,0.0,45994500
2017-03-13,16.411333084106445,0.0,16.456666946411133,16.185333251953125,16.321332931518555,0.0,45339000
2017-03-14,17.200000762939453,0.0,17.20800018310547,16.40133285522461,16.407333374023438,0.0,113976000
2017-03-15,17.048667907714844,0.0,17.399999618530273,16.951332092285156,17.133333206176758,0.0,79962000
2017-03-16,17.469999313354492,0.0,17.71666717529297,17.270666122436523,17.49333381652832,0.0,106983000
2017-03-17,17.433332443237305,0.0,17.68866729736328,17.413333892822266,17.600000381469727,0.0,97462500
2017-03-20,17.461332321166992,0.0,17.636667251586914,17.254667282104492,17.373332977294922,0.0,54214500
2017-03-21,16.711999893188477,0.0,17.65333366394043,16.682666778564453,17.52199935913086,0.0,103629000
2017-03-22,17.000667572021484,0.0,17.004667282104492,16.700666427612305,16.770666122436523,0.0,60889500
2017-03-23,16.985332489013672,0.0,17.17799949645996,16.886667251586914,17.025999069213867,0.0,49803000
2017-03-24,17.54400062561035,0.0,17.592666625976562,17.000667572021484,17.046667098999023,0.0,84709500
2017-03-27,18.014667510986328,0.0,18.038000106811523,17.316667556762695,17.373332977294922,0.0,93462000
2017-03-28,18.496667861938477,0.0,18.711999893188477,18.333332061767578,18.468000411987305,0.0,119814000
2017-03-29,18.492000579833984,0.0,18.639999389648438,18.369333267211914,18.555999755859375,0.0,55143000
2017-03-30,18.527999877929688,0.0,18.799999237060547,18.480667114257812,18.535999298095703,0.0,62226000
2017-03-31,18.553333282470703,0.0,18.64533233642578,18.42133331298828,18.582000732421875,0.0,49419000
2017-04-03,19.90133285522461,0.0,19.933332443237305,18.972000122070312,19.126667022705078,0.0,208329000
2017-04-04,20.246667861938477,0.0,20.320667266845703,19.635332107543945,19.792667388916016,0.0,152019000
2017-04-05,19.666667938232422,0.0,20.325332641601562,19.613332748413086,20.13599967956543,0.0,118213500
2017-04-06,19.913333892822266,0.0,20.12933349609375,19.606666564941406,19.79199981689453,0.0,82809000
2017-04-07,20.16933250427246,0.0,20.179332733154297,19.809999465942383,19.833332061767578,0.0,68694000
2017-04-10,20.826000213623047,0.0,20.915332794189453,20.58066749572754,20.610000610351562,0.0,114967500
2017-04-11,20.58066749572754,0.0,20.898000717163086,20.366666793823242,20.892000198364258,0.0,85869000
2017-04-12,19.78933334350586,0.0,20.56333351135254,19.754667282104492,20.422666549682617,0.0,90760500
2017-04-13,20.266666412353516,0.0,20.492666244506836,19.68666648864746,19.780000686645508,0.0,139269000
2017-04-17,20.09600067138672,0.0,20.266666412353516,19.91200065612793,20.18000030517578,0.0,62080500
2017-04-18,20.016666412353516,0.0,20.055999755859375,19.860000610351562,19.979999542236328,0.0,45535500
2017-04-19,20.368000030517578,0.0,20.441333770751953,20.140666961669922,20.163999557495117,0.0,58470000
2017-04-20,20.167333602905273,0.0,20.610000610351562,20.01533317565918,20.43400001525879,0.0,92241000
2017-04-21,20.373332977294922,0.0,20.426666259765625,20.027999877929688,20.133333206176758,0.0,67647000
2017-04-24,20.53533363342285,0.0,20.703332901000977,20.40133285522461,20.614667892456055,0.0,76252500
2017-04-25,20.91933250427246,0.0,20.93199920654297,20.390666961669922,20.53333282470703,0.0,101065500
2017-04-26,20.67799949645996,0.0,20.96666717529297,20.600000381469727,20.82466697692871,0.0,70425000
2017-04-27,20.575332641601562,0.0,20.87266731262207,20.5,20.779333114624023,0.0,52029000
2017-04-28,20.937999725341797,0.0,20.98666763305664,20.53333282470703,20.655332565307617,0.0,67582500
2017-05-01,21.52199935913086,0.0,21.816667556762695,20.987333297729492,20.992000579833984,0.0,132444000
2017-05-02,21.25933265686035,0.0,21.8439998626709,21.104000091552734,21.600000381469727,0.0,80742000
2017-05-03,20.73466682434082,0.0,21.435333251953125,20.696666717529297,21.17799949645996,0.0,107001000
2017-05-04,19.69733238220215,0.0,20.51799964904785,19.384000778198242,20.496000289916992,0.0,212280000
2017-05-05,20.55666732788086,0.0,20.56999969482422,19.786666870117188,19.866666793823242,0.0,122659500
2017-05-08,20.479333877563477,0.0,20.91933250427246,20.38800048828125,20.726667404174805,0.0,105097500
2017-05-09,21.417333602905273,0.0,21.465999603271484,20.606666564941406,20.625333786010742,0.0,145147500
2017-05-10,21.681333541870117,0.0,21.700000762939453,21.20800018310547,21.437332153320312,0.0,86124000
2017-05-11,21.540000915527344,0.0,21.733333587646484,21.30666732788086,21.559999465942383,0.0,71307000
2017-05-12,21.65399932861328,0.0,21.799999237060547,21.435333251953125,21.698667526245117,0.0,61824000
2017-05-15,21.058666229248047,0.0,21.34666633605957,20.8353328704834,21.225332260131836,0.0,114330000
2017-05-16,21.134000778198242,0.0,21.33733367919922,21.00933265686035,21.172666549682617,0.0,62287500
2017-05-17,20.407333374023438,0.0,20.975332260131836,20.366666793823242,20.959333419799805,0.0,100678500
2017-05-18,20.87066650390625,0.0,20.929332733154297,20.354000091552734,20.46666717529297,0.0,84807000
2017-05-19,20.722000122070312,0.0,21.100000381469727,20.68000030517578,21.03333282470703,0.0,70314000
2017-05-22,20.690000534057617,0.0,20.95800018310547,20.453332901000977,20.85333251953125,0.0,64938000
2017-05-23,20.257333755493164,0.0,20.715333938598633,20.23200035095215,20.69733238220215,0.0,64776000
2017-05-24,20.681333541870117,0.0,20.733333587646484,20.360000610351562,20.43400001525879,0.0,75499500
2017-05-25,21.121999740600586,0.0,21.131332397460938,20.520666122436523,20.73466682434082,0.0,75210000
2017-05-26,21.676000595092773,0.0,21.69933319091797,21.08733367919922,21.152000427246094,0.0,117033000
2017-05-30,22.34000015258789,0.0,22.41866683959961,21.71733283996582,21.733333587646484,0.0,116743500
2017-05-31,22.733999252319336,0.0,22.859333038330078,22.3439998626709,22.512666702270508,0.0,149451000
2017-06-01,22.691333770751953,0.0,22.992000579833984,22.486000061035156,22.933332443237305,0.0,114120000
2017-06-02,22.656667709350586,0.0,22.858667373657227,22.39533233642578,22.65133285522461,0.0,83853000
2017-06-05,23.154666900634766,0.0,23.229333877563477,22.28066635131836,22.566667556762695,0.0,101766000
2017-06-06,23.523332595825195,0.0,23.965999603271484,22.6646671295166,22.979999542236328,0.0,166302000
2017-06-07,23.976667404174805,0.0,24.03333282470703,23.676000595092773,23.756000518798828,0.0,140970000
2017-06-08,24.666667938232422,0.0,24.793333053588867,24.014667510986328,24.25,0.0,135922500
2017-06-09,23.821332931518555,0.0,25.124666213989258,23.65333366394043,24.961332321166992,0.0,258921000
2017-06-12,23.93400001525879,0.0,24.299999237060547,23.374666213989258,23.865999221801758,0.0,157765500
2017-06-13,25.06333351135254,0.0,25.066667556762695,24.44066619873047,24.507999420166016,0.0,177118500
2017-06-14,25.37733268737793,0.0,25.616666793823242,25.08733367919922,25.4060001373291,0.0,192276000
2017-06-15,25.022666931152344,0.0,25.03066635131836,24.432666778564453,24.833332061767578,0.0,156397500
2017-06-16,24.760000228881836,0.0,25.200666427612305,24.67333221435547,25.198667526245117,0.0,100965000
2017-06-19,24.65333366394043,0.0,25.113332748413086,24.520000457763672,25.0,0.0,98239500
2017-06-20,24.81599998474121,0.0,25.2586669921875,24.648666381835938,25.1113338470459,0.0,111580500
2017-06-21,25.093332290649414,0.0,25.132667541503906,24.534666061401367,24.956666946411133,0.0,73848000
2017-06-22,25.507333755493164,0.0,25.666667938232422,24.904666900634766,25.19933319091797,0.0,112947000
2017-06-23,25.56333351135254,0.0,25.799333572387695,25.290000915527344,25.496667861938477,0.0,96687000
2017-06-26,25.166000366210938,0.0,25.796667098999023,24.873332977294922,25.779333114624023,0.0,99061500
2017-06-27,24.158000946044922,0.0,25.093332290649414,24.134666442871094,25.093332290649414,0.0,104946000
2017-06-28,24.749332427978516,0.0,24.78266716003418,24.167999267578125,24.44533348083496,0.0,94537500
2017-06-29,24.049999237060547,0.0,24.733333587646484,23.606666564941406,24.707332611083984,0.0,123315000
2017-06-30,24.107332229614258,0.0,24.451332092285156,23.974666595458984,24.247333526611328,0.0,87727500
2017-07-03,23.507999420166016,0.0,24.75666618347168,23.433332443237305,24.682666778564453,0.0,94581000
2017-07-05,21.805999755859375,0.0,23.14933204650879,21.755332946777344,23.14666748046875,0.0,255700500
2017-07-06,20.588666915893555,0.0,21.38599967956543,20.420000076293945,21.150667190551758,0.0,289867500
2017-07-07,20.881332397460938,0.0,21.133333206176758,20.492000579833984,20.899999618530273,0.0,212653500
2017-07-10,21.06999969482422,0.0,21.195999145507812,20.208667755126953,20.860000610351562,0.0,207313500
2017-07-11,21.814666748046875,0.0,21.818666458129883,20.953332901000977,21.066667556762695,0.0,173391000
2017-07-12,21.968000411987305,0.0,22.206666946411133,21.633333206176758,22.02666664123535,0.0,155191500
2017-07-13,21.560667037963867,0.0,22.106666564941406,21.33133316040039,22.007333755493164,0.0,128917500
2017-07-14,21.851999282836914,0.0,21.89466667175293,21.4146671295166,21.54599952697754,0.0,84378000
2017-07-17,21.30466651916504,0.0,21.80666732788086,20.89666748046875,21.702667236328125,0.0,148153500
2017-07-18,21.882667541503906,0.0,21.941999435424805,21.04400062561035,21.166667938232422,0.0,95605500
2017-07-19,21.68400001525879,0.0,22.110000610351562,21.54800033569336,21.881999969482422,0.0,95355000
2017-07-20,21.994667053222656,0.0,22.014667510986328,21.613332748413086,21.793333053588867,0.0,77493000
2017-07-21,21.893333435058594,0.0,22.083999633789062,21.719999313354492,21.964000701904297,0.0,73524000
2017-07-24,22.834667205810547,0.0,22.893333435058594,22.000667572021484,22.016000747680664,0.0,129556500
2017-07-25,22.639999389648438,0.0,23.040000915527344,22.27666664123535,23.0,0.0,104838000
2017-07-26,22.92333221435547,0.0,23.03333282470703,22.541332244873047,22.69066619873047,0.0,72312000
2017-07-27,22.297332763671875,0.0,23.166667938232422,21.752666473388672,23.066667556762695,0.0,124536000
2017-07-28,22.33799934387207,0.0,22.639999389648438,22.167333602905273,22.459333419799805,0.0,73206000
2017-07-31,21.564666748046875,0.0,22.766000747680664,21.402666091918945,22.366666793823242,0.0,128026500
2017-08-01,21.30466651916504,0.0,21.6299991607666,21.075332641601562,21.53333282470703,0.0,124546500
2017-08-02,21.72599983215332,0.0,21.808000564575195,20.74799919128418,21.262666702270508,0.0,196372500
2017-08-03,23.139333724975586,0.0,23.333332061767578,22.876667022705078,23.02199935913086,0.0,203025000
2017-08-04,23.79400062561035,0.0,23.81800079345703,22.886667251586914,23.133333206176758,0.0,139033500
2017-08-07,23.67799949645996,0.0,23.965333938598633,23.516666412353516,23.823333740234375,0.0,94867500
2017-08-08,24.347999572753906,0.0,24.57200050354004,23.82666778564453,23.8353328704834,0.0,111747000
2017-08-09,24.235332489013672,0.0,24.666667938232422,23.93000030517578,24.066667556762695,0.0,103381500
2017-08-10,23.69333267211914,0.0,24.44333267211914,23.643999099731445,24.106666564941406,0.0,106393500
2017-08-11,23.857999801635742,0.0,24.083999633789062,23.57466697692871,23.79800033569336,0.0,65487000
2017-08-14,24.253332138061523,0.0,24.51066780090332,24.17333221435547,24.308666229248047,0.0,67788000
2017-08-15,24.155332565307617,0.0,24.365999221801758,23.95800018310547,24.34666633605957,0.0,46276500
2017-08-16,24.194000244140625,0.0,24.433332443237305,24.167999267578125,24.200000762939453,0.0,51207000
2017-08-17,23.461332321166992,0.0,24.219999313354492,23.439332962036133,24.08066749572754,0.0,75415500
2017-08-18,23.163999557495117,0.0,23.600000381469727,23.053333282470703,23.527332305908203,0.0,81123000
2017-08-21,22.52400016784668,0.0,23.05466651916504,22.123332977294922,23.05466651916504,0.0,97431000
2017-08-22,22.75666618347168,0.0,22.81599998474121,22.4913330078125,22.742000579833984,0.0,64830000
2017-08-23,23.51799964904785,0.0,23.56599998474121,22.553333282470703,22.599332809448242,0.0,74317500
2017-08-24,23.528667449951172,0.0,23.777332305908203,23.31599998474121,23.501333236694336,0.0,68770500
2017-08-25,23.203332901000977,0.0,23.71266746520996,23.15333366394043,23.615999221801758,0.0,52260000
2017-08-28,23.04400062561035,0.0,23.156667709350586,22.648000717163086,23.152000427246094,0.0,56460000
2017-08-29,23.157333374023438,0.0,23.270000457763672,22.583332061767578,22.631999969482422,0.0,61105500
2017-08-30,23.545333862304688,0.0,23.564666748046875,23.133333206176758,23.31133270263672,0.0,51193500
2017-08-31,23.726667404174805,0.0,23.895999908447266,23.521333694458008,23.56999969482422,0.0,61092000
2017-09-01,23.69333267211914,0.0,23.839332580566406,23.57933235168457,23.7413330078125,0.0,45742500
2017-09-05,23.305999755859375,0.0,23.69933319091797,23.05933380126953,23.586666107177734,0.0,57526500
2017-09-06,22.968666076660156,0.0,23.398666381835938,22.770666122436523,23.299999237060547,0.0,61371000
2017-09-07,23.374000549316406,0.0,23.498666763305664,22.89666748046875,23.065332412719727,0.0,63588000
2017-09-08,22.893333435058594,0.0,23.318666458129883,22.81999969482422,23.266000747680664,0.0,48952500
2017-09-11,24.246000289916992,0.0,24.247333526611328,23.333332061767578,23.42333221435547,0.0,115006500
2017-09-12,24.183332443237305,0.0,24.583999633789062,24.02666664123535,24.299333572387695,0.0,89593500
2017-09-13,24.415332794189453,0.0,24.538000106811523,23.972667694091797,24.254667282104492,0.0,62778000
2017-09-14,25.176000595092773,0.0,25.19733238220215,24.17533302307129,24.288667678833008,0.0,108037500
2017-09-15,25.320667266845703,0.0,25.333332061767578,24.84666633605957,24.96733283996582,0.0,81307500
2017-09-18,25.666667938232422,0.0,25.974000930786133,25.178667068481445,25.350000381469727,0.0,107820000
2017-09-19,25.00666618347168,0.0,25.492666244506836,24.904666900634766,25.333332061767578,0.0,96778500
2017-09-20,24.92733383178711,0.0,25.21666717529297,24.738000869750977,24.866666793823242,0.0,73786500
2017-09-21,24.43199920654297,0.0,25.121999740600586,24.30066680908203,24.99333381652832,0.0,69273000
2017-09-22,23.4060001373291,0.0,24.65999984741211,23.392000198364258,24.432666778564453,0.0,122391000
2017-09-25,22.999332427978516,0.0,23.83133316040039,22.858667373657227,23.543333053588867,0.0,114088500
2017-09-26,23.016666412353516,0.0,23.416000366210938,22.726667404174805,23.39533233642578,0.0,107344500
2017-09-27,22.731332778930664,0.0,23.432666778564453,22.700000762939453,23.32666778564453,0.0,90904500
2017-09-28,22.639999389648438,0.0,22.850000381469727,22.360000610351562,22.658666610717773,0.0,79794000
2017-09-29,22.739999771118164,0.0,22.978666305541992,22.573333740234375,22.790666580200195,0.0,76606500
2017-10-02,22.768667221069336,0.0,22.913333892822266,22.367332458496094,22.834667205810547,0.0,79302000
2017-10-03,23.209333419799805,0.0,23.23666763305664,22.0853328704834,22.393333435058594,0.0,152304000
2017-10-04,23.667333602905273,0.0,23.908000946044922,23.30666732788086,23.416667938232422,0.0,122452500
2017-10-05,23.68866729736328,0.0,23.82933235168457,23.42333221435547,23.733333587646484,0.0,62575500
2017-10-06,23.79199981689453,0.0,24.00666618347168,23.483333587646484,23.540000915527344,0.0,64462500
2017-10-09,22.862667083740234,0.0,23.450000762939453,22.844667434692383,23.309999465942383,0.0,112405500
2017-10-10,23.70599937438965,0.0,23.708667755126953,23.03533363342285,23.1200008392334,0.0,104677500
2017-10-11,23.639999389648438,0.0,23.84000015258789,23.40999984741211,23.592666625976562,0.0,67512000
2017-10-12,23.711999893188477,0.0,23.985332489013672,23.50933265686035,23.530000686645508,0.0,61305000
2017-10-13,23.704666137695312,0.0,23.89933204650879,23.57866668701172,23.798667907714844,0.0,53107500
2017-10-16,23.373332977294922,0.0,23.631999969482422,23.143999099731445,23.583999633789062,0.0,80632500
2017-10-17,23.71666717529297,0.0,23.74799919128418,23.33799934387207,23.393999099731445,0.0,49399500
2017-10-18,23.976667404174805,0.0,24.200000762939453,23.608667373657227,23.731332778930664,0.0,74086500
2017-10-19,23.45400047302246,0.0,23.809999465942383,23.213333129882812,23.70400047302246,0.0,75927000
2017-10-20,23.00666618347168,0.0,23.636667251586914,22.95599937438965,23.512666702270508,0.0,73956000
2017-10-23,22.468000411987305,0.0,23.329999923706055,22.416667938232422,23.325332641601562,0.0,86209500
2017-10-24,22.48933219909668,0.0,22.85333251953125,22.410667419433594,22.586666107177734,0.0,67375500
2017-10-25,21.722667694091797,0.0,22.5,21.570667266845703,22.446666717529297,0.0,128911500
2017-10-26,21.744667053222656,0.0,22.01533317565918,21.546667098999023,21.851999282836914,0.0,75352500
2017-10-27,21.391332626342773,0.0,21.639333724975586,21.110666275024414,21.316667556762695,0.0,104695500
2017-10-30,21.338666915893555,0.0,21.5853328704834,21.149999618530273,21.278667449951172,0.0,63816000
2017-10-31,22.101999282836914,0.0,22.1299991607666,21.345333099365234,21.34866714477539,0.0,85084500
2017-11-01,21.405332565307617,0.0,22.173999786376953,21.35066795349121,22.149999618530273,0.0,126859500
2017-11-02,19.950666427612305,0.0,20.57933235168457,19.5086669921875,20.0086669921875,0.0,296871000
2017-11-03,20.4060001373291,0.0,20.416667938232422,19.67533302307129,19.96666717529297,0.0,133410000
2017-11-06,20.185333251953125,0.0,20.5,19.93400001525879,20.46666717529297,0.0,97290000
2017-11-07,20.40333366394043,0.0,20.433332443237305,20.00200080871582,20.06800079345703,0.0,79414500
2017-11-08,20.292667388916016,0.0,20.459333419799805,20.086666107177734,20.366666793823242,0.0,70879500
2017-11-09,20.19933319091797,0.0,20.297332763671875,19.753332138061523,20.166667938232422,0.0,81706500
2017-11-10,20.19933319091797,0.0,20.55733299255371,20.123332977294922,20.166667938232422,0.0,69381000
2017-11-13,21.02666664123535,0.0,21.1200008392334,19.94066619873047,20.0086669921875,0.0,113773500
2017-11-14,20.579999923706055,0.0,21.09000015258789,20.459999084472656,21.0,0.0,85141500
2017-11-15,20.753332138061523,0.0,20.832666397094727,20.100000381469727,20.400667190551758,0.0,89680500
2017-11-16,20.833332061767578,0.0,21.209333419799805,20.753332138061523,20.932666778564453,0.0,87331500
2017-11-17,21.003332138061523,0.0,21.777999877929688,20.876667022705078,21.711332321166992,0.0,206026500
2017-11-20,20.582666397094727,0.0,21.03333282470703,20.316667556762695,20.91933250427246,0.0,123715500
2017-11-21,21.187332153320312,0.0,21.215333938598633,20.58066749572754,20.724000930786133,0.0,108919500
2017-11-22,20.84000015258789,0.0,21.161333084106445,20.78933334350586,21.118000030517578,0.0,73764000
2017-11-24,21.036666870117188,0.0,21.0939998626709,20.733333587646484,20.91933250427246,0.0,48661500
2017-11-27,21.12066650390625,0.0,21.1560001373291,20.634000778198242,20.883333206176758,0.0,68338500
2017-11-28,21.170000076293945,0.0,21.333332061767578,20.92799949645996,21.090667724609375,0.0,74242500
2017-11-29,20.502666473388672,0.0,21.200000762939453,20.082000732421875,21.15333366394043,0.0,131511000
2017-11-30,20.59000015258789,0.0,20.713333129882812,20.30266761779785,20.570667266845703,0.0,65274000
2017-12-01,20.435333251953125,0.0,20.687999725341797,20.336666107177734,20.362667083740234,0.0,64393500
2017-12-04,20.34666633605957,0.0,20.551332473754883,20.040666580200195,20.433332443237305,0.0,87526500
2017-12-05,20.246667861938477,0.0,20.53333282470703,20.066667556762695,20.133333206176758,0.0,69697500
2017-12-06,20.884000778198242,0.0,20.892667770385742,20.0,20.00666618347168,0.0,107929500
2017-12-07,20.749332427978516,0.0,21.242000579833984,20.73666763305664,20.799999237060547,0.0,71709000
2017-12-08,21.0086669921875,0.0,21.131999969482422,20.750667572021484,20.97333335876465,0.0,52027500
2017-12-11,21.92733383178711,0.0,21.93400001525879,20.916667938232422,20.975332260131836,0.0,119070000
2017-12-12,22.735332489013672,0.0,22.762666702270508,22.00200080871582,22.030000686645508,0.0,130998000
2017-12-13,22.601999282836914,0.0,22.947999954223633,22.433332443237305,22.728666305541992,0.0,93322500
2017-12-14,22.525999069213867,0.0,23.16266632080078,22.459999084472656,22.733999252319336,0.0,86998500
2017-12-15,22.89666748046875,0.0,22.926666259765625,22.384000778198242,22.80266761779785,0.0,103998000
2017-12-18,22.591333389282227,0.0,23.115333557128906,22.505332946777344,22.99333381652832,0.0,82143000
2017-12-19,22.073333740234375,0.0,22.766000747680664,22.020000457763672,22.68400001525879,0.0,102375000
2017-12-20,21.93199920654297,0.0,22.206666946411133,21.66933250427246,22.179332733154297,0.0,89307000
2017-12-21,22.110666275024414,0.0,22.249332427978516,21.81399917602539,21.972667694091797,0.0,65778000
2017-12-22,21.68000030517578,0.0,22.06133270263672,21.654666900634766,21.96733283996582,0.0,63237000
2017-12-26,21.152666091918945,0.0,21.59600067138672,21.10533332824707,21.588666915893555,0.0,65676000
2017-12-27,20.775999069213867,0.0,21.178667068481445,20.71666717529297,21.066667556762695,0.0,70681500
2017-12-28,21.02400016784668,0.0,21.05466651916504,20.63599967956543,20.78333282470703,0.0,64744500
2017-12-29,20.75666618347168,0.0,21.0939998626709,20.666667938232422,21.07866668701172,0.0,56658000
2018-01-02,21.368667602539062,0.0,21.474000930786133,20.733333587646484,20.799999237060547,0.0,65283000
2018-01-03,21.149999618530273,0.0,21.683332443237305,21.036666870117188,21.399999618530273,0.0,67822500
2018-01-04,20.974666595458984,0.0,21.23666763305664,20.3786678314209,20.857999801635742,0.0,149194500
2018-01-05,21.10533332824707,0.0,21.14933204650879,20.799999237060547,21.107999801635742,0.0,68868000
2018-01-08,22.42733383178711,0.0,22.468000411987305,21.03333282470703,21.066667556762695,0.0,147891000
2018-01-09,22.246000289916992,0.0,22.586666107177734,21.82666778564453,22.3439998626709,0.0,107199000
2018-01-10,22.31999969482422,0.0,22.46666717529297,22.0,22.14666748046875,0.0,64648500
2018-01-11,22.530000686645508,0.0,22.987333297729492,22.21733283996582,22.349332809448242,0.0,99682500
2018-01-12,22.4146671295166,0.0,22.694000244140625,22.244667053222656,22.575332641601562,0.0,72376500
2018-01-16,22.67066764831543,0.0,23.0,22.31999969482422,22.502666473388672,0.0,97114500
2018-01-17,23.143999099731445,0.0,23.266666412353516,22.649999618530273,22.697999954223633,0.0,106552500
2018-01-18,22.971332550048828,0.0,23.48666763305664,22.916000366210938,23.044666290283203,0.0,85287000
2018-01-19,23.334667205810547,0.0,23.37266731262207,22.84000015258789,23.0,0.0,73324500
2018-01-22,23.437332153320312,0.0,23.85533332824707,23.280000686645508,23.293333053588867,0.0,93156000
2018-01-23,23.519332885742188,0.0,24.03333282470703,23.399999618530273,24.0,0.0,81981000
2018-01-24,23.05933380126953,0.0,23.649999618530273,22.90133285522461,23.6386661529541,0.0,79312500
2018-01-25,22.50933265686035,0.0,23.280000686645508,22.426666259765625,23.218000411987305,0.0,101104500
2018-01-26,22.856666564941406,0.0,22.933332443237305,22.380666732788086,22.766666412353516,0.0,68091000
2018-01-29,23.302000045776367,0.0,23.389999389648438,22.552000045776367,22.656667709350586,0.0,71206500
2018-01-30,23.05466651916504,0.0,23.218000411987305,22.81133270263672,23.00933265686035,0.0,70765500
2018-01-31,23.62066650390625,0.0,23.746000289916992,23.012666702270508,23.167333602905273,0.0,93211500
2018-02-01,23.28333282470703,0.0,23.977333068847656,23.242000579833984,23.399999618530273,0.0,62965500
2018-02-02,22.916667938232422,0.0,23.463333129882812,22.700666427612305,23.229333877563477,0.0,55572000
2018-02-05,22.208667755126953,0.0,22.96466636657715,22.200000762939453,22.531333923339844,0.0,66961500
2018-02-06,22.264667510986328,0.0,22.4146671295166,21.566667556762695,21.680667877197266,0.0,76326000
2018-02-07,23.0,0.0,23.066667556762695,22.37733268737793,22.599332809448242,0.0,104538000
2018-02-08,21.01533317565918,0.0,23.2413330078125,20.97333335876465,22.887332916259766,0.0,154719000
2018-02-09,20.69466781616211,0.0,21.398666381835938,19.650667190551758,21.32866668701172,0.0,194005500
2018-02-12,21.048667907714844,0.0,21.205333709716797,20.416667938232422,21.075332641601562,0.0,93417000
2018-02-13,21.577333450317383,0.0,21.612667083740234,20.833999633789062,21.001333236694336,0.0,68403000
2018-02-14,21.487333297729492,0.0,21.744667053222656,21.23466682434082,21.389333724975586,0.0,59260500
2018-02-15,22.271333694458008,0.0,22.274667739868164,21.49333381652832,21.633333206176758,0.0,88693500
2018-02-16,22.365999221801758,0.0,22.874666213989258,22.109333038330078,22.166667938232422,0.0,84639000
2018-02-20,22.31800079345703,0.0,22.722667694091797,22.100000381469727,22.29800033569336,0.0,60141000
2018-02-21,22.219999313354492,0.0,22.645999908447266,22.211332321166992,22.402000427246094,0.0,48294000
2018-02-22,23.077999114990234,0.0,23.16266632080078,22.316667556762695,22.368667602539062,0.0,104547000
2018-02-23,23.469999313354492,0.0,23.666000366210938,23.139999389648438,23.18866729736328,0.0,87261000
2018-02-26,23.827999114990234,0.0,23.933332443237305,23.49066734313965,23.566667556762695,0.0,65100000
2018-02-27,23.39933204650879,0.0,23.999332427978516,23.333999633789062,23.75,0.0,71961000
2018-02-28,22.87066650390625,0.0,23.682666778564453,22.814666748046875,23.504667282104492,0.0,91045500
2018-03-01,22.062000274658203,0.0,23.244667053222656,22.004667282104492,23.000667572021484,0.0,103284000
2018-03-02,22.341333389282227,0.0,22.347999572753906,21.531333923339844,21.798667907714844,0.0,76392000
2018-03-05,22.22333335876465,0.0,22.516666412353516,21.952667236328125,22.159332275390625,0.0,57357000
2018-03-06,21.8799991607666,0.0,22.424667358398438,21.802000045776367,22.25,0.0,64285500
2018-03-07,22.15333366394043,0.0,22.166667938232422,21.44933319091797,21.695999145507812,0.0,75109500
2018-03-08,21.940000534057617,0.0,22.219999313354492,21.751333236694336,22.19066619873047,0.0,53493000
2018-03-09,21.81133270263672,0.0,21.89933204650879,21.4913330078125,21.606666564941406,0.0,82602000
2018-03-12,23.034000396728516,0.0,23.1473331451416,21.766666412353516,21.907333374023438,0.0,123960000
2018-03-13,22.78933334350586,0.0,23.1473331451416,21.766666412353516,21.907333374023438,0.0,89487000
2018-03-14,21.775333404541016,0.0,22.65399932861328,21.595333099365234,22.450666427612305,0.0,119511000
2018-03-15,21.706666946411133,0.0,22.190000534057617,21.406667709350586,21.958667755126953,0.0,98472000
2018-03-16,21.42333221435547,0.0,21.82666778564453,21.271333694458008,21.528667449951172,0.0,91759500
2018-03-19,20.90399932861328,0.0,21.383333206176758,20.64466667175293,21.100000381469727,0.0,112264500
2018-03-20,20.703332901000977,0.0,21.083332061767578,20.583999633789062,20.9913330078125,0.0,71464500
2018-03-21,21.101999282836914,0.0,21.496000289916992,20.679332733154297,20.683332443237305,0.0,89376000
2018-03-22,20.606666564941406,0.0,21.254667282104492,20.545333862304688,20.926000595092773,0.0,74097000
2018-03-23,20.1026668548584,0.0,20.75,20.030000686645508,20.75,0.0,99823500
2018-03-26,20.278667449951172,0.0,20.506000518798828,19.423999786376953,20.48933219909668,0.0,125628000
2018-03-27,18.61199951171875,0.0,20.284666061401367,18.478666305541992,20.266666412353516,0.0,208080000
2018-03-28,17.185333251953125,0.0,17.91200065612793,16.80666732788086,17.6386661529541,0.0,315021000
2018-03-29,17.742000579833984,0.0,18.06399917602539,16.547332763671875,17.099332809448242,0.0,227560500
2018-04-02,16.832000732421875,0.0,17.35533332824707,16.305999755859375,17.083999633789062,0.0,241710000
2018-04-03,17.8353328704834,0.0,18.22333335876465,16.965999603271484,17.988000869750977,0.0,282666000
2018-04-04,19.12933349609375,0.0,19.224666595458984,16.799999237060547,16.851999282836914,0.0,298450500
2018-04-05,20.381332397460938,0.0,20.417333602905273,19.213333129882812,19.28933334350586,0.0,286816500
2018-04-06,19.953332901000977,0.0,20.618667602539062,19.700000762939453,20.066667556762695,0.0,202804500
2018-04-09,19.310667037963867,0.0,20.633333206176758,19.28066635131836,20.024667739868164,0.0,153747000
2018-04-10,20.31333351135254,0.0,20.47333335876465,19.57866668701172,19.931333541870117,0.0,164847000
2018-04-11,20.062000274658203,0.0,20.59866714477539,19.977333068847656,20.049333572387695,0.0,112243500
2018-04-12,19.60533332824707,0.0,20.26333236694336,19.57866668701172,20.154666900634766,0.0,114132000
2018-04-13,20.022666931152344,0.0,20.26333236694336,19.73200035095215,20.239999771118164,0.0,109908000
2018-04-16,19.413999557495117,0.0,19.977333068847656,19.267332077026367,19.933332443237305,0.0,95077500
2018-04-17,19.179332733154297,0.0,19.47800064086914,18.833999633789062,19.257999420166016,0.0,105000000
2018-04-18,19.55666732788086,0.0,20.016000747680664,19.21066665649414,19.405332565307617,0.0,98365500
2018-04-19,20.005332946777344,0.0,20.067333221435547,19.23666763305664,19.405332565307617,0.0,91359000
2018-04-20,19.349332809448242,0.0,19.998666763305664,19.316667556762695,19.67799949645996,0.0,84418500
2018-04-23,18.891332626342773,0.0,19.441333770751953,18.82200050354004,19.41933250427246,0.0,73401000
2018-04-24,18.8973331451416,0.0,19.139333724975586,18.56399917602539,19.0,0.0,85279500
2018-04-25,18.71266746520996,0.0,19.01066780090332,18.483333587646484,18.899999618530273,0.0,60204000
2018-04-26,19.031999588012695,0.0,19.05266761779785,18.433332443237305,18.583332061767578,0.0,65340000
2018-04-27,19.60533332824707,0.0,19.631332397460938,18.922000885009766,19.024667739868164,0.0,65469000
2018-04-30,19.593332290649414,0.0,19.915332794189453,19.5,19.573999404907227,0.0,63423000
2018-05-01,19.994667053222656,0.0,20.05466651916504,19.54800033569336,19.567333221435547,0.0,69384000
2018-05-02,20.07666778564453,0.0,20.456666946411133,19.851999282836914,19.904666900634766,0.0,134556000
2018-05-03,18.963333129882812,0.0,19.202667236328125,18.34866714477539,18.586000442504883,0.0,260281500
2018-05-04,19.606000900268555,0.0,19.790666580200195,18.634666442871094,18.866666793823242,0.0,128541000
2018-05-07,20.184667587280273,0.0,20.3973331451416,19.67799949645996,19.833332061767578,0.0,130173000
2018-05-08,20.131332397460938,0.0,20.516666412353516,19.933332443237305,20.053333282470703,0.0,88950000
2018-05-09,20.456666946411133,0.0,20.46733283996582,20.003332138061523,20.027332305908203,0.0,85911000
2018-05-10,20.334667205810547,0.0,20.865999221801758,20.27400016784668,20.5,0.0,84774000
2018-05-11,20.070667266845703,0.0,20.591999053955078,19.93866729736328,20.51333236694336,0.0,70194000
2018-05-14,19.46466636657715,0.0,20.32933235168457,19.441333770751953,20.221332550048828,0.0,109302000
2018-05-15,18.94533348083496,0.0,19.130666732788086,18.700000762939453,19.000667572021484,0.0,142788000
2018-05-16,19.09866714477539,0.0,19.253999710083008,18.770666122436523,18.922000885009766,0.0,85110000
2018-05-17,18.96933364868164,0.0,19.279333114624023,18.931333541870117,19.059999465942383,0.0,66309000
2018-05-18,18.454666137695312,0.0,18.976667404174805,18.266666412353516,18.976667404174805,0.0,108778500
2018-05-21,18.965999603271484,0.0,19.432666778564453,18.753332138061523,18.755332946777344,0.0,137739000
2018-05-22,18.333999633789062,0.0,19.200000762939453,18.22800064086914,19.18400001525879,0.0,134187000
2018-05-23,18.60466766357422,0.0,18.660667419433594,18.266666412353516,18.517332077026367,0.0,89776500
2018-05-24,18.523332595825195,0.0,18.74066734313965,18.326000213623047,18.559999465942383,0.0,62650500
2018-05-25,18.59000015258789,0.0,18.642667770385742,18.374000549316406,18.5086669921875,0.0,58126500
2018-05-29,18.917333602905273,0.0,19.100000381469727,18.40999984741211,18.567333221435547,0.0,84999000
2018-05-30,19.447999954223633,0.0,19.667333602905273,18.773332595825195,18.88599967956543,0.0,112345500
2018-05-31,18.98200035095215,0.0,19.357999801635742,18.86199951171875,19.1473331451416,0.0,88795500
2018-06-01,19.454666137695312,0.0,19.463333129882812,18.922666549682617,19.05733299255371,0.0,81366000
2018-06-04,19.78266716003418,0.0,19.933332443237305,19.56999969482422,19.62266731262207,0.0,71967000
2018-06-05,19.408666610717773,0.0,19.85333251953125,19.115999221801758,19.84666633605957,0.0,89928000
2018-06-06,21.299999237060547,0.0,21.47800064086914,19.832000732421875,20.03333282470703,0.0,281509500
2018-06-07,21.07266616821289,0.0,22.0,20.905332565307617,21.07666778564453,0.0,215179500
2018-06-08,21.17733383178711,0.0,21.631999969482422,21.143333435058594,21.266666412353516,0.0,123078000
2018-06-11,22.139999389648438,0.0,22.310667037963867,21.5,21.500667572021484,0.0,197752500
2018-06-12,22.851333618164062,0.0,23.6646671295166,22.53333282470703,22.979999542236328,0.0,335211000
2018-06-13,22.985332489013672,0.0,23.14666748046875,22.65333366394043,23.11400032043457,0.0,142047000
2018-06-14,23.847999572753906,0.0,23.916667938232422,23.106666564941406,23.17533302307129,0.0,164715000
2018-06-15,23.878000259399414,0.0,24.31133270263672,23.416667938232422,23.589332580566406,0.0,162724500
2018-06-18,24.722000122070312,0.0,24.915332794189453,23.633333206176758,23.69333267211914,0.0,181098000
2018-06-19,23.503332138061523,0.0,24.666667938232422,23.083332061767578,24.3439998626709,0.0,191428500
2018-06-20,24.148000717163086,0.0,24.29199981689453,23.46666717529297,23.869333267211914,0.0,125755500
2018-06-21,23.167333602905273,0.0,24.413999557495117,23.084667205810547,24.133333206176758,0.0,119506500
2018-06-22,22.242000579833984,0.0,23.483333587646484,22.133333206176758,23.43600082397461,0.0,153991500
2018-06-25,22.200666427612305,0.0,22.564666748046875,21.833332061767578,22.007999420166016,0.0,103969500
2018-06-26,22.799999237060547,0.0,22.90333366394043,21.719999313354492,22.40333366394043,0.0,111787500
2018-06-27,22.96666717529297,0.0,23.38599967956543,22.633333206176758,23.0,0.0,125005500
2018-06-28,23.32866668701172,0.0,23.801332473754883,23.073999404907227,23.243999481201172,0.0,125970000
2018-06-29,22.863332748413086,0.0,23.590667724609375,22.827333450317383,23.55533218383789,0.0,97386000
2018-07-02,22.33799934387207,0.0,24.318666458129883,21.989999771118164,24.004667282104492,0.0,281397000
2018-07-03,20.724000930786133,0.0,22.166000366210938,20.645999908447266,22.116666793823242,0.0,184239000
2018-07-05,20.610666275024414,0.0,20.959333419799805,19.74799919128418,20.917333602905273,0.0,262146000
2018-07-06,20.593332290649414,0.0,20.80466651916504,20.133333206176758,20.329999923706055,0.0,132982500
2018-07-09,21.233999252319336,0.0,21.23466682434082,20.53333282470703,20.799333572387695,0.0,113952000
2018-07-10,21.49799919128418,0.0,21.845333099365234,21.280000686645508,21.637332916259766,0.0,142072500
2018-07-11,21.263999938964844,0.0,21.46266746520996,21.004667282104492,21.053333282470703,0.0,73261500
2018-07-12,21.11400032043457,0.0,21.548667907714844,20.851333618164062,21.428667068481445,0.0,85818000
2018-07-13,21.257999420166016,0.0,21.30533218383789,20.616666793823242,21.038667678833008,0.0,88047000
2018-07-16,20.67333221435547,0.0,21.01066780090332,20.416667938232422,20.78066635131836,0.0,117280500
2018-07-17,21.512666702270508,0.0,21.64933204650879,20.566667556762695,20.58733367919922,0.0,104943000
2018-07-18,21.59000015258789,0.0,21.700000762939453,21.083332061767578,21.666667938232422,0.0,84363000
2018-07-19,21.34866714477539,0.0,21.569332122802734,20.93400001525879,21.088666915893555,0.0,88729500
2018-07-20,20.905332565307617,0.0,21.549333572387695,20.78066635131836,21.415332794189453,0.0,77433000
2018-07-23,20.213333129882812,0.0,20.366666793823242,19.52400016784668,20.12266731262207,0.0,164893500
2018-07-24,19.82866668701172,0.0,20.514667510986328,19.503332138061523,20.294666290283203,0.0,143862000
2018-07-25,20.582666397094727,0.0,20.641332626342773,19.633333206176758,19.78266716003418,0.0,106131000
2018-07-26,20.44333267211914,0.0,20.713333129882812,20.242666244506836,20.323333740234375,0.0,69457500
2018-07-27,19.812000274658203,0.0,20.512666702270508,19.689332962036133,20.483333587646484,0.0,85549500
2018-07-30,19.344667434692383,0.0,19.739999771118164,19.075332641601562,19.726667404174805,0.0,102211500
2018-07-31,19.875999450683594,0.0,19.88800048828125,19.271333694458008,19.483333587646484,0.0,76153500
2018-08-01,20.055999755859375,0.0,20.200000762939453,19.53333282470703,19.865999221801758,0.0,151941000
2018-08-02,23.30266761779785,0.0,23.332666397094727,21.54400062561035,21.895999908447266,0.0,348225000
2018-08-03,23.211332321166992,0.0,23.666667938232422,22.8353328704834,23.187332153320312,0.0,204847500
2018-08-06,22.799333572387695,0.0,23.665332794189453,22.788000106811523,23.03066635131836,0.0,128464500
2018-08-07,25.30466651916504,0.0,25.83066749572754,22.610000610351562,22.922666549682617,0.0,463137000
2018-08-08,24.689332962036133,0.0,25.50933265686035,24.474666595458984,24.606000900268555,0.0,368568000
2018-08-09,23.496667861938477,0.0,24.46733283996582,23.048667907714844,24.3700008392334,0.0,257757000
2018-08-10,23.69933319091797,0.0,24.0,23.066667556762695,23.600000381469727,0.0,173280000
2018-08-13,23.76066780090332,0.0,24.21266746520996,23.26799964904785,24.075332641601562,0.0,156958500
2018-08-14,23.176000595092773,0.0,23.946666717529297,23.139999389648438,23.89666748046875,0.0,104796000
2018-08-15,22.57933235168457,0.0,22.965999603271484,22.142667770385742,22.79400062561035,0.0,136519500
2018-08-16,22.363332748413086,0.0,22.818666458129883,22.254667282104492,22.660667419433594,0.0,90960000
2018-08-17,20.366666793823242,0.0,21.784666061401367,20.235332489013672,21.566667556762695,0.0,284379000
2018-08-20,20.562667846679688,0.0,20.566667556762695,19.213333129882812,19.446666717529297,0.0,261034500
2018-08-21,21.459999084472656,0.0,21.652666091918945,20.600000381469727,20.707332611083984,0.0,197583000
2018-08-22,21.44266700744629,0.0,21.591999053955078,20.97800064086914,21.391332626342773,0.0,89190000
2018-08-23,21.34000015258789,0.0,21.821332931518555,21.206666946411133,21.275999069213867,0.0,77209500
2018-08-24,21.521333694458008,0.0,21.59000015258789,21.293333053588867,21.3799991607666,0.0,54039000
2018-08-27,21.284666061401367,0.0,21.496000289916992,20.58733367919922,21.200000762939453,0.0,196189500
2018-08-28,20.790666580200195,0.0,21.2586669921875,20.746000289916992,21.227333068847656,0.0,114736500
2018-08-29,20.333999633789062,0.0,20.790000915527344,20.246000289916992,20.684667587280273,0.0,111711000
2018-08-30,20.209999084472656,0.0,20.30666732788086,19.847999572753906,20.150667190551758,0.0,108250500
2018-08-31,20.110666275024414,0.0,20.354000091552734,19.906667709350586,20.133333206176758,0.0,80626500
2018-09-04,19.26333236694336,0.0,19.87933349609375,19.200000762939453,19.79599952697754,0.0,125257500
2018-09-05,18.715999603271484,0.0,19.118667602539062,18.478666305541992,19.003332138061523,0.0,115812000
2018-09-06,18.729999542236328,0.0,19.411333084106445,18.591999053955078,18.98666763305664,0.0,112212000
2018-09-07,17.549333572387695,0.0,17.889999389648438,16.816667556762695,17.34000015258789,0.0,337378500
2018-09-10,19.03333282470703,0.0,19.068666458129883,18.066667556762695,18.21733283996582,0.0,214252500
2018-09-11,18.62933349609375,0.0,18.799999237060547,18.23666763305664,18.631332397460938,0.0,137550000
2018-09-12,19.369333267211914,0.0,19.5,18.57666778564453,18.762666702270508,0.0,150231000
2018-09-13,19.297332763671875,0.0,19.666667938232422,19.011999130249023,19.201332092285156,0.0,95104500
2018-09-14,19.68000030517578,0.0,19.82200050354004,19.101333618164062,19.250667572021484,0.0,101484000
2018-09-17,19.6560001373291,0.0,20.058000564575195,19.208667755126953,19.336000442504883,0.0,103314000
2018-09-18,18.997333526611328,0.0,20.176000595092773,18.366666793823242,19.779333114624023,0.0,248212500
2018-09-19,19.934667587280273,0.0,20.0,18.700000762939453,18.700666427612305,0.0,124423500
2018-09-20,19.8886661529541,0.0,20.398666381835938,19.55533218383789,20.237333297729492,0.0,110241000
2018-09-21,19.940000534057617,0.0,20.038667678833008,19.691333770751953,19.84666633605957,0.0,75757500
2018-09-24,19.978666305541992,0.0,20.200000762939453,19.57200050354004,19.898666381835938,0.0,72645000
2018-09-25,20.06599998474121,0.0,20.30666732788086,19.766666412353516,20.0,0.0,67225500
2018-09-26,20.6386661529541,0.0,20.926000595092773,20.073999404907227,20.12733268737793,0.0,117648000
2018-09-27,20.501333236694336,0.0,20.997333526611328,20.46066665649414,20.860000610351562,0.0,127636500
2018-09-28,17.65133285522461,0.0,18.53333282470703,17.37066650390625,18.017332077026367,0.0,504745500
2018-10-01,20.713333129882812,0.0,20.762666702270508,20.06999969482422,20.384666442871094,0.0,326664000
2018-10-02,20.06800079345703,0.0,21.12266731262207,19.94333267211914,20.93000030517578,0.0,176152500
2018-10-03,19.65333366394043,0.0,20.30666732788086,19.437999725341797,20.222000122070312,0.0,119925000
2018-10-04,18.788667678833008,0.0,19.600000381469727,18.511333465576172,19.59666633605957,0.0,147213000
2018-10-05,17.463333129882812,0.0,18.325332641601562,17.333332061767578,18.309999465942383,0.0,269167500
2018-10-08,16.70400047302246,0.0,17.85066795349121,16.600000381469727,17.634666442871094,0.0,202090500
2018-10-09,17.520000457763672,0.0,17.784666061401367,16.886667251586914,17.016666412353516,0.0,180909000
2018-10-10,17.125333786010742,0.0,17.700666427612305,16.51799964904785,17.640666961669922,0.0,192229500
2018-10-11,16.815332412719727,0.0,17.483333587646484,16.601999282836914,17.16866683959961,0.0,122515500
2018-10-12,17.25200080871582,0.0,17.465999603271484,16.80066680908203,17.399999618530273,0.0,108021000
2018-10-15,17.305999755859375,0.0,17.552000045776367,16.96933364868164,17.270666122436523,0.0,93000000
2018-10-16,18.439332962036133,0.0,18.492000579833984,17.482667922973633,17.713333129882812,0.0,142896000
2018-10-17,18.118667602539062,0.0,18.84666633605957,17.719999313354492,18.82666778564453,0.0,129832500
2018-10-18,17.5939998626709,0.0,18.066667556762695,17.53333282470703,17.952667236328125,0.0,81318000
2018-10-19,17.333332061767578,0.0,17.977333068847656,16.899999618530273,17.826000213623047,0.0,140632500
2018-10-22,17.39666748046875,0.0,17.457332611083984,16.839332580566406,17.3786678314209,0.0,84004500
2018-10-23,19.609333038330078,0.0,19.86199951171875,17.47333335876465,17.591333389282227,0.0,285417000
2018-10-24,19.233333587646484,0.0,20.29599952697754,19.048667907714844,20.06999969482422,0.0,300874500
2018-10-25,20.99066734313965,0.0,21.399999618530273,20.067333221435547,21.148000717163086,0.0,312610500
2018-10-26,22.059999465942383,0.0,22.65999984741211,20.44333267211914,20.549999237060547,0.0,411382500
2018-10-29,22.323333740234375,0.0,23.143999099731445,21.766666412353516,22.49799919128418,0.0,217290000
2018-10-30,21.99333381652832,0.0,22.52666664123535,21.483999252319336,21.892667770385742,0.0,136900500
2018-10-31,22.488000869750977,0.0,22.799999237060547,21.940000534057617,22.16933250427246,0.0,114364500
2018-11-01,22.95199966430664,0.0,23.189332962036133,22.315332412719727,22.55066680908203,0.0,120001500
2018-11-02,23.0939998626709,0.0,23.280000686645508,22.727333068847656,22.916000366210938,0.0,117120000
2018-11-05,22.760000228881836,0.0,22.930667877197266,22.00933265686035,22.700000762939453,0.0,117465000
2018-11-06,22.737333297729492,0.0,23.253332138061523,22.4060001373291,22.60466766357422,0.0,101443500
2018-11-07,23.21066665649414,0.0,23.41200065612793,22.719999313354492,22.889333724975586,0.0,110617500
2018-11-08,23.426666259765625,0.0,23.838666915893555,23.229333877563477,23.233333587646484,0.0,106360500
2018-11-09,23.367332458496094,0.0,23.600000381469727,23.01533317565918,23.266666412353516,0.0,76482000
2018-11-12,22.0853328704834,0.0,23.318666458129883,22.022666931152344,23.224666595458984,0.0,104122500
2018-11-13,22.582000732421875,0.0,22.979999542236328,22.14666748046875,22.21066665649414,0.0,81729000
2018-11-14,22.933332443237305,0.0,23.140666961669922,22.476667404174805,22.84666633605957,0.0,75604500
2018-11-15,23.229333877563477,0.0,23.238666534423828,22.6026668548584,22.82200050354004,0.0,69385500
2018-11-16,23.62066650390625,0.0,23.713333129882812,23.007999420166016,23.012666702270508,0.0,108093000
2018-11-19,23.564666748046875,0.0,24.450000762939453,23.525333404541016,23.756000518798828,0.0,145633500
2018-11-20,23.166000366210938,0.0,23.31999969482422,22.23666763305664,22.78333282470703,0.0,120070500
2018-11-21,22.54599952697754,0.0,23.540000915527344,22.49333381652832,23.46666717529297,0.0,70302000
2018-11-23,21.722000122070312,0.0,22.5,21.703332901000977,22.290000915527344,0.0,63039000
2018-11-26,23.066667556762695,0.0,23.08133316040039,21.666667938232422,21.666667938232422,0.0,119881500
2018-11-27,22.92799949645996,0.0,23.130666732788086,22.366666793823242,22.670000076293945,0.0,95374500
2018-11-28,23.191333770751953,0.0,23.218666076660156,22.81399917602539,23.06599998474121,0.0,61914000
2018-11-29,22.744667053222656,0.0,23.166667938232422,22.636667251586914,23.133333206176758,0.0,46210500
2018-11-30,23.365333557128906,0.0,23.440000534057617,22.55066680908203,22.788667678833008,0.0,84436500
2018-12-03,23.89933204650879,0.0,24.399999618530273,23.46666717529297,24.0,0.0,124597500
2018-12-04,23.979999542236328,0.0,24.57866668701172,23.46666717529297,23.73666763305664,0.0,126928500
2018-12-06,24.20400047302246,0.0,24.492000579833984,23.384000778198242,23.733999252319336,0.0,117637500
2018-12-07,23.864667892456055,0.0,25.299333572387695,23.843332290649414,24.600000381469727,0.0,172668000
2018-12-10,24.343332290649414,0.0,24.398666381835938,23.541332244873047,24.0,0.0,99202500
2018-12-11,24.450666427612305,0.0,24.81133270263672,24.01533317565918,24.660667419433594,0.0,94632000
2018-12-12,24.440000534057617,0.0,24.79400062561035,24.3439998626709,24.628000259399414,0.0,75405000
2018-12-13,25.119333267211914,0.0,25.16266632080078,24.450000762939453,24.676666259765625,0.0,110488500
2018-12-14,24.380666732788086,0.0,25.191333770751953,24.288667678833008,25.0,0.0,95064000
2018-12-17,23.22800064086914,0.0,24.3799991607666,22.92533302307129,24.133333206176758,0.0,115110000
2018-12-18,22.468666076660156,0.0,23.43666648864746,22.246000289916992,23.369333267211914,0.0,106500000
2018-12-19,22.197999954223633,0.0,23.134000778198242,21.982667922973633,22.50666618347168,0.0,124113000
2018-12-20,21.025333404541016,0.0,22.019332885742188,20.791332244873047,21.803333282470703,0.0,136078500
2018-12-21,21.31800079345703,0.0,21.564666748046875,20.82933235168457,21.15999984741211,0.0,120252000
2018-12-24,19.69266700744629,0.0,20.96666717529297,19.68000030517578,20.899999618530273,0.0,83398500
2018-12-26,21.73933219909668,0.0,21.79800033569336,19.606000900268555,20.0,0.0,122446500
2018-12-27,21.075332641601562,0.0,21.47800064086914,20.100000381469727,21.32266616821289,0.0,128626500
2018-12-28,22.257999420166016,0.0,22.416000366210938,21.227333068847656,21.540000915527344,0.0,149085000
2018-12-31,22.18666648864746,0.0,22.61400032043457,21.68400001525879,22.519332885742188,0.0,94534500
2019-01-02,20.674667358398438,0.0,21.0086669921875,19.920000076293945,20.406667709350586,0.0,174879000
2019-01-03,20.02400016784668,0.0,20.626667022705078,19.825332641601562,20.46666717529297,0.0,104478000
2019-01-04,21.179332733154297,0.0,21.200000762939453,20.18199920654297,20.399999618530273,0.0,110911500
2019-01-07,22.33066749572754,0.0,22.44933319091797,21.183332443237305,21.447999954223633,0.0,113268000
2019-01-08,22.356666564941406,0.0,22.93400001525879,21.801332473754883,22.797332763671875,0.0,105127500
2019-01-09,22.568666458129883,0.0,22.899999618530273,22.097999572753906,22.366666793823242,0.0,81493500
2019-01-10,22.99799919128418,0.0,23.025999069213867,22.119333267211914,22.293333053588867,0.0,90846000
2019-01-11,23.150667190551758,0.0,23.227333068847656,22.584667205810547,22.805999755859375,0.0,75586500
2019-01-14,22.293333053588867,0.0,22.833332061767578,22.266666412353516,22.825332641601562,0.0,78709500
2019-01-15,22.961999893188477,0.0,23.253332138061523,22.299999237060547,22.333332061767578,0.0,90849000
2019-01-16,23.06999969482422,0.0,23.46666717529297,22.899999618530273,22.985332489013672,0.0,70375500
2019-01-17,23.15399932861328,0.0,23.433332443237305,22.94333267211914,23.08066749572754,0.0,55150500
2019-01-18,20.150667190551758,0.0,21.808666229248047,19.98200035095215,21.53333282470703,0.0,362262000
2019-01-22,19.92799949645996,0.0,20.53333282470703,19.700000762939453,20.321332931518555,0.0,181000500
2019-01-23,19.172666549682617,0.0,19.633333206176758,18.779333114624023,19.5,0.0,187950000
2019-01-24,19.43400001525879,0.0,19.57866668701172,18.618667602539062,18.868667602539062,0.0,120183000
2019-01-25,19.80266761779785,0.0,19.90133285522461,19.303333282470703,19.625999450683594,0.0,108744000
2019-01-28,19.7586669921875,0.0,19.83066749572754,19.183332443237305,19.527332305908203,0.0,96349500
2019-01-29,19.83066749572754,0.0,19.90399932861328,19.453332901000977,19.684667587280273,0.0,69325500
2019-01-30,20.584667205810547,0.0,20.600000381469727,19.89933204650879,20.030000686645508,0.0,168754500
2019-01-31,20.468000411987305,0.0,20.770666122436523,19.600000381469727,20.066667556762695,0.0,188538000
2019-02-01,20.81399917602539,0.0,21.073333740234375,20.233333587646484,20.3613338470459,0.0,109251000
2019-02-04,20.859333038330078,0.0,21.020000457763672,20.125333786010742,20.865333557128906,0.0,110281500
2019-02-05,21.42333221435547,0.0,21.496000289916992,20.816667556762695,20.832666397094727,0.0,101142000
2019-02-06,21.148000717163086,0.0,21.615999221801758,21.041332244873047,21.305999755859375,0.0,75577500
2019-02-07,20.500667572021484,0.0,20.979999542236328,20.200000762939453,20.886667251586914,0.0,97809000
2019-02-08,20.386667251586914,0.0,20.496667861938477,19.899999618530273,20.455333709716797,0.0,87663000
2019-02-11,20.856000900268555,0.0,21.239999771118164,20.700000762939453,20.773332595825195,0.0,106945500
2019-02-12,20.78733253479004,0.0,21.21266746520996,20.641332626342773,21.079999923706055,0.0,82764000
2019-02-13,20.544666290283203,0.0,20.850000381469727,20.3713321685791,20.823333740234375,0.0,77124000
2019-02-14,20.251333236694336,0.0,20.451332092285156,20.066667556762695,20.225332260131836,0.0,78012000
2019-02-15,20.525333404541016,0.0,20.53333282470703,20.260000228881836,20.299999237060547,0.0,58573500
2019-02-19,20.375999450683594,0.0,20.769332885742188,20.364667892456055,20.437332153320312,0.0,62526000
2019-02-20,20.17066764831543,0.0,20.420000076293945,19.933332443237305,20.29400062561035,0.0,107131500
2019-02-21,19.415332794189453,0.0,20.215999603271484,19.366666793823242,20.12066650390625,0.0,133638000
2019-02-22,19.6473331451416,0.0,19.766666412353516,19.47333335876465,19.632667541503906,0.0,86109000
2019-02-25,19.917999267578125,0.0,20.19333267211914,19.799999237060547,19.860666275024414,0.0,99397500
2019-02-26,19.857332229614258,0.0,20.134000778198242,19.251333236694336,19.481332778930664,0.0,128737500
2019-02-27,20.982667922973633,0.0,21.086666107177734,20.036666870117188,20.118667602539062,0.0,167758500
2019-02-28,21.325332641601562,0.0,21.333332061767578,20.720666885375977,21.261333465576172,0.0,157810500
2019-03-01,19.652666091918945,0.0,20.475332260131836,19.459999084472656,20.46266746520996,0.0,343671000
2019-03-04,19.02400016784668,0.0,19.933332443237305,18.851999282836914,19.874666213989258,0.0,256452000
2019-03-05,18.43600082397461,0.0,18.933332443237305,18.00666618347168,18.799999237060547,0.0,281470500
2019-03-06,18.416000366210938,0.0,18.767332077026367,18.292667388916016,18.43199920654297,0.0,155032500
2019-03-07,18.439332962036133,0.0,18.979999542236328,18.28333282470703,18.589332580566406,0.0,141637500
2019-03-08,18.94266700744629,0.0,19.03933334350586,18.392667770385742,18.46066665649414,0.0,132294000
2019-03-11,19.39466667175293,0.0,19.41866683959961,18.700000762939453,18.90133285522461,0.0,110884500
2019-03-12,18.890666961669922,0.0,19.204666137695312,18.737333297729492,19.099332809448242,0.0,112561500
2019-03-13,19.263999938964844,0.0,19.465999603271484,18.84666633605957,18.926666259765625,0.0,102670500
2019-03-14,19.33066749572754,0.0,19.69266700744629,19.21933364868164,19.496667861938477,0.0,106551000
2019-03-15,18.36199951171875,0.0,18.9146671295166,18.293333053588867,18.900667190551758,0.0,221782500
2019-03-18,17.965999603271484,0.0,18.536666870117188,17.81999969482422,18.399999618530273,0.0,154215000
2019-03-19,17.83133316040039,0.0,18.219999313354492,17.56399917602539,17.833332061767578,0.0,177009000
2019-03-20,18.239999771118164,0.0,18.33133316040039,17.753332138061523,17.979333877563477,0.0,103623000
2019-03-21,18.26799964904785,0.0,18.43000030517578,17.89666748046875,18.17333221435547,0.0,89206500
2019-03-22,17.635332107543945,0.0,18.18666648864746,17.600000381469727,18.172000885009766,0.0,131184000
2019-03-25,17.3613338470459,0.0,17.545333862304688,16.964000701904297,17.31399917602539,0.0,153225000
2019-03-26,17.851333618164062,0.0,18.017332077026367,17.6286678314209,17.62933349609375,0.0,110263500
2019-03-27,18.32200050354004,0.0,18.357999801635742,17.8786678314209,17.916667938232422,0.0,131688000
2019-03-28,18.57466697692871,0.0,18.68866729736328,18.34000015258789,18.477333068847656,0.0,101611500
2019-03-29,18.657333374023438,0.0,18.67733383178711,18.299999237060547,18.579999923706055,0.0,89869500
2019-04-01,19.278667449951172,0.0,19.280000686645508,18.75200080871582,18.841333389282227,0.0,121656000
2019-04-02,19.058666229248047,0.0,19.29599952697754,18.92533302307129,19.219999313354492,0.0,82183500
2019-04-03,19.45400047302246,0.0,19.744667053222656,19.14466667175293,19.154666900634766,0.0,118791000
2019-04-04,17.851999282836914,0.0,18.079999923706055,17.37266731262207,17.459333419799805,0.0,355810500
2019-04-05,18.33066749572754,0.0,18.406667709350586,17.74066734313965,17.99066734313965,0.0,195574500
2019-04-08,18.213333129882812,0.0,18.743999481201172,18.029333114624023,18.512666702270508,0.0,156156000
2019-04-09,18.15399932861328,0.0,18.333332061767578,17.974000930786133,18.110000610351562,0.0,88560000
2019-04-10,18.40399932861328,0.0,18.558666229248047,18.19266700744629,18.44933319091797,0.0,105919500
2019-04-11,17.89466667175293,0.0,18.03333282470703,17.706666946411133,17.886667251586914,0.0,147538500
2019-04-12,17.84666633605957,0.0,18.1299991607666,17.788667678833008,18.014667510986328,0.0,101190000
2019-04-15,17.7586669921875,0.0,17.92533302307129,17.242000579833984,17.908666610717773,0.0,150579000
2019-04-16,18.224000930786133,0.0,18.333332061767578,17.648000717163086,17.71666717529297,0.0,109093500
2019-04-17,18.082000732421875,0.0,18.319332122802734,17.902666091918945,18.316667556762695,0.0,76897500
2019-04-18,18.21733283996582,0.0,18.32266616821289,17.983333587646484,18.082000732421875,0.0,88144500
2019-04-22,17.516666412353516,0.0,17.978666305541992,17.498666763305664,17.933332443237305,0.0,182206500
2019-04-23,17.593332290649414,0.0,17.706666946411133,17.049999237060547,17.343332290649414,0.0,164158500
2019-04-24,17.243999481201172,0.0,17.687999725341797,17.200000762939453,17.59000015258789,0.0,160912500
2019-04-25,16.5086669921875,0.0,17.266666412353516,16.404666900634766,17.0,0.0,327741000
2019-04-26,15.675999641418457,0.0,16.44533348083496,15.408666610717773,16.433332443237305,0.0,335410500
2019-04-29,16.097999572753906,0.0,16.26533317565918,15.477999687194824,15.723999977111816,0.0,250717500
2019-04-30,15.912667274475098,0.0,16.28066635131836,15.800000190734863,16.137332916259766,0.0,141969000
2019-05-01,15.600666999816895,0.0,16.0,15.433333396911621,15.923333168029785,0.0,160566000
2019-05-02,16.273332595825195,0.0,16.475332260131836,15.847999572753906,16.368000030517578,0.0,272389500
2019-05-03,17.00200080871582,0.0,17.107332229614258,16.232667922973633,16.257333755493164,0.0,355602000
2019-05-06,17.022666931152344,0.0,17.22333335876465,16.566667556762695,16.667999267578125,0.0,162508500
2019-05-07,16.470666885375977,0.0,17.1473331451416,16.34000015258789,17.1200008392334,0.0,151971000
2019-05-08,16.32266616821289,0.0,16.706666946411133,16.280000686645508,16.46266746520996,0.0,92646000
2019-05-09,16.131999969482422,0.0,16.245332717895508,15.795999526977539,16.133333206176758,0.0,100671000
2019-05-10,15.968000411987305,0.0,16.132667541503906,15.73466682434082,15.983332633972168,0.0,105124500
2019-05-13,15.133999824523926,0.0,15.498000144958496,14.966667175292969,15.46733283996582,0.0,162522000
2019-05-14,15.487333297729492,0.0,15.633333206176758,15.199999809265137,15.286666870117188,0.0,108786000
2019-05-15,15.463333129882812,0.0,15.496000289916992,15.016667366027832,15.288000106811523,0.0,109440000
2019-05-16,15.222000122070312,0.0,15.399999618530273,15.100000381469727,15.299332618713379,0.0,112249500
2019-05-17,14.0686674118042,0.0,14.815999984741211,13.928000450134277,14.797332763671875,0.0,266800500
2019-05-20,13.690667152404785,0.0,13.733332633972168,13.016667366027832,13.520000457763672,0.0,307893000
2019-05-21,13.67199993133545,0.0,13.826666831970215,13.06933307647705,13.184000015258789,0.0,270058500
2019-05-22,12.84866714477539,0.0,13.595999717712402,12.785332679748535,13.273332595825195,0.0,280278000
2019-05-23,13.03266716003418,0.0,13.29800033569336,12.414667129516602,12.956000328063965,0.0,398206500
2019-05-24,12.708666801452637,0.0,13.331999778747559,12.583333015441895,13.321999549865723,0.0,212049000
2019-05-28,12.579999923706055,0.0,13.0,12.523332595825195,12.74666690826416,0.0,154693500
2019-05-29,12.657333374023438,0.0,12.826000213623047,12.336000442504883,12.473333358764648,0.0,179529000
2019-05-30,12.54800033569336,0.0,12.817333221435547,12.468000411987305,12.583333015441895,0.0,118897500
2019-05-31,12.343999862670898,0.0,12.661333084106445,12.273332595825195,12.34000015258789,0.0,156100500
2019-06-03,11.9313325881958,0.0,12.445332527160645,11.799332618713379,12.36733341217041,0.0,195966000
2019-06-04,12.90666675567627,0.0,12.932000160217285,11.973999977111816,12.073332786560059,0.0,207112500
2019-06-05,13.105999946594238,0.0,13.41866683959961,12.789999961853027,13.245332717895508,0.0,202662000
2019-06-06,13.729999542236328,0.0,14.066666603088379,13.453332901000977,13.629332542419434,0.0,303633000
2019-06-07,13.633333206176758,0.0,14.055999755859375,13.566666603088379,13.666666984558105,0.0,240052500
2019-06-10,14.192000389099121,0.0,14.462667465209961,13.934000015258789,14.016667366027832,0.0,158775000
2019-06-11,14.473333358764648,0.0,14.726667404174805,14.233332633972168,14.609333038330078,0.0,174802500
2019-06-12,13.950667381286621,0.0,14.892000198364258,13.933333396911621,14.863332748413086,0.0,227962500
2019-06-13,14.260666847229004,0.0,14.326666831970215,13.833999633789062,14.025333404541016,0.0,122524500
2019-06-14,14.32800006866455,0.0,14.44333267211914,14.026666641235352,14.083333015441895,0.0,111501000
2019-06-17,15.001999855041504,0.0,15.133333206176758,14.284667015075684,14.36533260345459,0.0,184752000
2019-06-18,14.982666969299316,0.0,15.649333000183105,14.837332725524902,15.248000144958496,0.0,190737000
2019-06-19,15.095333099365234,0.0,15.184666633605957,14.737333297729492,15.007332801818848,0.0,98626500
2019-06-20,14.641332626342773,0.0,15.126667022705078,14.423333168029785,14.866666793823242,0.0,177952500
2019-06-21,14.790666580200195,0.0,14.812000274658203,14.366666793823242,14.414667129516602,0.0,123031500
2019-06-24,14.909333229064941,0.0,15.057332992553711,14.73466682434082,14.88266658782959,0.0,86262000
2019-06-25,14.650667190551758,0.0,15.022666931152344,14.63266658782959,14.959333419799805,0.0,92731500
2019-06-26,14.618000030517578,0.0,15.148667335510254,14.539999961853027,14.687333106994629,0.0,127608000
2019-06-27,14.855999946594238,0.0,14.859999656677246,14.489999771118164,14.630000114440918,0.0,95095500
2019-06-28,14.897333145141602,0.0,15.011333465576172,14.720000267028809,14.732666969299316,0.0,102771000
2019-07-01,15.14466667175293,0.0,15.539999961853027,15.085332870483398,15.347332954406738,0.0,123201000
2019-07-02,14.970000267028809,0.0,15.276666641235352,14.814666748046875,15.259332656860352,0.0,138885000
2019-07-03,15.65999984741211,0.0,16.10466766357422,15.633999824523926,15.959333419799805,0.0,213016500
2019-07-05,15.539999961853027,0.0,15.696666717529297,15.386667251586914,15.637999534606934,0.0,105985500
2019-07-08,15.355999946594238,0.0,15.483332633972168,15.244000434875488,15.416000366210938,0.0,88207500
2019-07-09,15.337332725524902,0.0,15.399999618530273,15.152000427246094,15.264666557312012,0.0,92862000
2019-07-10,15.928000450134277,0.0,15.929332733154297,15.542667388916016,15.609999656677246,0.0,137185500
2019-07-11,15.90666675567627,0.0,16.100000381469727,15.720000267028809,15.87600040435791,0.0,112716000
2019-07-12,16.338666915893555,0.0,16.358667373657227,15.980667114257812,15.983332633972168,0.0,138007500
2019-07-15,16.899999618530273,0.0,16.961332321166992,16.323999404907227,16.53333282470703,0.0,165001500
2019-07-16,16.825332641601562,0.0,16.902000427246094,16.528667449951172,16.6200008392334,0.0,122235000
2019-07-17,16.99066734313965,0.0,17.220666885375977,16.889999389648438,17.044666290283203,0.0,146470500
2019-07-18,16.902666091918945,0.0,17.049999237060547,16.792667388916016,17.003332138061523,0.0,71379000
2019-07-19,17.211999893188477,0.0,17.33066749572754,16.974666595458984,17.04599952697754,0.0,105726000
2019-07-22,17.045333862304688,0.0,17.476667404174805,16.945999145507812,17.25,0.0,102636000
2019-07-23,17.344667434692383,0.0,17.365333557128906,16.96666717529297,17.11400032043457,0.0,75346500
2019-07-24,17.658666610717773,0.0,17.738000869750977,17.21066665649414,17.277999877929688,0.0,166092000
2019-07-25,15.254667282104492,0.0,15.633333206176758,15.036666870117188,15.566666603088379,0.0,336274500
2019-07-26,15.202667236328125,0.0,15.350666999816895,14.816666603088379,15.128000259399414,0.0,150415500
2019-07-29,15.718000411987305,0.0,15.72933292388916,15.0686674118042,15.13933277130127,0.0,139099500
2019-07-30,16.150667190551758,0.0,16.224000930786133,15.478667259216309,15.526666641235352,0.0,121635000
2019-07-31,16.107332229614258,0.0,16.44533348083496,15.776666641235352,16.200000762939453,0.0,137673000
2019-08-01,15.59000015258789,0.0,16.30066680908203,15.451333045959473,16.176666259765625,0.0,123892500
2019-08-02,15.62266731262207,0.0,15.751333236694336,15.281999588012695,15.423333168029785,0.0,92047500
2019-08-05,15.221332550048828,0.0,15.424667358398438,15.052000045776367,15.30666732788086,0.0,105424500
2019-08-06,15.383333206176758,0.0,15.5,15.050000190734863,15.458666801452637,0.0,83463000
2019-08-07,15.561332702636719,0.0,15.571332931518555,15.053333282470703,15.100000381469727,0.0,71647500
2019-08-08,15.886667251586914,0.0,15.986666679382324,15.510000228881836,15.630000114440918,0.0,79114500
2019-08-09,15.667332649230957,0.0,15.93066692352295,15.587332725524902,15.736666679382324,0.0,58473000
2019-08-12,15.267333030700684,0.0,15.718000411987305,15.25,15.53266716003418,0.0,69958500
2019-08-13,15.666666984558105,0.0,15.733332633972168,15.170000076293945,15.253999710083008,0.0,72721500
2019-08-14,14.641332626342773,0.0,15.433333396911621,14.446000099182129,15.413999557495117,0.0,143439000
2019-08-15,14.37600040435791,0.0,14.77066707611084,14.103333473205566,14.723999977111816,0.0,122394000
2019-08-16,14.662667274475098,0.0,14.815999984741211,14.40133285522461,14.444000244140625,0.0,76477500
2019-08-19,15.121999740600586,0.0,15.188667297363281,14.779999732971191,14.947333335876465,0.0,79644000
2019-08-20,15.057332992553711,0.0,15.272666931152344,14.969332695007324,15.174667358398438,0.0,61878000
2019-08-21,14.722000122070312,0.0,14.881333351135254,14.506667137145996,14.800666809082031,0.0,116914500
2019-08-22,14.8100004196167,0.0,15.026666641235352,14.54800033569336,14.853333473205566,0.0,98385000
2019-08-23,14.09333324432373,0.0,14.744667053222656,14.066666603088379,14.664667129516602,0.0,128079000
2019-08-26,14.333333015441895,0.0,14.334667205810547,14.102666854858398,14.239999771118164,0.0,75778500
2019-08-27,14.272000312805176,0.0,14.58666706085205,14.135333061218262,14.38266658782959,0.0,81243000
2019-08-28,14.37266731262207,0.0,14.483332633972168,14.154000282287598,14.246000289916992,0.0,48382500
2019-08-29,14.780667304992676,0.0,14.893333435058594,14.533332824707031,14.600000381469727,0.0,77692500
2019-08-30,15.040666580200195,0.0,15.496000289916992,14.947333335876465,15.276666641235352,0.0,139809000
2019-09-03,15.000666618347168,0.0,15.263333320617676,14.87733268737793,14.938667297363281,0.0,80311500
2019-09-04,14.711999893188477,0.0,15.230667114257812,14.61400032043457,15.12600040435791,0.0,86415000
2019-09-05,15.305333137512207,0.0,15.319999694824219,14.723333358764648,14.833333015441895,0.0,110929500
2019-09-06,15.16333293914795,0.0,15.309332847595215,15.011333465576172,15.146666526794434,0.0,62841000
2019-09-09,15.452667236328125,0.0,15.583999633789062,15.281999588012695,15.333333015441895,0.0,72040500
2019-09-10,15.702667236328125,0.0,15.702667236328125,15.262666702270508,15.386667251586914,0.0,73255500
2019-09-11,16.47333335876465,0.0,16.544666290283203,15.733332633972168,15.825332641601562,0.0,150642000
2019-09-12,16.391332626342773,0.0,16.899999618530273,16.293333053588867,16.51333236694336,0.0,128718000
2019-09-13,16.34666633605957,0.0,16.56333351135254,16.32466697692871,16.464000701904297,0.0,79696500
2019-09-16,16.187332153320312,0.0,16.495332717895508,16.077999114990234,16.399999618530273,0.0,70921500
2019-09-17,16.319332122802734,0.0,16.373332977294922,16.024667739868164,16.1646671295166,0.0,57981000
2019-09-18,16.232667922973633,0.0,16.544666290283203,16.158000946044922,16.333332061767578,0.0,62553000
2019-09-19,16.440000534057617,0.0,16.529333114624023,16.32266616821289,16.399999618530273,0.0,71937000
2019-09-20,16.041332244873047,0.0,16.463333129882812,15.87733268737793,16.432666778564453,0.0,95295000
2019-09-23,16.082000732421875,0.0,16.345333099365234,15.947999954223633,16.0,0.0,65103000
2019-09-24,14.880666732788086,0.0,16.132667541503906,14.840666770935059,16.101333618164062,0.0,193372500
2019-09-25,15.24666690826416,0.0,15.26533317565918,14.557332992553711,14.970666885375977,0.0,141406500
2019-09-26,16.17066764831543,0.0,16.220666885375977,15.15999984741211,15.37733268737793,0.0,178267500
2019-09-27,16.142000198364258,0.0,16.58066749572754,15.915332794189453,16.14666748046875,0.0,166746000
2019-09-30,16.058000564575195,0.0,16.26533317565918,15.740667343139648,16.200000762939453,0.0,88197000
2019-10-01,16.312667846679688,0.0,16.39666748046875,15.942000389099121,16.100000381469727,0.0,92439000
2019-10-02,16.208667755126953,0.0,16.309999465942383,15.961999893188477,16.21933364868164,0.0,84471000
2019-10-03,15.535332679748535,0.0,15.631999969482422,14.95199966430664,15.457332611083984,0.0,226267500
2019-10-04,15.428667068481445,0.0,15.652000427246094,15.204667091369629,15.440667152404785,0.0,119925000
2019-10-07,15.847999572753906,0.0,15.904000282287598,15.236666679382324,15.319999694824219,0.0,120963000
2019-10-08,16.003332138061523,0.0,16.262666702270508,15.633333206176758,15.724666595458984,0.0,130173000
2019-10-09,16.302000045776367,0.0,16.48666763305664,16.043333053588867,16.08799934387207,0.0,103416000
2019-10-10,16.31599998474121,0.0,16.618667602539062,16.10533332824707,16.351999282836914,0.0,94249500
2019-10-11,16.525999069213867,0.0,16.738666534423828,16.45400047302246,16.476667404174805,0.0,127131000
2019-10-14,17.130666732788086,0.0,17.23666763305664,16.475332260131836,16.52666664123535,0.0,153075000
2019-10-15,17.19266700744629,0.0,17.333332061767578,16.941333770751953,17.18000030517578,0.0,96492000
2019-10-16,17.316667556762695,0.0,17.47333335876465,17.128000259399414,17.159332275390625,0.0,100261500
2019-10-17,17.46466636657715,0.0,17.652000427246094,17.344667434692383,17.5,0.0,71539500
2019-10-18,17.1299991607666,0.0,17.520000457763672,17.00666618347168,17.3799991607666,0.0,86247000
2019-10-21,16.899999618530273,0.0,17.299999237060547,16.678667068481445,17.222000122070312,0.0,75304500
2019-10-22,17.038667678833008,0.0,17.222000122070312,16.72333335876465,16.954666137695312,0.0,69012000
2019-10-23,16.978666305541992,0.0,17.076000213623047,16.75666618347168,16.96666717529297,0.0,78916500
2019-10-24,19.978666305541992,0.0,20.32866668701172,19.280000686645508,19.891332626342773,0.0,445813500
2019-10-25,21.875333786010742,0.0,22.0,19.74066734313965,19.847999572753906,0.0,450091500
2019-10-28,21.847333908081055,0.0,22.722667694091797,21.50666618347168,21.836000442504883,0.0,283054500
2019-10-29,21.08133316040039,0.0,21.6200008392334,20.983333587646484,21.332666397094727,0.0,190264500
2019-10-30,21.000667572021484,0.0,21.252666473388672,20.6646671295166,20.866666793823242,0.0,144627000
2019-10-31,20.994667053222656,0.0,21.266666412353516,20.866666793823242,20.873332977294922,0.0,76005000
2019-11-01,20.887332916259766,0.0,21.09866714477539,20.65333366394043,21.08799934387207,0.0,95758500
2019-11-04,21.1646671295166,0.0,21.46266746520996,20.617332458496094,20.98666763305664,0.0,131805000
2019-11-05,21.148000717163086,0.0,21.567333221435547,21.07466697692871,21.308000564575195,0.0,104151000
2019-11-06,21.77199935913086,0.0,21.781333923339844,20.96666717529297,21.200000762939453,0.0,119113500
2019-11-07,22.369333267211914,0.0,22.766666412353516,21.868000030517578,21.94266700744629,0.0,217009500
2019-11-08,22.47599983215332,0.0,22.497333526611328,22.166667938232422,22.299999237060547,0.0,91038000
2019-11-11,23.006000518798828,0.0,23.279333114624023,22.799999237060547,22.93000030517578,0.0,149800500
2019-11-12,23.32866668701172,0.0,23.357999801635742,22.93600082397461,23.126667022705078,0.0,110391000
2019-11-13,23.073999404907227,0.0,23.755332946777344,23.011999130249023,23.666667938232422,0.0,126301500
2019-11-14,23.290000915527344,0.0,23.589332580566406,22.860666275024414,23.073999404907227,0.0,96973500
2019-11-15,23.47800064086914,0.0,23.520000457763672,23.224000930786133,23.375999450683594,0.0,72135000
2019-11-18,23.332666397094727,0.0,23.543333053588867,23.073333740234375,23.527999877929688,0.0,66006000
2019-11-19,23.968000411987305,0.0,23.999332427978516,23.18666648864746,23.450000762939453,0.0,115872000
2019-11-20,23.481332778930664,0.0,24.079999923706055,23.30466651916504,24.0,0.0,100876500
2019-11-21,23.655332565307617,0.0,24.055999755859375,23.600000381469727,23.634000778198242,0.0,91650000
2019-11-22,22.202667236328125,0.0,22.733333587646484,22.0,22.67733383178711,0.0,253059000
2019-11-25,22.422666549682617,0.0,22.971332550048828,22.297332763671875,22.954666137695312,0.0,185092500
2019-11-26,21.92799949645996,0.0,22.366666793823242,21.80666732788086,22.351333618164062,0.0,119211000
2019-11-27,22.086000442504883,0.0,22.261999130249023,21.904666900634766,22.07466697692871,0.0,83334000
2019-11-29,21.996000289916992,0.0,22.083999633789062,21.833332061767578,22.073999404907227,0.0,36984000
2019-12-02,22.32466697692871,0.0,22.42533302307129,21.91266632080078,21.959999084472656,0.0,91117500
2019-12-03,22.413333892822266,0.0,22.527332305908203,22.145999908447266,22.174667358398438,0.0,98605500
2019-12-04,22.20199966430664,0.0,22.52400016784668,22.190000534057617,22.516666412353516,0.0,82995000
2019-12-05,22.024667739868164,0.0,22.294666290283203,21.816667556762695,22.18866729736328,0.0,55869000
2019-12-06,22.392667770385742,0.0,22.590667724609375,22.31800079345703,22.333332061767578,0.0,114186000
2019-12-09,22.635332107543945,0.0,22.963333129882812,22.338666915893555,22.439332962036133,0.0,135346500
2019-12-10,23.256000518798828,0.0,23.381999969482422,22.62066650390625,22.663999557495117,0.0,132424500
2019-12-11,23.51333236694336,0.0,23.812667846679688,23.4060001373291,23.458667755126953,0.0,103467000
2019-12-12,23.978666305541992,0.0,24.182666778564453,23.548667907714844,23.661333084106445,0.0,116458500
2019-12-13,23.892667770385742,0.0,24.347333908081055,23.642667770385742,24.06999969482422,0.0,98563500
2019-12-16,25.433332443237305,0.0,25.573999404907227,24.166667938232422,24.170000076293945,0.0,272613000
2019-12-17,25.266000747680664,0.0,25.700000762939453,25.059999465942383,25.266000747680664,0.0,127452000
2019-12-18,26.209999084472656,0.0,26.347999572753906,25.371999740600586,25.375333786010742,0.0,211815000
2019-12-19,26.93600082397461,0.0,27.123332977294922,26.433332443237305,26.488000869750977,0.0,271606500
2019-12-20,27.03933334350586,0.0,27.53333282470703,26.679332733154297,27.3526668548584,0.0,221290500
2019-12-23,27.947999954223633,0.0,28.134000778198242,27.333332061767578,27.45199966430664,0.0,199794000
2019-12-24,28.350000381469727,0.0,28.364667892456055,27.512666702270508,27.890666961669922,0.0,120820500
2019-12-26,28.729333877563477,0.0,28.898666381835938,28.42333221435547,28.527332305908203,0.0,159508500
2019-12-27,28.691999435424805,0.0,29.020666122436523,28.407333374023438,29.0,0.0,149185500
2019-12-30,27.64666748046875,0.0,28.600000381469727,27.284000396728516,28.586000442504883,0.0,188796000
2019-12-31,27.8886661529541,0.0,28.086000442504883,26.80533218383789,27.0,0.0,154285500
2020-01-02,28.68400001525879,0.0,28.713333129882812,28.11400032043457,28.299999237060547,0.0,142981500
2020-01-03,29.534000396728516,0.0,30.266666412353516,29.128000259399414,29.366666793823242,0.0,266677500
2020-01-06,30.1026668548584,0.0,30.104000091552734,29.333332061767578,29.364667892456055,0.0,151995000
2020-01-07,31.270666122436523,0.0,31.441999435424805,30.224000930786133,30.760000228881836,0.0,268231500
2020-01-08,32.80933380126953,0.0,33.232666015625,31.215333938598633,31.579999923706055,0.0,467164500
2020-01-09,32.089332580566406,0.0,33.253334045410156,31.524667739868164,33.13999938964844,0.0,426606000
2020-01-10,31.876667022705078,0.0,32.3293342590332,31.579999923706055,32.11933135986328,0.0,194392500
2020-01-13,34.990665435791016,0.0,35.04199981689453,32.79999923706055,32.900001525878906,0.0,397764000
2020-01-14,35.861331939697266,0.0,36.49399948120117,34.99333190917969,36.284000396728516,0.0,434943000
2020-01-15,34.56666564941406,0.0,35.85599899291992,34.452667236328125,35.31733322143555,0.0,260532000
2020-01-16,34.232666015625,0.0,34.297332763671875,32.81133270263672,32.91666793823242,0.0,326050500
2020-01-17,34.03333282470703,0.0,34.37799835205078,33.54399871826172,33.840667724609375,0.0,204436500
2020-01-21,36.47999954223633,0.0,36.571998596191406,35.227333068847656,35.349998474121094,0.0,267052500
2020-01-22,37.97066879272461,0.0,39.633331298828125,37.27333450317383,38.125999450683594,0.0,470535000
2020-01-23,38.14666748046875,0.0,38.79999923706055,37.040000915527344,37.616668701171875,0.0,294765000
2020-01-24,37.654666900634766,0.0,38.25733184814453,36.95066833496094,38.04199981689453,0.0,215304000
2020-01-27,37.201332092285156,0.0,37.62933349609375,35.95199966430664,36.132667541503906,0.0,204121500
2020-01-28,37.793331146240234,0.0,38.45399856567383,37.2053337097168,37.89933395385742,0.0,176827500
2020-01-29,38.732666015625,0.0,39.31999969482422,37.82866668701172,38.37933349609375,0.0,267022500
2020-01-30,42.72066879272461,0.0,43.391998291015625,41.20000076293945,42.16133117675781,0.0,435085500
2020-01-31,43.371334075927734,0.0,43.53333282470703,42.167999267578125,42.66666793823242,0.0,235789500
2020-02-03,52.0,0.0,52.409332275390625,44.90133285522461,44.91266632080078,0.0,705975000
2020-02-04,59.137332916259766,0.0,64.59933471679688,55.59199905395508,58.86399841308594,0.0,914082000
2020-02-05,48.97999954223633,0.0,56.39866638183594,46.94066619873047,54.88399887084961,0.0,726357000
2020-02-06,49.930667877197266,0.0,53.05533218383789,45.79999923706055,46.66133117675781,0.0,598212000
2020-02-07,49.871334075927734,0.0,51.31666564941406,48.66666793823242,48.70333480834961,0.0,255952500
2020-02-10,51.41866683959961,0.0,54.66600036621094,50.15999984741211,53.33333206176758,0.0,370338000
2020-02-11,51.62533187866211,0.0,52.23400115966797,50.53333282470703,51.25266647338867,0.0,175462500
2020-02-12,51.15266799926758,0.0,52.650001525878906,50.891334533691406,51.858001708984375,0.0,180337500
2020-02-13,53.599998474121094,0.0,54.53333282470703,49.0,49.45600128173828,0.0,394339500
2020-02-14,53.33533477783203,0.0,54.198001861572266,52.366668701171875,52.4813346862793,0.0,235405500
2020-02-18,57.22666549682617,0.0,57.33333206176758,55.490665435791016,56.106666564941406,0.0,245725500
2020-02-19,61.16133117675781,0.0,62.98533248901367,60.06800079345703,61.56666564941406,0.0,381345000
2020-02-20,59.96066665649414,0.0,60.79999923706055,57.3293342590332,60.79666519165039,0.0,264523500
2020-02-21,60.06666564941406,0.0,60.87066650390625,58.6966667175293,60.46533203125,0.0,214722000
2020-02-24,55.58599853515625,0.0,57.56666564941406,54.813331604003906,55.93333435058594,0.0,227883000
2020-02-25,53.32733154296875,0.0,57.106666564941406,52.46666717529297,56.599998474121094,0.0,259357500
2020-02-26,51.91999816894531,0.0,54.22066879272461,51.740665435791016,52.16666793823242,0.0,211282500
2020-02-27,45.266666412353516,0.0,49.31800079345703,44.599998474121094,48.66666793823242,0.0,364158000
2020-02-28,44.53266525268555,0.0,46.03466796875,40.768001556396484,41.97999954223633,0.0,363343500
2020-03-02,49.574668884277344,0.0,49.5793342590332,45.77799987792969,47.41733169555664,0.0,302925000
2020-03-03,49.70066833496094,0.0,53.798667907714844,47.740665435791016,53.66666793823242,0.0,386760000
2020-03-04,49.96666717529297,0.0,51.10133361816406,48.31533432006836,50.930667877197266,0.0,225735000
2020-03-05,48.30266571044922,0.0,49.71666717529297,47.871334075927734,48.2513313293457,0.0,162790500
2020-03-06,46.89866638183594,0.0,47.133331298828125,45.61800003051758,46.0,0.0,189943500
2020-03-09,40.53333282470703,0.0,44.20000076293945,40.33333206176758,40.35933303833008,0.0,256105500
2020-03-10,43.02199935913086,0.0,44.53333282470703,40.53333282470703,43.96200180053711,0.0,233916000
2020-03-11,42.28200149536133,0.0,43.571998596191406,40.866668701171875,42.68000030517578,0.0,199837500
2020-03-12,37.369998931884766,0.0,39.633331298828125,36.41666793823242,38.72600173950195,0.0,283636500
2020-03-13,36.44133377075195,0.0,40.50466537475586,33.46666717529297,39.66666793823242,0.0,339604500
2020-03-16,29.67133331298828,0.0,32.9913330078125,29.47800064086914,31.299999237060547,0.0,307342500
2020-03-17,28.68000030517578,0.0,31.456666946411133,26.399999618530273,29.333999633789062,0.0,359919000
2020-03-18,24.08133316040039,0.0,26.99066734313965,23.367332458496094,25.933332443237305,0.0,356793000
2020-03-19,28.50933265686035,0.0,30.133333206176758,23.8973331451416,24.979999542236328,0.0,452932500
2020-03-20,28.50200080871582,0.0,31.799999237060547,28.38599967956543,29.213333129882812,0.0,424282500
2020-03-23,28.952667236328125,0.0,29.46666717529297,27.366666793823242,28.906667709350586,0.0,246817500
2020-03-24,33.66666793823242,0.0,34.24599838256836,31.600000381469727,31.81999969482422,0.0,343428000
2020-03-25,35.95000076293945,0.0,37.133331298828125,34.07400131225586,36.349998474121094,0.0,318340500
2020-03-26,35.21066665649414,0.0,37.33333206176758,34.150001525878906,36.49266815185547,0.0,260710500
2020-03-27,34.29066848754883,0.0,35.0533332824707,32.935333251953125,33.66666793823242,0.0,215661000
2020-03-30,33.47533416748047,0.0,34.44333267211914,32.7486686706543,34.017333984375,0.0,179971500
2020-03-31,34.93333435058594,0.0,36.19733428955078,33.133331298828125,33.41666793823242,0.0,266572500
2020-04-01,32.104000091552734,0.0,34.26333236694336,31.67333221435547,33.599998474121094,0.0,200298000
2020-04-02,30.29800033569336,0.0,32.95066833496094,29.760000228881836,32.068668365478516,0.0,297876000
2020-04-03,32.000667572021484,0.0,34.36600112915039,31.22599983215332,33.96666717529297,0.0,338431500
2020-04-06,34.41600036621094,0.0,34.733333587646484,33.19733428955078,34.08000183105469,0.0,223527000
2020-04-07,36.36333465576172,0.0,37.66666793823242,35.48933410644531,36.33333206176758,0.0,268797000
2020-04-08,36.589332580566406,0.0,37.14733123779297,35.55533218383789,36.9466667175293,0.0,189840000
2020-04-09,38.20000076293945,0.0,38.345333099365234,37.14066696166992,37.4726676940918,0.0,204750000
2020-04-13,43.39666748046875,0.0,43.46666717529297,38.70199966430664,39.34400177001953,0.0,337131000
2020-04-14,47.32600021362305,0.0,49.45866775512695,46.1619987487793,46.597999572753906,0.0,458647500
2020-04-15,48.65533447265625,0.0,50.20866775512695,47.33333206176758,49.46666717529297,0.0,353655000
2020-04-16,49.680667877197266,0.0,50.630001068115234,47.11466598510742,47.79600143432617,0.0,309868500
2020-04-17,50.259334564208984,0.0,51.663333892822266,49.84400177001953,51.48533248901367,0.0,196923000
2020-04-20,49.75733184814453,0.0,51.03799819946289,47.48066711425781,48.8466682434082,0.0,221199000
2020-04-21,45.781333923339844,0.0,50.22200012207031,44.919334411621094,48.67466735839844,0.0,303136500
2020-04-22,48.807334899902344,0.0,48.93333435058594,45.91400146484375,46.93199920654297,0.0,212482500
2020-04-23,47.04199981689453,0.0,48.93333435058594,46.87533187866211,48.50666809082031,0.0,198550500
2020-04-24,48.34333419799805,0.0,48.71533203125,46.54533386230469,47.387332916259766,0.0,198180000
2020-04-27,53.25,0.0,53.29933166503906,49.0,49.17399978637695,0.0,310221000
2020-04-28,51.27466583251953,0.0,53.66666793823242,50.44599914550781,53.042667388916016,0.0,228330000
2020-04-29,53.367332458496094,0.0,53.54666519165039,52.21066665649414,52.678001403808594,0.0,243240000
2020-04-30,52.12533187866211,0.0,57.987998962402344,50.900001525878906,57.01266860961914,0.0,427078500
2020-05-01,46.75466537475586,0.0,51.518001556396484,45.5359992980957,50.33333206176758,0.0,487977000
2020-05-04,50.74599838256836,0.0,50.79999923706055,46.53333282470703,46.733333587646484,0.0,288556500
2020-05-05,51.2140007019043,0.0,53.26133346557617,50.8120002746582,52.65266799926758,0.0,254875500
2020-05-06,52.172000885009766,0.0,52.6533317565918,50.740665435791016,51.766666412353516,0.0,166848000
2020-05-07,52.00266647338867,0.0,53.09333419799805,51.4900016784668,51.81399917602539,0.0,172915500
2020-05-08,54.62799835205078,0.0,54.93333435058594,52.46733474731445,52.917999267578125,0.0,241297500
2020-05-11,54.08599853515625,0.0,54.93333435058594,52.33333206176758,52.70066833496094,0.0,247794000
2020-05-12,53.96066665649414,0.0,56.21933364868164,53.866668701171875,55.133331298828125,0.0,238603500
2020-05-13,52.73066711425781,0.0,55.06666564941406,50.88666534423828,54.72200012207031,0.0,285982500
2020-05-14,53.55533218383789,0.0,53.557334899902344,50.93333435058594,52.0,0.0,205233000
2020-05-15,53.27799987792969,0.0,53.66999816894531,52.436668395996094,52.689998626708984,0.0,157776000
2020-05-18,54.242000579833984,0.0,55.64799880981445,53.59199905395508,55.185333251953125,0.0,174987000
2020-05-19,53.867332458496094,0.0,54.80466842651367,53.73866653442383,54.34466552734375,0.0,144547500
2020-05-20,54.37066650390625,0.0,55.06666564941406,54.119998931884766,54.70000076293945,0.0,109639500
2020-05-21,55.17333221435547,0.0,55.5,53.06666564941406,54.400001525878906,0.0,183819000
2020-05-22,54.45866775512695,0.0,55.45199966430664,54.133331298828125,54.81133270263672,0.0,149812500
2020-05-26,54.591331481933594,0.0,55.63999938964844,54.38066864013672,55.633331298828125,0.0,121345500
2020-05-27,54.68199920654297,0.0,55.180667877197266,52.33333206176758,54.7239990234375,0.0,173242500
2020-05-28,53.72066879272461,0.0,54.983333587646484,53.44599914550781,54.23400115966797,0.0,108834000
2020-05-29,55.66666793823242,0.0,55.66666793823242,53.61399841308594,53.91666793823242,0.0,176467500
2020-06-01,59.87333297729492,0.0,59.93333435058594,56.939998626708984,57.20000076293945,0.0,224092500
2020-06-02,58.770668029785156,0.0,60.57733154296875,58.06666564941406,59.64666748046875,0.0,203484000
2020-06-03,58.86399841308594,0.0,59.862667083740234,58.67333221435547,59.20800018310547,0.0,119242500
2020-06-04,57.62533187866211,0.0,59.71666717529297,57.229331970214844,59.32533264160156,0.0,133315500
2020-06-05,59.04399871826172,0.0,59.10133361816406,57.746665954589844,58.522666931152344,0.0,117178500
2020-06-08,63.327999114990234,0.0,63.33333206176758,60.61066818237305,61.266666412353516,0.0,212620500
2020-06-09,62.711334228515625,0.0,63.62933349609375,61.595333099365234,62.66733169555664,0.0,170823000
2020-06-10,68.336669921875,0.0,68.49866485595703,65.5,66.12533569335938,0.0,278451000
2020-06-11,64.85600280761719,0.0,67.9306640625,64.80000305175781,66.01333618164062,0.0,238747500
2020-06-12,62.35200119018555,0.0,65.8653335571289,60.84000015258789,65.33333587646484,0.0,251451000
2020-06-15,66.05999755859375,0.0,66.5893325805664,60.56666564941406,61.18600082397461,0.0,235458000
2020-06-16,65.47533416748047,0.0,67.52532958984375,64.15933227539062,67.4566650390625,0.0,210766500
2020-06-17,66.11933135986328,0.0,67.0,65.50466918945312,65.84733581542969,0.0,148362000
2020-06-18,66.9306640625,0.0,67.94667053222656,66.2979965209961,66.86666870117188,0.0,146278500
2020-06-19,66.72666931152344,0.0,67.73133087158203,66.0893325805664,67.51866912841797,0.0,130195500
2020-06-22,66.28800201416016,0.0,67.2586669921875,66.00133514404297,66.663330078125,0.0,95436000
2020-06-23,66.78533172607422,0.0,67.46666717529297,66.267333984375,66.59200286865234,0.0,95479500
2020-06-24,64.0566635131836,0.0,66.72533416748047,63.542667388916016,66.27400207519531,0.0,164394000
2020-06-25,65.73200225830078,0.0,65.73200225830078,62.47666549682617,63.61800003051758,0.0,138817500
2020-06-26,63.982666015625,0.0,66.33333587646484,63.65800094604492,66.31866455078125,0.0,132823500
2020-06-29,67.29000091552734,0.0,67.33333587646484,63.23466873168945,64.60066986083984,0.0,135396000
2020-06-30,71.98733520507812,0.0,72.51266479492188,66.91533660888672,67.0999984741211,0.0,253777500
2020-07-01,74.64199829101562,0.0,75.68866729736328,72.03333282470703,72.19999694824219,0.0,199903500
2020-07-02,80.57733154296875,0.0,81.86666870117188,79.04000091552734,81.43199920654297,0.0,258751500
2020-07-06,91.43866729736328,0.0,91.85266876220703,84.40266418457031,85.11266326904297,0.0,308548500
2020-07-07,92.65733337402344,0.0,95.30000305175781,89.11399841308594,93.6673355102539,0.0,322345500
2020-07-08,91.05867004394531,0.0,94.48400115966797,87.42266845703125,93.66666412353516,0.0,244669500
2020-07-09,92.9520034790039,0.0,93.90399932861328,90.08533477783203,93.1326675415039,0.0,175764000
2020-07-10,102.97666931152344,0.0,103.2613296508789,91.73400115966797,93.06666564941406,0.0,350064000
2020-07-13,99.80400085449219,0.0,119.66600036621094,98.0739974975586,110.5999984741211,0.0,584781000
2020-07-14,101.12000274658203,0.0,106.0,95.4000015258789,103.73332977294922,0.0,351271500
2020-07-15,103.06732940673828,0.0,103.33333587646484,97.13333129882812,102.86666870117188,0.0,245517000
2020-07-16,100.04266357421875,0.0,102.11399841308594,97.73332977294922,98.47733306884766,0.0,214512000
2020-07-17,100.05599975585938,0.0,102.50066375732422,99.33333587646484,100.89666748046875,0.0,139950000
2020-07-20,109.53333282470703,0.0,110.0,99.19999694824219,101.267333984375,0.0,256821000
2020-07-21,104.55733489990234,0.0,111.66666412353516,103.86666870117188,109.32866668701172,0.0,241608000
2020-07-22,106.15533447265625,0.0,108.4280014038086,104.13333129882812,106.5999984741211,0.0,212416500
2020-07-23,100.87133026123047,0.0,112.5999984741211,98.71800231933594,111.93000030517578,0.0,364927500
2020-07-24,94.46666717529297,0.0,97.66666412353516,91.10266876220703,94.40066528320312,0.0,290949000
2020-07-27,102.63999938964844,0.0,103.19599914550781,94.19999694824219,95.66666412353516,0.0,240730500
2020-07-28,98.43267059326172,0.0,104.3133316040039,98.29467010498047,100.26667022705078,0.0,237130500
2020-07-29,99.94066619873047,0.0,102.32066345214844,99.13333129882812,100.06666564941406,0.0,141403500
2020-07-30,99.16600036621094,0.0,100.8826675415039,98.06666564941406,99.19999694824219,0.0,114315000
2020-07-31,95.38400268554688,0.0,101.13666534423828,94.73200225830078,101.0,0.0,183123000
2020-08-03,99.0,0.0,100.65399932861328,96.29199981689453,96.61333465576172,0.0,132139500
2020-08-04,99.13333129882812,0.0,101.82733154296875,97.46666717529297,99.6673355102539,0.0,126225000
2020-08-05,99.00133514404297,0.0,99.98933410644531,97.88733673095703,99.53266906738281,0.0,74217000
2020-08-06,99.30533599853516,0.0,101.15399932861328,98.48400115966797,99.38866424560547,0.0,89884500
2020-08-07,96.84733581542969,0.0,99.98332977294922,94.33399963378906,99.96932983398438,0.0,133446000
2020-08-10,94.57133483886719,0.0,97.16666412353516,92.38933563232422,96.53333282470703,0.0,112834500
2020-08-11,91.6259994506836,0.0,94.66666412353516,91.0,93.06666564941406,0.0,129387000
2020-08-12,103.65066528320312,0.0,105.66666412353516,95.66666412353516,98.0,0.0,327441000
2020-08-13,108.06666564941406,0.0,110.07866668701172,104.48400115966797,107.4000015258789,0.0,306379500
2020-08-14,110.04733276367188,0.0,111.25333404541016,108.44266510009766,110.99933624267578,0.0,188664000
2020-08-17,122.3759994506836,0.0,123.05733489990234,111.52200317382812,111.80000305175781,0.0,303634500
2020-08-18,125.80599975585938,0.0,128.25999450683594,123.00733184814453,126.59933471679688,0.0,247117500
2020-08-19,125.23533630371094,0.0,127.4000015258789,122.74732971191406,124.33333587646484,0.0,183079500
2020-08-20,133.45533752441406,0.0,134.79933166503906,123.80400085449219,124.04533386230469,0.0,309177000
2020-08-21,136.6653289794922,0.0,139.69932556152344,135.00332641601562,136.3173370361328,0.0,322344000
2020-08-24,134.27999877929688,0.0,141.93333435058594,128.50132751464844,141.7519989013672,0.0,300954000
2020-08-25,134.8893280029297,0.0,135.19667053222656,131.1999969482422,131.65933227539062,0.0,159883500
2020-08-26,143.54466247558594,0.0,144.39999389648438,136.90866088867188,137.3333282470703,0.0,213591000
2020-08-27,149.25,0.0,153.0399932861328,142.8333282470703,145.36399841308594,0.0,355395000
2020-08-28,147.55999755859375,0.0,154.5659942626953,145.76800537109375,153.00799560546875,0.0,301218000
2020-08-31,166.10667419433594,0.0,166.7133331298828,146.70333862304688,148.20333862304688,5.0,355123200
2020-09-01,158.35000610351562,0.0,167.49667358398438,156.836669921875,167.3800048828125,0.0,269523300
2020-09-02,149.1233367919922,0.0,159.67999267578125,135.0399932861328,159.663330078125,0.0,288528300
2020-09-03,135.6666717529297,0.0,143.93333435058594,134.0,135.7433319091797,0.0,262788300
2020-09-04,139.44000244140625,0.0,142.6666717529297,124.00666809082031,134.27000427246094,0.0,330965700
2020-09-08,110.06999969482422,0.0,122.913330078125,109.95999908447266,118.66666412353516,0.0,346397100
2020-09-09,122.09333038330078,0.0,123.0,113.836669921875,118.86666870117188,0.0,238397400
2020-09-10,123.77999877929688,0.0,132.99667358398438,120.1866683959961,128.73666381835938,0.0,254791800
2020-09-11,124.23999786376953,0.0,127.5,120.16666412353516,127.3133316040039,0.0,182152500
2020-09-14,139.8733367919922,0.0,140.0,124.43333435058594,126.98332977294922,0.0,249061800
2020-09-15,149.9199981689453,0.0,153.97999572753906,143.56666564941406,145.52000427246094,0.0,291894600
2020-09-16,147.25332641601562,0.0,152.59666442871094,145.10333251953125,146.6233367919922,0.0,216837900
2020-09-17,141.14332580566406,0.0,145.92999267578125,136.0,138.53334045410156,0.0,230337600
2020-09-18,147.38333129882812,0.0,150.3333282470703,142.93333435058594,149.31333923339844,0.0,259220400
2020-09-21,149.79666137695312,0.0,151.89332580566406,135.69000244140625,151.0433349609375,0.0,328430400
2020-09-22,141.41000366210938,0.0,145.9199981689453,139.1999969482422,143.1999969482422,0.0,238742400
2020-09-23,126.78666687011719,0.0,137.38333129882812,125.2933349609375,135.05332946777344,0.0,285222600
2020-09-24,129.26333618164062,0.0,133.1666717529297,117.0999984741211,121.26667022705078,0.0,289683300
2020-09-25,135.77999877929688,0.0,136.2433319091797,130.43333435058594,131.1566619873047,0.0,201625500
2020-09-28,140.39999389648438,0.0,142.69332885742188,138.51666259765625,141.5399932861328,0.0,149158800
2020-09-29,139.69000244140625,0.0,142.8333282470703,137.1999969482422,138.6666717529297,0.0,150657900
2020-09-30,143.00332641601562,0.0,144.64332580566406,140.1566619873047,140.44000244140625,0.0,144436800
2020-10-01,149.3866729736328,0.0,149.6266632080078,144.80667114257812,146.9199981689453,0.0,152224500
2020-10-02,138.3633270263672,0.0,146.3766632080078,138.3333282470703,140.4633331298828,0.0,214290000
2020-10-05,141.89332580566406,0.0,144.54666137695312,139.77667236328125,141.11666870117188,0.0,134168400
2020-10-06,137.9933319091797,0.0,142.92666625976562,135.35000610351562,141.26333618164062,0.0,147438900
2020-10-07,141.76666259765625,0.0,143.3000030517578,137.9499969482422,139.9566650390625,0.0,129383100
2020-10-08,141.97332763671875,0.0,146.3333282470703,141.76666259765625,146.14666748046875,0.0,121263300
2020-10-09,144.6666717529297,0.0,144.8633270263672,142.15333557128906,143.3766632080078,0.0,86777100
2020-10-12,147.43333435058594,0.0,149.5800018310547,146.19332885742188,147.3333282470703,0.0,116373300
2020-10-13,148.88333129882812,0.0,149.6300048828125,145.53334045410156,147.78334045410156,0.0,103391100
2020-10-14,153.76666259765625,0.0,155.3000030517578,149.11666870117188,149.92666625976562,0.0,143639100
2020-10-15,149.6266632080078,0.0,152.19000244140625,147.5,150.10333251953125,0.0,107017200
2020-10-16,146.55667114257812,0.0,151.98333740234375,146.28334045410156,151.47999572753906,0.0,98327700
2020-10-19,143.61000061035156,0.0,149.0,142.9566650390625,148.74667358398438,0.0,108863400
2020-10-20,140.64666748046875,0.0,143.9166717529297,139.68333435058594,143.9166717529297,0.0,94968900
2020-10-21,140.8800048828125,0.0,144.31666564941406,140.4166717529297,140.89999389648438,0.0,97111500
2020-10-22,141.92999267578125,0.0,148.41000366210938,141.50332641601562,147.30667114257812,0.0,119979600
2020-10-23,140.2100067138672,0.0,140.9633331298828,135.7933349609375,140.6133270263672,0.0,101151000
2020-10-26,140.0933380126953,0.0,141.9199981689453,136.6666717529297,137.2100067138672,0.0,84717600
2020-10-27,141.55999755859375,0.0,143.5,140.03334045410156,141.25332641601562,0.0,68059500
2020-10-28,135.33999633789062,0.0,139.53334045410156,135.3333282470703,138.82666015625,0.0,76354200
2020-10-29,136.94332885742188,0.0,139.35333251953125,135.48666381835938,136.65333557128906,0.0,67965900
2020-10-30,129.34666442871094,0.0,135.8633270263672,126.37000274658203,135.63333129882812,0.0,127533900
2020-11-02,133.50332641601562,0.0,135.66000366210938,130.76666259765625,131.3333282470703,0.0,87063300
2020-11-03,141.3000030517578,0.0,142.58999633789062,135.56333923339844,136.57666015625,0.0,103055100
2020-11-04,140.32666015625,0.0,145.13333129882812,139.03334045410156,143.5399932861328,0.0,96429300
2020-11-05,146.02999877929688,0.0,146.6666717529297,141.3333282470703,142.76666259765625,0.0,85243500
2020-11-06,143.31666564941406,0.0,145.52333068847656,141.42666625976562,145.36666870117188,0.0,65118000
2020-11-09,140.4199981689453,0.0,150.8333282470703,140.3333282470703,146.5,0.0,104499000
2020-11-10,136.7866668701172,0.0,140.02999877929688,132.00999450683594,140.02999877929688,0.0,90852600
2020-11-11,139.0433349609375,0.0,139.56666564941406,136.86000061035156,138.81666564941406,0.0,52073100
2020-11-12,137.25332641601562,0.0,141.0,136.5066680908203,138.35000610351562,0.0,59565300
2020-11-13,136.1666717529297,0.0,137.50999450683594,133.8866729736328,136.9499969482422,0.0,59313300
2020-11-16,136.02999877929688,0.0,137.48333740234375,134.69667053222656,136.30999755859375,0.0,80515800
2020-11-17,147.20333862304688,0.0,154.0,144.336669921875,153.38999938964844,0.0,183564900
2020-11-18,162.2133331298828,0.0,165.3333282470703,147.8333282470703,149.4499969482422,0.0,234132000
2020-11-19,166.42333984375,0.0,169.5366668701172,162.52333068847656,164.0,0.0,187425900
2020-11-20,163.20333862304688,0.0,167.5,163.02000427246094,165.99667358398438,0.0,98735700
2020-11-23,173.9499969482422,0.0,175.3333282470703,167.26333618164062,167.8333282470703,0.0,150780900
2020-11-24,185.1266632080078,0.0,186.663330078125,175.39999389648438,180.13333129882812,0.0,160945500
2020-11-25,191.3333282470703,0.0,191.3333282470703,181.7899932861328,183.35333251953125,0.0,146790600
2020-11-27,195.25332641601562,0.0,199.5933380126953,192.81666564941406,193.72000122070312,0.0,112683300
2020-11-30,189.1999969482422,0.0,202.60000610351562,184.836669921875,200.73666381835938,0.0,189009300
2020-12-01,194.9199981689453,0.0,199.28334045410156,190.68333435058594,199.19667053222656,0.0,120310500
2020-12-02,189.60667419433594,0.0,190.51333618164062,180.40333557128906,185.47999572753906,0.0,143327100
2020-12-03,197.7933349609375,0.0,199.6566619873047,194.14332580566406,196.67333984375,0.0,127656000
2020-12-04,199.67999267578125,0.0,199.67999267578125,195.1666717529297,197.00332641601562,0.0,88203900
2020-12-07,213.9199981689453,0.0,216.26333618164062,201.01666259765625,201.63999938964844,0.0,168929100
2020-12-08,216.6266632080078,0.0,217.0933380126953,206.1666717529297,208.50332641601562,0.0,192795000
2020-12-09,201.4933319091797,0.0,218.10667419433594,196.0,217.89666748046875,0.0,213873600
2020-12-10,209.02333068847656,0.0,209.25,188.77999877929688,191.4566650390625,0.0,201249600
2020-12-11,203.3300018310547,0.0,208.0,198.93333435058594,205.00332641601562,0.0,139425000
2020-12-14,213.27667236328125,0.0,214.25,203.39999389648438,206.3333282470703,0.0,156121800
2020-12-15,211.0833282470703,0.0,215.63333129882812,207.93333435058594,214.42666625976562,0.0,135214500
2020-12-16,207.58999633789062,0.0,210.8333282470703,201.6666717529297,209.41000366210938,0.0,126287400
2020-12-17,218.63333129882812,0.0,219.60667419433594,206.5,209.39666748046875,0.0,168810300
2020-12-18,231.6666717529297,0.0,231.6666717529297,209.51333618164062,222.96665954589844,0.0,666378600
2020-12-21,216.6199951171875,0.0,222.8333282470703,215.35667419433594,222.0800018310547,0.0,174135900
2020-12-22,213.44667053222656,0.0,216.6266632080078,204.7433319091797,216.0,0.0,155148000
2020-12-23,215.32666015625,0.0,217.1666717529297,207.52333068847656,210.73333740234375,0.0,99519000
2020-12-24,220.58999633789062,0.0,222.02999877929688,213.6666717529297,214.3300018310547,0.0,68596800
2020-12-28,221.22999572753906,0.0,227.13333129882812,220.26666259765625,224.836669921875,0.0,96835800
2020-12-29,221.99667358398438,0.0,223.3000030517578,218.3333282470703,220.3333282470703,0.0,68732400
2020-12-30,231.5933380126953,0.0,232.1999969482422,222.7866668701172,224.0,0.0,128538000
2020-12-31,235.22332763671875,0.0,239.57333374023438,230.3733367919922,233.3300018310547,0.0,148949700
2021-01-04,243.2566680908203,0.0,248.163330078125,239.06333923339844,239.82000732421875,0.0,145914600
2021-01-05,245.0366668701172,0.0,246.94667053222656,239.73333740234375,241.22000122070312,0.0,96735600
2021-01-06,251.9933319091797,0.0,258.0,249.6999969482422,252.8300018310547,0.0,134100000
2021-01-07,272.0133361816406,0.0,272.3299865722656,258.3999938964844,259.2099914550781,0.0,154496700
2021-01-08,293.3399963378906,0.0,294.8299865722656,279.46331787109375,285.3333435058594,0.0,225166500
2021-01-11,270.39666748046875,0.0,284.80999755859375,267.8733215332031,283.1333312988281,0.0,177904800
2021-01-12,283.14666748046875,0.0,289.3333435058594,275.7799987792969,277.0,0.0,138812100
2021-01-13,284.8033447265625,0.0,286.8233337402344,277.3333435058594,284.2533264160156,0.0,99937500
2021-01-14,281.6666564941406,0.0,287.6666564941406,279.5833435058594,281.1300048828125,0.0,93798900
2021-01-15,275.38665771484375,0.0,286.6333312988281,273.0333251953125,284.0,0.0,116332800
2021-01-19,281.51666259765625,0.0,283.3333435058594,277.6666564941406,279.26666259765625,0.0,76101000
2021-01-20,283.48333740234375,0.0,286.5,279.09332275390625,286.2466735839844,0.0,76997700
2021-01-21,281.663330078125,0.0,285.239990234375,280.47332763671875,285.0,0.0,61563300
2021-01-22,282.21331787109375,0.0,282.6666564941406,276.2066650390625,278.10333251953125,0.0,60199500
2021-01-25,293.6000061035156,0.0,300.1333312988281,279.6066589355469,285.0,0.0,123520200
2021-01-26,294.36334228515625,0.0,298.6333312988281,290.5333251953125,297.1266784667969,0.0,69394800
2021-01-27,288.0533447265625,0.0,297.1666564941406,286.2200012207031,290.1166687011719,0.0,82002000
2021-01-28,278.4766540527344,0.0,282.6666564941406,267.0,273.3333435058594,0.0,79134000
2021-01-29,264.510009765625,0.0,280.8033447265625,260.0333251953125,276.6666564941406,0.0,104972400
2021-02-01,279.9366760253906,0.0,280.6666564941406,265.1866760253906,271.42999267578125,0.0,76174200
2021-02-02,290.92999267578125,0.0,293.5,280.73333740234375,281.55999755859375,0.0,73038600
2021-02-03,284.89666748046875,0.0,292.6933288574219,284.35333251953125,292.3399963378906,0.0,55030500
2021-02-04,283.3299865722656,0.0,285.5,277.8066711425781,285.0,0.0,47438100
2021-02-05,284.07666015625,0.0,288.25665283203125,279.65667724609375,281.6666564941406,0.0,55699800
2021-02-08,287.8066711425781,0.0,292.5899963378906,284.9166564941406,289.8900146484375,0.0,60485100
2021-02-09,283.1533203125,0.0,286.6000061035156,280.5833435058594,285.0400085449219,0.0,45473100
2021-02-10,268.2733459472656,0.0,281.6066589355469,266.67333984375,281.21331787109375,0.0,108648300
2021-02-11,270.5533447265625,0.0,276.6266784667969,267.24334716796875,270.8133239746094,0.0,64868400
2021-02-12,272.0400085449219,0.0,272.4433288574219,261.77667236328125,267.086669921875,0.0,71304900
2021-02-16,265.40667724609375,0.0,273.6666564941406,264.14666748046875,272.6666564941406,0.0,59406900
2021-02-17,266.04998779296875,0.0,266.61334228515625,254.00332641601562,259.6966552734375,0.0,77989500
2021-02-18,262.4599914550781,0.0,264.89666748046875,258.75665283203125,260.29998779296875,0.0,53871300
2021-02-19,260.4333190917969,0.0,265.5966796875,259.1233215332031,265.0,0.0,56874900
2021-02-22,238.1666717529297,0.0,256.1666564941406,236.73333740234375,254.2133331298828,0.0,111809100
2021-02-23,232.94667053222656,0.0,237.8699951171875,206.3333282470703,220.7100067138672,0.0,199820700
2021-02-24,247.33999633789062,0.0,248.3333282470703,231.38999938964844,237.28334045410156,0.0,110301000
2021-02-25,227.4066619873047,0.0,245.73666381835938,223.52667236328125,242.0500030517578,0.0,117071700
2021-02-26,225.1666717529297,0.0,235.56666564941406,219.836669921875,233.3333282470703,0.0,123267600
2021-03-01,239.47666931152344,0.0,239.6666717529297,228.35000610351562,230.0366668701172,0.0,81408600
2021-03-02,228.81333923339844,0.0,240.3699951171875,228.3333282470703,239.42666625976562,0.0,71196600
2021-03-03,217.73333740234375,0.0,233.56666564941406,217.23666381835938,229.3300018310547,0.0,90624000
2021-03-04,207.14666748046875,0.0,222.81666564941406,200.0,218.60000610351562,0.0,197758500
2021-03-05,199.31666564941406,0.0,209.27999877929688,179.8300018310547,208.68666076660156,0.0,268189500
2021-03-08,187.6666717529297,0.0,206.7100067138672,186.26333618164062,200.18333435058594,0.0,155361000
2021-03-09,224.52667236328125,0.0,226.02999877929688,198.40333557128906,202.72666931152344,0.0,202569900
2021-03-10,222.68666076660156,0.0,239.28334045410156,218.35333251953125,233.43333435058594,0.0,181817100
2021-03-11,233.1999969482422,0.0,234.1666717529297,225.72666931152344,233.13333129882812,0.0,108761700
2021-03-12,231.2433319091797,0.0,231.6266632080078,222.04666137695312,223.3333282470703,0.0,100751400
2021-03-15,235.97999572753906,0.0,237.72666931152344,228.01333618164062,231.3633270263672,0.0,88006800
2021-03-16,225.6266632080078,0.0,235.97332763671875,223.6666717529297,234.4499969482422,0.0,96587100
2021-03-17,233.93666076660156,0.0,234.57666015625,217.00332641601562,218.9566650390625,0.0,121117500
2021-03-18,217.72000122070312,0.0,229.7433319091797,217.3333282470703,228.09666442871094,0.0,99674400
2021-03-19,218.2899932861328,0.0,219.07666015625,208.2066650390625,215.53334045410156,0.0,128682000
2021-03-22,223.3333282470703,0.0,233.2066650390625,222.9166717529297,228.19667053222656,0.0,118536600
2021-03-23,220.72000122070312,0.0,225.93333435058594,219.1699981689453,225.2566680908203,0.0,91475700
2021-03-24,210.08999633789062,0.0,222.67333984375,210.0366668701172,222.6366729736328,0.0,101385600
2021-03-25,213.4633331298828,0.0,215.1666717529297,203.1666717529297,204.3333282470703,0.0,117674700
2021-03-26,206.23666381835938,0.0,214.60667419433594,199.9633331298828,213.9566650390625,0.0,101558400
2021-03-29,203.76333618164062,0.0,205.4933319091797,198.67333984375,205.2133331298828,0.0,85911000
2021-03-30,211.8733367919922,0.0,212.55332946777344,197.00332641601562,200.5833282470703,0.0,118297200
2021-03-31,222.64332580566406,0.0,224.0,213.70333862304688,215.5399932861328,0.0,100011900
2021-04-01,220.5833282470703,0.0,230.80667114257812,219.80667114257812,229.4566650390625,0.0,105895200
2021-04-05,230.35000610351562,0.0,236.05332946777344,228.23333740234375,235.90333557128906,0.0,125528400
2021-04-06,230.5399932861328,0.0,232.18333435058594,227.1233367919922,230.10000610351562,0.0,84815400
2021-04-07,223.6566619873047,0.0,230.4600067138672,222.6133270263672,229.0,0.0,78928200
2021-04-08,227.93333435058594,0.0,229.85000610351562,223.88333129882812,225.7933349609375,0.0,71772900
2021-04-09,225.67333984375,0.0,226.99000549316406,223.14332580566406,225.92333984375,0.0,64311300
2021-04-12,233.9933319091797,0.0,234.93333435058594,227.3633270263672,228.56666564941406,0.0,87407100
2021-04-13,254.10667419433594,0.0,254.3333282470703,236.8866729736328,237.56666564941406,0.0,133958400
2021-04-14,244.07666015625,0.0,260.2633361816406,242.67666625976562,256.8999938964844,0.0,147052200
2021-04-15,246.28334045410156,0.0,247.89666748046875,240.43666076660156,247.6999969482422,0.0,83546700
2021-04-16,246.5933380126953,0.0,249.80332946777344,241.53334045410156,242.88333129882812,0.0,83938500
2021-04-19,238.2100067138672,0.0,241.8000030517578,230.60000610351562,239.86666870117188,0.0,119058600
2021-04-20,239.663330078125,0.0,245.75,236.89666748046875,239.13999938964844,0.0,106827000
2021-04-21,248.0399932861328,0.0,248.27999877929688,232.6666717529297,234.92333984375,0.0,93646500
2021-04-22,239.89666748046875,0.0,251.2566680908203,239.34666442871094,247.1666717529297,0.0,106770900
2021-04-23,243.13333129882812,0.0,245.7866668701172,238.48666381835938,239.93333435058594,0.0,85110000
2021-04-26,246.06666564941406,0.0,249.76666259765625,244.20333862304688,247.0,0.0,93115500
2021-04-27,234.913330078125,0.0,241.3333282470703,234.4499969482422,239.32000732421875,0.0,88311000
2021-04-28,231.46665954589844,0.0,236.1666717529297,231.1999969482422,232.1366729736328,0.0,66813000
2021-04-29,225.6666717529297,0.0,234.0833282470703,222.8333282470703,233.1699981689453,0.0,86536200
2021-04-30,236.47999572753906,0.0,238.49000549316406,222.04666137695312,222.52999877929688,0.0,122276100
2021-05-03,228.3000030517578,0.0,235.3333282470703,226.8333282470703,234.60000610351562,0.0,81129300
2021-05-04,224.53334045410156,0.0,227.81666564941406,219.23333740234375,226.31333923339844,0.0,89217900
2021-05-05,223.64666748046875,0.0,228.43333435058594,222.44667053222656,227.02000427246094,0.0,65705700
2021-05-06,221.17999267578125,0.0,227.0066680908203,216.6666717529297,226.9199981689453,0.0,83353800
2021-05-07,224.1233367919922,0.0,230.0,220.07333374023438,221.93333435058594,0.0,70407600
2021-05-10,209.67999267578125,0.0,221.68333435058594,209.20333862304688,221.63333129882812,0.0,94177200
2021-05-11,205.73333740234375,0.0,209.03334045410156,198.53334045410156,199.74667358398438,0.0,139511700
2021-05-12,196.6300048828125,0.0,206.80332946777344,195.58999633789062,200.8300018310547,0.0,101470800
2021-05-13,190.56333923339844,0.0,202.15333557128906,186.5500030517578,200.51333618164062,0.0,132554700
2021-05-14,196.5800018310547,0.0,197.6233367919922,190.15333557128906,194.47000122070312,0.0,100112700
2021-05-17,192.27667236328125,0.0,196.57666015625,187.06666564941406,191.85000610351562,0.0,97171200
2021-05-18,192.6233367919922,0.0,198.75,187.7933349609375,189.3333282470703,0.0,110491800
2021-05-19,187.82000732421875,0.0,188.73666381835938,182.32666015625,184.18333435058594,0.0,118735200
2021-05-20,195.5933380126953,0.0,196.28334045410156,190.35667419433594,191.6666717529297,0.0,92463300
2021-05-21,193.6266632080078,0.0,198.89332580566406,193.3333282470703,198.70333862304688,0.0,78091800
2021-05-24,202.14666748046875,0.0,204.82666015625,191.21665954589844,193.86666870117188,0.0,103674300
2021-05-25,201.56333923339844,0.0,204.663330078125,198.57000732421875,202.43666076660156,0.0,84017700
2021-05-26,206.3766632080078,0.0,208.72332763671875,200.5,202.52000427246094,0.0,85917900
2021-05-27,210.28334045410156,0.0,210.3766632080078,205.40333557128906,206.74667358398438,0.0,79111800
2021-05-28,208.4066619873047,0.0,211.8633270263672,207.4600067138672,209.5,0.0,68211000
2021-06-01,207.96665954589844,0.0,211.26666259765625,206.85000610351562,209.26666259765625,0.0,54254700
2021-06-02,201.7066650390625,0.0,207.7866668701172,199.7133331298828,206.7100067138672,0.0,69908400
2021-06-03,190.94667053222656,0.0,201.51666259765625,190.4066619873047,200.60000610351562,0.0,90335700
2021-06-04,199.68333435058594,0.0,200.20333862304688,192.39999389648438,193.23666381835938,0.0,72110700
2021-06-07,201.7100067138672,0.0,203.3333282470703,194.2933349609375,197.27667236328125,0.0,67631100
2021-06-08,201.19667053222656,0.0,207.69667053222656,198.5,207.6699981689453,0.0,78160200
2021-06-09,199.5933380126953,0.0,203.92999267578125,199.2100067138672,200.72332763671875,0.0,49753800
2021-06-10,203.3733367919922,0.0,205.52999877929688,200.1666717529297,201.2933349609375,0.0,71758800
2021-06-11,203.29666137695312,0.0,204.18666076660156,200.5066680908203,203.41000366210938,0.0,48615900
2021-06-14,205.89666748046875,0.0,208.49667358398438,203.05999755859375,204.07666015625,0.0,61272000
2021-06-15,199.7866668701172,0.0,205.59666442871094,199.41000366210938,205.56333923339844,0.0,53292300
2021-06-16,201.6233367919922,0.0,202.8333282470703,197.8333282470703,199.17999267578125,0.0,66432300
2021-06-17,205.53334045410156,0.0,207.1566619873047,200.44667053222656,200.6300048828125,0.0,68104200
2021-06-18,207.77000427246094,0.0,209.4499969482422,203.93333435058594,204.4566650390625,0.0,73682700
2021-06-21,206.94332885742188,0.0,210.4633331298828,202.9600067138672,208.16000366210938,0.0,74438100
2021-06-22,207.90333557128906,0.0,209.52333068847656,205.1666717529297,206.0833282470703,0.0,57476700
2021-06-23,218.85667419433594,0.0,219.06666564941406,210.01333618164062,210.6666717529297,0.0,93297600
2021-06-24,226.60667419433594,0.0,232.5399932861328,222.5366668701172,224.99667358398438,0.0,137947200
2021-06-25,223.9566650390625,0.0,231.27000427246094,222.89999389648438,229.86000061035156,0.0,97490100
2021-06-28,229.57333374023438,0.0,231.56666564941406,223.44000244140625,223.8800048828125,0.0,64884600
2021-06-29,226.9199981689453,0.0,229.1699981689453,225.29666137695312,228.21665954589844,0.0,52143900
2021-06-30,226.56666564941406,0.0,230.93666076660156,226.04666137695312,226.58999633789062,0.0,56774700
2021-07-01,225.97332763671875,0.0,229.3300018310547,224.26666259765625,227.97332763671875,0.0,55903500
2021-07-02,226.3000030517578,0.0,233.3333282470703,224.4199981689453,226.32666015625,0.0,81163500
2021-07-06,219.86000061035156,0.0,228.0,217.13333129882812,227.23666381835938,0.0,69853500
2021-07-07,214.88333129882812,0.0,221.89999389648438,212.77333068847656,221.42333984375,0.0,56376000
2021-07-08,217.60333251953125,0.0,218.14332580566406,206.82000732421875,209.4566650390625,0.0,68319900
2021-07-09,218.98333740234375,0.0,219.6366729736328,214.89666748046875,217.72666931152344,0.0,54421500
2021-07-12,228.56666564941406,0.0,229.0800018310547,220.72000122070312,220.73333740234375,0.0,77781000
2021-07-13,222.84666442871094,0.0,231.0933380126953,222.10000610351562,228.77333068847656,0.0,62898300
2021-07-14,217.7933349609375,0.0,226.20333862304688,217.6133270263672,223.5833282470703,0.0,64923600
2021-07-15,216.86666870117188,0.0,222.04666137695312,212.6266632080078,219.4633331298828,0.0,60628800
2021-07-16,214.74000549316406,0.0,218.89999389648438,214.06666564941406,218.22666931152344,0.0,49113000
2021-07-19,215.4066619873047,0.0,215.73333740234375,207.09666442871094,209.9633331298828,0.0,63891300
2021-07-20,220.1666717529297,0.0,220.79666137695312,213.5,217.3300018310547,0.0,46461300
2021-07-21,218.42999267578125,0.0,221.6199951171875,216.76333618164062,219.8699951171875,0.0,41859900
2021-07-22,216.4199981689453,0.0,220.72332763671875,214.86666870117188,218.81333923339844,0.0,45317100
2021-07-23,214.4600067138672,0.0,216.26666259765625,212.43333435058594,215.45333862304688,0.0,43814700
2021-07-26,219.2066650390625,0.0,222.73333740234375,215.70333862304688,216.99000549316406,0.0,76009800
2021-07-27,214.92666625976562,0.0,222.1666717529297,209.0800018310547,221.13333129882812,0.0,98439900
2021-07-28,215.66000366210938,0.0,218.32333374023438,213.13333129882812,215.6666717529297,0.0,48019800
2021-07-29,225.78334045410156,0.0,227.89666748046875,216.26666259765625,216.59666442871094,0.0,91183800
2021-07-30,229.06666564941406,0.0,232.50999450683594,223.0,223.9199981689453,0.0,88969200
2021-08-02,236.55667114257812,0.0,242.31333923339844,232.8000030517578,233.3333282470703,0.0,100847400
2021-08-03,236.5800018310547,0.0,240.88333129882812,233.6699981689453,239.6666717529297,0.0,64860900
2021-08-04,236.97332763671875,0.0,241.63333129882812,236.30999755859375,237.0,0.0,51007800
2021-08-05,238.2100067138672,0.0,240.31666564941406,237.1366729736328,238.6666717529297,0.0,38758800
2021-08-06,233.03334045410156,0.0,238.77667236328125,232.5433349609375,237.3000030517578,0.0,46869000
2021-08-09,237.9199981689453,0.0,239.67666625976562,235.0433349609375,236.72332763671875,0.0,44145900
2021-08-10,236.663330078125,0.0,238.8633270263672,233.9600067138672,237.99667358398438,0.0,40296900
2021-08-11,235.94000244140625,0.0,238.39332580566406,234.73666381835938,237.57000732421875,0.0,29401800
2021-08-12,240.75,0.0,240.93333435058594,233.13333129882812,235.44667053222656,0.0,52377300
2021-08-13,239.05667114257812,0.0,243.3000030517578,238.1133270263672,241.23666381835938,0.0,50194500
2021-08-16,228.72332763671875,0.0,236.5,225.46665954589844,235.02333068847656,0.0,68032200
2021-08-17,221.90333557128906,0.0,224.86000061035156,216.27999877929688,224.22000122070312,0.0,71163900
2021-08-18,229.663330078125,0.0,231.92333984375,223.11666870117188,223.25,0.0,61048200
2021-08-19,224.49000549316406,0.0,228.85000610351562,222.52999877929688,226.07000732421875,0.0,42940500
2021-08-20,226.75332641601562,0.0,230.7100067138672,224.56666564941406,227.61666870117188,0.0,44525700
2021-08-23,235.43333435058594,0.0,237.3766632080078,226.9166717529297,228.47999572753906,0.0,60794700
2021-08-24,236.163330078125,0.0,238.4066619873047,234.2133331298828,236.89332580566406,0.0,39249300
2021-08-25,237.06666564941406,0.0,238.99000549316406,234.6666717529297,235.67666625976562,0.0,37936800
2021-08-26,233.72000122070312,0.0,238.46665954589844,232.5399932861328,236.10333251953125,0.0,39642900
2021-08-27,237.30667114257812,0.0,238.3333282470703,234.03334045410156,235.0,0.0,41501400
2021-08-30,243.6366729736328,0.0,243.6666717529297,237.57666015625,238.24000549316406,0.0,55812600
2021-08-31,245.24000549316406,0.0,246.79666137695312,242.14666748046875,244.3333282470703,0.0,62566200
2021-09-01,244.69667053222656,0.0,247.3300018310547,243.7566680908203,244.69332885742188,0.0,39612900
2021-09-02,244.1300048828125,0.0,246.99000549316406,243.51333618164062,244.8333282470703,0.0,38331900
2021-09-03,244.52333068847656,0.0,244.6666717529297,241.39999389648438,244.0833282470703,0.0,45738300
2021-09-07,250.97332763671875,0.0,253.39999389648438,246.4199981689453,246.6666717529297,0.0,60119400
2021-09-08,251.2899932861328,0.0,254.81666564941406,246.92333984375,253.86000061035156,0.0,56379000
2021-09-09,251.6199951171875,0.0,254.03334045410156,250.5433349609375,251.1366729736328,0.0,42233100
2021-09-10,245.42333984375,0.0,254.20333862304688,244.83999633789062,253.1999969482422,0.0,45552600
2021-09-13,247.6666717529297,0.0,248.25999450683594,236.28334045410156,246.73666381835938,0.0,68857500
2021-09-14,248.163330078125,0.0,251.49000549316406,245.46665954589844,247.52333068847656,0.0,55574700
2021-09-15,251.94332885742188,0.0,252.2866668701172,246.1199951171875,248.3333282470703,0.0,46073100
2021-09-16,252.3300018310547,0.0,252.97000122070312,249.20333862304688,250.94332885742188,0.0,41770200
2021-09-17,253.163330078125,0.0,253.67999267578125,250.0,252.38333129882812,0.0,84612600
2021-09-20,243.38999938964844,0.0,247.3333282470703,239.5399932861328,244.85333251953125,0.0,74273100
2021-09-21,246.4600067138672,0.0,248.24667358398438,243.47999572753906,244.92999267578125,0.0,48992100
2021-09-22,250.64666748046875,0.0,251.22332763671875,246.3733367919922,247.8433380126953,0.0,45378900
2021-09-23,251.2133331298828,0.0,252.73333740234375,249.30667114257812,251.6666717529297,0.0,35842500
2021-09-24,258.1300048828125,0.0,258.26666259765625,248.18666076660156,248.6300048828125,0.0,64119000
2021-09-27,263.78668212890625,0.0,266.3333435058594,256.4366760253906,257.7066650390625,0.0,84212100
2021-09-28,259.1866760253906,0.0,265.21331787109375,255.39332580566406,262.3999938964844,0.0,76144200
2021-09-29,260.4366760253906,0.0,264.5,256.8933410644531,259.9333190917969,0.0,62828700
2021-09-30,258.49334716796875,0.0,263.0433349609375,258.3333435058594,260.3333435058594,0.0,53868000
2021-10-01,258.40667724609375,0.0,260.260009765625,254.52999877929688,259.4666748046875,0.0,51094200
2021-10-04,260.510009765625,0.0,268.989990234375,258.7066650390625,265.5,0.0,91449900
2021-10-05,260.1966552734375,0.0,265.7699890136719,258.0666809082031,261.6000061035156,0.0,55297800
2021-10-06,260.9166564941406,0.0,262.2200012207031,257.739990234375,258.73333740234375,0.0,43898400
2021-10-07,264.53668212890625,0.0,268.3333435058594,261.1266784667969,261.82000732421875,0.0,57587400
2021-10-08,261.8299865722656,0.0,265.4599914550781,260.3033447265625,265.4033203125,0.0,50215800
2021-10-11,263.9800109863281,0.0,267.0799865722656,261.8333435058594,262.54998779296875,0.0,42600900
2021-10-12,268.5733337402344,0.0,270.7733459472656,265.5233459472656,266.9766540527344,0.0,66060000
2021-10-13,270.3599853515625,0.0,271.8033447265625,268.59332275390625,270.15667724609375,0.0,42360300
2021-10-14,272.7733459472656,0.0,273.4166564941406,271.1166687011719,271.8299865722656,0.0,36741600
2021-10-15,281.010009765625,0.0,281.07000732421875,274.1166687011719,274.5799865722656,0.0,56773800
2021-10-18,290.03668212890625,0.0,291.7533264160156,283.8233337402344,283.92999267578125,0.0,72621600
2021-10-19,288.0899963378906,0.0,292.6499938964844,287.5033264160156,292.510009765625,0.0,52143300
2021-10-20,288.6000061035156,0.0,289.8299865722656,285.7933349609375,288.45001220703125,0.0,42096300
2021-10-21,298.0,0.0,300.0,285.1666564941406,285.3333435058594,0.0,94444500
2021-10-22,303.2266540527344,0.0,303.3333435058594,296.9866638183594,298.5,0.0,68642400
2021-10-25,341.6199951171875,0.0,348.3399963378906,314.73333740234375,316.84332275390625,0.0,188556300
2021-10-26,339.4766540527344,0.0,364.9800109863281,333.8133239746094,341.5633239746094,0.0,187245000
2021-10-27,345.9533386230469,0.0,356.9599914550781,343.59332275390625,346.5533447265625,0.0,115579500
2021-10-28,359.0133361816406,0.0,360.3333435058594,351.3999938964844,356.10333251953125,0.0,81639600
2021-10-29,371.3333435058594,0.0,371.7366638183594,357.7366638183594,360.6199951171875,0.0,89755200
2021-11-01,402.86334228515625,0.0,403.25,372.88665771484375,381.6666564941406,0.0,168146100
2021-11-02,390.6666564941406,0.0,402.86334228515625,382.0,386.4533386230469,0.0,128213400
2021-11-03,404.6199951171875,0.0,405.1300048828125,384.2066650390625,392.4433288574219,0.0,103885500
2021-11-04,409.9700012207031,0.0,414.4966735839844,405.6666564941406,411.4700012207031,0.0,76192200
2021-11-05,407.36334228515625,0.0,413.2900085449219,402.6666564941406,409.3333435058594,0.0,64886400
2021-11-08,387.64666748046875,0.0,399.0,377.6666564941406,383.2633361816406,0.0,100337100
2021-11-09,341.1666564941406,0.0,391.5,337.17333984375,391.20001220703125,0.0,177317400
2021-11-10,355.98333740234375,0.0,359.3666687011719,329.10333251953125,336.8033447265625,0.0,128408100
2021-11-11,354.5033264160156,0.0,368.3233337402344,351.55999755859375,367.5899963378906,0.0,67189800
2021-11-12,344.47332763671875,0.0,351.5,339.73333740234375,349.1666564941406,0.0,76719300
2021-11-15,337.7966613769531,0.0,343.99334716796875,326.20001220703125,339.2099914550781,0.0,104326800
2021-11-16,351.57666015625,0.0,352.3999938964844,334.05999755859375,334.4366760253906,0.0,79627200
2021-11-17,363.0033264160156,0.0,373.21331787109375,351.8333435058594,354.5033264160156,0.0,94336200
2021-11-18,365.4599914550781,0.0,370.6666564941406,358.3399963378906,368.8500061035156,0.0,62696700
2021-11-19,379.0199890136719,0.0,379.5733337402344,364.23333740234375,366.2900085449219,0.0,64926900
2021-11-22,385.6233215332031,0.0,400.6499938964844,377.4766540527344,387.4433288574219,0.0,99217500
2021-11-23,369.6766662597656,0.0,393.5,354.23333740234375,389.1700134277344,0.0,108515100
2021-11-24,372.0,0.0,377.5899963378906,354.0,360.1300048828125,0.0,67680600
2021-11-26,360.6400146484375,0.0,369.59332275390625,360.3333435058594,366.489990234375,0.0,35042700
2021-11-29,378.9966735839844,0.0,380.8900146484375,366.7300109863281,366.9966735839844,0.0,58393500
2021-11-30,381.586669921875,0.0,389.3333435058594,372.6666564941406,381.4566650390625,0.0,81276000
2021-12-01,365.0,0.0,390.9466552734375,363.586669921875,386.8999938964844,0.0,68450400
2021-12-02,361.5333251953125,0.0,371.0,352.2166748046875,366.35333251953125,0.0,73114800
2021-12-03,338.3233337402344,0.0,363.52667236328125,333.4033203125,361.5966796875,0.0,92322000
2021-12-06,336.336669921875,0.0,340.5466613769531,316.8333435058594,333.836669921875,0.0,81663000
2021-12-07,350.5833435058594,0.0,352.5566711425781,342.2699890136719,348.0666809082031,0.0,56084700
2021-12-08,356.32000732421875,0.0,357.4599914550781,344.3333435058594,350.9033203125,0.0,41906400
2021-12-09,334.6000061035156,0.0,354.163330078125,334.1199951171875,353.5466613769531,0.0,59438400
2021-12-10,339.010009765625,0.0,340.32666015625,327.510009765625,336.25,0.0,59664300
2021-12-13,322.13665771484375,0.0,335.0,317.1400146484375,333.6966552734375,0.0,78595500
2021-12-14,319.5033264160156,0.0,322.13665771484375,310.0,315.0,0.0,70806300
2021-12-15,325.3299865722656,0.0,326.25,309.4166564941406,317.7366638183594,0.0,75169200
2021-12-16,308.97332763671875,0.0,331.6600036621094,307.2833251953125,331.5,0.0,82771500
2021-12-17,310.8566589355469,0.0,320.2200012207031,303.0133361816406,304.92333984375,0.0,100437300
2021-12-20,299.9800109863281,0.0,307.2300109863281,297.7966613769531,303.5666809082031,0.0,56480100
2021-12-21,312.84332275390625,0.0,313.1666564941406,295.3733215332031,305.6233215332031,0.0,71517900
2021-12-22,336.2900085449219,0.0,338.5533447265625,319.01666259765625,321.88665771484375,0.0,93634200
2021-12-23,355.6666564941406,0.0,357.6600036621094,332.5199890136719,335.6000061035156,0.0,92713200
2021-12-27,364.64666748046875,0.0,372.3333435058594,356.90667724609375,357.8900146484375,0.0,71145900
2021-12-28,362.8233337402344,0.0,373.0,359.47332763671875,369.8299865722656,0.0,60324000
2021-12-29,362.0633239746094,0.0,368.0,354.71331787109375,366.21331787109375,0.0,56154000
2021-12-30,356.7799987792969,0.0,365.1833190917969,351.04998779296875,353.77667236328125,0.0,47040900
2021-12-31,352.260009765625,0.0,360.6666564941406,351.5299987792969,357.8133239746094,0.0,40733700
2022-01-03,399.9266662597656,0.0,400.3566589355469,378.67999267578125,382.5833435058594,0.0,103931400
2022-01-04,383.1966552734375,0.0,402.6666564941406,374.3500061035156,396.51666259765625,0.0,100248300
2022-01-05,362.7066650390625,0.0,390.11334228515625,360.336669921875,382.2166748046875,0.0,80119800
2022-01-06,354.8999938964844,0.0,362.6666564941406,340.1666564941406,359.0,0.0,90336600
2022-01-07,342.32000732421875,0.0,360.30999755859375,336.6666564941406,360.1233215332031,0.0,84164700
2022-01-10,352.7066650390625,0.0,353.0333251953125,326.6666564941406,333.3333435058594,0.0,91815000
2022-01-11,354.79998779296875,0.0,358.6166687011719,346.2733459472656,351.22332763671875,0.0,66063300
2022-01-12,368.739990234375,0.0,371.61334228515625,357.5299987792969,359.6166687011719,0.0,83739000
2022-01-13,343.85333251953125,0.0,371.8666687011719,342.17999267578125,369.69000244140625,0.0,97209900
2022-01-14,349.8699951171875,0.0,350.6666564941406,337.7933349609375,339.9599914550781,0.0,72924300
2022-01-18,343.5033264160156,0.0,356.92999267578125,338.6866760253906,342.2033386230469,0.0,66743400
2022-01-19,331.8833312988281,0.0,351.5566711425781,331.6666564941406,347.2366638183594,0.0,75442500
2022-01-20,332.0899963378906,0.0,347.2200012207031,331.3333435058594,336.57666015625,0.0,70488600
2022-01-21,314.6333312988281,0.0,334.8500061035156,313.5,332.11334228515625,0.0,103416000
2022-01-24,310.0,0.0,311.1700134277344,283.8233337402344,301.586669921875,0.0,151565700
2022-01-25,306.1333312988281,0.0,317.086669921875,301.07000732421875,304.73333740234375,0.0,86595900
2022-01-26,312.4700012207031,0.0,329.2300109863281,302.0,317.4766540527344,0.0,104867400
2022-01-27,276.3666687011719,0.0,311.7966613769531,276.3333435058594,311.1199951171875,0.0,147109500
2022-01-28,282.1166687011719,0.0,285.8333435058594,264.0033264160156,277.1866760253906,0.0,134789100
2022-01-31,312.239990234375,0.0,312.663330078125,287.3500061035156,290.9033203125,0.0,104436000
2022-02-01,310.4166564941406,0.0,314.5666809082031,301.6666564941406,311.7366638183594,0.0,73138200
2022-02-02,301.88665771484375,0.0,310.5,296.4700012207031,309.3933410644531,0.0,66792900
2022-02-03,297.0466613769531,0.0,312.3333435058594,293.50665283203125,294.0,0.0,78855600
2022-02-04,307.7733459472656,0.0,312.1666564941406,293.72332763671875,299.0733337402344,0.0,73625400
2022-02-07,302.4466552734375,0.0,315.92333984375,300.9033203125,307.92999267578125,0.0,60994500
2022-02-08,307.3333435058594,0.0,308.7633361816406,298.26666259765625,301.84332275390625,0.0,50729100
2022-02-09,310.6666564941406,0.0,315.42333984375,306.6666564941406,311.6666564941406,0.0,52259400
2022-02-10,301.51666259765625,0.0,314.60333251953125,298.8999938964844,302.7900085449219,0.0,66126900
2022-02-11,286.6666564941406,0.0,305.32000732421875,283.5666809082031,303.2099914550781,0.0,79645800
2022-02-14,291.9200134277344,0.0,299.6266784667969,284.3833312988281,287.19000244140625,0.0,67756500
2022-02-15,307.4766540527344,0.0,307.6666564941406,297.7933349609375,300.0,0.0,57286200
2022-02-16,307.7966613769531,0.0,308.80999755859375,300.4033203125,304.6833190917969,0.0,51294300
2022-02-17,292.1166687011719,0.0,306.1666564941406,291.3666687011719,304.4200134277344,0.0,55178400
2022-02-18,285.6600036621094,0.0,295.6233215332031,279.2033386230469,295.3333435058594,0.0,68501700
2022-02-22,273.84332275390625,0.0,285.57666015625,267.0333251953125,278.0433349609375,0.0,83288100
2022-02-23,254.67999267578125,0.0,278.4333190917969,253.52000427246094,276.80999755859375,0.0,95256900
2022-02-24,266.92333984375,0.0,267.49334716796875,233.3333282470703,233.4633331298828,0.0,135322200
2022-02-25,269.9566650390625,0.0,273.1666564941406,260.79998779296875,269.74334716796875,0.0,76067700
2022-02-28,290.1433410644531,0.0,292.28668212890625,271.57000732421875,271.6700134277344,0.0,99006900
2022-03-01,288.1233215332031,0.0,296.6266784667969,284.59332275390625,289.8933410644531,0.0,74766900
2022-03-02,293.2966613769531,0.0,295.49334716796875,281.42333984375,290.7099914550781,0.0,74643300
2022-03-03,279.7633361816406,0.0,295.4800109863281,277.5333251953125,292.92333984375,0.0,61623600
2022-03-04,279.42999267578125,0.0,285.2166748046875,275.0533447265625,283.0333251953125,0.0,66999600
2022-03-07,268.1933288574219,0.0,288.71331787109375,268.19000244140625,285.4333190917969,0.0,72494100
2022-03-08,274.79998779296875,0.0,283.3299865722656,260.72332763671875,265.1766662597656,0.0,80399100
2022-03-09,286.3233337402344,0.0,286.85333251953125,277.336669921875,279.82666015625,0.0,59184000
2022-03-10,279.4333190917969,0.0,284.8166809082031,270.1199951171875,283.8166809082031,0.0,58648500
2022-03-11,265.1166687011719,0.0,281.26666259765625,264.5899963378906,280.0666809082031,0.0,67037100
2022-03-14,255.4566650390625,0.0,266.8999938964844,252.01333618164062,260.2033386230469,0.0,71152200
2022-03-15,267.2966613769531,0.0,268.5233459472656,252.19000244140625,258.42333984375,0.0,66841200
2022-03-16,280.07666015625,0.0,280.6666564941406,267.4200134277344,269.6666564941406,0.0,84028800
2022-03-17,290.5333251953125,0.0,291.6666564941406,275.239990234375,276.9966735839844,0.0,66582900
2022-03-18,301.7966613769531,0.0,302.6166687011719,289.1300048828125,291.4966735839844,0.0,100414200
2022-03-21,307.0533447265625,0.0,314.2833251953125,302.36334228515625,304.99334716796875,0.0,81981600
2022-03-22,331.32666015625,0.0,332.6199951171875,307.25,310.0,0.0,105868500
2022-03-23,333.03668212890625,0.0,346.8999938964844,325.4666748046875,326.64666748046875,0.0,120676200
2022-03-24,337.97332763671875,0.0,341.4966735839844,329.6000061035156,336.57666015625,0.0,68920800
2022-03-25,336.8800048828125,0.0,340.6000061035156,332.44000244140625,336.0,0.0,62031600
2022-03-28,363.9466552734375,0.0,365.9599914550781,351.20001220703125,355.0333251953125,0.0,102506100
2022-03-29,366.5233459472656,0.0,371.5899963378906,357.7033386230469,369.3299865722656,0.0,73614900
2022-03-30,364.663330078125,0.0,371.3166809082031,361.3333435058594,363.72332763671875,0.0,59865000
2022-03-31,359.20001220703125,0.0,367.71331787109375,358.8800048828125,364.8566589355469,0.0,48992700
2022-04-01,361.5299987792969,0.0,364.9166564941406,355.5466613769531,360.3833312988281,0.0,54263100
2022-04-04,381.8166809082031,0.0,383.3033447265625,357.510009765625,363.1266784667969,0.0,82035900
2022-04-05,363.7533264160156,0.0,384.2900085449219,362.4333190917969,378.76666259765625,0.0,80075100
2022-04-06,348.586669921875,0.0,359.6666564941406,342.5666809082031,357.8233337402344,0.0,89348400
2022-04-07,352.4200134277344,0.0,358.86334228515625,340.5133361816406,350.7966613769531,0.0,79447200
2022-04-08,341.8299865722656,0.0,349.4800109863281,340.8133239746094,347.7366638183594,0.0,55013700
2022-04-11,325.30999755859375,0.0,336.15667724609375,324.8800048828125,326.79998779296875,0.0,59357100
2022-04-12,328.98333740234375,0.0,340.39666748046875,325.5333251953125,332.5466613769531,0.0,65976000
2022-04-13,340.7900085449219,0.0,342.0799865722656,324.3666687011719,327.02667236328125,0.0,55121100
2022-04-14,328.3333435058594,0.0,337.57000732421875,327.39666748046875,333.0966796875,0.0,58422300
2022-04-18,334.7633361816406,0.0,338.3066711425781,324.4700012207031,329.6766662597656,0.0,51715200
2022-04-19,342.7166748046875,0.0,344.9800109863281,331.77667236328125,335.0199890136719,0.0,49847700
2022-04-20,325.73333740234375,0.0,344.6666564941406,325.0833435058594,343.3333435058594,0.0,70711200
2022-04-21,336.260009765625,0.0,364.0733337402344,332.1400146484375,358.24334716796875,0.0,105416400
2022-04-22,335.01666259765625,0.0,344.95001220703125,331.3333435058594,338.3033447265625,0.0,69696600
2022-04-25,332.67333984375,0.0,336.2066650390625,325.1000061035156,326.3233337402344,0.0,68341200
2022-04-26,292.1400146484375,0.0,333.3333435058594,291.6666564941406,331.80999755859375,0.0,136133700
2022-04-27,293.836669921875,0.0,306.0,292.4533386230469,299.52667236328125,0.0,76956300
2022-04-28,292.5033264160156,0.0,300.0,273.8999938964844,299.99334716796875,0.0,124948500
2022-04-29,290.2533264160156,0.0,311.4666748046875,290.0,300.75,0.0,88133100
2022-05-02,300.9800109863281,0.0,302.1199951171875,282.6766662597656,286.92333984375,0.0,75781500
2022-05-03,303.0833435058594,0.0,308.02667236328125,296.1966552734375,301.05999755859375,0.0,63709500
2022-05-04,317.5400085449219,0.0,318.5,295.09332275390625,301.3133239746094,0.0,81643800
2022-05-05,291.09332275390625,0.0,315.20001220703125,285.8999938964844,313.00665283203125,0.0,92519100
2022-05-06,288.54998779296875,0.0,296.0,281.03668212890625,295.6666564941406,0.0,72903000
2022-05-09,262.3699951171875,0.0,281.8766784667969,260.3833312988281,278.8166809082031,0.0,90810300
2022-05-10,266.67999267578125,0.0,275.1199951171875,258.0833435058594,273.10333251953125,0.0,84401700
2022-05-11,244.6666717529297,0.0,269.92333984375,242.39999389648438,265.0,0.0,97224600
2022-05-12,242.6666717529297,0.0,253.22000122070312,226.6666717529297,233.6666717529297,0.0,140313000
2022-05-13,256.5299987792969,0.0,262.45001220703125,250.52333068847656,257.82666015625,0.0,92150700
2022-05-16,241.4566650390625,0.0,256.586669921875,239.69667053222656,255.72000122070312,0.0,86098500
2022-05-17,253.8699951171875,0.0,254.82666015625,242.9499969482422,249.1199951171875,0.0,80236200
2022-05-18,236.60333251953125,0.0,253.5,233.60333251953125,248.17333984375,0.0,87811800
2022-05-19,236.47332763671875,0.0,244.6666717529297,231.3699951171875,235.6666717529297,0.0,90296700
2022-05-20,221.3000030517578,0.0,240.52667236328125,211.0,237.99667358398438,0.0,144973200
2022-05-23,224.96665954589844,0.0,226.65333557128906,212.68666076660156,218.33999633789062,0.0,88903500
2022-05-24,209.3866729736328,0.0,217.97332763671875,206.85667419433594,217.8433380126953,0.0,89092500
2022-05-25,219.60000610351562,0.0,223.10667419433594,207.6699981689453,207.9499969482422,0.0,92139300
2022-05-26,235.91000366210938,0.0,239.55667114257812,217.8866729736328,220.47332763671875,0.0,106003200
2022-05-27,253.2100067138672,0.0,253.26666259765625,240.17666625976562,241.0833282470703,0.0,89295000
2022-05-31,252.75332641601562,0.0,259.6000061035156,244.7433319091797,257.9466552734375,0.0,101914500
2022-06-01,246.7899932861328,0.0,257.32666015625,243.63999938964844,251.72000122070312,0.0,77247900
2022-06-02,258.3333435058594,0.0,264.2099914550781,242.06666564941406,244.1566619873047,0.0,93473100
2022-06-03,234.51666259765625,0.0,247.79666137695312,233.4166717529297,243.22666931152344,0.0,112393800
2022-06-06,238.27999877929688,0.0,244.86666870117188,234.35000610351562,244.35333251953125,0.0,84204600
2022-06-07,238.8866729736328,0.0,239.99667358398438,230.0933380126953,234.0,0.0,72808500
2022-06-08,241.86666870117188,0.0,249.9633331298828,239.17666625976562,240.086669921875,0.0,76210500
2022-06-09,239.7066650390625,0.0,255.54666137695312,239.32666015625,249.33999633789062,0.0,96491400
2022-06-10,232.22999572753906,0.0,239.5,227.913330078125,235.1566619873047,0.0,97536600
2022-06-13,215.73666381835938,0.0,226.63333129882812,214.68333435058594,223.1666717529297,0.0,102767400
2022-06-14,220.88999938964844,0.0,226.3300018310547,211.73666381835938,218.2866668701172,0.0,97988700
2022-06-15,233.0,0.0,235.663330078125,218.14999389648438,220.9166717529297,0.0,119131800
2022-06-16,213.10000610351562,0.0,225.1666717529297,208.69332885742188,222.73666381835938,0.0,107390700
2022-06-17,216.75999450683594,0.0,220.97000122070312,213.19667053222656,213.43333435058594,0.0,92641800
2022-06-21,237.0366668701172,0.0,243.57666015625,224.3333282470703,224.60333251953125,0.0,122793000
2022-06-22,236.086669921875,0.0,246.8333282470703,233.82666015625,234.50332641601562,0.0,101107500
2022-06-23,235.07000732421875,0.0,239.31666564941406,228.6366729736328,237.9066619873047,0.0,104202600
2022-06-24,245.7066650390625,0.0,246.06666564941406,236.086669921875,237.47000122070312,0.0,95770800
2022-06-27,244.9199981689453,0.0,252.07000732421875,242.56666564941406,249.36666870117188,0.0,89178300
2022-06-28,232.663330078125,0.0,249.97000122070312,232.3433380126953,244.48333740234375,0.0,90391200
2022-06-29,228.49000549316406,0.0,231.17333984375,222.27333068847656,230.5,0.0,82897200
2022-06-30,224.47332763671875,0.0,229.4566650390625,218.8633270263672,224.50999450683594,0.0,94600500
2022-07-01,227.26333618164062,0.0,230.22999572753906,222.1199951171875,227.0,0.0,74460300
2022-07-05,233.06666564941406,0.0,233.14666748046875,216.1666717529297,223.0,0.0,84581100
2022-07-06,231.73333740234375,0.0,234.56333923339844,227.18666076660156,230.77999877929688,0.0,71853600
2022-07-07,244.5433349609375,0.0,245.3633270263672,232.2100067138672,233.9199981689453,0.0,81930600
2022-07-08,250.76333618164062,0.0,254.97999572753906,241.16000366210938,242.3333282470703,0.0,101854200
2022-07-11,234.3433380126953,0.0,253.06333923339844,233.6266632080078,252.10333251953125,0.0,99241200
2022-07-12,233.07000732421875,0.0,239.77333068847656,228.3699951171875,236.84666442871094,0.0,87930900
2022-07-13,237.0399932861328,0.0,242.05999755859375,225.03334045410156,225.5,0.0,97954500
2022-07-14,238.31333923339844,0.0,238.65333557128906,229.3333282470703,234.89666748046875,0.0,78557400
2022-07-15,240.06666564941406,0.0,243.6233367919922,236.88999938964844,240.0,0.0,69683100
2022-07-18,240.54666137695312,0.0,250.51666259765625,239.60333251953125,244.93666076660156,0.0,82537500
2022-07-19,245.52999877929688,0.0,247.13999938964844,236.97666931152344,245.0,0.0,80890200
2022-07-20,247.5,0.0,250.663330078125,243.48333740234375,246.78334045410156,0.0,88864200
2022-07-21,271.7066650390625,0.0,273.26666259765625,254.86666870117188,255.10667419433594,0.0,142032300
2022-07-22,272.24334716796875,0.0,280.78668212890625,270.71331787109375,276.2200012207031,0.0,103472700
2022-07-25,268.4333190917969,0.0,274.14666748046875,267.3999938964844,272.2166748046875,0.0,64073400
2022-07-26,258.8599853515625,0.0,267.30999755859375,256.2633361816406,266.5133361816406,0.0,66820800
2022-07-27,274.82000732421875,0.0,275.9266662597656,261.7900085449219,263.80999755859375,0.0,88110000
2022-07-28,280.8999938964844,0.0,283.29998779296875,272.79998779296875,280.0666809082031,0.0,84723000
2022-07-29,297.1499938964844,0.0,298.32000732421875,279.1000061035156,280.70001220703125,0.0,95313000
2022-08-01,297.27667236328125,0.0,311.8766784667969,295.0,301.27667236328125,0.0,117042900
2022-08-02,300.586669921875,0.0,307.8333435058594,292.6666564941406,294.0033264160156,0.0,95577600
2022-08-03,307.39666748046875,0.0,309.54998779296875,301.1499938964844,305.0,0.0,80091000
2022-08-04,308.6333312988281,0.0,313.6066589355469,305.0,311.0,0.0,72256200
2022-08-05,288.1700134277344,0.0,304.6066589355469,285.5433349609375,302.6700134277344,0.0,113172900
2022-08-08,290.42333984375,0.0,305.20001220703125,289.086669921875,295.0,0.0,98994000
2022-08-09,283.3333435058594,0.0,292.39666748046875,279.35333251953125,290.2933349609375,0.0,86244600
2022-08-10,294.3566589355469,0.0,297.510009765625,283.3699951171875,297.0666809082031,0.0,94918800
2022-08-11,286.6300048828125,0.0,298.2366638183594,285.8333435058594,296.5133361816406,0.0,70155000
2022-08-12,300.0299987792969,0.0,300.1600036621094,285.0333251953125,289.4166564941406,0.0,79657200
2022-08-15,309.32000732421875,0.0,313.1333312988281,301.2300109863281,301.78668212890625,0.0,89359200
2022-08-16,306.5633239746094,0.0,314.6666564941406,302.8833312988281,311.6666564941406,0.0,88136400
2022-08-17,303.9966735839844,0.0,309.65667724609375,300.0333251953125,303.39666748046875,0.0,68766000
2022-08-18,302.8699951171875,0.0,306.5,301.85333251953125,306.0,0.0,47500500
2022-08-19,296.6666564941406,0.0,300.3599853515625,292.5,299.0,0.0,61395300
2022-08-22,289.913330078125,0.0,292.3999938964844,286.2966613769531,291.913330078125,0.0,55843200
2022-08-23,296.4533386230469,0.0,298.82666015625,287.92333984375,291.4533386230469,0.0,63984900
2022-08-24,297.0966796875,0.0,303.64666748046875,296.5,297.5633239746094,0.0,57259800
2022-08-25,296.07000732421875,0.0,302.9599914550781,291.6000061035156,302.3599853515625,3.0,53230000
2022-08-26,288.0899963378906,0.0,302.0,287.4700012207031,297.42999267578125,0.0,57163900
2022-08-29,284.82000732421875,0.0,287.739990234375,280.70001220703125,282.8299865722656,0.0,41864700
2022-08-30,277.70001220703125,0.0,288.4800109863281,272.6499938964844,287.8699951171875,0.0,50541800
2022-08-31,275.6099853515625,0.0,281.25,271.80999755859375,280.6199951171875,0.0,52107300
2022-09-01,277.1600036621094,0.0,277.5799865722656,266.1499938964844,272.5799865722656,0.0,54287000
2022-09-02,270.2099914550781,0.0,282.3500061035156,269.0799865722656,281.07000732421875,0.0,50890100
2022-09-06,274.4200134277344,0.0,275.989990234375,265.739990234375,272.67999267578125,0.0,55860000
2022-09-07,283.70001220703125,0.0,283.8399963378906,272.2699890136719,273.1000061035156,0.0,50028900
2022-09-08,289.260009765625,0.0,289.5,279.760009765625,281.29998779296875,0.0,53713100
2022-09-09,299.67999267578125,0.0,299.8500061035156,291.25,291.6700134277344,0.0,54338100
2022-09-12,304.4200134277344,0.0,305.489990234375,300.3999938964844,300.7200012207031,0.0,48674600
2022-09-13,292.1300048828125,0.0,297.3999938964844,290.3999938964844,292.8999938964844,0.0,68229600
2022-09-14,302.6099853515625,0.0,306.0,291.6400146484375,292.239990234375,0.0,72628700
2022-09-15,303.75,0.0,309.1199951171875,300.7200012207031,301.8299865722656,0.0,64795500
2022-09-16,303.3500061035156,0.0,303.7099914550781,295.6000061035156,299.6099853515625,0.0,87087800
2022-09-19,309.07000732421875,0.0,309.8399963378906,297.79998779296875,300.0899963378906,0.0,60231200
2022-09-20,308.7300109863281,0.0,313.3299865722656,305.5799865722656,306.9100036621094,0.0,61642800
2022-09-21,300.79998779296875,0.0,313.79998779296875,300.6300048828125,308.2900085449219,0.0,62555700
2022-09-22,288.5899963378906,0.0,301.2900085449219,285.82000732421875,299.8599853515625,0.0,70545400
2022-09-23,275.3299865722656,0.0,284.5,272.82000732421875,283.0899963378906,0.0,63748400
2022-09-26,276.010009765625,0.0,284.0899963378906,270.30999755859375,271.8299865722656,0.0,58076900
2022-09-27,282.94000244140625,0.0,288.6700134277344,277.510009765625,283.8399963378906,0.0,61925200
2022-09-28,287.80999755859375,0.0,289.0,277.57000732421875,283.0799865722656,0.0,54664800
2022-09-29,268.2099914550781,0.0,283.6499938964844,265.7799987792969,282.760009765625,0.0,77620600
2022-09-30,265.25,0.0,275.57000732421875,262.4700012207031,266.1499938964844,0.0,67726600
2022-10-03,242.39999389648438,0.0,255.16000366210938,241.00999450683594,254.5,0.0,98363500
2022-10-04,249.44000244140625,0.0,257.5,242.00999450683594,250.52000427246094,0.0,109578500
2022-10-05,240.80999755859375,0.0,246.6699981689453,233.27000427246094,245.00999450683594,0.0,86982700
2022-10-06,238.1300048828125,0.0,244.5800018310547,235.35000610351562,239.44000244140625,0.0,69298400
2022-10-07,223.07000732421875,0.0,234.57000732421875,222.02000427246094,233.94000244140625,0.0,83916800
2022-10-10,222.9600067138672,0.0,226.99000549316406,218.36000061035156,223.92999267578125,0.0,67925000
2022-10-11,216.5,0.0,225.75,215.0,220.9499969482422,0.0,77013200
2022-10-12,217.24000549316406,0.0,219.3000030517578,211.50999450683594,215.3300018310547,0.0,66860700
2022-10-13,221.72000122070312,0.0,222.99000549316406,206.22000122070312,208.3000030517578,0.0,91483000
2022-10-14,204.99000549316406,0.0,226.25999450683594,204.16000366210938,224.00999450683594,0.0,94124500
2022-10-17,219.35000610351562,0.0,221.86000061035156,209.4499969482422,210.0399932861328,0.0,79428800
2022-10-18,220.19000244140625,0.0,229.82000732421875,217.25,229.5,0.0,75891900
2022-10-19,222.0399932861328,0.0,222.92999267578125,217.77999877929688,219.8000030517578,0.0,66571500
2022-10-20,207.27999877929688,0.0,215.5500030517578,202.0,208.27999877929688,0.0,117798100
2022-10-21,214.44000244140625,0.0,214.66000366210938,203.8000030517578,206.4199981689453,0.0,75713800
2022-10-24,211.25,0.0,213.5,198.58999633789062,205.82000732421875,0.0,100446800
2022-10-25,222.4199981689453,0.0,224.35000610351562,210.0,210.10000610351562,0.0,96507900
2022-10-26,224.63999938964844,0.0,230.60000610351562,218.1999969482422,219.39999389648438,0.0,85012500
2022-10-27,225.08999633789062,0.0,233.80999755859375,222.85000610351562,229.77000427246094,0.0,61638800
2022-10-28,228.52000427246094,0.0,228.86000061035156,216.35000610351562,225.39999389648438,0.0,69152400
2022-10-31,227.5399932861328,0.0,229.85000610351562,221.94000244140625,226.19000244140625,0.0,61554300
2022-11-01,227.82000732421875,0.0,237.39999389648438,227.27999877929688,234.0500030517578,0.0,62688800
2022-11-02,214.97999572753906,0.0,227.8699951171875,214.82000732421875,226.0399932861328,0.0,63070300
2022-11-03,215.30999755859375,0.0,221.1999969482422,210.13999938964844,211.36000061035156,0.0,56538800
2022-11-04,207.47000122070312,0.0,223.8000030517578,203.0800018310547,222.60000610351562,0.0,98622200
2022-11-07,197.0800018310547,0.0,208.89999389648438,196.66000366210938,208.64999389648438,0.0,93916500
2022-11-08,191.3000030517578,0.0,195.1999969482422,186.75,194.02000427246094,0.0,128803400
2022-11-09,177.58999633789062,0.0,195.88999938964844,177.1199951171875,190.77999877929688,0.0,127062700
2022-11-10,190.72000122070312,0.0,191.0,180.02999877929688,189.89999389648438,0.0,132703000
2022-11-11,195.97000122070312,0.0,196.52000427246094,182.58999633789062,186.0,0.0,114403600
2022-11-14,190.9499969482422,0.0,195.72999572753906,186.33999633789062,192.77000427246094,0.0,92226600
2022-11-15,194.4199981689453,0.0,200.82000732421875,192.05999755859375,195.8800048828125,0.0,91293800
2022-11-16,186.9199981689453,0.0,192.57000732421875,185.66000366210938,191.50999450683594,0.0,66567600
2022-11-17,183.1699981689453,0.0,186.16000366210938,180.89999389648438,183.9600067138672,0.0,64336000
2022-11-18,180.19000244140625,0.0,185.19000244140625,176.5500030517578,185.0500030517578,0.0,76048900
2022-11-21,167.8699951171875,0.0,176.77000427246094,167.5399932861328,175.85000610351562,0.0,92882700
2022-11-22,169.91000366210938,0.0,170.9199981689453,166.19000244140625,168.6300048828125,0.0,78452300
2022-11-23,183.1999969482422,0.0,183.6199951171875,172.5,173.57000732421875,0.0,109536700
2022-11-25,182.86000061035156,0.0,185.1999969482422,180.6300048828125,185.05999755859375,0.0,50672700
2022-11-28,182.9199981689453,0.0,188.5,179.0,179.9600067138672,0.0,92905200
2022-11-29,180.8300018310547,0.0,186.3800048828125,178.75,184.99000549316406,0.0,83357100
2022-11-30,194.6999969482422,0.0,194.75999450683594,180.6300048828125,182.42999267578125,0.0,109186400
2022-12-01,194.6999969482422,0.0,198.9199981689453,191.8000030517578,197.0800018310547,0.0,80046200
2022-12-02,194.86000061035156,0.0,196.25,191.11000061035156,191.77999877929688,0.0,73645900
2022-12-05,182.4499969482422,0.0,191.27000427246094,180.5500030517578,189.44000244140625,0.0,93122700
2022-12-06,179.82000732421875,0.0,183.64999389648438,175.3300018310547,181.22000122070312,0.0,92150800
2022-12-07,174.0399932861328,0.0,179.3800048828125,172.22000122070312,175.02999877929688,0.0,84213300
2022-12-08,173.44000244140625,0.0,175.1999969482422,169.05999755859375,172.1999969482422,0.0,97624500
2022-12-09,179.0500030517578,0.0,182.5,173.36000061035156,173.83999633789062,0.0,104872300
2022-12-12,167.82000732421875,0.0,177.3699951171875,167.52000427246094,176.10000610351562,0.0,109794500
2022-12-13,160.9499969482422,0.0,175.0500030517578,156.91000366210938,174.8699951171875,0.0,175862700
2022-12-14,156.8000030517578,0.0,161.6199951171875,155.30999755859375,159.25,0.0,140682300
2022-12-15,157.6699981689453,0.0,160.92999267578125,153.27999877929688,153.44000244140625,0.0,122334500
2022-12-16,150.22999572753906,0.0,160.99000549316406,150.0399932861328,159.63999938964844,0.0,139032200
2022-12-19,149.8699951171875,0.0,155.25,145.82000732421875,154.0,0.0,139390600
2022-12-20,137.8000030517578,0.0,148.47000122070312,137.66000366210938,146.0500030517578,0.0,159563300
2022-12-21,137.57000732421875,0.0,141.25999450683594,135.88999938964844,139.33999633789062,0.0,145417400
2022-12-22,125.3499984741211,0.0,136.6300048828125,122.26000213623047,136.0,0.0,210090300
2022-12-23,123.1500015258789,0.0,128.6199951171875,121.0199966430664,126.37000274658203,0.0,166989700
2022-12-27,109.0999984741211,0.0,119.66999816894531,108.76000213623047,117.5,0.0,208643400
2022-12-28,112.70999908447266,0.0,116.2699966430664,108.23999786376953,110.3499984741211,0.0,221070500
2022-12-29,121.81999969482422,0.0,123.56999969482422,117.5,120.38999938964844,0.0,221923300
2022-12-30,123.18000030517578,0.0,124.4800033569336,119.75,119.94999694824219,0.0,157777300
2023-01-03,108.0999984741211,0.0,118.80000305175781,104.63999938964844,118.47000122070312,0.0,231402800
2023-01-04,113.63999938964844,0.0,114.58999633789062,107.5199966430664,109.11000061035156,0.0,180389000
2023-01-05,110.33999633789062,0.0,111.75,107.16000366210938,110.51000213623047,0.0,157986300
2023-01-06,113.05999755859375,0.0,114.38999938964844,101.80999755859375,103.0,0.0,220911100
2023-01-09,119.7699966430664,0.0,123.5199966430664,117.11000061035156,118.95999908447266,0.0,190284000
2023-01-10,118.8499984741211,0.0,122.76000213623047,114.91999816894531,121.06999969482422,0.0,167642500
2023-01-11,123.22000122070312,0.0,125.94999694824219,120.51000213623047,122.08999633789062,0.0,183810800
2023-01-12,123.55999755859375,0.0,124.12999725341797,117.0,122.55999755859375,0.0,169400900
2023-01-13,122.4000015258789,0.0,122.62999725341797,115.5999984741211,116.55000305175781,0.0,180714100
2023-01-17,131.49000549316406,0.0,131.6999969482422,125.0199966430664,125.69999694824219,0.0,186477000
2023-01-18,128.77999877929688,0.0,136.67999267578125,127.01000213623047,136.55999755859375,0.0,195680300
2023-01-19,127.16999816894531,0.0,129.99000549316406,124.30999755859375,127.26000213623047,0.0,170291900
2023-01-20,133.4199981689453,0.0,133.50999450683594,127.3499984741211,128.67999267578125,0.0,138858100
2023-01-23,143.75,0.0,145.3800048828125,134.27000427246094,135.8699951171875,0.0,203119200
2023-01-24,143.88999938964844,0.0,146.5,141.10000610351562,143.0,0.0,158699100
2023-01-25,144.42999267578125,0.0,146.41000366210938,138.07000732421875,141.91000366210938,0.0,192734300
2023-01-26,160.27000427246094,0.0,161.4199981689453,154.75999450683594,159.97000122070312,0.0,234815100
2023-01-27,177.89999389648438,0.0,180.67999267578125,161.1699981689453,162.42999267578125,0.0,306590600
2023-01-30,166.66000366210938,0.0,179.77000427246094,166.5,178.0500030517578,0.0,230878800
2023-01-31,173.22000122070312,0.0,174.3000030517578,162.77999877929688,164.57000732421875,0.0,196813500
2023-02-01,181.41000366210938,0.0,183.80999755859375,169.92999267578125,173.88999938964844,0.0,213806300
2023-02-02,188.27000427246094,0.0,196.75,182.61000061035156,187.3300018310547,0.0,217448300
2023-02-03,189.97999572753906,0.0,199.0,183.69000244140625,183.9499969482422,0.0,232662000
2023-02-06,194.75999450683594,0.0,198.1699981689453,189.9199981689453,193.00999450683594,0.0,186188100
2023-02-07,196.80999755859375,0.0,197.5,189.5500030517578,196.42999267578125,0.0,186010300
2023-02-08,201.2899932861328,0.0,203.0,194.30999755859375,196.10000610351562,0.0,180673600
2023-02-09,207.32000732421875,0.0,214.0,204.77000427246094,207.77999877929688,0.0,215431400
2023-02-10,196.88999938964844,0.0,206.1999969482422,192.88999938964844,202.22999572753906,0.0,204754100
2023-02-13,194.63999938964844,0.0,196.3000030517578,187.61000061035156,194.4199981689453,0.0,172475500
2023-02-14,209.25,0.0,209.82000732421875,189.44000244140625,191.94000244140625,0.0,216455700
2023-02-15,214.24000549316406,0.0,214.66000366210938,206.11000061035156,211.75999450683594,0.0,181006400
2023-02-16,202.0399932861328,0.0,217.64999389648438,201.83999633789062,210.77999877929688,0.0,229586500
2023-02-17,208.30999755859375,0.0,208.44000244140625,197.5,199.99000549316406,0.0,213738500
2023-02-21,197.3699951171875,0.0,209.7100067138672,197.22000122070312,204.99000549316406,0.0,180018600
2023-02-22,200.86000061035156,0.0,201.99000549316406,191.77999877929688,197.92999267578125,0.0,191828500
2023-02-23,202.07000732421875,0.0,205.13999938964844,196.3300018310547,203.91000366210938,0.0,146360000
2023-02-24,196.8800048828125,0.0,197.6699981689453,192.8000030517578,196.3300018310547,0.0,142228100
2023-02-27,207.6300048828125,0.0,209.4199981689453,201.25999450683594,202.02999877929688,0.0,161028300
2023-02-28,205.7100067138672,0.0,211.22999572753906,203.75,210.58999633789062,0.0,153144900
2023-03-01,202.77000427246094,0.0,207.1999969482422,198.52000427246094,206.2100067138672,0.0,156852800
2023-03-02,190.89999389648438,0.0,193.75,186.00999450683594,186.74000549316406,0.0,181500700
2023-03-03,197.7899932861328,0.0,200.47999572753906,192.8800048828125,194.8000030517578,0.0,154193300
2023-03-06,193.80999755859375,0.0,198.60000610351562,192.3000030517578,198.5399932861328,0.0,128100100
2023-03-07,187.7100067138672,0.0,194.1999969482422,186.10000610351562,191.3800048828125,0.0,148125800
2023-03-08,182.0,0.0,186.5,180.0,185.0399932861328,0.0,151897800
2023-03-09,172.9199981689453,0.0,185.17999267578125,172.50999450683594,180.25,0.0,170023800
2023-03-10,173.44000244140625,0.0,178.2899932861328,168.44000244140625,175.1300048828125,0.0,191488900
2023-03-13,174.47999572753906,0.0,177.35000610351562,163.91000366210938,167.4600067138672,0.0,167790300
2023-03-14,183.25999450683594,0.0,183.8000030517578,177.13999938964844,177.30999755859375,0.0,143717900
2023-03-15,180.4499969482422,0.0,182.33999633789062,176.02999877929688,180.8000030517578,0.0,145995600
2023-03-16,184.1300048828125,0.0,185.80999755859375,178.83999633789062,180.3699951171875,0.0,121136800
2023-03-17,180.1300048828125,0.0,186.22000122070312,177.3300018310547,184.52000427246094,0.0,133197100
2023-03-20,183.25,0.0,186.44000244140625,176.35000610351562,178.0800018310547,0.0,129684400
2023-03-21,197.5800018310547,0.0,198.0,188.0399932861328,188.27999877929688,0.0,153391400
2023-03-22,191.14999389648438,0.0,200.66000366210938,190.9499969482422,199.3000030517578,0.0,150376400
2023-03-23,192.22000122070312,0.0,199.30999755859375,188.64999389648438,195.25999450683594,0.0,144193900
2023-03-24,190.41000366210938,0.0,192.36000061035156,187.14999389648438,191.64999389648438,0.0,116312400
2023-03-27,191.80999755859375,0.0,197.38999938964844,189.94000244140625,194.4199981689453,0.0,120851600
2023-03-28,189.19000244140625,0.0,192.35000610351562,185.42999267578125,192.0,0.0,98654600
2023-03-29,193.8800048828125,0.0,195.2899932861328,189.44000244140625,193.1300048828125,0.0,123660000
2023-03-30,195.27999877929688,0.0,197.3300018310547,194.4199981689453,195.5800018310547,0.0,110252200
2023-03-31,207.4600067138672,0.0,207.7899932861328,197.1999969482422,197.52999877929688,0.0,170222100
2023-04-03,194.77000427246094,0.0,202.69000244140625,192.1999969482422,199.91000366210938,0.0,169545900
2023-04-04,192.5800018310547,0.0,198.74000549316406,190.32000732421875,197.32000732421875,0.0,126463800
2023-04-05,185.52000427246094,0.0,190.67999267578125,183.75999450683594,190.52000427246094,0.0,133882500
2023-04-06,185.05999755859375,0.0,186.38999938964844,179.74000549316406,183.0800018310547,0.0,123857900
2023-04-10,184.50999450683594,0.0,185.10000610351562,176.11000061035156,179.94000244140625,0.0,142154600
2023-04-11,186.7899932861328,0.0,189.19000244140625,185.64999389648438,186.69000244140625,0.0,115770900
2023-04-12,180.5399932861328,0.0,191.5800018310547,180.30999755859375,190.74000549316406,0.0,150256300
2023-04-13,185.89999389648438,0.0,186.5,180.94000244140625,182.9600067138672,0.0,112933000
2023-04-14,185.0,0.0,186.27999877929688,182.00999450683594,183.9499969482422,0.0,96438700
2023-04-17,187.0399932861328,0.0,189.69000244140625,182.69000244140625,186.32000732421875,0.0,116662200
2023-04-18,184.30999755859375,0.0,187.69000244140625,183.5800018310547,187.14999389648438,0.0,92067000
2023-04-19,180.58999633789062,0.0,183.5,177.64999389648438,179.10000610351562,0.0,125732700
2023-04-20,162.99000549316406,0.0,169.6999969482422,160.55999755859375,166.1699981689453,0.0,210970800
2023-04-21,165.0800018310547,0.0,166.0,161.32000732421875,164.8000030517578,0.0,123539000
2023-04-24,162.5500030517578,0.0,165.64999389648438,158.61000061035156,164.64999389648438,0.0,140006600
2023-04-25,160.6699981689453,0.0,163.47000122070312,158.75,159.82000732421875,0.0,121999300
2023-04-26,153.75,0.0,160.6699981689453,153.13999938964844,160.2899932861328,0.0,153364100
2023-04-27,160.19000244140625,0.0,160.47999572753906,152.3699951171875,152.63999938964844,0.0,127015200
2023-04-28,164.30999755859375,0.0,165.0,157.32000732421875,160.89999389648438,0.0,122515800
2023-05-01,161.8300018310547,0.0,163.27999877929688,158.8300018310547,163.1699981689453,0.0,109015000
2023-05-02,160.30999755859375,0.0,165.49000549316406,158.92999267578125,161.8800048828125,0.0,128259700
2023-05-03,160.61000061035156,0.0,165.0,159.91000366210938,160.00999450683594,0.0,119728000
2023-05-04,161.1999969482422,0.0,162.9499969482422,159.64999389648438,162.7100067138672,0.0,95108500
2023-05-05,170.05999755859375,0.0,170.7899932861328,163.50999450683594,163.97000122070312,0.0,107607300
2023-05-08,171.7899932861328,0.0,173.8000030517578,169.19000244140625,173.72000122070312,0.0,112249400
2023-05-09,169.14999389648438,0.0,169.82000732421875,166.55999755859375,168.9499969482422,0.0,88965000
2023-05-10,168.5399932861328,0.0,174.42999267578125,166.67999267578125,172.5500030517578,0.0,119840700
2023-05-11,172.0800018310547,0.0,173.57000732421875,166.7899932861328,168.6999969482422,0.0,103889900
2023-05-12,167.97999572753906,0.0,177.3800048828125,167.22999572753906,176.07000732421875,0.0,157849600
2023-05-15,166.35000610351562,0.0,169.75999450683594,164.5500030517578,167.66000366210938,0.0,105592500
2023-05-16,166.52000427246094,0.0,169.52000427246094,164.35000610351562,165.64999389648438,0.0,98288800
2023-05-17,173.86000061035156,0.0,174.5,167.19000244140625,168.41000366210938,0.0,125473600
2023-05-18,176.88999938964844,0.0,177.05999755859375,172.4499969482422,174.22000122070312,0.0,109520300
2023-05-19,180.13999938964844,0.0,181.9499969482422,176.30999755859375,177.1699981689453,0.0,136196700
2023-05-22,188.8699951171875,0.0,189.32000732421875,180.11000061035156,180.6999969482422,0.0,132001400
2023-05-23,185.77000427246094,0.0,192.9600067138672,185.25999450683594,186.1999969482422,0.0,156952100
2023-05-24,182.89999389648438,0.0,184.22000122070312,178.22000122070312,182.22999572753906,0.0,137605100
2023-05-25,184.47000122070312,0.0,186.77999877929688,180.5800018310547,186.5399932861328,0.0,96870700
2023-05-26,193.1699981689453,0.0,198.60000610351562,184.52999877929688,184.6199951171875,0.0,162061500
2023-05-30,201.16000366210938,0.0,204.47999572753906,197.52999877929688,200.10000610351562,0.0,128818700
2023-05-31,203.92999267578125,0.0,203.9499969482422,195.1199951171875,199.77999877929688,0.0,150711700
2023-06-01,207.52000427246094,0.0,209.8000030517578,199.3699951171875,202.58999633789062,0.0,148029900
2023-06-02,213.97000122070312,0.0,217.25,209.75,210.14999389648438,0.0,164398400
2023-06-05,217.61000061035156,0.0,221.2899932861328,214.52000427246094,217.8000030517578,0.0,151143100
2023-06-06,221.30999755859375,0.0,221.91000366210938,212.52999877929688,216.13999938964844,0.0,146911600
2023-06-07,224.57000732421875,0.0,230.8300018310547,223.1999969482422,228.0,0.0,185710800
2023-06-08,234.86000061035156,0.0,235.22999572753906,223.00999450683594,224.22000122070312,0.0,164489700
2023-06-09,244.39999389648438,0.0,252.4199981689453,242.02000427246094,249.07000732421875,0.0,200242400
2023-06-12,249.8300018310547,0.0,250.97000122070312,244.58999633789062,247.94000244140625,0.0,150337900
2023-06-13,258.7099914550781,0.0,259.67999267578125,251.33999633789062,253.50999450683594,0.0,162384300
2023-06-14,256.7900085449219,0.0,261.57000732421875,250.5,260.1700134277344,0.0,170575500
2023-06-15,255.89999389648438,0.0,258.95001220703125,247.2899932861328,248.39999389648438,0.0,160171200
2023-06-16,260.5400085449219,0.0,263.6000061035156,257.2099914550781,258.9200134277344,0.0,167915600
2023-06-20,274.45001220703125,0.0,274.75,261.1199951171875,261.5,0.0,165611200
2023-06-21,259.4599914550781,0.0,276.989990234375,257.7799987792969,275.1300048828125,0.0,211797100
2023-06-22,264.6099853515625,0.0,265.0,248.25,250.77000427246094,0.0,166875900
2023-06-23,256.6000061035156,0.0,262.45001220703125,252.8000030517578,259.2900085449219,0.0,177460800
2023-06-26,241.0500030517578,0.0,258.3699951171875,240.6999969482422,250.07000732421875,0.0,179990600
2023-06-27,250.2100067138672,0.0,250.38999938964844,240.85000610351562,243.24000549316406,0.0,164968200
2023-06-28,256.239990234375,0.0,259.8800048828125,248.88999938964844,249.6999969482422,0.0,159770800
2023-06-29,257.5,0.0,260.739990234375,253.61000061035156,258.0299987792969,0.0,131283400
2023-06-30,261.7699890136719,0.0,264.45001220703125,259.8900146484375,260.6000061035156,0.0,112620800
2023-07-03,279.82000732421875,0.0,284.25,275.1099853515625,276.489990234375,0.0,119685900
2023-07-05,282.4800109863281,0.0,283.8500061035156,277.6000061035156,278.82000732421875,0.0,131530900
2023-07-06,276.5400085449219,0.0,279.9700012207031,272.8800048828125,278.0899963378906,0.0,120332100
2023-07-07,274.42999267578125,0.0,280.7799987792969,273.7699890136719,278.42999267578125,0.0,113879200
2023-07-10,269.6099853515625,0.0,277.5199890136719,265.1000061035156,276.4700012207031,0.0,119425400
2023-07-11,269.7900085449219,0.0,270.8999938964844,266.3699951171875,268.6499938964844,0.0,91972400
2023-07-12,271.989990234375,0.0,276.5199890136719,271.4599914550781,276.3299865722656,0.0,95672100
2023-07-13,277.8999938964844,0.0,279.45001220703125,270.6000061035156,274.5899963378906,0.0,112681500
2023-07-14,281.3800048828125,0.0,285.29998779296875,276.30999755859375,277.010009765625,0.0,120062400
2023-07-17,290.3800048828125,0.0,292.2300109863281,283.57000732421875,286.6300048828125,0.0,131569600
2023-07-18,293.3399963378906,0.0,295.260009765625,286.010009765625,290.1499938964844,0.0,112120300
2023-07-19,291.260009765625,0.0,299.2900085449219,289.5199890136719,296.0400085449219,0.0,142355400
2023-07-20,262.8999938964844,0.0,280.92999267578125,261.20001220703125,279.55999755859375,0.0,175158300
2023-07-21,260.0199890136719,0.0,268.0,255.8000030517578,268.0,0.0,161796100
2023-07-24,269.05999755859375,0.0,269.8500061035156,254.1199951171875,255.85000610351562,0.0,136508500
2023-07-25,265.2799987792969,0.0,272.8999938964844,265.0,272.3800048828125,0.0,112757300
2023-07-26,264.3500061035156,0.0,268.0400085449219,261.75,263.25,0.0,95856200
2023-07-27,255.7100067138672,0.0,269.1300048828125,255.3000030517578,268.30999755859375,0.0,103697300
2023-07-28,266.44000244140625,0.0,267.25,258.2300109863281,259.8599853515625,0.0,111446000
2023-07-31,267.42999267578125,0.0,269.0799865722656,263.7799987792969,267.4800109863281,0.0,84582200
2023-08-01,261.07000732421875,0.0,266.4700012207031,260.25,266.260009765625,0.0,83166000
2023-08-02,254.11000061035156,0.0,259.5199890136719,250.49000549316406,255.57000732421875,0.0,101752900
2023-08-03,259.32000732421875,0.0,260.489990234375,252.0,252.0399932861328,0.0,97569100
2023-08-04,253.86000061035156,0.0,264.7699890136719,253.11000061035156,260.9700012207031,0.0,99539900
2023-08-07,251.4499969482422,0.0,253.64999389648438,242.75999450683594,251.4499969482422,0.0,111097900
2023-08-08,249.6999969482422,0.0,250.9199981689453,245.00999450683594,247.4499969482422,0.0,96642200
2023-08-09,242.19000244140625,0.0,251.10000610351562,241.89999389648438,250.8699951171875,0.0,101596300
2023-08-10,245.33999633789062,0.0,251.8000030517578,243.0,245.39999389648438,0.0,109498600
2023-08-11,242.64999389648438,0.0,243.7899932861328,238.02000427246094,241.77000427246094,0.0,99038600
2023-08-14,239.75999450683594,0.0,240.66000366210938,233.75,235.6999969482422,0.0,98595300
2023-08-15,232.9600067138672,0.0,240.5,232.61000061035156,238.72999572753906,0.0,88197600
2023-08-16,225.60000610351562,0.0,233.97000122070312,225.3800048828125,228.02000427246094,0.0,112484500
2023-08-17,219.22000122070312,0.0,226.74000549316406,218.8300018310547,226.05999755859375,0.0,120718400
2023-08-18,215.49000549316406,0.0,217.5800018310547,212.36000061035156,214.1199951171875,0.0,136276600
2023-08-21,231.27999877929688,0.0,232.1300048828125,220.5800018310547,221.5500030517578,0.0,135702700
2023-08-22,233.19000244140625,0.0,240.82000732421875,229.5500030517578,240.25,0.0,130442800
2023-08-23,236.86000061035156,0.0,238.97999572753906,229.2899932861328,229.33999633789062,0.0,101077600
2023-08-24,230.0399932861328,0.0,238.9199981689453,228.17999267578125,238.66000366210938,0.0,99777400
2023-08-25,238.58999633789062,0.0,239.0,230.35000610351562,231.30999755859375,0.0,106612200
2023-08-28,238.82000732421875,0.0,244.3800048828125,235.35000610351562,242.5800018310547,0.0,107673700
2023-08-29,257.17999267578125,0.0,257.4800109863281,237.77000427246094,238.5800018310547,0.0,134047600
2023-08-30,256.8999938964844,0.0,260.510009765625,250.58999633789062,254.1999969482422,0.0,121988400
2023-08-31,258.0799865722656,0.0,261.17999267578125,255.0500030517578,255.97999572753906,0.0,108861700
2023-09-01,245.00999450683594,0.0,259.0799865722656,242.00999450683594,257.260009765625,0.0,132541600
2023-09-05,256.489990234375,0.0,258.0,244.86000061035156,245.0,0.0,129469600
2023-09-06,251.9199981689453,0.0,255.38999938964844,245.05999755859375,255.13999938964844,0.0,116959800
2023-09-07,251.49000549316406,0.0,252.80999755859375,243.27000427246094,245.07000732421875,0.0,115312900
2023-09-08,248.5,0.0,256.5199890136719,246.6699981689453,251.22000122070312,0.0,118367700
2023-09-11,273.5799865722656,0.0,274.8500061035156,260.6099853515625,264.2699890136719,0.0,174667900
2023-09-12,267.4800109863281,0.0,278.3900146484375,266.6000061035156,270.760009765625,0.0,135999900
2023-09-13,271.29998779296875,0.0,274.9800109863281,268.1000061035156,270.07000732421875,0.0,111673700
2023-09-14,276.0400085449219,0.0,276.7099914550781,270.4200134277344,271.32000732421875,0.0,107709800
2023-09-15,274.3900146484375,0.0,278.9800109863281,271.0,277.54998779296875,0.0,133692300
2023-09-18,265.2799987792969,0.0,271.44000244140625,263.760009765625,271.1600036621094,0.0,101543300
2023-09-19,266.5,0.0,267.8500061035156,261.20001220703125,264.3500061035156,0.0,103704000
2023-09-20,262.5899963378906,0.0,273.92999267578125,262.4599914550781,267.0400085449219,0.0,122514600
2023-09-21,255.6999969482422,0.0,260.8599853515625,254.2100067138672,257.8500061035156,0.0,119951500
2023-09-22,244.8800048828125,0.0,257.7900085449219,244.47999572753906,257.3999938964844,0.0,127524100
2023-09-25,246.99000549316406,0.0,247.10000610351562,238.30999755859375,243.3800048828125,0.0,104636600
2023-09-26,244.1199951171875,0.0,249.5500030517578,241.66000366210938,242.97999572753906,0.0,101993600
2023-09-27,240.5,0.0,245.3300018310547,234.5800018310547,244.25999450683594,0.0,136597200
2023-09-28,246.3800048828125,0.0,247.5500030517578,238.64999389648438,240.02000427246094,0.0,117058900
2023-09-29,250.22000122070312,0.0,254.77000427246094,246.35000610351562,250.0,0.0,128522700
2023-10-02,251.60000610351562,0.0,254.27999877929688,242.6199951171875,244.80999755859375,0.0,123810400
2023-10-03,246.52999877929688,0.0,250.02000427246094,244.4499969482422,248.61000061035156,0.0,101985300
2023-10-04,261.1600036621094,0.0,261.8599853515625,247.60000610351562,248.13999938964844,0.0,129721600
2023-10-05,260.04998779296875,0.0,263.6000061035156,256.25,260.0,0.0,119159200
2023-10-06,260.5299987792969,0.0,261.6499938964844,250.64999389648438,253.97999572753906,0.0,118121800
2023-10-09,259.6700134277344,0.0,261.3599853515625,252.0500030517578,255.30999755859375,0.0,101377900
2023-10-10,263.6199951171875,0.0,268.94000244140625,257.6499938964844,257.75,0.0,122656000
2023-10-11,262.989990234375,0.0,268.6000061035156,260.8999938964844,266.20001220703125,0.0,103706300
2023-10-12,258.8699951171875,0.0,265.4100036621094,256.6300048828125,262.9200134277344,0.0,111508100
2023-10-13,251.1199951171875,0.0,259.6000061035156,250.22000122070312,258.8999938964844,0.0,102073800
2023-10-16,253.9199981689453,0.0,255.39999389648438,248.47999572753906,250.0500030517578,0.0,88917200
2023-10-17,254.85000610351562,0.0,257.17999267578125,247.0800018310547,250.10000610351562,0.0,93562900
2023-10-18,242.67999267578125,0.0,254.6300048828125,242.0800018310547,252.6999969482422,0.0,125147800
2023-10-19,220.11000061035156,0.0,230.61000061035156,216.77999877929688,225.9499969482422,0.0,170772700
2023-10-20,211.99000549316406,0.0,218.86000061035156,210.4199981689453,217.00999450683594,0.0,138010100
2023-10-23,212.0800018310547,0.0,216.97999572753906,202.50999450683594,210.0,0.0,150683400
2023-10-24,216.52000427246094,0.0,222.0500030517578,214.11000061035156,216.5,0.0,118231100
2023-10-25,212.4199981689453,0.0,220.10000610351562,212.1999969482422,215.8800048828125,0.0,107065100
2023-10-26,205.75999450683594,0.0,214.8000030517578,204.8800048828125,211.32000732421875,0.0,115112600
2023-10-27,207.3000030517578,0.0,212.41000366210938,205.77000427246094,210.60000610351562,0.0,94881200
2023-10-30,197.36000061035156,0.0,210.8800048828125,194.6699981689453,209.27999877929688,0.0,136448200
2023-10-31,200.83999633789062,0.0,202.8000030517578,194.07000732421875,196.1199951171875,0.0,118068300
2023-11-01,205.66000366210938,0.0,205.99000549316406,197.85000610351562,204.0399932861328,0.0,121661700
2023-11-02,218.50999450683594,0.0,219.1999969482422,211.4499969482422,212.97000122070312,0.0,125987600
2023-11-03,219.9600067138672,0.0,226.3699951171875,218.39999389648438,221.14999389648438,0.0,119534800
2023-11-06,219.27000427246094,0.0,226.32000732421875,215.0,223.97999572753906,0.0,117335800
2023-11-07,222.17999267578125,0.0,223.1199951171875,215.72000122070312,219.97999572753906,0.0,116900100
2023-11-08,222.11000061035156,0.0,224.14999389648438,217.63999938964844,223.14999389648438,0.0,106584800
2023-11-09,209.97999572753906,0.0,220.8000030517578,206.67999267578125,219.75,0.0,142110500
2023-11-10,214.64999389648438,0.0,215.3800048828125,205.69000244140625,210.02999877929688,0.0,130994000
2023-11-13,223.7100067138672,0.0,225.39999389648438,211.61000061035156,215.60000610351562,0.0,140447600
2023-11-14,237.41000366210938,0.0,238.13999938964844,230.72000122070312,235.02999877929688,0.0,149771600
2023-11-15,242.83999633789062,0.0,246.6999969482422,236.4499969482422,239.2899932861328,0.0,150354000
2023-11-16,233.58999633789062,0.0,240.8800048828125,230.9600067138672,239.49000549316406,0.0,136816800
2023-11-17,234.3000030517578,0.0,237.38999938964844,226.5399932861328,232.0,0.0,142532800
2023-11-20,235.60000610351562,0.0,237.10000610351562,231.02000427246094,234.0399932861328,0.0,116320100
2023-11-21,241.1999969482422,0.0,243.6199951171875,233.33999633789062,235.0399932861328,0.0,122288000
2023-11-22,234.2100067138672,0.0,244.00999450683594,231.39999389648438,242.0399932861328,0.0,117950600
2023-11-24,235.4499969482422,0.0,238.75,232.3300018310547,233.75,0.0,65125200
2023-11-27,236.0800018310547,0.0,238.3300018310547,232.10000610351562,236.88999938964844,0.0,112031800
2023-11-28,246.72000122070312,0.0,247.0,234.00999450683594,236.67999267578125,0.0,148549900
2023-11-29,244.13999938964844,0.0,252.75,242.75999450683594,249.2100067138672,0.0,135401300
2023-11-30,240.0800018310547,0.0,245.22000122070312,236.91000366210938,245.13999938964844,0.0,132353200
2023-12-01,238.8300018310547,0.0,240.19000244140625,231.89999389648438,233.13999938964844,0.0,121331700
2023-12-04,235.5800018310547,0.0,239.3699951171875,233.2899932861328,235.75,0.0,104099800
2023-12-05,238.72000122070312,0.0,246.66000366210938,233.6999969482422,233.8699951171875,0.0,137971100
2023-12-06,239.3699951171875,0.0,246.57000732421875,239.1699981689453,242.9199981689453,0.0,126436200
2023-12-07,242.63999938964844,0.0,244.0800018310547,236.97999572753906,241.5500030517578,0.0,107142300
2023-12-08,243.83999633789062,0.0,245.27000427246094,239.27000427246094,240.27000427246094,0.0,103126800
2023-12-11,239.74000549316406,0.0,243.44000244140625,237.4499969482422,242.74000549316406,0.0,97913900
2023-12-12,237.00999450683594,0.0,238.99000549316406,233.8699951171875,238.5500030517578,0.0,95328300
2023-12-13,239.2899932861328,0.0,240.3000030517578,228.1999969482422,234.19000244140625,0.0,146286300
2023-12-14,251.0500030517578,0.0,253.8800048828125,240.7899932861328,241.22000122070312,0.0,160829200
2023-12-15,253.5,0.0,254.1300048828125,248.3000030517578,251.2100067138672,0.0,135932800
2023-12-18,252.0800018310547,0.0,258.739990234375,251.36000061035156,253.77999877929688,0.0,116416500
2023-12-19,257.2200012207031,0.0,258.3399963378906,253.00999450683594,253.47999572753906,0.0,106737400
2023-12-20,247.13999938964844,0.0,259.8399963378906,247.0,256.4100036621094,0.0,125097000
2023-12-21,254.5,0.0,254.8000030517578,248.5500030517578,251.89999389648438,0.0,109594200
2023-12-22,252.5399932861328,0.0,258.2200012207031,251.3699951171875,256.760009765625,0.0,93370100
2023-12-26,256.6099853515625,0.0,257.9700012207031,252.91000366210938,254.49000549316406,0.0,86892400
2023-12-27,261.44000244140625,0.0,263.3399963378906,257.5199890136719,258.3500061035156,0.0,106494400
2023-12-28,253.17999267578125,0.0,265.1300048828125,252.7100067138672,263.6600036621094,0.0,113619900
2023-12-29,248.47999572753906,0.0,255.19000244140625,247.42999267578125,255.10000610351562,0.0,100891600
2024-01-02,248.4199981689453,0.0,251.25,244.41000366210938,250.0800018310547,0.0,104654200
2024-01-03,238.4499969482422,0.0,245.67999267578125,236.32000732421875,244.97999572753906,0.0,121082600
2024-01-04,237.92999267578125,0.0,242.6999969482422,237.72999572753906,239.25,0.0,102629300
2024-01-05,237.49000549316406,0.0,240.1199951171875,234.89999389648438,236.86000061035156,0.0,92488900
2024-01-08,240.4499969482422,0.0,241.25,235.3000030517578,236.13999938964844,0.0,85166600
2024-01-09,234.9600067138672,0.0,238.9600067138672,232.0399932861328,238.11000061035156,0.0,96705700
2024-01-10,233.94000244140625,0.0,235.5,231.2899932861328,235.10000610351562,0.0,91628500
2024-01-11,227.22000122070312,0.0,230.92999267578125,225.3699951171875,230.57000732421875,0.0,105873600
2024-01-12,218.88999938964844,0.0,225.33999633789062,217.14999389648438,220.0800018310547,0.0,123043800
2024-01-16,219.91000366210938,0.0,223.49000549316406,212.17999267578125,215.10000610351562,0.0,115355000
2024-01-17,215.5500030517578,0.0,215.6699981689453,212.00999450683594,214.86000061035156,0.0,103164400
2024-01-18,211.8800048828125,0.0,217.4499969482422,208.74000549316406,216.8800048828125,0.0,108595400
2024-01-19,212.19000244140625,0.0,213.19000244140625,207.55999755859375,209.99000549316406,0.0,102260300
2024-01-22,208.8000030517578,0.0,217.8000030517578,206.27000427246094,212.25999450683594,0.0,117952500
2024-01-23,209.13999938964844,0.0,215.64999389648438,207.75,211.3000030517578,0.0,106605900
2024-01-24,207.8300018310547,0.0,212.72999572753906,206.77000427246094,211.8800048828125,0.0,123369900
2024-01-25,182.6300048828125,0.0,193.0,180.05999755859375,189.6999969482422,0.0,198076800
2024-01-26,183.25,0.0,186.77999877929688,182.10000610351562,185.5,0.0,107343200
2024-01-29,190.92999267578125,0.0,191.47999572753906,183.6699981689453,185.6300048828125,0.0,125013100
2024-01-30,191.58999633789062,0.0,196.36000061035156,190.61000061035156,195.3300018310547,0.0,109982300
2024-01-31,187.2899932861328,0.0,193.97000122070312,185.85000610351562,187.0,0.0,103221400
2024-02-01,188.86000061035156,0.0,189.8800048828125,184.27999877929688,188.5,0.0,91843300
2024-02-02,187.91000366210938,0.0,188.69000244140625,182.0,185.0399932861328,0.0,110612700
2024-02-05,181.05999755859375,0.0,184.67999267578125,175.00999450683594,184.25999450683594,0.0,134294400
2024-02-06,185.10000610351562,0.0,186.49000549316406,177.11000061035156,177.2100067138672,0.0,122676000
2024-02-07,187.5800018310547,0.0,189.7899932861328,182.67999267578125,188.17999267578125,0.0,111535200
2024-02-08,189.55999755859375,0.0,191.6199951171875,185.5800018310547,189.0,0.0,83034000
2024-02-09,193.57000732421875,0.0,194.1199951171875,189.47999572753906,190.17999267578125,0.0,84476300
2024-02-12,188.1300048828125,0.0,194.72999572753906,187.27999877929688,192.11000061035156,0.0,95498600
2024-02-13,184.02000427246094,0.0,187.25999450683594,182.11000061035156,183.99000549316406,0.0,86759500
2024-02-14,188.7100067138672,0.0,188.88999938964844,183.35000610351562,185.3000030517578,0.0,81203000
2024-02-15,200.4499969482422,0.0,200.8800048828125,188.86000061035156,189.16000366210938,0.0,120831800
2024-02-16,199.9499969482422,0.0,203.1699981689453,197.39999389648438,202.05999755859375,0.0,111346700
2024-02-20,193.75999450683594,0.0,198.60000610351562,189.1300048828125,196.1300048828125,0.0,104545800
2024-02-21,194.77000427246094,0.0,199.44000244140625,191.9499969482422,193.36000061035156,0.0,103500300
2024-02-22,197.41000366210938,0.0,198.32000732421875,191.36000061035156,194.0,0.0,92739500
2024-02-23,191.97000122070312,0.0,197.57000732421875,191.5,195.30999755859375,0.0,78841900
2024-02-26,199.39999389648438,0.0,201.77999877929688,192.0,192.2899932861328,0.0,111747100
2024-02-27,199.72999572753906,0.0,205.60000610351562,198.25999450683594,204.0399932861328,0.0,108645400
2024-02-28,202.0399932861328,0.0,205.3000030517578,198.44000244140625,200.4199981689453,0.0,99806200
2024-02-29,201.8800048828125,0.0,205.27999877929688,198.4499969482422,204.17999267578125,0.0,85907000
2024-03-01,202.63999938964844,0.0,204.52000427246094,198.5,200.52000427246094,0.0,82243100
2024-03-04,188.13999938964844,0.0,199.75,186.72000122070312,198.72999572753906,0.0,134334900
2024-03-05,180.74000549316406,0.0,184.58999633789062,177.57000732421875,183.0500030517578,0.0,119660800
2024-03-06,176.5399932861328,0.0,181.5800018310547,173.6999969482422,179.99000549316406,0.0,107920900
2024-03-07,178.64999389648438,0.0,180.0399932861328,173.6999969482422,174.35000610351562,0.0,102129000
2024-03-08,175.33999633789062,0.0,182.72999572753906,174.6999969482422,181.5,0.0,85544600
2024-03-11,177.77000427246094,0.0,182.8699951171875,174.8000030517578,175.4499969482422,0.0,85391500
2024-03-12,177.5399932861328,0.0,179.42999267578125,172.41000366210938,177.77000427246094,0.0,87391700
2024-03-13,169.47999572753906,0.0,176.0500030517578,169.14999389648438,173.0500030517578,0.0,106524500
2024-03-14,162.5,0.0,171.1699981689453,160.50999450683594,167.77000427246094,0.0,126325700
2024-03-15,163.57000732421875,0.0,165.17999267578125,160.75999450683594,163.16000366210938,0.0,97146800
2024-03-18,173.8000030517578,0.0,174.72000122070312,165.89999389648438,170.02000427246094,0.0,108214400
2024-03-19,171.32000732421875,0.0,172.82000732421875,167.4199981689453,172.36000061035156,0.0,77271400
2024-03-20,175.66000366210938,0.0,176.25,170.82000732421875,173.0,0.0,83846700
2024-03-21,172.82000732421875,0.0,178.17999267578125,171.8000030517578,176.38999938964844,0.0,73178000
2024-03-22,170.8300018310547,0.0,171.1999969482422,166.3000030517578,166.69000244140625,0.0,75580600
2024-03-25,172.6300048828125,0.0,175.24000549316406,168.72999572753906,168.75999450683594,0.0,74228600
2024-03-26,177.6699981689453,0.0,184.25,177.3800048828125,178.5800018310547,0.0,113186200
2024-03-27,179.8300018310547,0.0,181.91000366210938,176.0,181.41000366210938,0.0,81804000
2024-03-28,175.7899932861328,0.0,179.57000732421875,175.3000030517578,177.4499969482422,0.0,77654800
2024-04-01,175.22000122070312,0.0,176.75,170.2100067138672,176.1699981689453,0.0,81562100
2024-04-02,166.6300048828125,0.0,167.69000244140625,163.42999267578125,164.75,0.0,116650600
2024-04-03,168.3800048828125,0.0,168.82000732421875,163.27999877929688,164.02000427246094,0.0,82950100
2024-04-04,171.11000061035156,0.0,177.19000244140625,168.00999450683594,170.07000732421875,0.0,123162000
2024-04-05,164.89999389648438,0.0,170.86000061035156,160.50999450683594,169.0800018310547,0.0,143157600
2024-04-08,172.97999572753906,0.0,174.5,167.7899932861328,169.33999633789062,0.0,104423300
2024-04-09,176.8800048828125,0.0,179.22000122070312,171.9199981689453,172.91000366210938,0.0,102951700
2024-04-10,171.75999450683594,0.0,174.92999267578125,170.00999450683594,173.0399932861328,0.0,84532400
2024-04-11,174.60000610351562,0.0,175.8800048828125,168.50999450683594,172.5500030517578,0.0,94516000
2024-04-12,171.0500030517578,0.0,173.80999755859375,170.36000061035156,172.33999633789062,0.0,64722700
2024-04-15,161.47999572753906,0.0,170.69000244140625,161.3800048828125,170.24000549316406,0.0,100245300
2024-04-16,157.11000061035156,0.0,158.19000244140625,153.75,156.74000549316406,0.0,97000000
2024-04-17,155.4499969482422,0.0,158.3300018310547,153.77999877929688,157.63999938964844,0.0,82439700
2024-04-18,149.92999267578125,0.0,152.1999969482422,148.6999969482422,151.25,0.0,96098800
2024-04-19,147.0500030517578,0.0,150.94000244140625,146.22000122070312,148.97000122070312,0.0,87074500
2024-04-22,142.0500030517578,0.0,144.44000244140625,138.8000030517578,140.55999755859375,0.0,107097600
2024-04-23,144.67999267578125,0.0,147.25999450683594,141.11000061035156,143.3300018310547,0.0,124545100
2024-04-24,162.1300048828125,0.0,167.97000122070312,157.50999450683594,162.83999633789062,0.0,181178000
2024-04-25,170.17999267578125,0.0,170.8800048828125,158.36000061035156,158.9600067138672,0.0,126427500
2024-04-26,168.2899932861328,0.0,172.1199951171875,166.3699951171875,168.85000610351562,0.0,109815700
2024-04-29,194.0500030517578,0.0,198.8699951171875,184.5399932861328,188.4199981689453,0.0,243869700
2024-04-30,183.27999877929688,0.0,190.9499969482422,182.83999633789062,186.97999572753906,0.0,127031800
2024-05-01,179.99000549316406,0.0,185.86000061035156,179.00999450683594,182.0,0.0,92829700
2024-05-02,180.00999450683594,0.0,184.60000610351562,176.02000427246094,182.86000061035156,0.0,89148000
2024-05-03,181.19000244140625,0.0,184.77999877929688,178.4199981689453,182.10000610351562,0.0,75491500
2024-05-06,184.75999450683594,0.0,187.55999755859375,182.1999969482422,183.8000030517578,0.0,84390300
2024-05-07,177.80999755859375,0.0,183.25999450683594,177.39999389648438,182.39999389648438,0.0,75045900
2024-05-08,174.72000122070312,0.0,176.05999755859375,170.14999389648438,171.58999633789062,0.0,79969500
2024-05-09,171.97000122070312,0.0,175.6199951171875,171.3699951171875,175.00999450683594,0.0,65950300
2024-05-10,168.47000122070312,0.0,173.05999755859375,167.75,173.0500030517578,0.0,72627200
2024-05-13,171.88999938964844,0.0,175.39999389648438,169.0,170.0,0.0,67018900
2024-05-14,177.5500030517578,0.0,179.49000549316406,174.07000732421875,174.5,0.0,86407400
2024-05-15,173.99000549316406,0.0,180.0,173.11000061035156,179.89999389648438,0.0,79663000
2024-05-16,174.83999633789062,0.0,175.7899932861328,171.42999267578125,174.10000610351562,0.0,59812200
2024-05-17,177.4600067138672,0.0,179.6300048828125,172.75,173.5500030517578,0.0,77445800
2024-05-20,174.9499969482422,0.0,177.75,173.52000427246094,177.55999755859375,0.0,61727400
2024-05-21,186.60000610351562,0.0,186.8800048828125,174.7100067138672,175.50999450683594,0.0,115266500
2024-05-22,180.11000061035156,0.0,183.8000030517578,178.1199951171875,182.85000610351562,0.0,88313500
2024-05-23,173.74000549316406,0.0,181.89999389648438,173.25999450683594,181.8000030517578,0.0,71975500
2024-05-24,179.24000549316406,0.0,180.0800018310547,173.72999572753906,174.83999633789062,0.0,65584500
2024-05-28,176.75,0.0,178.25,173.16000366210938,176.39999389648438,0.0,59736600
2024-05-29,176.19000244140625,0.0,178.14999389648438,173.92999267578125,174.19000244140625,0.0,54782600
2024-05-30,178.7899932861328,0.0,182.6699981689453,175.3800048828125,178.5800018310547,0.0,77618400
2024-05-31,178.0800018310547,0.0,180.32000732421875,173.82000732421875,178.5,0.0,67314600
2024-06-03,176.2899932861328,0.0,182.63999938964844,174.49000549316406,178.1300048828125,0.0,68568900
2024-06-04,174.77000427246094,0.0,177.75999450683594,174.0,174.77999877929688,0.0,60056300
2024-06-05,175.0,0.0,176.14999389648438,172.1300048828125,175.35000610351562,0.0,57953800
2024-06-06,177.94000244140625,0.0,179.72999572753906,172.72999572753906,174.60000610351562,0.0,69887000
2024-06-07,177.47999572753906,0.0,179.35000610351562,175.5800018310547,176.1300048828125,0.0,56244900
2024-06-10,173.7899932861328,0.0,178.57000732421875,173.1699981689453,176.05999755859375,0.0,50774600
2024-06-11,170.66000366210938,0.0,174.75,167.41000366210938,173.9199981689453,0.0,64761900
2024-06-12,177.2899932861328,0.0,180.5500030517578,169.8000030517578,171.1199951171875,0.0,90389400
2024-06-13,182.47000122070312,0.0,191.0800018310547,181.22999572753906,188.38999938964844,0.0,118984100
2024-06-14,178.00999450683594,0.0,186.0,176.9199981689453,185.8000030517578,0.0,82038200
2024-06-17,187.44000244140625,0.0,188.80999755859375,177.0,177.9199981689453,0.0,109786100
2024-06-18,184.86000061035156,0.0,187.1999969482422,182.3699951171875,186.55999755859375,0.0,68982300
2024-06-20,181.57000732421875,0.0,185.2100067138672,179.66000366210938,184.67999267578125,0.0,55893100
2024-06-21,183.00999450683594,0.0,183.9499969482422,180.69000244140625,182.3000030517578,0.0,61937300
2024-06-24,182.5800018310547,0.0,188.8000030517578,182.5500030517578,184.97000122070312,0.0,61992100
2024-06-25,187.35000610351562,0.0,187.97000122070312,182.00999450683594,184.39999389648438,0.0,62905700
2024-06-26,196.3699951171875,0.0,197.75999450683594,186.36000061035156,186.5399932861328,0.0,95737100
2024-06-27,197.4199981689453,0.0,198.72000122070312,194.0500030517578,195.1699981689453,0.0,72746500
2024-06-28,197.8800048828125,0.0,203.1999969482422,195.25999450683594,199.5500030517578,0.0,95438100
2024-07-01,209.86000061035156,0.0,213.22999572753906,200.85000610351562,201.02000427246094,0.0,135691400
2024-07-02,231.25999450683594,0.0,231.3000030517578,218.05999755859375,218.88999938964844,0.0,205047900
2024-07-03,246.38999938964844,0.0,248.35000610351562,234.25,234.55999755859375,0.0,166561500
2024-07-05,251.52000427246094,0.0,252.3699951171875,242.4600067138672,249.80999755859375,0.0,154501200
2024-07-08,252.94000244140625,0.0,259.44000244140625,244.57000732421875,247.7100067138672,0.0,157219600
2024-07-09,262.3299865722656,0.0,265.6099853515625,250.3000030517578,251.0,0.0,160210900
2024-07-10,263.260009765625,0.0,267.5899963378906,257.8599853515625,262.79998779296875,0.0,128519400
2024-07-11,241.02999877929688,0.0,271.0,239.64999389648438,263.29998779296875,0.0,221707300
2024-07-12,248.22999572753906,0.0,251.83999633789062,233.08999633789062,235.8000030517578,0.0,155955800
2024-07-15,252.63999938964844,0.0,265.6000061035156,251.72999572753906,255.97000122070312,0.0,146912900
2024-07-16,256.55999755859375,0.0,258.6199951171875,245.8000030517578,255.30999755859375,0.0,126332500
2024-07-17,248.5,0.0,258.4700012207031,246.17999267578125,252.72999572753906,0.0,115584800
2024-07-18,249.22999572753906,0.0,257.1400146484375,247.1999969482422,251.08999633789062,0.0,110869000
2024-07-19,239.1999969482422,0.0,249.44000244140625,236.8300018310547,247.7899932861328,0.0,87403900
2024-07-22,251.50999450683594,0.0,253.2100067138672,243.75,244.2100067138672,0.0,101225400
2024-07-23,246.3800048828125,0.0,255.75999450683594,245.6300048828125,253.60000610351562,0.0,111928200
2024-07-24,215.99000549316406,0.0,225.99000549316406,214.7100067138672,225.4199981689453,0.0,167942900
2024-07-25,220.25,0.0,226.0,216.22999572753906,216.8000030517578,0.0,100636500
2024-07-26,219.8000030517578,0.0,222.27999877929688,215.3300018310547,221.19000244140625,0.0,94604100
2024-07-29,232.10000610351562,0.0,234.27000427246094,224.6999969482422,224.89999389648438,0.0,129201800
2024-07-30,222.6199951171875,0.0,232.41000366210938,220.0,232.25,0.0,100560300
2024-07-31,232.07000732421875,0.0,234.67999267578125,226.7899932861328,227.89999389648438,0.0,67497000
2024-08-01,216.86000061035156,0.0,231.8699951171875,214.3300018310547,227.69000244140625,0.0,83861900
2024-08-02,207.6699981689453,0.0,216.1300048828125,205.77999877929688,214.8800048828125,0.0,82880100
2024-08-05,198.8800048828125,0.0,203.8800048828125,182.0,185.22000122070312,0.0,100308800
2024-08-06,200.63999938964844,0.0,202.89999389648438,192.6699981689453,200.75,0.0,73783900
2024-08-07,191.75999450683594,0.0,203.49000549316406,191.47999572753906,200.77000427246094,0.0,71159800
2024-08-08,198.83999633789062,0.0,200.6999969482422,192.0399932861328,195.6999969482422,0.0,65033900
2024-08-09,200.0,0.0,200.8800048828125,195.11000061035156,197.0500030517578,0.0,58648300
2024-08-12,197.49000549316406,0.0,199.25999450683594,194.6699981689453,199.02000427246094,0.0,64044900
2024-08-13,207.8300018310547,0.0,208.49000549316406,197.05999755859375,198.47000122070312,0.0,76247400
2024-08-14,201.3800048828125,0.0,208.44000244140625,198.75,207.38999938964844,0.0,70250000
2024-08-15,214.13999938964844,0.0,215.8800048828125,204.82000732421875,205.02000427246094,0.0,89848500
2024-08-16,216.1199951171875,0.0,219.8000030517578,210.8000030517578,211.14999389648438,0.0,88765100
2024-08-19,222.72000122070312,0.0,222.97999572753906,214.08999633789062,217.07000732421875,0.0,76435200
2024-08-20,221.10000610351562,0.0,228.22000122070312,219.55999755859375,224.8800048828125,0.0,74001200
2024-08-21,223.27000427246094,0.0,224.66000366210938,218.86000061035156,222.6699981689453,0.0,70146000
2024-08-22,210.66000366210938,0.0,224.8000030517578,210.32000732421875,223.82000732421875,0.0,79514500
2024-08-23,220.32000732421875,0.0,221.47999572753906,214.2100067138672,214.4600067138672,0.0,81525200
2024-08-26,213.2100067138672,0.0,219.08999633789062,211.00999450683594,218.75,0.0,59301200
2024-08-27,209.2100067138672,0.0,215.66000366210938,206.94000244140625,213.25,0.0,62821400
2024-08-28,205.75,0.0,211.83999633789062,202.58999633789062,209.72000122070312,0.0,64116400
2024-08-29,206.27999877929688,0.0,214.88999938964844,205.97000122070312,209.8000030517578,0.0,62308800
2024-08-30,214.11000061035156,0.0,214.57000732421875,207.02999877929688,208.6300048828125,0.0,63370600
2024-09-03,210.60000610351562,0.0,219.89999389648438,209.63999938964844,215.25999450683594,0.0,76714200
2024-09-04,219.41000366210938,0.0,222.22000122070312,210.57000732421875,210.58999633789062,0.0,80651800
2024-09-05,230.1699981689453,0.0,235.0,222.25,223.49000549316406,0.0,119355000
2024-09-06,210.72999572753906,0.0,233.60000610351562,210.50999450683594,232.60000610351562,0.0,112177000
2024-09-09,216.27000427246094,0.0,219.8699951171875,213.6699981689453,216.1999969482422,0.0,67443500
2024-09-10,226.1699981689453,0.0,226.39999389648438,218.63999938964844,220.07000732421875,0.0,78891100
2024-09-11,228.1300048828125,0.0,228.47000122070312,216.8000030517578,224.5500030517578,0.0,83548600
2024-09-12,229.80999755859375,0.0,231.4499969482422,223.8300018310547,224.66000366210938,0.0,71894900
2024-09-13,230.2899932861328,0.0,232.6699981689453,226.32000732421875,228.0,0.0,59515100
2024-09-16,226.77999877929688,0.0,229.9600067138672,223.52999877929688,229.3000030517578,0.0,54323000
2024-09-17,227.8699951171875,0.0,234.57000732421875,226.5500030517578,229.4499969482422,0.0,66761600
2024-09-18,227.1999969482422,0.0,235.67999267578125,226.8800048828125,230.08999633789062,0.0,78010200
2024-09-19,243.9199981689453,0.0,244.24000549316406,232.1300048828125,234.0,0.0,102694600
2024-09-20,238.25,0.0,243.99000549316406,235.9199981689453,241.52000427246094,0.0,99879100
2024-09-23,250.0,0.0,250.0,241.9199981689453,242.61000061035156,0.0,86927200
2024-09-24,254.27000427246094,0.0,257.19000244140625,249.0500030517578,254.0800018310547,0.0,88491000
2024-09-25,257.0199890136719,0.0,257.04998779296875,252.27999877929688,252.5399932861328,0.0,65034300
2024-09-26,254.22000122070312,0.0,261.75,251.52999877929688,260.6000061035156,0.0,67142200
2024-09-27,260.4599914550781,0.0,260.70001220703125,254.1199951171875,257.3800048828125,0.0,70988100
2024-09-30,261.6300048828125,0.0,264.8599853515625,255.77000427246094,259.0400085449219,0.0,80705700
2024-10-01,258.0199890136719,0.0,263.9800109863281,248.52999877929688,262.6700134277344,0.0,87397600
2024-10-02,249.02000427246094,0.0,251.16000366210938,241.5,247.5500030517578,0.0,93983900
2024-10-03,240.66000366210938,0.0,249.7899932861328,237.80999755859375,244.47999572753906,0.0,80729200
2024-10-04,250.0800018310547,0.0,250.9600067138672,244.5800018310547,246.69000244140625,0.0,86573200
2024-10-07,240.8300018310547,0.0,249.8300018310547,240.6999969482422,249.0,0.0,68113300
2024-10-08,244.5,0.0,246.2100067138672,240.55999755859375,243.55999755859375,0.0,56303200
2024-10-09,241.0500030517578,0.0,247.42999267578125,239.50999450683594,243.82000732421875,0.0,66289500
2024-10-10,238.77000427246094,0.0,242.7899932861328,232.33999633789062,241.80999755859375,0.0,83087100
2024-10-11,217.8000030517578,0.0,223.33999633789062,214.3800048828125,220.1300048828125,0.0,142628900
2024-10-14,219.16000366210938,0.0,221.91000366210938,213.74000549316406,220.1300048828125,0.0,86291900
2024-10-15,219.57000732421875,0.0,224.25999450683594,217.1199951171875,220.00999450683594,0.0,62988800
2024-10-16,221.3300018310547,0.0,222.82000732421875,218.92999267578125,221.39999389648438,0.0,49632800
2024-10-17,220.88999938964844,0.0,222.0800018310547,217.89999389648438,221.58999633789062,0.0,50791800
2024-10-18,220.6999969482422,0.0,222.27999877929688,219.22999572753906,220.7100067138672,0.0,49611900
2024-10-21,218.85000610351562,0.0,220.47999572753906,215.72999572753906,218.89999389648438,0.0,47329000
2024-10-22,217.97000122070312,0.0,218.22000122070312,215.25999450683594,217.30999755859375,0.0,43268700
2024-10-23,213.64999389648438,0.0,218.72000122070312,212.11000061035156,217.1300048828125,0.0,80938900
2024-10-24,260.4800109863281,0.0,262.1199951171875,242.64999389648438,244.67999267578125,0.0,204491900
2024-10-25,269.19000244140625,0.0,269.489990234375,255.32000732421875,256.010009765625,0.0,161611900
2024-10-28,262.510009765625,0.0,273.5400085449219,262.239990234375,270.0,0.0,107653600
2024-10-29,259.5199890136719,0.0,264.9800109863281,255.50999450683594,264.510009765625,0.0,80521800
2024-10-30,257.54998779296875,0.0,263.3500061035156,255.82000732421875,258.0400085449219,0.0,53993600
2024-10-31,249.85000610351562,0.0,259.75,249.25,257.989990234375,0.0,66575300
2024-11-01,248.97999572753906,0.0,254.0,246.6300048828125,252.0399932861328,0.0,57544800
2024-11-04,242.83999633789062,0.0,248.89999389648438,238.8800048828125,244.55999755859375,0.0,68802400
2024-11-05,251.44000244140625,0.0,255.27999877929688,246.2100067138672,247.33999633789062,0.0,69282500
2024-11-06,288.5299987792969,0.0,289.5899963378906,275.6199951171875,284.6700134277344,0.0,165228700
2024-11-07,296.9100036621094,0.0,299.75,285.5199890136719,288.8900146484375,0.0,117309200
2024-11-08,321.2200012207031,0.0,328.7099914550781,297.6600036621094,299.1400146484375,0.0,204782800
2024-11-11,350.0,0.0,358.6400146484375,336.0,346.29998779296875,0.0,210521600
2024-11-12,328.489990234375,0.0,345.8399963378906,323.30999755859375,342.739990234375,0.0,155726000
2024-11-13,330.239990234375,0.0,344.6000061035156,322.5,335.8500061035156,0.0,125405600
2024-11-14,311.17999267578125,0.0,329.9800109863281,310.3699951171875,327.69000244140625,0.0,120726100
2024-11-15,320.7200012207031,0.0,324.67999267578125,309.2200012207031,310.57000732421875,0.0,114440300
2024-11-18,338.739990234375,0.0,348.54998779296875,330.010009765625,340.7300109863281,0.0,126085600
2024-11-19,346.0,0.0,347.3800048828125,332.75,335.760009765625,0.0,88852500
2024-11-20,342.0299987792969,0.0,346.6000061035156,334.29998779296875,345.0,0.0,66340700
2024-11-21,339.6400146484375,0.0,347.989990234375,335.2799987792969,343.80999755859375,0.0,58011700
2024-11-22,352.55999755859375,0.0,361.5299987792969,337.70001220703125,341.0899963378906,0.0,89140700
2024-11-25,338.5899963378906,0.0,361.92999267578125,338.20001220703125,360.1400146484375,0.0,95890900
2024-11-26,338.2300109863281,0.0,346.9599914550781,335.6600036621094,341.0,0.0,62295900
2024-11-27,332.8900146484375,0.0,342.54998779296875,326.5899963378906,341.79998779296875,0.0,57896400
2024-11-29,345.1600036621094,0.0,345.45001220703125,334.6499938964844,336.0799865722656,0.0,37167600
2024-12-02,357.0899963378906,0.0,360.0,351.1499938964844,352.3800048828125,0.0,77986500
2024-12-03,351.4200134277344,0.0,355.69000244140625,348.20001220703125,351.79998779296875,0.0,58267200
2024-12-04,357.92999267578125,0.0,358.1000061035156,348.6000061035156,353.0,0.0,50810900
2024-12-05,369.489990234375,0.0,375.42999267578125,359.5,359.8699951171875,0.0,81403600
2024-12-06,389.2200012207031,0.0,389.489990234375,370.79998779296875,377.4200134277344,0.0,81455800
2024-12-09,389.7900085449219,0.0,404.79998779296875,378.010009765625,397.6099853515625,0.0,96359200
2024-12-10,400.989990234375,0.0,409.7300109863281,390.8500061035156,392.67999267578125,0.0,97563600
2024-12-11,424.7699890136719,0.0,424.8800048828125,402.3800048828125,409.70001220703125,0.0,104287600
2024-12-12,418.1000061035156,0.0,429.29998779296875,415.0,424.8399963378906,0.0,87752200
2024-12-13,436.2300109863281,0.0,436.29998779296875,415.7099914550781,420.0,0.0,89000200
2024-12-16,463.0199890136719,0.0,463.19000244140625,436.1499938964844,441.0899963378906,0.0,114083800
2024-12-17,479.8599853515625,0.0,483.989990234375,457.510009765625,475.8999938964844,0.0,131223000
2024-12-18,440.1300048828125,0.0,488.5400085449219,427.010009765625,466.5,0.0,149340800
2024-12-19,436.1700134277344,0.0,456.3599853515625,420.0199890136719,451.8800048828125,0.0,118566100
2024-12-20,421.05999755859375,0.0,447.0799865722656,417.6400146484375,425.510009765625,0.0,132216200
2024-12-23,430.6000061035156,0.0,434.510009765625,415.4100036621094,431.0,0.0,72698100
2024-12-24,462.2799987792969,0.0,462.7799987792969,435.1400146484375,435.8999938964844,0.0,59551800
2024-12-26,454.1300048828125,0.0,465.3299865722656,451.0199890136719,465.1600036621094,0.0,76366400
2024-12-27,431.6600036621094,0.0,450.0,426.5,449.5199890136719,0.0,82666800
2024-12-30,417.4100036621094,0.0,427.0,415.75,419.3999938964844,0.0,64941000
2024-12-31,403.8399963378906,0.0,427.92999267578125,402.5400085449219,423.7900085449219,0.0,76825100
2025-01-02,379.2799987792969,0.0,392.7300109863281,373.0400085449219,390.1000061035156,0.0,109710700
2025-01-03,410.44000244140625,0.0,411.8800048828125,379.45001220703125,381.4800109863281,0.0,95423300
2025-01-06,411.04998779296875,0.0,426.42999267578125,401.70001220703125,423.20001220703125,0.0,85516500
2025-01-07,394.3599853515625,0.0,414.3299865722656,390.0,405.8299865722656,0.0,75699500
2025-01-08,394.94000244140625,0.0,402.5,387.3999938964844,392.95001220703125,0.0,73038800
2025-01-10,394.739990234375,0.0,399.2799987792969,377.2900085449219,391.3999938964844,0.0,62287300
2025-01-13,403.30999755859375,0.0,403.7900085449219,380.07000732421875,383.2099914550781,0.0,67580500
2025-01-14,396.3599853515625,0.0,422.6400146484375,394.5400085449219,414.3399963378906,0.0,84565000
2025-01-15,428.2200012207031,0.0,429.79998779296875,405.6600036621094,409.8999938964844,0.0,81375500
2025-01-16,413.82000732421875,0.0,424.0,409.1300048828125,423.489990234375,0.0,68335200
2025-01-17,426.5,0.0,439.739990234375,419.75,421.5,0.0,94991400
2025-01-21,424.07000732421875,0.0,433.20001220703125,406.30999755859375,432.6400146484375,0.0,87320900
2025-01-22,415.1099853515625,0.0,428.0,414.5899963378906,416.80999755859375,0.0,60963300
2025-01-23,412.3800048828125,0.0,420.7300109863281,408.95001220703125,416.05999755859375,0.0,50690600
2025-01-24,406.5799865722656,0.0,418.8800048828125,405.7799987792969,414.45001220703125,0.0,56427100
2025-01-27,397.1499938964844,0.0,406.69000244140625,389.0,394.79998779296875,0.0,58125500
2025-01-28,398.0899963378906,0.0,400.5899963378906,386.5,396.9100036621094,0.0,48910700
2025-01-29,389.1000061035156,0.0,398.5899963378906,384.4800109863281,395.2099914550781,0.0,68033600
2025-01-30,400.2799987792969,0.0,412.5,384.4100036621094,410.7799987792969,0.0,98092900
2025-01-31,404.6000061035156,0.0,419.989990234375,401.3399963378906,401.5299987792969,0.0,83283600
2025-02-03,383.67999267578125,0.0,389.1700134277344,374.3599853515625,386.67999267578125,0.0,93732100
2025-02-04,392.2099914550781,0.0,394.0,381.3999938964844,382.6300048828125,0.0,57072200
2025-02-05,378.1700134277344,0.0,388.3900146484375,375.5299987792969,387.510009765625,0.0,57223300
2025-02-06,374.32000732421875,0.0,375.3999938964844,363.17999267578125,373.0299987792969,0.0,77918200
2025-02-07,361.6199951171875,0.0,380.54998779296875,360.3399963378906,370.19000244140625,0.0,70298300
2025-02-10,350.7300109863281,0.0,362.70001220703125,350.510009765625,356.2099914550781,0.0,77514900
2025-02-11,328.5,0.0,349.3699951171875,325.1000061035156,345.79998779296875,0.0,118543400
2025-02-12,336.510009765625,0.0,346.3999938964844,329.1199951171875,329.94000244140625,0.0,105382700
2025-02-13,355.94000244140625,0.0,358.69000244140625,342.8500061035156,345.0,0.0,89441500
2025-02-14,355.8399963378906,0.0,362.0,347.5,360.6199951171875,0.0,68277300
2025-02-18,354.1099853515625,0.0,359.1000061035156,350.0199890136719,355.010009765625,0.0,51631700
2025-02-19,360.55999755859375,0.0,367.3399963378906,353.6700134277344,354.0,0.0,67094400
2025-02-20,354.3999938964844,0.0,362.29998779296875,348.0,361.510009765625,0.0,45965400
2025-02-21,337.79998779296875,0.0,354.9800109863281,334.4200134277344,353.44000244140625,0.0,74058600
2025-02-24,330.5299987792969,0.0,342.3999938964844,324.70001220703125,338.1400146484375,0.0,76052300
2025-02-25,302.79998779296875,0.0,328.8900146484375,297.25,327.0199890136719,0.0,134228800
2025-02-26,290.79998779296875,0.0,309.0,288.0400085449219,303.7099914550781,0.0,100118300
2025-02-27,281.95001220703125,0.0,297.2300109863281,280.8800048828125,291.1600036621094,0.0,101748200
2025-02-28,292.9800109863281,0.0,293.8800048828125,273.6000061035156,279.5,0.0,115697000
2025-03-03,284.6499938964844,0.0,303.94000244140625,277.29998779296875,300.3399963378906,0.0,115551400
2025-03-04,272.0400085449219,0.0,284.3500061035156,261.8399963378906,270.92999267578125,0.0,126706600
2025-03-05,279.1000061035156,0.0,279.54998779296875,267.7099914550781,272.9200134277344,0.0,94042900
2025-03-06,263.45001220703125,0.0,272.6499938964844,260.0199890136719,272.05999755859375,0.0,98451600
2025-03-07,262.6700134277344,0.0,266.25,250.72999572753906,259.32000732421875,0.0,102369600
2025-03-10,222.14999389648438,0.0,253.3699951171875,220.0,252.5399932861328,0.0,189076900
2025-03-11,230.5800018310547,0.0,237.05999755859375,217.02000427246094,225.30999755859375,0.0,174896400
2025-03-12,248.08999633789062,0.0,251.83999633789062,241.10000610351562,247.22000122070312,0.0,142215700
2025-03-13,240.67999267578125,0.0,248.2899932861328,232.60000610351562,248.1300048828125,0.0,114813500
2025-03-14,249.97999572753906,0.0,251.5800018310547,240.72999572753906,247.30999755859375,0.0,100242300
2025-03-17,238.00999450683594,0.0,245.39999389648438,232.8000030517578,245.05999755859375,0.0,111900600
2025-03-18,225.30999755859375,0.0,230.10000610351562,222.27999877929688,228.16000366210938,0.0,111477600
2025-03-19,235.86000061035156,0.0,241.41000366210938,229.1999969482422,231.61000061035156,0.0,111993800
2025-03-20,236.25999450683594,0.0,238.0,230.0500030517578,233.35000610351562,0.0,99028300
2025-03-21,248.7100067138672,0.0,249.52000427246094,234.5500030517578,234.99000549316406,0.0,132728700
2025-03-24,278.3900146484375,0.0,278.6400146484375,256.3299865722656,258.0799865722656,0.0,169079900
2025-03-25,288.1400146484375,0.0,288.20001220703125,271.2799987792969,283.6000061035156,0.0,150361500
2025-03-26,272.05999755859375,0.0,284.8999938964844,266.510009765625,282.6600036621094,0.0,153629800
2025-03-27,273.1300048828125,0.0,291.8500061035156,271.82000732421875,272.4800109863281,0.0,162572100
2025-03-28,263.54998779296875,0.0,276.1000061035156,260.57000732421875,275.5799865722656,0.0,123809400
2025-03-31,259.1600036621094,0.0,260.55999755859375,243.36000061035156,249.30999755859375,0.0,134008900
2025-04-01,268.4599914550781,0.0,277.45001220703125,259.25,263.79998779296875,0.0,146486900
2025-04-02,282.760009765625,0.0,284.989990234375,251.27000427246094,254.60000610351562,0.0,212787800
2025-04-03,267.2799987792969,0.0,276.29998779296875,261.510009765625,265.2900085449219,0.0,136174300
2025-04-04,239.42999267578125,0.0,261.0,236.0,255.3800048828125,0.0,181229400
2025-04-07,233.2899932861328,0.0,252.0,214.25,223.77999877929688,0.0,183453800
2025-04-08,221.86000061035156,0.0,250.44000244140625,217.8000030517578,245.0,0.0,171603500
2025-04-09,272.20001220703125,0.0,274.69000244140625,223.8800048828125,224.69000244140625,0.0,219433400
2025-04-10,252.39999389648438,0.0,262.489990234375,239.3300018310547,260.0,0.0,181722600
2025-04-11,252.30999755859375,0.0,257.739990234375,241.36000061035156,251.83999633789062,0.0,128948100
2025-04-14,252.35000610351562,0.0,261.79998779296875,245.92999267578125,258.3599853515625,0.0,100135200
2025-04-15,254.11000061035156,0.0,258.75,247.5399932861328,249.91000366210938,0.0,79594300
2025-04-16,241.5500030517578,0.0,251.97000122070312,233.88999938964844,247.61000061035156,0.0,112378700
2025-04-17,241.3699951171875,0.0,244.33999633789062,237.67999267578125,243.47000122070312,0.0,83404800
2025-04-21,227.5,0.0,232.2100067138672,222.7899932861328,230.25999450683594,0.0,97768000
2025-04-22,237.97000122070312,0.0,242.7899932861328,229.85000610351562,230.9600067138672,0.0,120858500
2025-04-23,250.74000549316406,0.0,259.45001220703125,244.42999267578125,254.86000061035156,0.0,150381900
2025-04-24,259.510009765625,0.0,259.5400085449219,249.1999969482422,250.5,0.0,94464200
2025-04-25,284.95001220703125,0.0,286.8500061035156,259.6300048828125,261.69000244140625,0.0,167560700
2025-04-28,285.8800048828125,0.0,294.8599853515625,272.4200134277344,288.9800109863281,0.0,151731800
2025-04-29,292.0299987792969,0.0,293.32000732421875,279.4700012207031,285.5,0.0,108906600
2025-04-30,282.1600036621094,0.0,284.45001220703125,270.7799987792969,279.8999938964844,0.0,128961100
2025-05-01,280.5199890136719,0.0,290.8699951171875,279.80999755859375,280.010009765625,0.0,99659000
2025-05-02,287.2099914550781,0.0,294.7799987792969,279.80999755859375,284.8999938964844,0.0,114454700
2025-05-05,280.260009765625,0.0,284.8500061035156,274.3999938964844,284.57000732421875,0.0,94618900
2025-05-06,275.3500061035156,0.0,277.7300109863281,271.3500061035156,273.1099853515625,0.0,76715800
2025-05-07,276.2200012207031,0.0,277.9200134277344,271.0,276.8800048828125,0.0,71592600
2025-05-08,284.82000732421875,0.0,289.79998779296875,279.4100036621094,279.6300048828125,0.0,97539400
2025-05-09,298.260009765625,0.0,307.0400085449219,290.0,290.2099914550781,0.0,132387800
2025-05-12,318.3800048828125,0.0,322.2099914550781,311.5,321.989990234375,0.0,112826700
2025-05-13,334.07000732421875,0.0,337.5899963378906,316.79998779296875,320.0,0.0,136992600
2025-05-14,347.67999267578125,0.0,350.0,337.0,342.5,0.0,136997300
2025-05-15,342.82000732421875,0.0,346.1400146484375,334.7200012207031,340.3399963378906,0.0,97882600
2025-05-16,349.9800109863281,0.0,351.6199951171875,342.3299865722656,346.239990234375,0.0,95895700
2025-05-19,342.0899963378906,0.0,343.0,333.3699951171875,336.29998779296875,0.0,88869900
2025-05-20,343.82000732421875,0.0,354.989990234375,341.6300048828125,347.8699951171875,0.0,131715500
2025-05-21,334.6199951171875,0.0,347.3500061035156,332.20001220703125,344.42999267578125,0.0,102354800
2025-05-22,341.0400085449219,0.0,347.2699890136719,331.3900146484375,331.8999938964844,0.0,97113400
2025-05-23,339.3399963378906,0.0,343.17999267578125,333.2099914550781,337.9200134277344,0.0,84654800
2025-05-27,362.8900146484375,0.0,363.7900085449219,347.32000732421875,347.3500061035156,0.0,120146400
2025-05-28,356.8999938964844,0.0,365.0,355.9100036621094,364.8399963378906,0.0,91404300
2025-05-29,358.42999267578125,0.0,367.7099914550781,356.0,365.2900085449219,0.0,88087800
2025-05-30,346.4599914550781,0.0,363.67999267578125,345.2900085449219,355.5199890136719,0.0,123474900
2025-06-02,342.69000244140625,0.0,348.0199890136719,333.3299865722656,343.5,0.0,81873800
2025-06-03,344.2699890136719,0.0,355.3999938964844,343.0400085449219,346.6000061035156,0.0,99324500
2025-06-04,332.04998779296875,0.0,345.6000061035156,327.3299865722656,345.1000061035156,0.0,98912100
2025-06-05,284.70001220703125,0.0,324.54998779296875,273.2099914550781,322.489990234375,0.0,287499800
2025-06-06,295.1400146484375,0.0,305.5,291.1400146484375,298.8299865722656,0.0,164747700
2025-06-09,308.5799865722656,0.0,309.8299865722656,281.8500061035156,285.9599914550781,0.0,140908900
2025-06-10,326.0899963378906,0.0,327.8299865722656,310.6700134277344,314.94000244140625,0.0,151256500
2025-06-11,326.42999267578125,0.0,335.5,322.5,334.3999938964844,0.0,122611400
2025-06-12,319.1099853515625,0.0,332.55999755859375,316.8599853515625,323.0799865722656,0.0,105127500
2025-06-13,325.30999755859375,0.0,332.989990234375,313.29998779296875,313.9700012207031,0.0,128964300
2025-06-16,329.1300048828125,0.0,332.04998779296875,326.4100036621094,331.2900085449219,0.0,83925900
2025-06-17,316.3500061035156,0.0,327.260009765625,314.739990234375,326.0899963378906,0.0,88282700
2025-06-18,322.04998779296875,0.0,329.32000732421875,315.45001220703125,317.30999755859375,0.0,95137700
2025-06-20,322.1600036621094,0.0,332.3599853515625,317.7799987792969,327.95001220703125,0.0,108688000
2025-06-23,348.67999267578125,0.0,357.5400085449219,327.4800109863281,327.5400085449219,0.0,190716800
2025-06-24,340.4700012207031,0.0,356.260009765625,340.44000244140625,356.1700134277344,0.0,114736200
2025-06-25,327.54998779296875,0.0,343.0,320.3999938964844,342.70001220703125,0.0,119845100
2025-06-26,325.7799987792969,0.0,331.04998779296875,323.6099853515625,324.6099853515625,0.0,80440900
2025-06-27,323.6300048828125,0.0,329.3399963378906,317.5,324.510009765625,0.0,89067000
2025-06-30,317.6600036621094,0.0,325.5799865722656,316.6000061035156,319.8999938964844,0.0,76695100
2025-07-01,300.7099914550781,0.0,305.8900146484375,293.2099914550781,298.4599914550781,0.0,145085700
2025-07-02,315.6499938964844,0.0,316.8299865722656,303.82000732421875,312.6300048828125,0.0,119483700
2025-07-03,315.3500061035156,0.0,318.45001220703125,312.760009765625,317.989990234375,0.0,58042300
2025-07-07,293.94000244140625,0.0,296.1499938964844,288.7699890136719,291.3699951171875,0.0,131177900
2025-07-08,297.80999755859375,0.0,304.04998779296875,294.3500061035156,297.0,0.0,103246700
2025-07-09,295.8800048828125,0.0,300.1499938964844,293.54998779296875,297.54998779296875,0.0,75586800
2025-07-10,309.8699951171875,0.0,310.4800109863281,300.0,300.04998779296875,0.0,104365300
2025-07-11,313.510009765625,0.0,314.0899963378906,305.6499938964844,307.8900146484375,0.0,79236400
2025-07-14,316.8999938964844,0.0,322.6000061035156,312.6700134277344,317.7300109863281,0.0,78043400
2025-07-15,310.7799987792969,0.0,321.20001220703125,310.5,319.67999267578125,0.0,77556300
2025-07-16,321.6700134277344,0.0,323.5,312.6199951171875,312.79998779296875,0.0,97284800
2025-07-17,319.4100036621094,0.0,324.3399963378906,317.05999755859375,323.1499938964844,0.0,73922900
2025-07-18,329.6499938964844,0.0,330.8999938964844,321.4200134277344,321.6600036621094,0.0,94255000
2025-07-21,328.489990234375,0.0,338.0,326.8800048828125,334.3999938964844,0.0,75768800
2025-07-22,332.1099853515625,0.0,335.4100036621094,321.54998779296875,329.739990234375,0.0,77370400
2025-07-23,332.55999755859375,0.0,336.20001220703125,328.6700134277344,330.8999938964844,0.0,92553800
2025-07-24,305.29998779296875,0.0,310.1499938964844,300.4100036621094,310.0,0.0,156966000
2025-07-25,316.05999755859375,0.0,323.6300048828125,308.010009765625,308.739990234375,0.0,148227000
2025-07-28,325.5899963378906,0.0,330.489990234375,315.69000244140625,318.45001220703125,0.0,112673800
2025-07-29,321.20001220703125,0.0,326.25,318.25,325.54998779296875,0.0,87358900
2025-07-30,319.0400085449219,0.0,324.45001220703125,311.6199951171875,322.17999267578125,0.0,83931900
2025-07-31,308.2699890136719,0.0,321.3699951171875,306.1000061035156,319.6099853515625,0.0,85270900
2025-08-01,302.6300048828125,0.0,309.30999755859375,297.82000732421875,306.2099914550781,0.0,89121400
2025-08-04,309.260009765625,0.0,312.1199951171875,303.0,309.0799865722656,0.0,78683900
2025-08-05,308.7200012207031,0.0,312.45001220703125,305.5,308.95001220703125,0.0,57961300
2025-08-06,319.9100036621094,0.0,320.4700012207031,306.92999267578125,307.8900146484375,0.0,78523600
2025-08-07,322.2699890136719,0.0,322.3999938964844,316.1600036621094,319.7900085449219,0.0,66658700
2025-08-08,329.6499938964844,0.0,335.1499938964844,320.9800109863281,321.42999267578125,0.0,91200300
2025-08-11,339.0299987792969,0.0,346.6400146484375,334.1499938964844,335.0,0.0,105320200
2025-08-12,340.8399963378906,0.0,345.260009765625,332.94000244140625,345.0,0.0,80522100
2025-08-13,339.3800048828125,0.0,348.9800109863281,338.20001220703125,341.5,0.0,67838900
2025-08-14,335.5799865722656,0.0,340.4700012207031,330.3999938964844,335.760009765625,0.0,75000700
2025-08-15,330.55999755859375,0.0,339.29998779296875,327.0199890136719,337.6600036621094,0.0,74319800
2025-08-18,335.1600036621094,0.0,336.2699890136719,329.5899963378906,329.6199951171875,0.0,56956600
2025-08-19,329.30999755859375,0.0,340.54998779296875,327.8500061035156,335.7900085449219,0.0,75956000
2025-08-20,323.8999938964844,0.0,331.3699951171875,314.6000061035156,329.2200012207031,0.0,77481800
2025-08-21,320.1099853515625,0.0,324.8999938964844,318.67999267578125,322.0799865722656,0.0,55744400
2025-08-22,340.010009765625,0.0,340.25,319.69000244140625,321.6600036621094,0.0,94016300
2025-08-25,346.6000061035156,0.0,349.5299987792969,335.0299987792969,338.8999938964844,0.0,86670000
2025-08-26,351.6700134277344,0.0,351.8999938964844,343.7200012207031,344.92999267578125,0.0,76651600
2025-08-27,349.6000061035156,0.0,355.3900146484375,349.1600036621094,351.94000244140625,0.0,65519000
2025-08-28,345.9800109863281,0.0,353.54998779296875,340.260009765625,350.9100036621094,0.0,67903200
2025-08-29,333.8699951171875,0.0,348.75,331.70001220703125,347.2300109863281,0.0,81145700
2025-09-02,329.3599853515625,0.0,333.3299865722656,325.6000061035156,328.2300109863281,0.0,58392000
2025-09-03,334.0899963378906,0.0,343.3299865722656,328.510009765625,335.20001220703125,0.0,88733300
2025-09-04,338.5299987792969,0.0,338.8900146484375,331.4800109863281,336.1499938964844,0.0,60711000
2025-09-05,350.8399963378906,0.0,355.8699951171875,344.67999267578125,348.0,0.0,108989800
2025-09-08,346.3999938964844,0.0,358.44000244140625,344.8399963378906,354.6400146484375,0.0,75208300
2025-09-09,346.9700012207031,0.0,350.7699890136719,343.82000732421875,348.44000244140625,0.0,53816000
2025-09-10,347.7900085449219,0.0,356.3299865722656,346.07000732421875,350.54998779296875,0.0,72121700
2025-09-11,368.80999755859375,0.0,368.989990234375,347.6000061035156,350.1700134277344,0.0,103756000
2025-09-12,395.94000244140625,0.0,396.69000244140625,370.239990234375,370.94000244140625,0.0,168156400
2025-09-15,410.0400085449219,0.0,425.70001220703125,402.42999267578125,423.1300048828125,0.0,163823700
2025-09-16,421.6199951171875,0.0,423.25,411.42999267578125,414.5,0.0,104285700
2025-09-17,425.8599853515625,0.0,428.30999755859375,409.6700134277344,415.75,0.0,106133500
2025-09-18,416.8500061035156,0.0,432.2200012207031,416.55999755859375,428.8699951171875,0.0,90454500
2025-09-19,426.07000732421875,0.0,429.4700012207031,421.7200012207031,421.82000732421875,0.0,93131000
2025-09-22,434.2099914550781,0.0,444.9800109863281,429.1300048828125,431.1099853515625,0.0,97108800
2025-09-23,425.8500061035156,0.0,440.9700012207031,423.7200012207031,439.8800048828125,0.0,83422700
2025-09-24,442.7900085449219,0.0,444.2099914550781,429.0299987792969,429.8299865722656,0.0,93133600
2025-09-25,423.3900146484375,0.0,435.3500061035156,419.0799865722656,435.239990234375,0.0,96746400
2025-09-26,440.3999938964844,0.0,440.4700012207031,421.0199890136719,428.29998779296875,0.0,101628200
2025-09-29,443.2099914550781,0.0,450.9800109863281,439.5,444.3500061035156,0.0,79491500
2025-09-30,444.7200012207031,0.0,445.0,433.1199951171875,441.5199890136719,0.0,74358000
2025-10-01,459.4599914550781,0.0,462.2900085449219,440.75,443.79998779296875,0.0,98122300
2025-10-02,436.0,0.0,470.75,435.57000732421875,470.5400085449219,0.0,137009000
2025-10-03,429.8299865722656,0.0,446.7699890136719,416.5799865722656,443.2900085449219,0.0,133188200
2025-10-06,453.25,0.0,453.54998779296875,436.69000244140625,440.75,0.0,85324900
2025-10-07,433.0899963378906,0.0,452.67999267578125,432.45001220703125,447.82000732421875,0.0,102296100
2025-10-08,438.69000244140625,0.0,441.3299865722656,425.2300109863281,437.57000732421875,0.0,71192100
2025-10-09,435.5400085449219,0.0,436.3500061035156,426.17999267578125,431.80999755859375,0.0,69339900
2025-10-10,413.489990234375,0.0,443.1300048828125,411.45001220703125,436.5400085449219,0.0,112107900
2025-10-13,435.8999938964844,0.0,436.8900146484375,419.70001220703125,423.5299987792969,0.0,79552800
2025-10-14,429.239990234375,0.0,434.20001220703125,417.8599853515625,426.7900085449219,0.0,72669400
2025-10-15,435.1499938964844,0.0,440.510009765625,426.3299865722656,434.8999938964844,0.0,71558200
2025-10-16,428.75,0.0,439.3500061035156,421.30999755859375,434.7300109863281,0.0,77189900
2025-10-17,439.30999755859375,0.0,441.4599914550781,423.6000061035156,425.5,0.0,89331600
2025-10-20,447.42999267578125,0.0,449.79998779296875,440.6099853515625,443.8699951171875,0.0,63719000
2025-10-21,442.6000061035156,0.0,449.29998779296875,442.04998779296875,445.760009765625,0.0,54412200
2025-10-22,438.9700012207031,0.0,445.5400085449219,429.0,443.45001220703125,0.0,84023500
2025-10-23,448.9800109863281,0.0,449.3999938964844,413.8999938964844,420.0,0.0,126709800
2025-10-24,433.7200012207031,0.0,451.67999267578125,430.1700134277344,446.8299865722656,0.0,94727800
2025-10-27,452.4200134277344,0.0,460.1600036621094,438.69000244140625,439.9800109863281,0.0,105867500
2025-10-28,460.54998779296875,0.0,467.0,451.6000061035156,454.7799987792969,0.0,80185700
2025-10-29,461.510009765625,0.0,465.70001220703125,452.6499938964844,462.5,0.0,67983500
2025-10-30,440.1000061035156,0.0,455.05999755859375,439.6099853515625,451.04998779296875,0.0,72447900
2025-10-31,456.55999755859375,0.0,458.0,443.69000244140625,446.75,0.0,83135800
2025-11-03,468.3699951171875,0.0,474.07000732421875,453.79998779296875,455.989990234375,0.0,84595200
2025-11-04,444.260009765625,0.0,460.2200012207031,443.6000061035156,454.4599914550781,0.0,87756600
2025-11-05,462.07000732421875,0.0,466.3299865722656,440.7099914550781,452.04998779296875,0.0,85573000
2025-11-06,445.9100036621094,0.0,467.45001220703125,435.0899963378906,461.9599914550781,0.0,109622900
2025-11-07,429.5199890136719,0.0,439.3599853515625,421.8800048828125,437.9200134277344,0.0,103471500
2025-11-10,445.2300109863281,0.0,449.6700134277344,433.3599853515625,439.6000061035156,0.0,76515900
2025-11-11,439.6199951171875,0.0,442.489990234375,432.3599853515625,439.3999938964844,0.0,60533200
2025-11-12,430.6000061035156,0.0,442.3299865722656,426.55999755859375,442.1499938964844,0.0,58513500
2025-11-13,401.989990234375,0.0,424.5,396.3399963378906,423.1300048828125,0.0,118948000
2025-11-14,404.3500061035156,0.0,412.19000244140625,382.7799987792969,386.29998779296875,0.0,105506700
2025-11-17,408.9200134277344,0.0,423.9599914550781,398.739990234375,398.739990234375,0.0,101741100
