Price,Close,Dividends,High,Low,Open,Stock Splits,Volume
Ticker,UNH,UNH,UNH,UNH,UNH,UNH,UNH
Date,,,,,,,
2015-11-18,100.13038635253906,0.0,100.36950265061357,97.14141959574685,97.56841484671716,0.0,3319900
2015-11-19,94.47693634033203,0.0,97.10722779965563,93.60586917675258,93.75958767802287,0.0,15731900
2015-11-20,96.47529602050781,0.0,97.73066294434079,94.45133643765162,94.69899443419408,0.0,7059400
2015-11-23,95.7835464477539,0.0,97.77333871372106,95.7323026039315,96.47527644278726,0.0,3780400
2015-11-24,96.66315460205078,0.0,96.88518736702908,94.84415127269746,95.11742788111007,0.0,3244800
2015-11-25,97.70504760742188,0.0,98.25160095794004,96.50091798131069,96.90229452334775,0.0,2959200
2015-11-27,97.64525604248047,0.0,98.97748545377559,97.42322323678918,97.77335590141281,0.0,1740400
2015-11-30,96.25323486328125,0.0,98.05515471031826,96.17637887252457,97.8331154335298,0.0,4605200
2015-12-01,99.28490447998047,0.0,99.3788439251105,96.54359666450974,96.95350832014236,0.0,5467000
2015-12-02,100.89736938476562,0.5,102.38972919520698,99.58512140113855,99.69661732909816,0.0,6071100
2015-12-03,98.6330795288086,0.0,101.44626544578932,98.14420278766953,101.03458321302543,0.0,4286600
2015-12-04,100.9831314086914,0.0,101.42054956459509,98.83893374347798,99.13912010789346,0.0,3588200
2015-12-07,99.41355895996094,0.0,101.11175942395178,98.80460121618616,101.11175942395178,0.0,3164300
2015-12-08,99.38784790039062,0.0,99.79095810873905,97.73252703980215,98.59020610656152,0.0,3551900
2015-12-09,98.67595672607422,0.0,100.19404544857468,98.34146248986953,98.97614302221041,0.0,3839100
2015-12-10,99.67086029052734,0.0,100.39131394104247,98.06699845449035,98.67595620804607,0.0,3202600
2015-12-11,99.4736099243164,0.0,100.64004730465676,98.30716600040479,99.67087242322383,0.0,3830800
2015-12-14,99.36209869384766,0.0,100.12543238704116,98.14419623319854,99.3878280137307,0.0,3867200
2015-12-15,100.87162780761719,0.0,101.6349615948438,100.05683537428543,100.23694717922493,0.0,3124100
2015-12-16,101.91798400878906,0.0,102.71562563775943,100.26266349032672,101.46341524432962,0.0,3516900
2015-12-17,102.25247192382812,0.0,103.85632716003077,101.75501662825319,101.91797770111366,0.0,3945800
2015-12-18,99.33637237548828,0.0,101.94371708074081,99.33637237548828,101.72929735047568,0.0,7574800
2015-12-21,100.70008087158203,0.0,101.00883924961514,99.49075050470577,99.97962720664987,0.0,3185200
2015-12-22,100.725830078125,0.0,101.49773599096645,99.67088196376483,101.36908936787412,0.0,2821600
2015-12-23,101.79792022705078,0.0,101.91799476076143,100.82016671336619,101.12035304764281,0.0,2479600
2015-12-24,101.49771118164062,0.0,102.21816481271482,101.45483116561506,101.66067225582043,0.0,900100
2015-12-28,101.48915100097656,0.0,101.72930005829444,100.67435207813831,101.4291137366471,0.0,1582600
2015-12-29,102.76708984375,0.0,103.27312381861724,101.80648707980079,101.95229747202619,0.0,2027600
2015-12-30,101.99515533447266,0.0,103.0157951404639,101.77216357094127,102.94717927003752,0.0,1747700
2015-12-31,100.89736938476562,0.0,102.38115711552936,100.65722028234659,101.75504848973206,0.0,2372500
2016-01-04,99.88529968261719,0.0,100.27125917471017,98.22997888246677,100.27125917471017,0.0,4991000
2016-01-05,100.07398223876953,0.0,101.11177300472544,99.67087207687524,100.10829018271492,0.0,2816800
2016-01-06,99.0533218383789,0.0,100.04823237783667,98.20422166664851,99.30204947324334,0.0,2677300
2016-01-07,96.1372299194336,0.0,97.85258781149082,95.56258659605147,97.45805628154619,0.0,5277200
2016-01-08,94.48191833496094,0.0,96.91772346520771,94.13884543875923,96.36023082682634,0.0,4422400
2016-01-11,93.98445892333984,0.0,94.87644579769957,92.79228573154438,94.78210059170964,0.0,4525800
2016-01-12,96.28303527832031,0.0,97.02921173445897,94.38756569194781,94.65344405737002,0.0,4037800
2016-01-13,93.68429565429688,0.0,96.95205109466865,93.42698929400841,96.41171559034993,0.0,3434300
2016-01-14,94.99652862548828,0.0,95.88851557779,92.20907185338476,93.26401336735005,0.0,4238200
2016-01-15,93.71858215332031,0.0,94.90218337007803,92.44922088820552,93.55562759172744,0.0,6357000
2016-01-19,96.55751037597656,0.0,97.91264486447184,94.00162389189775,95.62263679568532,0.0,7122800
2016-01-20,98.45296478271484,0.0,99.26775714566467,94.47333508624811,96.13722775444482,0.0,8380700
2016-01-21,97.34657287597656,0.0,99.04478028637669,96.28305267851844,98.35005580124523,0.0,5413900
2016-01-22,98.05844116210938,0.0,98.76173767693571,97.68106031000744,98.35004887977256,0.0,3622200
2016-01-25,97.24363708496094,0.0,98.89895772172979,96.78906828801325,98.22139056537662,0.0,2908500
2016-01-26,97.74109649658203,0.0,97.92978692054537,95.85420534409145,96.84053748708163,0.0,4592500
2016-01-27,96.34310150146484,0.0,98.470142151396,95.92283400218017,98.14422642666035,0.0,4720300
2016-01-28,95.52827453613281,0.0,97.1321364517725,94.8678646553228,96.30876548429723,0.0,3525600
2016-01-29,98.77030944824219,0.0,98.77030944824219,94.87644629209261,96.00000360473724,0.0,5280800
2016-02-01,99.39641571044922,0.0,99.619414075748,97.8697481846671,98.48727809252757,0.0,4333500
2016-02-02,97.67247772216797,0.0,98.96757478546695,97.1492930324767,98.59019394868736,0.0,2997700
2016-02-03,96.70331573486328,0.0,98.09275819246034,94.60200461792034,98.09275819246034,0.0,3462300
2016-02-04,97.9469223022461,0.0,98.24711513536757,96.09433938418029,96.63467470537233,0.0,3608300
2016-02-05,95.81989288330078,0.0,97.95551162640038,95.11659640940282,97.83543709745959,0.0,3330800
2016-02-08,94.36182403564453,0.0,95.30527600387923,93.34119065552656,94.77351276210788,0.0,5050200
2016-02-09,95.33956146240234,0.0,96.30015735836204,93.60704693249997,93.80431590031671,0.0,3680200
2016-02-10,96.69473266601562,0.0,98.18709889971207,95.48540862816837,95.48540862816837,0.0,3023200
2016-02-11,94.87644958496094,0.0,95.79416581693826,94.4218742363315,95.47682224379798,0.0,3955000
2016-02-12,95.90567016601562,0.0,95.98286468241378,94.5248063856108,95.3739068045597,0.0,2552100
2016-02-16,98.7617416381836,0.0,98.86465893392372,96.51462022332966,96.600386817637,0.0,3445700
2016-02-17,101.4634017944336,0.0,101.54058974334201,98.8045923546013,99.06189860476887,0.0,4466000
2016-02-18,100.7343978881836,0.0,102.92148199807126,100.39990359517559,101.63496347309535,0.0,3847100
2016-02-19,100.93165588378906,0.0,101.67783890221405,99.50790573121124,100.7772734159622,0.0,4481400
2016-02-22,104.01070404052734,0.0,104.7568869439171,102.02946812849541,102.14954263567492,0.0,5054800
2016-02-23,103.90779876708984,0.0,104.46529135395457,103.1530371564777,103.47038070126422,0.0,2804400
2016-02-24,103.09300994873047,0.0,103.19593378118766,101.06031497037816,102.86143950516586,0.0,2559700
2016-02-25,103.95069122314453,0.0,103.97642708950703,102.7670965697544,103.09301223106058,0.0,2281700
2016-02-26,104.06217956542969,0.0,104.85982118162174,103.6847987661563,104.19083270550658,0.0,2877500
2016-02-29,102.14956665039062,0.0,104.48245455587393,102.03807073710334,103.86492463459054,0.0,4526300
2016-03-01,104.3537826538086,0.0,104.8255086321584,102.3811252524599,102.48404252513969,0.0,3295600
2016-03-02,104.01070404052734,0.0,104.49958068934963,103.23879836396468,103.97640264725023,0.0,2670900
2016-03-03,104.48246002197266,0.0,104.51676796868007,102.99867240884255,103.65908893170983,0.0,3064100
2016-03-04,104.46526336669922,0.0,104.7997575204897,103.55611953780942,104.05357473088154,0.0,2873900
2016-03-07,104.43098449707031,0.0,105.271506153068,103.69338012099112,103.84776258443958,0.0,2315400
2016-03-08,104.34521484375,0.0,104.91127949734742,103.54757323001279,104.01929268408222,0.0,2522000
2016-03-09,104.29354095458984,0.5,105.17198735181664,103.73374771252566,104.96529021683706,0.0,2094000
2016-03-10,105.1461410522461,0.0,105.72316231763375,103.69930058903925,104.37965727661063,0.0,2638200
2016-03-11,107.7384033203125,0.0,107.92787238934672,105.28393258640075,105.47340165543498,0.0,3766200
2016-03-14,107.84176635742188,0.0,108.53073711755987,107.10111802660681,107.48005621555632,0.0,2856400
2016-03-15,107.5230941772461,0.0,108.05705184264976,106.85995903443107,107.2561186298311,0.0,2610300
2016-03-16,107.566162109375,0.0,108.12595529312082,106.87718487236874,107.12693895651917,0.0,2140900
2016-03-17,107.24751281738281,0.0,107.6178369456481,105.25810066607882,107.31641185765871,0.0,3911400
2016-03-18,109.13360595703125,0.0,109.44364513297768,107.24753539845301,107.53173907149983,0.0,6948400
2016-03-21,109.15082550048828,0.0,109.37474413927468,108.23793603781547,108.7202162715935,0.0,2667000
2016-03-22,110.253173828125,0.0,110.94215111749273,108.5307306047057,109.07330235551944,0.0,3984000
2016-03-23,111.77751922607422,0.0,112.25981252062626,110.2531722714559,110.36512171632903,0.0,6166400
2016-03-24,110.74407958984375,0.0,112.23399700035364,109.52115094284468,111.07134681268539,0.0,4153900
2016-03-28,111.02827453613281,0.0,111.52778278500362,110.24456263836221,110.94216058083433,0.0,1955100
2016-03-29,111.81197357177734,0.0,112.03588559917588,110.70099460468262,111.32969342590457,0.0,2463100
2016-03-30,111.68279266357422,0.0,112.90573432139533,111.43304511670343,112.03589535152047,0.0,2578500
2016-03-31,111.01103210449219,0.0,111.93254198071669,110.48568842298761,111.64833836864227,0.0,3181800
2016-04-01,111.88948822021484,0.0,112.33732544880162,110.54598967560386,110.83019331252531,0.0,3901700
2016-04-04,111.51917266845703,0.0,112.56123954838576,110.99382893142823,112.38899850075245,0.0,2812400
2016-04-05,109.4092025756836,0.0,111.4933564068926,109.28863250742059,111.05412654731519,0.0,4440000
2016-04-06,110.26177978515625,0.0,110.59765440225976,109.27137740908782,109.57280907570704,0.0,3021400
2016-04-07,109.26278686523438,0.0,110.61489956579695,108.71160758414997,109.81396614631878,0.0,3186600
2016-04-08,108.23793029785156,0.0,110.36513425650074,107.87622014169987,109.53837193991122,0.0,3642300
2016-04-11,108.79774475097656,0.0,109.32308861024227,108.36713546112443,108.36713546112443,0.0,3119200
2016-04-12,109.20246887207031,0.0,109.68474895479088,107.99676209469557,108.77185977804886,0.0,2887200
2016-04-13,110.02926635742188,0.0,110.80436424374959,109.6072646039587,109.9345318062832,0.0,2592400
2016-04-14,110.21871948242188,0.0,110.72684168946975,109.85700280751993,109.99480088759194,0.0,1674600
2016-04-15,109.65894317626953,0.0,110.28762894438363,108.702990202848,110.14122338968036,0.0,2835200
2016-04-18,110.07233428955078,0.0,110.26180341068304,109.03026069389904,109.27140082240348,0.0,2717400
2016-04-19,112.38899230957031,0.0,113.07796960329937,111.20050680641641,112.0358896396262,0.0,4340100
2016-04-20,115.34297180175781,0.0,116.35921632775043,112.73348115087839,113.06935579481882,0.0,7321000
2016-04-21,114.50759887695312,0.0,115.40326018885045,114.05114105649808,115.02432200803452,0.0,3786000
2016-04-22,115.51525115966797,0.0,115.68749224567664,114.58513352583815,115.16214839160106,0.0,2782800
2016-04-25,115.21379089355469,0.0,115.46355157644344,114.18893894484756,115.15351244188624,0.0,2702100
2016-04-26,115.60993957519531,0.0,115.92858611416125,114.54202424242287,115.3774069742797,0.0,2638000
2016-04-27,114.36980438232422,0.0,115.90277205936272,113.59469994960213,115.69607491574023,0.0,3358800
2016-04-28,113.74111938476562,0.0,115.7391392216083,113.41385219050656,114.36118453739627,0.0,3332800
2016-04-29,113.40522003173828,0.0,113.57747420556149,111.0368696943021,112.87126888810198,0.0,4161100
2016-05-02,113.7669448852539,0.0,114.48174452385841,112.75070043821562,114.20616149592931,0.0,2887700
2016-05-03,114.07698822021484,0.0,114.74011688690805,112.93156623981413,113.13825023311108,0.0,3632300
2016-05-04,113.70664978027344,0.0,114.0339169356491,112.46649334005846,112.83682403816488,0.0,2909300
2016-05-05,113.94779205322266,0.0,114.78317486198662,113.55163899119655,113.72388002430131,0.0,2054700
2016-05-06,113.71527099609375,0.0,113.92196814153029,112.47512754692401,113.75833454403676,0.0,2618600
2016-05-09,114.25782775878906,0.0,115.05014700033979,113.3104955344156,113.46550851723835,0.0,2191800
2016-05-10,115.03297424316406,0.0,115.05880974976702,114.1803631018073,114.47317427074292,0.0,2223500
2016-05-11,112.5526123046875,0.0,115.40324253639855,112.45787777397442,115.17933052796184,0.0,3450800
2016-05-12,111.7344741821289,0.0,113.069352120339,110.88186327930345,112.81960457933012,0.0,3210400
2016-05-13,111.0971450805664,0.0,111.98419875356137,110.70959952828211,111.18327215491693,0.0,3137300
2016-05-16,112.50956726074219,0.0,112.69903635331556,110.69239597553344,110.88186506810683,0.0,2466000
2016-05-17,111.57946014404297,0.0,113.00908592318464,111.08857246153688,112.44929918782407,0.0,2294500
2016-05-18,112.39761352539062,0.0,113.05214794809928,111.03688681746794,111.19191296958596,0.0,2246400
2016-05-19,111.95838928222656,0.0,112.92294966164404,110.8904737613361,111.69141368729134,0.0,2756000
2016-05-20,112.76793670654297,0.0,113.49996444437777,112.13063037494304,112.5009611115003,0.0,2538100
2016-05-23,112.32012939453125,0.0,112.99187885817342,111.9670266110095,112.07038178006043,0.0,3036500
2016-05-24,114.18892669677734,0.0,114.53342188775055,112.22535010224756,112.61289569358804,0.0,2702400
2016-05-25,114.90375518798828,0.0,115.66163157088916,114.35257594801028,114.72290668643672,0.0,2211300
2016-05-26,114.52481842041016,0.0,115.36882190864303,114.24923536756968,114.97265566506945,0.0,1499300
2016-05-27,115.40325164794922,0.0,115.85969629347386,114.50759040233905,114.52480530662987,0.0,1833400
2016-05-31,115.11905670166016,0.0,116.049174108185,114.95542311053782,115.91999661053542,0.0,3634100
2016-06-01,115.85969543457031,0.0,116.1352915949601,114.55926054824509,115.041540687779,0.0,2618000
2016-06-02,117.16012573242188,0.0,117.25486026620214,115.41185372450691,115.62715828844864,0.0,4015000
2016-06-03,117.84915924072266,0.0,118.09029941619508,116.39369759087937,116.78986395981492,0.0,3625600
2016-06-06,118.97730255126953,0.0,119.183999673497,117.56490506891926,117.91800772479391,0.0,2959900
2016-06-07,117.93524932861328,0.0,119.27874792467546,117.88357832740317,118.98593682371829,0.0,2943200
2016-06-08,120.91507720947266,0.0,121.33707902296761,117.98693944325414,118.21947212751888,0.0,6180800
2016-06-09,121.15618133544922,0.0,121.3198149112502,120.17439302179142,120.99256090079632,0.0,3682400
2016-06-10,119.91606903076172,0.0,120.90646505227399,119.39933267275008,120.78589498755812,0.0,2805800
2016-06-13,118.92565155029297,0.0,120.68254453173212,118.91704409668365,119.70936348670799,0.0,2804300
2016-06-14,118.7361831665039,0.0,119.07205783542489,118.27973844056388,118.74480376131639,0.0,2970700
2016-06-15,118.74913024902344,0.625,119.5364109405838,118.56745821311925,119.16440701878611,0.0,2369400
2016-06-16,119.96038055419922,0.0,120.15935916571476,117.98786134170837,118.70592951482504,0.0,3176100
2016-06-17,119.12113952636719,0.0,120.12470518571149,118.1348803648709,120.04683254589048,0.0,4430900
2016-06-20,119.83924865722656,0.0,120.98122708976724,119.51049108981591,120.44484428061894,0.0,3731700
2016-06-21,119.5537338256836,0.0,120.45347388150667,119.44992121950972,120.42752072996319,0.0,2021400
2016-06-22,119.30281066894531,0.0,120.72163985923,119.0692323541778,119.7786403488252,0.0,2375200
2016-06-23,120.41881561279297,0.0,121.10227027325406,119.39794374410776,120.55724115447676,0.0,2646800
2016-06-24,118.77510833740234,0.0,119.9257465433729,116.92370858667381,117.36493859707225,0.0,4475100
2016-06-27,118.61936950683594,0.0,118.8616076989082,117.20918680220771,117.7888291333086,0.0,3996200
2016-06-28,120.00359344482422,0.0,120.33233771810959,119.08653381663235,119.57102337908854,0.0,4160200
2016-06-29,121.56949615478516,0.0,121.7079085444158,120.77356881019765,120.94659419797912,0.0,3704500
2016-06-30,122.15779876708984,0.0,122.25296472115504,121.32727153251386,121.7079221477823,0.0,4730800
2016-07-01,121.86369323730469,0.0,122.6682675782338,121.65605476174399,122.12323803150642,0.0,2882500
2016-07-05,122.4692611694336,0.0,122.77206556079852,121.14559754042664,121.24941015415467,0.0,3749300
2016-07-06,123.17863464355469,0.0,123.68041741634558,121.95878410285555,121.96743075030439,0.0,4083300
2016-07-07,121.811767578125,0.0,123.42092920548683,121.07639297814455,123.17003110389582,0.0,3515500
2016-07-08,122.2183609008789,0.0,122.6595776546756,120.73031868679068,122.590364853905,0.0,3605500
2016-07-11,121.39649200439453,0.0,122.5038705211125,121.12828742527336,122.21837264088148,0.0,4084000
2016-07-12,120.99853515625,0.0,121.94153501063926,120.57461161390319,121.88962869953448,0.0,4310100
2016-07-13,122.40005493164062,0.0,122.49522089966536,121.05043807674039,121.95019144733676,0.0,3164700
2016-07-14,121.8463363647461,0.0,123.58527652639731,121.52623873144323,123.18730624632549,0.0,3000700
2016-07-15,122.27027893066406,0.0,123.52472971261564,122.03668735577868,122.54711695931178,0.0,3748700
2016-07-18,121.76852416992188,0.0,122.76343045467726,120.79091119027794,122.64231131391577,0.0,4166300
2016-07-19,123.3603515625,0.0,123.39496456687495,120.53135230103581,121.76849658707783,0.0,5326200
2016-07-20,123.73233795166016,0.0,124.99543507604646,123.55065272640432,124.12164834750553,0.0,5489800
2016-07-21,123.60256958007812,0.0,124.34659064057232,122.96237431473993,123.46415718818868,0.0,3475100
2016-07-22,124.3119888305664,0.0,124.62343980901056,123.64582722647926,124.3119888305664,0.0,2697500
2016-07-25,122.61629486083984,0.0,124.48500052596133,122.33945691100116,124.19085607894853,0.0,2725600
2016-07-26,122.59034729003906,0.0,123.01427068365035,122.00205836926261,122.79798566260195,0.0,2668100
2016-07-27,122.57308197021484,0.0,123.14407778584494,121.04179301147205,122.13186513140676,0.0,2684100
2016-07-28,123.50740814208984,0.0,123.74099968847607,122.14914491523336,122.29621716266422,0.0,2517000
2016-07-29,123.88806915283203,0.0,124.49366462894048,122.5038528075829,122.720137849121,0.0,3269700
2016-08-01,124.15621948242188,0.0,124.71856832526757,123.74960268255958,124.07836006142364,0.0,2494900
2016-08-02,123.86212921142578,0.0,124.55424405834665,123.14406121283224,124.41581844876394,0.0,2679100
2016-08-03,123.61122131347656,0.0,124.25141653677714,123.22189770894052,124.00053171702237,0.0,1963600
2016-08-04,123.46416473388672,0.0,124.1303131884788,123.07484107999213,123.80156888653464,0.0,1890900
2016-08-05,123.70641326904297,0.0,124.18222986178499,123.19597047158553,124.00055779571808,0.0,2000100
2016-08-08,122.9623794555664,0.0,123.77561334650066,122.72878790793831,123.37764305057841,0.0,1846400
2016-08-09,122.69417572021484,0.0,123.82750714276729,122.57304343286754,123.32572429900546,0.0,2140700
2016-08-10,123.01427459716797,0.0,123.1440403335293,121.92418960777091,122.73742342494317,0.0,1866300
2016-08-11,123.39494323730469,0.0,123.76694716357586,122.36542435149784,123.05753910843438,0.0,1857500
2016-08-12,123.61122131347656,0.0,123.83615298639431,122.41732375501186,122.98831938740719,0.0,1787900
2016-08-15,122.5211410522461,0.0,123.81020459899676,122.40868181195926,123.68043885982321,0.0,2369600
2016-08-16,122.053955078125,0.0,122.52112487847042,121.40510006592976,122.11450801474894,0.0,1688500
2016-08-17,122.59903717041016,0.0,122.77206258943382,121.69063721929433,122.2356666291692,0.0,1849100
2016-08-18,122.9969711303711,0.0,123.5766134353899,122.21835029103019,122.56440106385041,0.0,1572700
2016-08-19,122.884521484375,0.0,123.06620675445305,122.17511330819798,122.54711729793854,0.0,1950200
2016-08-22,122.92774963378906,0.0,123.7150302673644,122.59900538317827,122.94505613150221,0.0,1587900
2016-08-23,122.85853576660156,0.0,123.60255674986476,122.63360410226237,123.48143766891445,0.0,2295500
2016-08-24,121.00715637207031,0.0,122.91912203550079,120.69570536991395,122.8499092349114,0.0,2529800
2016-08-25,118.78375244140625,0.0,120.90334329729644,118.55016089045755,120.90334329729644,0.0,3891000
2016-08-26,118.19546508789062,0.0,119.64890767517485,117.65043566852836,119.10386505481908,0.0,3082400
2016-08-29,118.75777435302734,0.0,119.4239226643398,118.07430634403262,118.6972082150958,0.0,2315900
2016-08-30,118.41173553466797,0.0,119.12115683864877,117.8667061826498,118.7577995369727,0.0,2026600
2016-08-31,117.70238494873047,0.0,118.36854692782933,117.26981463521143,118.1349552622495,0.0,2837300
2016-09-01,117.43412017822266,0.0,118.5068854376196,117.09671607228489,118.36847305643263,0.0,2765400
2016-09-02,118.18681335449219,0.0,118.33388561694721,117.45143884122417,118.09164739631625,0.0,2390500
2016-09-06,117.6331558227539,0.0,118.39448369342621,117.33901121853835,118.19549187204817,0.0,2242400
2016-09-07,117.32460021972656,0.625,118.16766267472738,116.63797578138752,117.33328680000068,0.0,2816300
2016-09-08,117.71570587158203,0.0,117.87214388471978,116.82049743119343,116.87264343557267,0.0,2826700
2016-09-09,116.13385772705078,0.0,117.46363371156262,116.13385772705078,117.08122530911524,0.0,3322300
2016-09-12,117.79390716552734,0.0,117.95904499586614,115.06482283043208,115.34295249457156,0.0,3457400
2016-09-13,116.42069244384766,0.0,117.46365234551037,115.9165922846205,116.67274915443858,0.0,3331500
2016-09-14,116.1947021484375,0.0,117.06383746167353,115.57761024078086,116.35114013908283,0.0,4592400
2016-09-15,117.86343383789062,0.0,118.28061505181765,115.49069827736912,115.62106326236142,0.0,3302900
2016-09-16,120.34913635253906,0.0,120.41866875081432,117.79387707920631,117.86340947748157,0.0,7421900
2016-09-19,119.66256713867188,0.0,121.14879465240784,119.5235155402395,120.53170262316063,0.0,3239500
2016-09-20,119.48002624511719,0.0,120.4013075064537,119.12367760269028,120.05365870434805,0.0,2425700
2016-09-21,121.6007080078125,0.0,121.64416741984273,119.9319700290665,120.11448099286262,0.0,3506600
2016-09-22,122.58283996582031,0.0,122.90442905305184,121.96576131396321,122.10482614833616,0.0,3018300
2016-09-23,122.12220001220703,0.0,123.22600559075103,121.99183501794904,122.56546751658948,0.0,2802000
2016-09-26,121.43561553955078,0.0,121.82672386994932,120.72291804961769,121.63551299518461,0.0,2636500
2016-09-27,122.36553955078125,0.0,122.40899896337669,120.54036357932976,121.6702419970573,0.0,3048600
2016-09-28,122.0353012084961,0.0,123.16517984858932,121.38344967712924,122.66107973956456,0.0,1990400
2016-09-29,120.21878814697266,0.0,121.92228572527749,119.80159369918509,121.83536689983406,0.0,2201000
2016-09-30,121.67896270751953,0.0,122.09614400916949,120.30572710838585,120.96626527449449,0.0,4164100
2016-10-03,120.3665542602539,0.0,121.43558698179581,119.96674618105277,121.11401115984108,0.0,2724400
2016-10-04,120.07972717285156,0.0,121.12268680178717,119.21059193841334,120.54036778614771,0.0,2452600
2016-10-05,119.59303283691406,0.0,120.74897121448913,118.72389746240728,120.12320594584132,0.0,4625600
2016-10-06,118.61090087890625,0.0,119.49742263881498,117.90690337560774,119.34097138144152,0.0,4025300
2016-10-07,118.7760009765625,0.0,119.54953065270236,118.18498223709068,119.25402791394075,0.0,2568700
2016-10-10,120.0101547241211,0.0,120.24482487247361,119.04541440527935,119.04541440527935,0.0,2586000
2016-10-11,117.11597442626953,0.0,119.67123417202764,116.78569878888678,119.34965837475582,0.0,3353600
2016-10-12,117.4201889038086,0.0,117.95904856695188,116.15124548117278,117.31588364562239,0.0,4287900
2016-10-13,116.62928771972656,0.0,117.02908259853169,116.12518756918381,117.02908259853169,0.0,3425700
2016-10-14,116.39460754394531,0.0,117.77652960394728,116.36853454371533,117.14206449509568,0.0,3452900
2016-10-17,116.5771255493164,0.0,116.83785553761942,115.62107138569661,116.51627971074396,0.0,3602500
2016-10-18,124.62533569335938,0.0,125.11204943925709,119.82770414016554,120.98365591765008,0.0,10141900
2016-10-19,125.47706604003906,0.0,127.20665015814548,124.12991685920184,124.99905220784673,0.0,5796000
2016-10-20,126.08545684814453,0.0,126.78945427741965,125.13808934832784,125.58135681265027,0.0,5203700
2016-10-21,126.34617614746094,0.0,126.40702197544782,124.94686798521592,125.3814355727212,0.0,3331800
2016-10-24,125.75521850585938,0.0,127.08499476930295,125.17289930817766,126.89378389699489,0.0,2930200
2016-10-25,124.96424865722656,0.0,126.35487017809416,124.80781069865256,125.92030261056675,0.0,3095400
2016-10-26,123.61712646484375,0.0,124.9642890116042,123.3216236063671,124.93821601008885,0.0,3267600
2016-10-27,123.36506652832031,0.0,124.5036316487103,123.05217729003394,124.04299100094873,0.0,3358000
2016-10-28,121.98310852050781,0.0,123.72137860551997,121.19219244895969,123.12167330427906,0.0,4033600
2016-10-31,122.83492279052734,0.0,123.01743382029458,121.65289797057933,122.37428203279335,0.0,3761100
2016-11-01,121.18354034423828,0.0,122.99134353616577,120.65338049095365,122.99134353616577,0.0,3391400
2016-11-02,120.79242706298828,0.0,122.74798159779009,120.74896764315766,120.82719990363397,0.0,3149700
2016-11-03,119.79290771484375,0.0,121.97443231999263,119.6364564806607,120.96623229243782,0.0,2989700
2016-11-04,119.68864440917969,0.0,120.71421783806252,119.67125798744917,120.33179613171502,0.0,3520700
2016-11-07,123.35636138916016,0.0,123.79962886049833,121.2878284834047,121.33128789890179,0.0,3896600
2016-11-08,124.1994400024414,0.0,124.81653195504258,122.54808809180132,122.85229077837083,0.0,4389300
2016-11-09,123.33028411865234,0.0,125.3206112266675,118.39360236652352,121.27912444061052,0.0,8042400
2016-11-10,127.00672912597656,0.0,127.38915073018624,123.4171965596773,123.71269934040276,0.0,6075500
2016-11-11,127.2588119506836,0.0,128.19747983514839,126.9024632306456,127.51086865976592,0.0,4475400
2016-11-14,132.35191345214844,0.0,132.90815947596766,127.79764001453715,128.0410100830374,0.0,5740400
2016-11-15,132.3084259033203,0.0,133.8120390992781,131.6826476018468,133.42091771439578,0.0,4910700
2016-11-16,131.67398071289062,0.0,132.97768349222616,131.43931049926408,132.0998617284424,0.0,3899000
2016-11-17,131.03955078125,0.0,132.03905120790097,130.53545064700606,131.95214562320967,0.0,4683000
2016-11-18,129.8922576904297,0.0,131.8130523872314,129.84879827646608,131.2828793655582,0.0,5664800
2016-11-21,130.7266387939453,0.0,130.94392261086418,129.1187332439649,130.1269333373369,0.0,3867800
2016-11-22,132.3345184326172,0.0,132.91683741486392,130.85699127119037,131.30894528052755,0.0,4992100
2016-11-23,133.44703674316406,0.0,133.6208744239502,131.2046791948972,132.1172607092591,0.0,2697200
2016-11-25,132.81256103515625,0.0,134.2814017915522,132.6387366302113,133.78598831240953,0.0,1664500
2016-11-28,132.20416259765625,0.0,132.8473274530166,130.3702867009186,132.75172204562455,0.0,5029600
2016-11-29,136.96693420410156,0.0,137.4275745341931,134.87231639402162,136.40200195382116,0.0,5827400
2016-11-30,138.1494598388672,0.625,139.40598739224248,137.05871440676938,137.40774761913525,0.0,7142400
2016-12-01,140.4355926513672,0.0,141.11621641908323,138.8474616501915,138.8474616501915,0.0,5250200
2016-12-02,140.25234985351562,0.0,141.81430413309351,140.10401013287137,140.48795449913092,0.0,3480000
2016-12-05,137.54730224609375,0.0,140.19998804449025,136.3256599415664,139.78114572153444,0.0,5854200
2016-12-06,137.27684020996094,0.0,138.0708926306303,136.35187705602158,138.01853898913137,0.0,3216700
2016-12-07,139.091796875,0.0,139.59790415204657,136.43038973061618,137.77418171019903,0.0,4552300
2016-12-08,139.02200317382812,0.0,139.82478990796852,137.87017004565377,139.10053361945134,0.0,3407500
2016-12-09,139.72007751464844,0.0,139.75498881347556,137.6171311195097,139.19652786507518,0.0,4007200
2016-12-12,139.17030334472656,0.0,139.318643026997,137.65198192040688,138.59438694432032,0.0,3471200
2016-12-13,140.0865478515625,0.0,141.1074968292989,139.67644000494082,139.96438495124258,0.0,3868900
2016-12-14,139.4932098388672,0.0,141.18604836391268,138.49845084056082,140.61013175574595,0.0,3885700
2016-12-15,140.1563720703125,0.0,140.74100982095254,139.1179806494895,139.501925038509,0.0,4422700
2016-12-16,143.05337524414062,0.0,143.10572886824352,140.65373649787435,140.81953185070475,0.0,7605300
2016-12-19,140.9591522216797,0.0,143.05339061410294,140.67992842487826,142.31167868693586,0.0,4732600
2016-12-20,141.00279235839844,0.0,142.32914208097364,140.8457314606672,141.10751293831163,0.0,3131200
2016-12-21,140.77589416503906,0.0,141.61357874909393,139.28374935972897,140.85442459827738,0.0,2767700
2016-12-22,140.9940948486328,0.0,141.2558763702016,139.85099596303579,140.8282994411472,0.0,2741700
2016-12-23,142.25933837890625,0.0,142.2680595464248,140.09530382070307,140.97662107142156,0.0,2044400
2016-12-27,141.9190216064453,0.0,143.0708547881318,141.75322622592142,142.460026898884,0.0,1344000
2016-12-28,140.87188720703125,0.0,142.4512836890882,140.76717995753796,141.5001573335052,0.0,1669100
2016-12-29,140.52284240722656,0.0,141.67467542343886,139.9556603798463,141.29073108470143,0.0,2476300
2016-12-30,139.6502685546875,0.0,140.90680902018383,139.4844864865328,140.81082292032622,0.0,2855600
2017-01-03,140.88059997558594,0.0,141.5961349771589,138.87362681979707,140.60137622199483,0.0,3539700
2017-01-04,141.28199768066406,0.0,141.86663530409666,139.388466278418,141.66594198614362,0.0,2695200
2017-01-05,141.5176239013672,0.0,141.91030278373086,140.93298613364354,141.14241398325353,0.0,2961100
2017-01-06,141.71829223632812,0.0,142.18076696199563,140.5839149920518,141.14237579180627,0.0,3081300
2017-01-09,141.31687927246094,0.0,141.73572150499035,140.29594384112107,141.36051172298068,0.0,3040800
2017-01-10,140.9940948486328,0.0,142.2157241962721,140.05168935984196,140.72359215842422,0.0,3500700
2017-01-11,141.26455688476562,0.0,142.18078528919727,140.14763514128467,140.74972847318998,0.0,3330600
2017-01-12,141.6746826171875,0.0,142.18078987897093,140.39196547252695,141.09004491342677,0.0,2555900
2017-01-13,141.18605041503906,0.0,142.00629287226687,140.8457384715892,141.50018554089738,0.0,3183300
2017-01-17,140.19126892089844,0.0,142.20696344076487,137.44258368173345,141.89282836528196,0.0,5475800
2017-01-18,137.6432647705078,0.0,140.66243874901798,136.20347372749998,140.54027587095263,0.0,6591600
2017-01-19,138.48095703125,0.0,140.09526465982577,137.2069745621602,137.64327248180166,0.0,4976900
2017-01-20,138.446044921875,0.0,139.44080354450998,137.70433320830534,138.7601799245363,0.0,3579100
2017-01-23,138.8038787841797,0.0,139.1965443966842,136.6136538818522,138.41119985691435,0.0,4062600
2017-01-24,139.99061584472656,0.0,140.75850483753013,138.8300745007339,139.05694474189738,0.0,3514100
2017-01-25,140.6973876953125,0.0,141.34310023159134,139.9207777665857,140.33089896302377,0.0,3605800
2017-01-26,142.0150146484375,0.0,142.7392710060133,140.70612050421227,141.23840465545427,0.0,4202400
2017-01-27,142.22445678710938,0.0,142.9312575656069,141.9015871450744,142.6694760475216,0.0,3110400
2017-01-30,141.43907165527344,0.0,142.63453713811717,140.75844789237308,142.18078352459784,0.0,2784600
2017-01-31,141.44781494140625,0.0,141.5263453847625,139.62407920777676,141.02895928065678,0.0,3037000
2017-02-01,141.9801025390625,0.0,143.01848060578627,141.38673032903333,142.01500052094258,0.0,3718500
2017-02-02,140.27850341796875,0.0,142.45127186794977,139.84220549494287,141.81428062846368,0.0,4714000
2017-02-03,141.24708557128906,0.0,141.36052729218372,139.79858658368246,140.60137316559576,0.0,2762300
2017-02-06,140.06039428710938,0.0,141.8230421255309,139.80734727828496,140.93299038131175,0.0,3479400
2017-02-07,140.0778350830078,0.0,141.08131515902573,139.21396024804088,140.53158873200888,0.0,2942700
2017-02-08,139.8858642578125,0.0,140.1651013721466,139.1005331745751,139.61536162502537,0.0,2339700
2017-02-09,139.99932861328125,0.0,140.74976183582,139.23143973958747,139.8858868529145,0.0,3056800
2017-02-10,140.26983642578125,0.0,141.00281402400316,139.70265423270118,139.72009656973427,0.0,1905900
2017-02-13,141.35183715820312,0.0,141.37801397419375,140.21745964449292,140.21745964449292,0.0,3275800
2017-02-14,142.34658813476562,0.0,142.66944439040049,140.70610341255096,140.88061994763038,0.0,2969400
2017-02-15,143.3587646484375,0.0,143.8823274781694,141.86663321878655,141.86663321878655,0.0,4537900
2017-02-16,142.80030822753906,0.0,143.95214116240786,141.64848860742654,143.78634581741102,0.0,3191600
2017-02-17,137.53858947753906,0.0,139.7549909706981,136.55256496398107,138.74277632523584,0.0,12033600
2017-02-21,140.11277770996094,0.0,140.33092675915893,137.45135664679339,137.5386082776158,0.0,5419000
2017-02-22,140.11277770996094,0.0,141.1686116518128,139.3012563232686,140.40945722132747,0.0,2725300
2017-02-23,141.8841552734375,0.0,141.8841552734375,140.21749324394756,140.77595431016655,0.0,2459600
2017-02-24,142.28550720214844,0.0,142.31168401799297,141.13368736071257,141.9451952814107,0.0,2715700
2017-02-27,144.3098907470703,0.0,144.37970000549456,142.0673132574882,142.37272709874995,0.0,4071800
2017-02-28,144.3098907470703,0.0,145.5140638393134,143.89103519652483,144.38842116976463,0.0,4382100
2017-03-01,146.54379272460938,0.0,147.1197093522835,145.15636810637986,145.47922440609418,0.0,3514200
2017-03-02,145.99404907226562,0.0,146.9713524282238,145.6886484309085,146.87537964089756,0.0,1889800
2017-03-03,146.77069091796875,0.0,146.98883998690593,145.3919872045144,145.99408076514297,0.0,2254400
2017-03-06,147.2069549560547,0.0,147.7741503927607,145.83698604415258,146.09875421442982,0.0,2576500
2017-03-07,146.85794067382812,0.0,147.78289050004108,146.53507103117485,146.98882477574085,0.0,2702300
2017-03-08,147.063720703125,0.625,147.5454400374438,146.0915283609133,146.71337329435354,0.0,2048200
2017-03-09,147.15130615234375,0.0,148.07971681668525,146.91483667250586,147.2739244115001,0.0,3631400
2017-03-10,148.87667846679688,0.0,148.89419917343287,147.1950514680935,147.51035736562437,0.0,3716600
2017-03-13,149.07810974121094,0.0,149.70870807273437,148.50004679256804,148.88542209166332,0.0,3130200
2017-03-14,148.07093811035156,0.0,149.05188410630478,147.58046511237495,148.59645253069044,0.0,2522600
2017-03-15,150.45318603515625,0.0,150.61959931299515,148.27231944792976,148.33363523003104,0.0,2807600
2017-03-16,150.0328369140625,0.0,150.76854637889582,149.08691901739698,150.7072439390195,0.0,3138600
2017-03-17,148.6314697265625,0.0,150.24302756339372,148.5351258686875,149.84889845913628,0.0,5622900
2017-03-20,147.14254760742188,0.0,149.104453053367,147.07247812388232,148.83292879300592,0.0,3928600
2017-03-21,146.8798065185547,0.0,147.86076603146978,146.3192639530556,147.72938072375644,0.0,4953100
2017-03-22,146.2929229736328,0.0,147.47532338289406,145.0667408461183,147.25636133409625,0.0,2999800
2017-03-23,144.76901245117188,0.0,146.20540365271867,144.31358079134708,145.59231229188578,0.0,3947400
2017-03-24,144.51499938964844,0.0,146.61703039865208,143.94570322265625,145.50471244995117,0.0,5243900
2017-03-27,144.1646728515625,0.0,144.6113507890339,143.03482076797616,143.63040471565927,0.0,4383000
2017-03-28,144.8215789794922,0.0,145.45219107384017,143.4990389706617,144.14717177996093,0.0,7327100
2017-03-29,143.14865112304688,0.0,144.4886979794141,142.5355599737914,144.2171871393427,0.0,5900400
2017-03-30,144.5062713623047,0.0,145.32955785461283,143.16622401747185,143.33262403233687,0.0,2993800
2017-03-31,143.64791870117188,0.0,144.60260379639425,143.42020288487043,144.1997075751348,0.0,3496100
2017-04-03,145.03175354003906,0.0,145.5134728999818,143.85811972809702,144.18217940460949,0.0,3473700
2017-04-04,144.48878479003906,0.0,145.78503733646707,144.33112504871534,145.27704340347938,0.0,2886000
2017-04-05,144.8390655517578,0.0,146.49441872085046,144.70769361944406,145.18064594016144,0.0,3541600
2017-04-06,144.8128204345703,0.0,145.40840449834258,144.37489608582825,144.90916432586917,0.0,2923600
2017-04-07,145.40835571289062,0.0,145.82875920460555,144.1821599291752,144.47995854334326,0.0,2927800
2017-04-10,144.9354248046875,0.0,146.26671843909628,144.7602577548838,145.55728320053828,0.0,3234900
2017-04-11,145.24197387695312,0.0,145.2507275517089,144.1646838488797,144.41867406068653,0.0,3172900
2017-04-12,145.00552368164062,0.0,145.7587541763827,144.1647163264446,145.67117731592876,0.0,2978700
2017-04-13,144.4800567626953,0.0,145.08438134594402,144.22605306891117,144.47128971949198,0.0,1979800
2017-04-17,146.42433166503906,0.0,146.63454009590458,144.4799604781744,144.5062348614843,0.0,4396700
2017-04-18,147.6593017578125,0.0,149.09569282501073,146.87979709386445,148.94680017733393,0.0,5526200
2017-04-19,148.2373504638672,0.0,149.93649859862344,147.74687746917195,148.53513573001976,0.0,4703400
2017-04-20,150.2430419921875,0.0,150.8123515213546,147.46660392145972,148.4738376894997,0.0,3652100
2017-04-21,149.9102783203125,0.0,151.18901003737946,149.30594053216248,150.7598526943217,0.0,2982300
2017-04-24,150.93496704101562,0.0,151.6619228681097,150.3831782334219,151.22399863716532,0.0,2830300
2017-04-25,152.43267822265625,0.0,153.04578290906528,151.68821496177003,151.95972587835138,0.0,3394700
2017-04-26,152.73049926757812,0.0,153.84281748463974,152.38015177196033,152.4764956627064,0.0,2817500
2017-04-27,152.94944763183594,0.0,154.21067177341104,152.41517944309618,152.45897454664322,0.0,2438600
2017-04-28,153.16839599609375,0.0,153.27349354363378,152.31882184844372,152.93191314974064,0.0,2010800
2017-05-01,152.91436767578125,0.0,154.2719353573589,152.47644347942628,153.27346872424496,0.0,2709700
2017-05-02,152.52023315429688,0.0,153.5975228970359,149.13070427151158,153.19464013475613,0.0,4951000
2017-05-03,151.1189422607422,0.0,152.66044466307943,150.52337150666952,152.17872516234905,0.0,3622200
2017-05-04,152.4151611328125,0.0,152.5815744876658,150.97877011399825,151.56558701074195,0.0,2585200
2017-05-05,152.50274658203125,0.0,153.1684000390565,151.79331138863404,152.87060137251913,0.0,2189000
2017-05-08,152.7830352783203,0.0,152.88813283602437,152.02105125618712,152.33634392929935,0.0,2505900
2017-05-09,151.73204040527344,0.0,153.07208790723138,151.28534899502668,152.48527085563597,0.0,1653700
2017-05-10,151.8634033203125,0.0,152.08236549208553,151.04887045622428,151.55685093407416,0.0,1568700
2017-05-11,151.8020477294922,0.0,152.2749999746522,150.35688988297554,151.31156141030777,0.0,1901300
2017-05-12,150.47952270507812,0.0,151.8633648841642,150.2255325304373,151.20647853510107,0.0,2335400
2017-05-15,150.23428344726562,0.0,150.64593328760947,149.09567779023774,150.4619992329165,0.0,2831400
2017-05-16,147.24765014648438,0.0,149.77009818194227,146.48566620426809,149.4810665641804,0.0,4343700
2017-05-17,147.89581298828125,0.0,149.2358604389344,145.9601814682319,147.24768013484228,0.0,4442300
2017-05-18,150.1642303466797,0.0,152.3801260960733,147.0286909522852,147.36151767594356,0.0,3908000
2017-05-19,151.1627197265625,0.0,151.47802578437958,149.11323703294656,150.90872949094967,0.0,3877300
2017-05-22,153.0106964111328,0.0,153.18586339948544,151.1714229868533,151.285274178871,0.0,3480300
2017-05-23,153.46621704101562,0.0,153.72897433546422,152.14369025695893,152.78305609408397,0.0,2471500
2017-05-24,153.79022216796875,0.0,154.23691341917404,152.85307130008138,153.66760392270163,0.0,1612300
2017-05-25,155.94485473632812,0.0,156.54042540315731,154.09681355107082,154.4296403145282,0.0,3212200
2017-05-26,155.463134765625,0.0,156.6805638497774,155.02521044234155,155.62078110709996,0.0,1583600
2017-05-30,154.66610717773438,0.0,155.9711264544785,154.35956817425577,155.49816070773278,0.0,2285700
2017-05-31,153.43116760253906,0.0,154.93762842343142,153.20345175357272,154.92887474768324,0.0,3320400
2017-06-01,157.2848663330078,0.0,157.2848663330078,153.43989217016963,153.956639548474,0.0,2890600
2017-06-02,157.1184539794922,0.0,157.58265259199828,156.1988104278603,157.58265259199828,0.0,2610100
2017-06-05,157.10092163085938,0.0,157.9329882938911,156.9170009527893,157.24106058088427,0.0,2640600
2017-06-06,158.37091064453125,0.0,158.58110570273416,156.3214152763531,156.9432735071033,0.0,3443900
2017-06-07,160.46420288085938,0.0,160.6919186701939,157.34617112466196,159.40442035967632,0.0,3783600
2017-06-08,159.13291931152344,0.0,160.94591879359317,158.51106098365588,160.46421280039166,0.0,3079900
2017-06-09,158.93148803710938,0.0,159.75477447016198,158.4059735472226,159.26430140727493,0.0,2392200
2017-06-12,156.99583435058594,0.0,159.24677127751949,154.51718163828403,158.93146530157046,0.0,3705600
2017-06-13,158.57235717773438,0.0,158.87014242944576,156.90823718142124,156.96079931206395,0.0,2458500
2017-06-14,159.71971130371094,0.0,160.1401147845892,158.47600820633954,158.47600820633954,0.0,2039300
2017-06-15,158.63803100585938,0.75,161.38195976038,158.38297843187163,159.84289474904122,0.0,3078700
2017-06-16,159.7373504638672,0.0,160.4673085644485,158.63801840026534,159.03377525924583,0.0,4473300
2017-06-19,160.95977783203125,0.0,160.95977783203125,158.97217723493108,160.32656160529226,0.0,3887100
2017-06-20,161.1796417236328,0.0,161.31155617734854,160.256200288888,160.72231591812124,0.0,2742600
2017-06-21,162.63076782226562,0.0,162.7978684238229,160.68715647260706,161.3731385277312,0.0,2866300
2017-06-22,164.02029418945312,0.0,165.9199426404423,162.50761265472957,162.61314420659227,0.0,3841300
2017-06-23,162.92095947265625,0.0,163.8180179057766,161.94475237708966,163.8180179057766,0.0,3438500
2017-06-26,162.80667114257812,0.0,163.48386342688846,161.28519937874614,162.81547438730215,0.0,2327400
2017-06-27,162.34933471679688,0.0,164.28415610962944,162.015133536548,163.33433177069452,0.0,2682800
2017-06-28,163.31675720214844,0.0,163.8532317482504,162.78028265604644,163.29916413288512,0.0,2451200
2017-06-29,162.9385986328125,0.0,163.65975346063152,162.11189880562992,163.42230740611936,0.0,2193600
2017-06-30,163.07049560546875,0.0,163.7476878154165,162.63955266830584,162.83303615686233,0.0,2392000
2017-07-03,164.15220642089844,0.0,164.92614024301767,163.3519031307451,163.835598349993,0.0,2087000
2017-07-05,165.5593719482422,0.0,165.6561136851013,163.33432542006045,163.70369930091036,0.0,2587400
2017-07-06,164.40728759765625,0.0,165.50661950529053,163.71250231706716,165.4450504770651,0.0,1844700
2017-07-07,165.30433654785156,0.0,165.71767297499522,164.4688336111299,164.767862071441,0.0,2252500
2017-07-10,164.41604614257812,0.0,165.33948745322687,163.71247117162784,164.75024727318421,0.0,2612000
2017-07-11,163.53663635253906,0.0,165.04052853170342,162.78029535019328,164.46007797696763,0.0,2664500
2017-07-12,164.1874237060547,0.0,164.72389822189908,163.94117442857652,164.27536220825166,0.0,3342800
2017-07-13,163.123291015625,0.0,164.70633192787636,162.98258670532147,164.46008261036852,0.0,2379300
2017-07-14,164.3721466064453,0.0,164.5744333951049,162.49889364666137,163.41353214040376,0.0,2716700
2017-07-17,163.888427734375,0.0,164.67994144424537,163.36953280677747,164.52164407010358,0.0,2444600
2017-07-18,164.3281707763672,0.0,164.63597571842607,161.69856351250263,164.41610929427762,0.0,4235800
2017-07-19,166.38604736328125,0.0,166.57953080878852,164.90853863573273,164.90853863573273,0.0,3401600
2017-07-20,168.41763305664062,0.0,168.7870069339351,166.14861059362218,166.57955349358795,0.0,3099600
2017-07-21,168.6638641357422,0.0,169.73681293876578,167.6261014617619,168.31208336276697,0.0,4911500
2017-07-24,167.8811798095703,0.0,169.00689465010808,167.66131342009686,168.672693443843,0.0,2356500
2017-07-25,167.4501953125,0.0,169.27948482944097,167.3622568302749,168.97168001228897,0.0,1960100
2017-07-26,167.75802612304688,0.0,168.44400806586853,166.55316281160472,167.11602013442192,0.0,2683500
2017-07-27,166.15744018554688,0.0,167.5294178833272,165.74410367264713,167.30955146901113,0.0,2631400
2017-07-28,168.10983276367188,0.0,168.18899486122763,164.98774082935438,166.3157289649738,0.0,1925000
2017-07-31,168.6903076171875,0.0,169.39388283544216,168.1010672300288,168.49682409667795,0.0,3767100
2017-08-01,169.05967712402344,0.0,170.08865031797777,168.5232025439706,170.08865031797777,0.0,3336800
2017-08-02,169.73684692382812,0.0,170.13260372755855,168.9805060328766,168.9805060328766,0.0,2463800
2017-08-03,171.29348754882812,0.0,171.46058812960203,169.74561978551395,169.96548614556858,0.0,2886100
2017-08-04,171.39022827148438,0.0,172.41039797723175,171.14397902324424,171.45178387375563,0.0,2892300
2017-08-07,171.30227661132812,0.0,171.85634413046967,170.52834273310856,171.32865950085127,0.0,2074800
2017-08-08,171.40780639648438,0.0,171.48696848381263,170.68665172434785,171.21432292893076,0.0,1741000
2017-08-09,171.34625244140625,0.0,171.8123680487437,170.76580203316723,171.4078080437226,0.0,2125900
2017-08-10,169.35870361328125,0.0,170.95932408928653,169.20918264624163,170.8449892625788,0.0,2698600
2017-08-11,169.75442504882812,0.0,171.09120287177433,169.43781694979816,170.53714876315524,0.0,2210700
2017-08-14,170.36129760742188,0.0,171.27593598224936,169.6489191557923,171.1440215020851,0.0,2322000
2017-08-15,171.05606079101562,0.0,171.50458342013857,170.44922737423857,171.02967789633664,0.0,1595200
2017-08-16,170.4140625,0.0,171.73326097300293,169.58736264311858,171.3287008699998,0.0,1881600
2017-08-17,169.47300720214844,0.0,170.82739165133455,169.43783448509518,170.39644870485185,0.0,2440900
2017-08-18,167.8196563720703,0.0,169.9127756758238,167.65255573690226,169.59616747750064,0.0,2858500
2017-08-21,168.88377380371094,0.0,169.13002309188823,167.87239375723846,167.87239375723846,0.0,1930500
2017-08-22,171.31106567382812,0.0,171.46058660656544,168.47039608463717,168.98927746905835,0.0,2021900
2017-08-23,170.82740783691406,0.0,171.13521275392637,170.37008195441584,171.05606406837293,0.0,1547000
2017-08-24,171.2759246826172,0.0,171.5573601145082,170.8010191657761,171.1000342474753,0.0,1923700
2017-08-25,170.93289184570312,0.0,171.97065455302274,170.73940838847798,171.7859743381294,0.0,1375000
2017-08-28,171.57493591308594,0.0,172.20815220104734,170.93292980041775,171.13520312531162,0.0,2009900
2017-08-29,173.0172576904297,0.0,173.2898898697792,170.90654569194734,171.34627847659613,0.0,2072200
2017-08-30,172.2696990966797,0.0,173.14916455922008,171.67165560397166,172.70943182794989,0.0,1506700
2017-08-31,174.92567443847656,0.0,175.44456925819904,172.71822096729318,173.1931264105693,0.0,2990200
2017-09-01,175.67324829101562,0.0,175.88432485968556,174.45079168074244,175.70842100933746,0.0,2241800
2017-09-05,175.2863006591797,0.0,176.28010116121814,174.7586293085713,175.18955889863096,0.0,2700800
2017-09-06,174.4683837890625,0.0,175.88432389125865,173.80878461262787,175.4885536497342,0.0,3040200
2017-09-07,174.94508361816406,0.75,176.10155349022006,173.97400831873432,174.59196777664522,0.0,2684600
2017-09-08,174.57424926757812,0.0,175.55416088951836,173.91214718438883,175.17454869049578,0.0,2206000
2017-09-11,176.18984985351562,0.0,176.931401247907,175.48360465721143,175.89852320489612,0.0,3307900
2017-09-12,174.32713317871094,0.0,176.09273941865695,173.8327655868071,176.0662564026983,0.0,2554700
2017-09-13,175.0863494873047,0.0,177.2315546653183,174.6008050631122,174.6184648977666,0.0,2394400
2017-09-14,174.55665588378906,0.0,175.13048598994416,173.99166242989432,174.75087364642536,0.0,2378600
2017-09-15,174.95388793945312,0.0,176.30458889039625,174.0887447916405,175.25405118994294,0.0,4198700
2017-09-18,174.9627227783203,0.0,175.51889295997768,174.3624097540624,174.94506294717925,0.0,1915200
2017-09-19,171.837646484375,0.0,175.3247300832667,169.84251599734898,175.18347833095285,0.0,3819000
2017-09-20,172.8087158203125,0.0,172.8881648705266,171.3167763483707,172.1642732955087,0.0,2788500
2017-09-21,172.33201599121094,0.0,173.14419330645973,172.05833568812585,172.70279171313925,0.0,1895000
2017-09-22,170.40750122070312,0.0,172.91465908464335,166.1877029874279,172.24373349965464,0.0,5660200
2017-09-25,169.27748107910156,0.0,173.30306074244237,168.54475294740936,170.61934545705023,0.0,3105900
2017-09-26,170.11610412597656,0.0,171.5815600694385,169.53345102019014,169.7718115581032,0.0,2775400
2017-09-27,171.69635009765625,0.0,172.69390826832463,169.2686419921868,170.55752675197198,0.0,3267200
2017-09-28,173.11767578125,0.0,173.51493444195202,170.83120574602222,171.4844848233023,0.0,2088400
2017-09-29,172.89703369140625,0.0,173.10889786472882,171.68758399648206,172.8705506697409,0.0,2646300
2017-10-02,174.3006591796875,0.0,174.71557774517993,173.3207471270043,173.55027110068866,0.0,2893600
2017-10-03,175.35116577148438,0.0,176.06623405260973,174.14171649070602,174.3535940619859,0.0,2533800
2017-10-04,176.984375,0.0,177.20507579156492,175.17462581506618,175.70431310302493,0.0,2286400
2017-10-05,174.7067413330078,0.0,176.4988306840891,173.52378832233975,176.4988306840891,0.0,4069000
2017-10-06,174.84800720214844,0.0,176.5518244565343,174.36246272703804,174.7067554511148,0.0,3361900
2017-10-09,173.29425048828125,0.0,175.07751651445113,172.83518910648868,174.80383623938792,0.0,3365400
2017-10-10,171.86412048339844,0.0,173.4090260831579,170.97249410092007,173.2589511556422,0.0,2499100
2017-10-11,172.37611389160156,0.0,173.0911956574056,170.90183445563238,171.8199571455386,0.0,2935600
2017-10-12,170.31036376953125,0.0,172.46440537920682,170.1426290337852,172.15541892172666,0.0,2954700
2017-10-13,169.95729064941406,0.0,170.12502542731525,164.2014095119827,167.3706700432972,0.0,5435000
2017-10-16,170.55755615234375,0.0,170.66350168424233,168.93320168196578,169.92193684297737,0.0,2927400
2017-10-17,179.9947509765625,0.0,182.4048000354494,173.35606688015648,173.73567927572577,0.0,8949700
2017-10-18,181.17770385742188,0.0,183.44651463358576,179.80935615125958,179.91530169923573,0.0,4796300
2017-10-19,179.4297332763672,0.0,181.63674106574442,178.9441888686029,181.38955727097468,0.0,3471800
2017-10-20,183.1728515625,0.0,183.80847098142675,179.81819651161075,180.32138736046443,0.0,5138800
2017-10-23,182.7490234375,0.0,184.02026176848753,181.680839472228,183.25222755622556,0.0,2261400
2017-10-24,183.75550842285156,0.0,183.82613430597084,181.75155455519493,182.1929562218081,0.0,3459900
2017-10-25,183.23460388183594,0.0,184.62943435519898,182.8020389967052,183.9055428391912,0.0,2908300
2017-10-26,184.6382598876953,0.0,186.88941044913355,183.25226604854703,183.55241586460386,0.0,4346000
2017-10-27,187.6839141845703,0.0,187.83398907091032,184.1085595119874,184.63823320427488,0.0,4385300
2017-10-30,184.8501434326172,0.0,187.8340222673851,184.84132025086282,187.33965467901072,0.0,2477400
2017-10-31,185.5828399658203,0.0,185.8476835488302,183.44645841174807,184.85011189004487,0.0,3749600
2017-11-01,184.97369384765625,0.0,187.71038827450803,184.43518353026298,186.8187487085352,0.0,1902900
2017-11-02,186.35971069335938,0.0,186.70400330976904,184.5146422649293,185.48573091147145,0.0,2825900
2017-11-03,187.92225646972656,0.0,188.76975321437905,185.4769020384503,186.024235547609,0.0,2196900
2017-11-06,187.2602081298828,0.0,188.85807974660426,186.97771811408222,187.07482700368723,0.0,2293700
2017-11-07,187.772216796875,0.0,188.51376816843126,186.17434534012654,187.8075364643813,0.0,1845800
2017-11-08,186.06842041015625,0.0,187.97526494288456,186.0066177249047,187.22489036094493,0.0,2261100
2017-11-09,186.76583862304688,0.0,186.94239656496194,184.62063336128915,185.9095184607259,0.0,1839700
2017-11-10,186.33326721191406,0.0,186.98653292135333,185.56521931198216,186.67755990136388,0.0,1384700
2017-11-13,187.73692321777344,0.0,188.5137808385427,185.33569754519823,185.66233040379984,0.0,2662200
2017-11-14,186.8982391357422,0.0,187.77220553174885,186.20081718465016,187.3396406595453,0.0,1993900
2017-11-15,185.26507568359375,0.0,187.13661411250968,185.05319807125124,186.16553869791503,0.0,1816300
2017-11-16,186.38623046875,0.0,187.16308806871254,185.3003729123875,185.72412811655636,0.0,1919600
2017-11-17,185.3003387451172,0.0,186.67752269896866,184.63823651500766,185.79471972548927,0.0,1887500
2017-11-20,185.60931396484375,0.0,185.98891275467332,185.01783762479315,185.38861323480234,0.0,2040400
2017-11-21,187.6839141845703,0.0,187.9046149239828,186.05072332471636,186.38619275918464,0.0,2327200
2017-11-22,186.46563720703125,0.0,187.86929064225603,186.0595419294769,187.3837463333879,0.0,2257800
2017-11-24,187.60452270507812,0.0,187.97529847120077,186.27149458374365,187.15429787560973,0.0,744000
2017-11-27,187.50735473632812,0.0,189.14054570000272,186.98650419112562,187.37493967246476,0.0,2856300
2017-11-28,190.8090057373047,0.0,190.95908060398932,187.60442711017905,188.81387616370023,0.0,2905700
2017-11-29,196.75909423828125,0.0,197.98618960308434,191.88601896438254,192.18616868630517,0.0,4247200
2017-11-30,202.10926818847656,0.75,202.62302436397357,196.90085563052943,198.26497011760455,0.0,6846400
2017-12-01,200.87803649902344,0.0,203.03935099818932,195.82907185850576,202.74704074058207,0.0,3325800
2017-12-04,196.13026428222656,0.0,205.2981328089723,196.1125448202223,203.0748066290697,0.0,5591500
2017-12-05,194.95211791992188,0.0,198.16751685553504,194.12834562308734,195.75818427548103,0.0,3246300
2017-12-06,194.81932067871094,0.0,196.6086080105312,194.0132540546346,195.77596894970424,0.0,2397500
2017-12-07,195.00531005859375,0.0,195.41277657848332,193.26918127364624,195.39505711692576,0.0,2661600
2017-12-08,198.3358154296875,0.0,198.70784293160497,195.0672716791445,195.35958189836228,0.0,2233300
2017-12-11,197.32606506347656,0.0,199.14192459489146,196.6794331443558,197.0957526203969,0.0,1599500
2017-12-12,197.0780792236328,0.0,197.90185182334469,195.9885552152523,196.11256442970324,0.0,2294100
2017-12-13,198.72560119628906,0.0,199.25706336739123,195.96194654580282,196.41370493462605,0.0,3059400
2017-12-14,195.9796600341797,0.0,201.046344303687,195.7670670626243,199.30134918730138,0.0,2811700
2017-12-15,196.48458862304688,0.0,198.19414504007514,195.43050363323633,198.19414504007514,0.0,6293400
2017-12-18,197.23748779296875,0.0,199.13306468686397,196.81231533044718,197.17548995192902,0.0,3194100
2017-12-19,196.679443359375,0.0,198.22956512250877,195.62537191387494,197.52094884358178,0.0,2340200
2017-12-20,196.9805908203125,0.0,199.20390312383017,196.40482328441445,197.62720916076412,0.0,2633200
2017-12-21,196.3694305419922,0.0,198.36244427221786,196.0859732126852,197.6360950028607,0.0,2955300
2017-12-22,194.8723907470703,0.0,196.95398760008075,193.49942347270078,196.64395793568005,0.0,1959700
2017-12-26,194.51808166503906,0.0,195.2444171801335,194.06632338415338,194.06632338415338,0.0,1482400
2017-12-27,195.24449157714844,0.0,196.14799496721068,194.20812600442562,194.8547444866906,0.0,1861900
2017-12-28,197.32606506347656,0.0,197.34377100833774,195.00530226776095,196.16569042361297,0.0,1452600
2017-12-29,195.2799072265625,0.0,198.3712841132325,195.2799072265625,198.3712841132325,0.0,2350200
2018-01-02,195.8999786376953,0.0,197.04263396873014,194.8724660275307,195.7759694272265,0.0,3485000
2018-01-03,197.9549560546875,0.0,198.24726632501722,195.333043625771,196.30739767754878,0.0,2417600
2018-01-04,198.81419372558594,0.0,200.27574527072215,198.56617531477306,198.7167569559102,0.0,2749100
2018-01-05,202.60533142089844,0.0,202.88878873385045,199.05334313239578,199.46966261330118,0.0,2432800
2018-01-08,199.08871459960938,0.0,202.58757058897763,198.9558524676522,202.07381448543498,0.0,2850800
2018-01-09,200.08084106445312,0.0,200.74517888787486,197.79551732996381,199.08875405727176,0.0,2672200
2018-01-10,198.5926971435547,0.0,199.31017975742805,197.55633186618357,199.1507451836723,0.0,2311600
2018-01-11,199.6468048095703,0.0,200.1162691297537,198.14982806499066,198.57500049315925,0.0,2543600
2018-01-12,202.52561950683594,0.0,203.64170229529535,200.6477620645423,201.4715345597409,0.0,3943800
2018-01-16,206.299072265625,0.0,208.15922392840253,204.83753418486418,206.71539179476102,0.0,6852600
2018-01-17,211.1973876953125,0.0,211.66686546121508,207.14051050093443,207.86684606050946,0.0,5124800
2018-01-18,215.3871612548828,0.0,216.04263252292836,211.30369798011387,211.93259681923794,0.0,6234200
2018-01-19,215.55548095703125,0.0,216.4412647069825,213.5358950884214,216.2906695754219,0.0,4293600
2018-01-22,215.74154663085938,0.0,215.9541396544024,213.79282455435026,215.76811906930337,0.0,4012200
2018-01-23,217.2030487060547,0.0,218.77087628005074,214.7228513952748,215.23660761447826,0.0,3300000
2018-01-24,216.88414001464844,0.0,219.06316030412492,215.8743471574794,217.91163881395306,0.0,2733300
2018-01-25,217.1764373779297,0.0,218.07108754991748,216.0426353425271,216.79555688109298,0.0,2420500
2018-01-26,220.09068298339844,0.0,220.32984837335465,216.53869511591637,217.01701237984173,0.0,2615300
2018-01-29,219.15176391601562,0.0,222.1457038422855,219.1428974281589,220.80817522671455,0.0,2564700
2018-01-30,209.6207275390625,0.0,215.01516106765888,205.59042212577285,206.2813323975361,0.0,11565500
2018-01-31,209.73585510253906,0.0,218.78856523947562,208.83235197982708,215.10370194950042,0.0,5187400
2018-02-01,208.35403442382812,0.0,210.65707735547818,207.12279567211937,208.38945982333664,0.0,4268300
2018-02-02,205.3955078125,0.0,209.3106697467929,204.78431495904061,206.38758113058753,0.0,3959900
2018-02-05,194.89016723632812,0.0,206.48507463509023,184.66821399773355,204.4300496072451,0.0,6290000
2018-02-06,199.46083068847656,0.0,200.6389250071016,186.20065690537584,187.96335838028835,0.0,7064800
2018-02-07,200.02772521972656,0.0,203.10138289395343,196.209985287183,196.9363345671717,0.0,5589200
2018-02-08,191.73675537109375,0.0,200.74517443494946,191.55958780932113,199.59365286336396,0.0,4902400
2018-02-09,195.72280883789062,0.0,197.77782037722102,187.79503243009046,193.1008826493776,0.0,6225300
2018-02-12,199.9125518798828,0.0,201.95871033519438,196.77686959783023,197.03375447378903,0.0,4912000
2018-02-13,200.7540283203125,0.0,201.17920073532974,196.98944738729517,197.66263817073812,0.0,3536800
2018-02-14,202.64959716796875,0.0,203.1456338856433,198.3446877738834,199.2570439187463,0.0,2878400
2018-02-15,200.204833984375,0.0,203.73024929641943,196.41368086135535,203.08363098530268,0.0,4662700
2018-02-16,203.17221069335938,0.0,204.21744252754007,199.9213860122835,200.17827086403423,0.0,3621700
2018-02-20,200.771728515625,0.0,202.62301312945198,199.8416529652762,201.87895809556736,0.0,3172300
2018-02-21,199.41651916503906,0.0,203.1545280312623,199.39879970385633,200.32000894552792,0.0,3371900
2018-02-22,201.1526336669922,0.0,203.58853904153435,199.3722131499006,200.45287043370377,0.0,2767900
2018-02-23,203.8720245361328,0.0,204.0137532031836,200.10744298203022,201.87014428301197,0.0,2393900
2018-02-26,207.3265380859375,0.0,207.72513806201815,203.46452047495947,205.1829430770717,0.0,3307000
2018-02-27,205.96246337890625,0.0,208.94755061078803,205.89159904940306,207.62772781627024,0.0,2899500
2018-02-28,200.32891845703125,0.0,207.93779999247047,200.2669070875684,207.64548964212756,0.0,4368600
2018-03-01,198.81419372558594,0.0,203.10138455933946,197.29951082497803,199.92142360099686,0.0,3514600
2018-03-02,199.4696502685547,0.0,200.0276983713997,197.16660704931004,197.7158021801689,0.0,2613600
2018-03-05,202.2952880859375,0.0,203.2253501689746,197.34374687314914,197.85750304704794,0.0,2627300
2018-03-06,200.34658813476562,0.0,202.9773672955772,198.31814903057887,202.7736407910668,0.0,2652800
2018-03-07,201.3120880126953,0.0,201.79927180589831,198.19412525218428,198.7256009385854,0.0,3242200
2018-03-08,199.72128295898438,0.75,202.61850782984152,199.00142466382326,202.56517344142185,0.0,3500900
2018-03-09,200.34335327148438,0.0,201.3120645587073,197.73942044622297,200.9476875406114,0.0,4834600
2018-03-12,197.97940063476562,0.0,201.7386680530198,197.97940063476562,201.03658790625653,0.0,3117300
2018-03-13,201.68536376953125,0.0,202.68072210301142,198.32601583329551,198.65483666259016,0.0,3343800
2018-03-14,200.2989501953125,0.0,203.86269885361,199.97901167920242,201.85420423403724,0.0,3048200
2018-03-15,203.9427032470703,0.0,205.0802595311165,200.54781252582825,200.69889273659714,0.0,3330200
2018-03-16,202.50294494628906,0.0,205.53347150647994,202.40518558754943,204.102637379875,0.0,5690300
2018-03-19,200.0056610107422,0.0,202.60071169285993,198.78811012372555,202.01415551903338,0.0,3407300
2018-03-20,201.5431365966797,0.0,202.27189067131098,198.96586404550774,200.10342013602732,0.0,3429100
2018-03-21,198.02381896972656,0.0,202.1296849003194,198.02381896972656,201.2498506748762,0.0,3419800
2018-03-22,191.26071166992188,0.0,196.99293121410787,191.1629522983145,196.98403536894565,0.0,5894800
2018-03-23,188.89674377441406,0.0,193.50028992911405,188.85230522574213,191.74063459978288,0.0,5741200
2018-03-26,194.69113159179688,0.0,194.99329194943556,190.80743123701666,191.2429072070755,0.0,3561300
2018-03-27,193.70468139648438,0.0,197.2506520485192,192.32716791669046,195.80205317223306,0.0,3722100
2018-03-28,194.1845245361328,0.0,195.43761785751,192.88699268463688,194.5311233738823,0.0,3179500
2018-03-29,190.1853485107422,0.0,198.4948539751099,190.1853485107422,194.96664806040195,0.0,5529400
2018-04-02,193.02923583984375,0.0,198.174912362108,190.7452413118762,194.14902739429434,0.0,6220700
2018-04-03,199.5879364013672,0.0,200.05007273948357,195.24211362451067,195.8197738766038,0.0,4652000
2018-04-04,203.32945251464844,0.0,203.94266910087143,195.890899366917,196.13085663125173,0.0,4674000
2018-04-05,203.57830810546875,0.0,205.8089817804054,201.56091772521827,203.92490702007228,0.0,3348100
2018-04-06,199.03697204589844,0.0,202.79623939782394,197.13511909926999,201.42760826495535,0.0,3231700
2018-04-09,197.94384765625,0.0,200.9654922805537,197.6150268484783,200.47669543066374,0.0,3031500
2018-04-10,201.55201721191406,0.0,202.76956808741036,198.61926349200726,200.3167017694311,0.0,2737500
2018-04-11,197.2062225341797,0.0,200.30784857681712,197.01959962854892,199.31249025147932,0.0,3482100
2018-04-12,199.2858123779297,0.0,200.62776954261673,198.5481759833304,199.10805821191428,0.0,2664500
2018-04-13,199.32135009765625,0.0,200.9654811670723,198.2548929318879,200.05010419005342,0.0,2496600
2018-04-16,204.689208984375,0.0,206.0489442653855,201.16100308088693,201.83642279906076,0.0,4510600
2018-04-17,212.0033416748047,0.0,214.77613304932132,209.8082106497328,212.6787613899273,0.0,6180300
2018-04-18,210.09259033203125,0.0,213.06091396233018,210.0037268120631,212.40325882302062,0.0,2940100
2018-04-19,209.52377319335938,0.0,211.75446003209137,208.67061304495465,209.91481057835156,0.0,2734900
2018-04-20,208.9016876220703,0.0,210.7146767832371,207.51529212278803,209.78152179387806,0.0,2842000
2018-04-23,208.26187133789062,0.0,209.92378081304744,207.14209316101147,209.10614950336833,0.0,3051700
2018-04-24,208.15521240234375,0.0,210.91023940927224,206.67993952609845,209.69268839177352,0.0,2771200
2018-04-25,208.75953674316406,0.0,208.93729092267768,204.795868057626,207.4709003061302,0.0,3118800
2018-04-26,210.65249633789062,0.0,211.37235462006632,208.25296421039192,209.49716203628333,0.0,2252800
2018-04-27,213.4519500732422,0.0,213.7718885970593,210.75913981475608,211.18573355367184,0.0,2301800
2018-04-30,210.09259033203125,0.0,214.18069195124673,210.09259033203125,214.18069195124673,0.0,3446900
2018-05-01,210.49249267578125,0.0,211.06127065072968,208.27958387474274,210.62579471649704,0.0,2633500
2018-05-02,207.47975158691406,0.0,209.92372186214547,206.94651628438695,209.18608556996898,0.0,3542700
2018-05-03,208.09300231933594,0.0,208.6706762897897,203.7916169022109,206.1556064928896,0.0,2731600
2018-05-04,209.64820861816406,0.0,210.3147459667518,206.324417718745,207.15981336535955,0.0,1999900
2018-05-07,207.76412963867188,0.0,210.6169153967492,206.74211115017653,209.63043959936584,0.0,3237800
2018-05-08,206.20889282226562,0.0,207.71082590911956,204.98245968658836,207.71082590911956,0.0,2698300
2018-05-09,203.70272827148438,0.0,207.444217387488,202.8317762807178,207.11539660039074,0.0,3504200
2018-05-10,207.70193481445312,0.0,208.217378440166,203.8360126964454,204.53809274995848,0.0,2169000
2018-05-11,211.7633514404297,0.0,212.22548778449467,207.02649120578948,207.58638690031557,0.0,3044900
2018-05-14,215.8692626953125,0.0,216.5535782932751,212.24331080032357,212.3143961968422,0.0,3893600
2018-05-15,212.8476104736328,0.0,215.2649205375661,212.109974121112,214.9449820420238,0.0,2396600
2018-05-16,214.8206024169922,0.0,214.90058366564085,212.02115022836352,212.98095233362884,0.0,1906100
2018-05-17,215.92257690429688,0.0,216.45579869279032,213.7718709402705,214.6161625033437,0.0,2418700
2018-05-18,217.4156494140625,0.0,217.52229107689328,215.41603687154245,216.2869754263883,0.0,2283600
2018-05-21,220.31283569335938,0.0,221.44150955175965,217.59336511672817,217.7355630247094,0.0,3040700
2018-05-22,217.89549255371094,0.0,220.44611798477797,216.70461576609742,220.40167945016083,0.0,2644100
2018-05-23,217.0779266357422,0.0,218.17994017674982,214.7494933244129,216.87352560081192,0.0,3047800
2018-05-24,215.71817016601562,0.0,218.12659804778946,215.24715146675078,217.35341896800355,0.0,2610400
2018-05-25,217.69110107421875,0.0,218.2509968012253,215.46042757068403,215.91366809780425,0.0,1554900
2018-05-29,215.22047424316406,0.0,216.72240730531743,213.50525789882693,216.72240730531743,0.0,2837800
2018-05-30,217.6822052001953,0.0,218.4020633409808,215.62927241032958,216.61574819307842,0.0,2071900
2018-05-31,214.63392639160156,0.0,217.51337285901673,213.89629003715064,217.0334718948166,0.0,2966100
2018-06-01,216.2691650390625,0.0,216.6157639305749,214.43839766363195,216.6157639305749,0.0,2371400
2018-06-04,217.40670776367188,0.0,217.94882533626438,215.72703422903882,216.8468120652153,0.0,2188900
2018-06-05,217.22897338867188,0.0,217.833307676399,214.98941751257783,217.81552954891754,0.0,1531900
2018-06-06,220.97935485839844,0.0,221.0415715232726,217.85108250592177,218.90865732288054,0.0,2650300
2018-06-07,221.27264404296875,0.0,222.1791387259775,220.62388475489567,221.96584187093472,0.0,2117200
2018-06-08,222.78346252441406,0.0,223.5122166185675,220.46392530266564,221.69924078846594,0.0,3034600
2018-06-11,225.53846740722656,0.0,226.61382031569352,222.5346013627577,222.92563878401845,0.0,2775200
2018-06-12,225.36074829101562,0.0,225.6806867970028,222.33022154829536,225.0230316567129,0.0,2567200
2018-06-13,224.72976684570312,0.0,228.16022709422205,224.38316790712585,225.85844074752737,0.0,3138300
2018-06-14,226.91600036621094,0.0,227.50255654902884,225.4318453417391,226.15170358395267,0.0,2456600
2018-06-15,228.29840087890625,0.9,228.29840087890625,225.24824021787532,226.77332735274504,0.0,4772200
2018-06-18,227.3083953857422,0.0,227.43325526421214,224.87362095122504,226.53248139872932,0.0,1961900
2018-06-19,225.65846252441406,0.0,225.90818228165827,223.99960207488837,225.61386679446915,0.0,2370200
2018-06-20,225.47120666503906,0.0,226.2917165312822,224.6417830946779,225.92606414052227,0.0,2580400
2018-06-21,224.6506805419922,0.0,226.22034970181954,223.7855750003449,225.59605024101933,0.0,2150300
2018-06-22,226.8625030517578,0.0,227.5224845813164,224.02639379373926,224.9628498424333,0.0,2604000
2018-06-25,223.59829711914062,0.0,227.54031792955777,221.72538508487227,226.85358170249833,0.0,3060800
2018-06-26,222.75991821289062,0.0,225.1679379473556,222.55478057576016,223.46448175854246,0.0,2158000
2018-06-27,221.3329620361328,0.0,224.53473714604468,221.29729361308955,223.2237014577039,0.0,2481000
2018-06-28,218.41653442382812,0.0,221.18130619474454,216.03526957485676,220.40539225763735,0.0,3556900
2018-06-29,218.8090057373047,0.0,220.73542727781933,218.14903781582518,218.41658502252858,0.0,2772600
2018-07-02,220.7175750732422,0.0,220.94054013999877,217.72092403168534,218.50576542145498,0.0,1793300
2018-07-03,220.2716522216797,0.0,221.85024875694123,220.05761446009043,221.44891434525323,0.0,1248000
2018-07-05,223.4109649658203,0.0,223.79445829366273,220.8067349912794,222.17127991614663,0.0,2182900
2018-07-06,223.6428680419922,0.0,224.50797356023452,222.4477785909775,223.86583310115347,0.0,1572300
2018-07-09,226.2381591796875,0.0,226.5413883599904,223.90148997697992,224.8647005573883,0.0,2039600
2018-07-10,227.90597534179688,0.0,229.11890589556953,226.3095513907538,226.6930447880242,0.0,2012200
2018-07-11,227.0587158203125,0.0,228.3162421388077,226.30064271281108,227.54924171852429,0.0,1486000
2018-07-12,228.3607940673828,0.0,229.0475438427658,227.3530012920184,228.47674024854686,0.0,1592700
2018-07-13,230.72422790527344,0.0,231.00070236984294,228.334022057269,228.6640331699787,0.0,2356200
2018-07-16,229.19027709960938,0.0,230.5013128716782,228.70866490116728,230.3586119529762,0.0,3625400
2018-07-17,223.22366333007812,0.0,225.21252119490458,219.63839544782348,224.34741579026115,0.0,6932300
2018-07-18,227.79893493652344,0.0,228.86023716317607,223.3574748674044,223.95501957960116,0.0,3359800
2018-07-19,225.57821655273438,0.0,228.7621643192998,224.61501941547408,227.70977570958192,0.0,2307600
2018-07-20,225.37306213378906,0.0,226.1311487214235,224.00851716301204,224.00851716301204,0.0,1959600
2018-07-23,225.40878295898438,0.0,227.62950645392553,225.13229482750873,225.56039758086604,0.0,1479600
2018-07-24,226.31842041015625,0.0,227.38866344707,224.7576651914801,227.29947199109202,0.0,2476500
2018-07-25,227.29946899414062,0.0,227.66513490664133,225.43548462364484,227.25487326673962,0.0,3016900
2018-07-26,229.20806884765625,0.0,229.98398285822992,228.1378393413151,228.5391737051047,0.0,2021300
2018-07-27,228.2716064453125,0.0,229.91263949106408,227.77216693044704,229.91263949106408,0.0,1656800
2018-07-30,226.38983154296875,0.0,229.1100219837555,225.7387772876548,228.2359890287213,0.0,1681500
2018-07-31,225.83685302734375,0.0,227.6027325074772,225.50686909045766,226.6573628222412,0.0,2355900
2018-08-01,225.97064208984375,0.0,228.40543053118057,225.47120249430031,228.40543053118057,0.0,3006700
2018-08-02,228.38755798339844,0.0,228.58376832463716,224.9539042291352,226.08657054288471,0.0,1854400
2018-08-03,229.40426635742188,0.0,229.70749553900907,226.800036381009,228.71754384771663,0.0,1422300
2018-08-06,228.99400329589844,0.0,229.6896530709555,227.84349616958534,228.7621109650762,0.0,1398100
2018-08-07,229.78775024414062,0.0,230.84906594479475,229.3239927885463,229.7788501509439,0.0,1462800
2018-08-08,230.82237243652344,0.0,231.4377582485662,230.02863088691691,230.1980593115063,0.0,1494300
2018-08-09,233.3017120361328,0.0,234.57706562048,231.26827182015768,231.80339339644883,0.0,2315000
2018-08-10,232.20472717285156,0.0,233.22146094649975,231.08990183371915,232.3206733629078,0.0,1625000
2018-08-13,232.69525146484375,0.0,234.15788806126525,232.15120258180033,232.77551561793268,0.0,1635100
2018-08-14,234.98731994628906,0.0,235.71862457729043,232.64172341870338,232.67740544524858,0.0,1941600
2018-08-15,232.4276580810547,0.0,234.28274241448412,231.16123192367814,233.64952933579582,0.0,2017700
2018-08-16,234.64845275878906,0.0,235.22815651619874,233.17688869231324,233.28390757461452,0.0,2115900
2018-08-17,233.96165466308594,0.0,235.56701921885846,233.4176330510828,235.04972510450327,0.0,1969700
2018-08-20,234.0240936279297,0.0,234.9962179075257,233.28386169265593,234.55921515160574,0.0,1786200
2018-08-21,233.39089965820312,0.0,234.13113165406884,232.53472148068548,233.5336005573583,0.0,1559300
2018-08-22,232.54360961914062,0.0,233.62278001025336,232.10660684991728,233.62278001025336,0.0,2148500
2018-08-23,233.15013122558594,0.0,234.16683781288944,231.49125691720522,232.7933653322283,0.0,1603500
2018-08-24,235.7008819580078,0.0,236.14681218929036,233.44447607641496,233.44447607641496,0.0,2238600
2018-08-27,238.19801330566406,0.0,238.52802444653813,235.8256890944588,236.34295604145353,0.0,2614000
2018-08-28,239.4733428955078,0.0,240.03521906339924,238.42092738572975,239.5000976074356,0.0,2603900
2018-08-29,239.91046142578125,0.0,240.19586330240932,238.34970563583659,239.3664396147912,0.0,2880600
2018-08-30,239.3663330078125,0.0,240.95384281557037,239.1165860639274,240.32060258056265,0.0,2976300
2018-08-31,239.42880249023438,0.0,240.09769769839698,238.3050770483639,239.26827417245514,0.0,2961500
2018-09-04,239.4733428955078,0.0,240.27601147074935,237.74313227775647,239.01848557532753,0.0,2097300
2018-09-05,238.6974639892578,0.0,239.7319978135776,238.06422368521615,239.51796008680964,0.0,2230600
2018-09-06,241.30160522460938,0.9,241.63270263875168,238.87651602358252,239.46713329310208,0.0,2556100
2018-09-07,240.0755615234375,0.0,242.65278976474315,239.38652191681282,241.29259810816376,0.0,2958000
2018-09-10,232.42433166503906,0.0,238.75103464376136,231.54735022705768,238.73314709535796,0.0,4146200
2018-09-11,233.5966796875,0.0,233.9367343763764,230.41094730104095,230.8046919608723,0.0,2283300
2018-09-12,235.05535888671875,0.0,236.68400045058766,233.4266900136028,233.66829492189044,0.0,2236300
2018-09-13,237.57884216308594,0.0,237.75782694711873,235.7264834636413,236.38867800792374,0.0,2734500
2018-09-14,237.4178009033203,0.0,238.61692263521144,235.60121709399496,237.49833587308385,0.0,2084600
2018-09-17,236.12916564941406,0.0,238.62585872576992,235.71753340435635,238.48267635591404,0.0,1940400
2018-09-18,235.61012268066406,0.0,236.32600712719537,234.45573374958434,235.28795556325622,0.0,3557000
2018-09-19,237.43568420410156,0.0,237.68624654195688,235.4938329130345,236.66610963399117,0.0,2274300
2018-09-20,238.3843231201172,0.0,239.77136006051802,238.0890008623205,238.1068884227844,0.0,2095000
2018-09-21,238.6348876953125,0.0,239.6818698317057,237.90108807079153,238.12480547027332,0.0,5671600
2018-09-24,239.25222778320312,0.0,241.19410605725457,238.6347931298212,238.9390453954379,0.0,2699800
2018-09-25,235.80702209472656,0.0,239.22540212532212,235.37747499190698,239.19855713822366,0.0,3789700
2018-09-26,235.2700958251953,0.0,237.57884665106636,234.85846358523656,236.6929347646295,0.0,2238000
2018-09-27,236.8272247314453,0.0,237.50733433927763,235.2880479884708,235.35069541219258,0.0,2761400
2018-09-28,238.07110595703125,0.0,238.20533092950117,236.11133943121507,236.58561920677664,0.0,2875100
2018-10-01,240.809326171875,0.0,241.63259060762215,238.94798279591618,239.1538125594744,0.0,3314500
2018-10-02,242.1785888671875,0.0,242.90343113222403,239.3776423646178,240.71994690124183,0.0,2777300
2018-10-03,242.4200897216797,0.0,243.46709882657956,241.4088830356359,243.40445142089237,0.0,3002200
2018-10-04,240.1113739013672,0.0,243.06443211990708,239.20754703099527,242.5096174384206,0.0,2186600
2018-10-05,240.8988800048828,0.0,242.50963417905112,239.7802931313632,240.4066853949843,0.0,2045700
2018-10-08,240.7288360595703,0.0,241.3015382986156,237.72206054952656,240.5766962391649,0.0,1865000
2018-10-09,241.71319580078125,0.0,243.36870989423358,240.24562397141463,240.8899311258136,0.0,2510100
2018-10-10,235.4222412109375,0.0,242.88547640284946,234.9211165072513,242.1516769048632,0.0,4267300
2018-10-11,230.08877563476562,0.0,236.60342263834687,228.88965412498263,234.45574191471695,0.0,4558500
2018-10-12,232.31704711914062,0.0,233.90994097287881,229.85615610713862,232.3976094025813,0.0,4006300
2018-10-15,232.88978576660156,0.0,234.84955214280689,232.04860625767097,232.78240579682313,0.0,3583400
2018-10-16,243.9145965576172,0.0,244.12935650780392,237.14042759988328,241.33736791837225,0.0,6453600
2018-10-17,239.1986083984375,0.0,242.50963649943614,237.70419161429632,241.78479438319997,0.0,3985100
2018-10-18,238.76002502441406,0.0,239.71754152621108,235.9859253219144,239.2432619903401,0.0,3132100
2018-10-19,237.40882873535156,0.0,239.80709935953095,236.1470869781198,238.59006283706367,0.0,3336600
2018-10-22,234.6258087158203,0.0,238.77798850526423,232.71973253616045,238.70641096977667,0.0,2618100
2018-10-23,237.01507568359375,0.0,237.6056927136395,231.95013934963774,232.41546156607782,0.0,4081800
2018-10-24,229.3729248046875,0.0,237.4356793049242,229.0239126399226,236.25447248469132,0.0,5265600
2018-10-25,236.4602813720703,0.0,237.30146079229434,226.73305536951344,231.01948743947457,0.0,4675600
2018-10-26,231.03738403320312,0.0,234.81373413897037,229.99933221212635,234.00835710981104,0.0,4830600
2018-10-29,229.5518798828125,0.0,234.49157625992697,226.6883142978109,232.4154727770599,0.0,3697700
2018-10-30,231.1268768310547,0.0,232.3886460128881,227.2789355254407,229.7040377049654,0.0,4169200
2018-10-31,233.87416076660156,0.0,236.30820701844712,232.86295381248632,233.4446135541872,0.0,4230200
2018-11-01,233.49826049804688,0.0,236.85402066915023,232.4512786178405,235.27906913246647,0.0,2771300
2018-11-02,233.5698699951172,0.0,238.37531428640003,232.272298446073,236.79137797616383,0.0,2593600
2018-11-05,233.5698699951172,0.0,235.35065135577034,232.72869057739487,234.5900069066495,0.0,3287000
2018-11-06,235.8339080810547,0.0,236.25449782487868,233.29248206001674,233.29248206001674,0.0,2582400
2018-11-07,245.7580108642578,0.0,247.65512980165963,238.84065991868474,238.84065991868474,0.0,5796800
2018-11-08,247.5655975341797,0.0,248.7736766054436,245.82061870612736,246.9839379248289,0.0,3809100
2018-11-09,247.47613525390625,0.0,248.77370687895262,245.36425646222196,247.75354259841987,0.0,2904300
2018-11-12,243.74456787109375,0.0,248.5858153237811,243.40451307892982,246.9839912124435,0.0,3140600
2018-11-13,240.916748046875,0.0,244.83628050364655,239.9503010825158,243.92349621087928,0.0,2516900
2018-11-14,237.10462951660156,0.0,242.0801020549417,235.66390264227985,240.97942998081436,0.0,3511900
2018-11-15,237.08665466308594,0.0,237.96363633493817,233.4266428098392,236.24547540682232,0.0,3657600
2018-11-16,242.60806274414062,0.0,243.225524898407,237.0688455333353,237.13146564477856,0.0,3857800
2018-11-19,238.0800323486328,0.0,243.64612203019254,236.40663066316372,242.93919474985356,0.0,3670800
2018-11-20,234.00836181640625,0.0,238.73327143298707,233.0239999568585,237.69521959103201,0.0,3617700
2018-11-21,233.15826416015625,0.0,236.8093474339257,233.06879904725014,234.98380579704096,0.0,3234300
2018-11-23,234.11569213867188,0.0,235.29692611965703,231.12683207835565,232.66600830257312,0.0,1159300
2018-11-26,238.1784210205078,0.0,240.0934271607395,235.79806535687368,236.8003146238261,0.0,3879800
2018-11-27,242.6438751220703,0.0,242.7781000938825,237.1672777981204,237.65051500589587,0.0,3497300
2018-11-28,251.41357421875,0.0,252.7111184908909,244.13828147201906,244.13828147201906,0.0,5044300
2018-11-29,252.84527587890625,0.0,255.44041834823267,250.8407776547138,250.94815758683268,0.0,4177800
2018-11-30,252.58497619628906,0.9,254.63182427583533,250.5291968543762,254.04827860587153,0.0,6143200
2018-12-03,257.04669189453125,0.0,257.2262486247619,253.79691781153434,254.05726685141562,0.0,4178800
2018-12-04,250.06240844726562,0.0,258.4920971252224,248.59014709544394,256.8851545027117,0.0,4635500
2018-12-06,248.5362091064453,0.0,248.61700140610102,238.12255016109776,245.09789266311194,0.0,6694600
2018-12-07,241.65061950683594,0.0,248.15019431758017,239.94494035297078,245.76223254356597,0.0,3506900
2018-12-10,239.271728515625,0.0,241.48912041980134,233.61604631941864,241.12104821262034,0.0,4061300
2018-12-11,239.89108276367188,0.0,243.76029156659337,238.49961413023433,242.00970950832615,0.0,3102800
2018-12-12,242.96136474609375,0.0,246.4804467224604,242.82668349272032,244.13738742353647,0.0,3167900
2018-12-13,244.31692504882812,0.0,245.36727996097497,242.04567193107053,243.15884704754072,0.0,2350400
2018-12-14,237.9160919189453,0.0,242.8985035152864,236.7400693075041,242.70996072974992,0.0,3360500
2018-12-17,231.67691040039062,0.0,235.87827519695645,230.47395692769078,234.3431664052329,0.0,5806800
2018-12-18,227.09848022460938,0.0,233.40052722032195,222.81630954937708,233.14020556561775,0.0,5065500
2018-12-19,224.7104949951172,0.0,230.32130002654918,222.26867154957765,226.55981414175648,0.0,5468500
2018-12-20,217.6453857421875,0.0,223.54345719493443,215.4998143272171,223.08562041037354,0.0,7311700
2018-12-21,213.96473693847656,0.0,222.18793826445196,213.16575863769836,216.11030880449388,0.0,12209700
2018-12-24,209.11697387695312,0.0,213.56970158653743,208.77583250870657,212.07948201096025,0.0,3091000
2018-12-26,218.4623260498047,0.0,218.48027076446536,208.1025272163259,208.9015053629005,0.0,4159300
2018-12-27,220.8143768310547,0.0,220.8143768310547,211.18174964799238,214.6469837217097,0.0,4295800
2018-12-28,221.05679321289062,0.0,224.24372019450314,219.77303362373695,221.4787269374562,0.0,3312700
2018-12-31,223.64222717285156,0.0,224.68359602162974,221.68518467611068,222.6906366965826,0.0,3123200
2019-01-02,218.58804321289062,0.0,221.15554874864443,216.77462676360105,219.94360909676732,0.0,4063600
2019-01-03,212.6271209716797,0.0,218.57905497843709,211.98075499021843,218.57905497843709,0.0,4623200
2019-01-04,215.11380004882812,0.0,218.5610895222686,214.3776694553933,215.27539837798852,0.0,5367600
2019-01-07,215.52676391601562,0.0,217.2324434097105,213.86595991037342,215.81403005153237,0.0,4133000
2019-01-08,218.4084930419922,0.0,219.75508660771146,215.19463511960936,217.5466808309564,0.0,3618600
2019-01-09,218.72265625,0.0,221.40687044022022,217.3042430246106,219.7281081775651,0.0,3425400
2019-01-10,219.82687377929688,0.0,220.06926442047666,216.7207394221295,217.32221614795952,0.0,3374100
2019-01-11,222.3405303955078,0.0,222.4213227145137,218.39052844164178,218.55211307965357,0.0,3967100
2019-01-14,222.69064331054688,0.0,224.36041972171273,220.94007458067708,221.370980645355,0.0,4955500
2019-01-15,230.59959411621094,0.0,230.64449699443628,221.7390151804965,224.43220159969283,0.0,5325600
2019-01-16,234.72018432617188,0.0,235.37553626861433,231.76667604863545,232.26940202764212,0.0,6069400
2019-01-17,233.2030487060547,0.0,234.9715759033917,231.5153412263473,234.29827916425094,0.0,3583600
2019-01-18,238.34698486328125,0.0,239.02926748513948,233.78653483448474,235.74357694859586,0.0,4844800
2019-01-22,238.51760864257812,0.0,240.14249586211096,236.76702621880966,237.05430606005095,0.0,4052700
2019-01-23,239.7115936279297,0.0,241.91104069076837,236.70422332098752,240.36694567683435,0.0,2971100
2019-01-24,238.91258239746094,0.0,240.73497086071998,237.23383383728023,239.51404538280931,0.0,2927300
2019-01-25,240.63621520996094,0.0,242.75486961193045,238.52657426018192,241.30951186963796,0.0,2809100
2019-01-28,239.48709106445312,0.0,239.63073095340732,237.54799365833287,239.60380018651014,0.0,2837300
2019-01-29,239.9988555908203,0.0,240.99534897725957,238.29317605527692,238.79590207845783,0.0,2173000
2019-01-30,242.71888732910156,0.0,244.57719218382368,239.86411683711052,242.10843843078345,0.0,3659000
2019-01-31,242.56642150878906,0.0,243.94890464135355,241.48014953767847,242.81778456893886,0.0,4055100
2019-02-01,241.23768615722656,0.0,241.83917651249104,238.8227934742321,241.01325395543532,0.0,3946800
2019-02-04,240.77984619140625,0.0,241.2107659003673,237.2427923453177,240.8696245553369,0.0,3398900
2019-02-05,239.0741424560547,0.0,244.26301356200483,238.65220884551428,242.4944868195067,0.0,3597000
2019-02-06,241.9379119873047,0.0,242.32392879676055,237.8801876675521,238.02382756336308,0.0,2570000
2019-02-07,241.4891357421875,0.0,242.90753571178115,239.92709582434713,241.16596640602143,0.0,2458200
2019-02-08,235.11517333984375,0.0,241.21974577610834,233.69677385351278,240.14246022955885,0.0,4547000
2019-02-11,230.84202575683594,0.0,234.46883083857395,230.12382618878468,234.45987217907546,0.0,4856200
2019-02-12,236.55152893066406,0.0,237.00039331193665,230.6444857275799,232.70925092283085,0.0,4327900
2019-02-13,236.82089233398438,0.0,239.05625610841514,236.23737398030698,236.56952931717655,0.0,3066400
2019-02-14,238.1944122314453,0.0,239.75647924707494,235.84236674631217,236.31816199791152,0.0,3015300
2019-02-15,243.40122985839844,0.0,243.40122985839844,239.35246393851816,240.40281875772922,0.0,3673700
2019-02-19,242.75485229492188,0.0,244.62211617675925,241.74041434993202,243.43713496160728,0.0,2486700
2019-02-20,241.94696044921875,0.0,242.91649575038576,240.75296549328723,241.67762530141087,0.0,2802800
2019-02-21,239.15496826171875,0.0,242.3329361693906,237.98793167579123,241.9110024997378,0.0,2554300
2019-02-22,239.79238891601562,0.0,240.94150837920662,238.7510473464016,239.24478735607232,0.0,3191100
2019-02-25,237.53904724121094,0.0,240.74394564966866,237.34154580828474,240.21426154588244,0.0,3679100
2019-02-26,236.08477783203125,0.0,238.28419740265846,235.92316579372667,237.59295594843522,0.0,3212900
2019-02-27,224.50405883789062,0.0,234.85485890081094,223.48064837653877,234.85485890081094,0.0,8952900
2019-02-28,217.44789123535156,0.0,226.1827894354161,214.69185698812115,224.16289944774434,0.0,11034300
2019-03-01,220.9759979248047,0.0,222.636802129672,218.6508829965969,218.6508829965969,0.0,6921300
2019-03-04,211.8819580078125,0.0,223.04072056391757,210.5263787350395,222.7444684122173,0.0,8646300
2019-03-05,216.7386932373047,0.0,218.32767731002016,210.91244113444236,212.33982687350132,0.0,6924500
2019-03-06,214.6200714111328,0.0,217.01700611699704,212.78869664149602,217.01700611699704,0.0,4878700
2019-03-07,212.49241638183594,0.0,216.51423780050388,211.46003368205177,215.7242457261036,0.0,5033500
2019-03-08,213.83514404296875,0.9,215.74560270935208,211.4470878981636,211.90667217021877,0.0,4921700
2019-03-11,219.11593627929688,0.0,219.899950850097,213.05116411391822,215.5653954521598,0.0,4539600
2019-03-12,221.57606506347656,0.0,223.01790526386645,219.6475933106696,220.73798350121976,0.0,4235800
2019-03-13,227.31643676757812,0.0,227.7760210453382,222.65746526367505,223.450486370906,0.0,4881600
2019-03-14,228.2356719970703,0.0,229.84873439545552,227.39759017795006,227.992356146288,0.0,3865200
2019-03-15,226.55044555664062,0.0,229.5603148237962,225.2347664687842,229.1998444397307,0.0,6466200
2019-03-18,229.79458618164062,0.0,230.07394210593228,225.66729353270586,227.68588622033818,0.0,3927400
2019-03-19,231.71408081054688,0.0,233.62452576280296,229.92077670406346,230.65071034146172,0.0,4164800
2019-03-20,225.73941040039062,0.0,232.2187194299332,225.26179917503572,231.98441024354386,0.0,4193500
2019-03-21,227.10916137695312,0.0,227.95624955464103,224.08127903465297,224.55889024113,0.0,2699700
2019-03-22,222.66650390625,0.0,226.37025347330277,222.57639660871519,225.80253487215518,0.0,3777900
2019-03-25,222.45919799804688,0.0,222.9638427661649,216.98017212176498,222.9638427661649,0.0,4110900
2019-03-26,219.33221435546875,0.0,223.38741369428593,217.8272864731281,222.8196813866786,0.0,4416200
2019-03-27,217.81826782226562,0.0,221.39584194614744,214.61916354846943,218.92668506342065,0.0,4819200
2019-03-28,218.28688049316406,0.0,218.84560622173794,215.27702459457086,218.6112970047247,0.0,3601500
2019-03-29,222.81967163085938,0.0,223.27024931544452,217.96244474105293,220.14323908438033,0.0,4294200
2019-04-01,221.26966857910156,0.0,225.46905562026174,219.03480726235188,225.02749831908184,0.0,4809500
2019-04-02,220.2513885498047,0.0,222.04467894608314,218.80052784573056,221.2426512121875,0.0,4057100
2019-04-03,221.54000854492188,0.0,223.07196975566922,220.41356445605794,221.9635526223778,0.0,2851400
2019-04-04,222.9368438720703,0.0,224.4868323297513,220.45866641073093,221.21563368061027,0.0,2255500
2019-04-05,224.18943786621094,0.0,224.66704912508771,220.93626634316828,224.3426326331582,0.0,3343000
2019-04-08,224.16236877441406,0.0,225.0004365579155,221.9635477610232,225.0004365579155,0.0,2195400
2019-04-09,224.1984405517578,0.0,225.2347774872873,221.6391625771188,223.0990436405581,0.0,2903800
2019-04-10,221.71127319335938,0.0,225.17170680452764,221.2516888662723,224.18945066889836,0.0,2753700
2019-04-11,212.1500244140625,0.0,222.51331257877862,209.68085341418734,221.72931170040383,0.0,8223400
2019-04-12,201.15591430664062,0.0,213.37557962327065,198.94808627386115,213.1232572052696,0.0,13979400
2019-04-15,207.4459228515625,0.0,208.13981620090178,202.22824032997573,203.4538119434997,0.0,10021800
2019-04-16,199.11929321289062,0.0,214.483981009179,194.48735524003007,214.483981009179,0.0,27361400
2019-04-17,195.40655517578125,0.0,202.07511412118902,187.50343134699887,201.6695831460547,0.0,22101400
2019-04-18,199.83120727539062,0.0,200.9576515103139,193.03650170057097,195.67688038697196,0.0,13927200
2019-04-22,204.66139221191406,0.0,205.06690936955067,199.6059101453445,201.85879852170277,0.0,11191800
2019-04-23,207.78842163085938,0.0,209.01399357117452,203.75124913651445,205.68872781948278,0.0,10261400
2019-04-24,207.58116149902344,0.0,208.734639364374,205.23815185035085,207.34685228383168,0.0,6104100
2019-04-25,207.9776611328125,0.0,209.17619953643458,205.5805980761093,205.94105475741387,0.0,5954500
2019-04-26,213.57382202148438,0.0,213.67294966189567,208.33811153825923,209.1942063869716,0.0,6186200
2019-04-29,213.97933959960938,0.0,214.5290449246713,211.0145444861047,213.9342790810555,0.0,5345300
2019-04-30,210.03228759765625,0.0,214.54707102776388,207.436955745334,214.54707102776388,0.0,7632300
2019-05-01,209.0229949951172,0.0,211.4290782943076,207.58115458671168,210.03229840659543,0.0,4823200
2019-05-02,209.47352600097656,0.0,210.27555358856947,205.53548212994076,208.07673267412497,0.0,5499200
2019-05-03,209.0229949951172,0.0,210.780245297836,204.7244798311279,209.825022761514,0.0,4323100
2019-05-06,216.72784423828125,0.0,216.7909317079645,205.0128256308066,205.61659801666568,0.0,7180200
2019-05-07,214.5200653076172,0.0,219.11595001693652,213.03315051152512,215.54738200739834,0.0,5104700
2019-05-08,215.51129150390625,0.0,217.0072126506877,212.2491136119821,214.47496837541715,0.0,3768400
2019-05-09,214.44793701171875,0.0,216.7638990814787,212.37527698297555,213.21335859809545,0.0,4299500
2019-05-10,216.8089599609375,0.0,218.63830420118268,213.00608332591077,216.25024805028306,0.0,4374400
2019-05-13,215.87176513671875,0.0,216.36740332540992,212.85288923785913,213.0781780735788,0.0,4684400
2019-05-14,213.06011962890625,0.0,217.16939893558555,212.92495184766628,216.85398911197595,0.0,5329700
2019-05-15,212.7447509765625,0.0,214.05142344893616,209.62674749888683,211.7715015745806,0.0,5099700
2019-05-16,213.38458251953125,0.0,216.6828146053586,212.42035338546887,212.57354815441187,0.0,4456400
2019-05-17,217.52088928222656,0.0,218.47611178168023,212.3572590720601,212.825863718212,0.0,4486400
2019-05-20,221.6752166748047,0.0,222.35108320919005,216.0700291162588,216.27729100331916,0.0,5390800
2019-05-21,225.23480224609375,0.0,226.3522262378456,222.4051745967697,222.59440954674128,0.0,5345300
2019-05-22,224.69406127929688,0.0,226.21701595046366,224.12634278541427,224.47779280564208,0.0,4038000
2019-05-23,222.13479614257812,0.0,223.6216969857102,220.23335778379047,223.46850222464212,0.0,3934600
2019-05-24,223.153076171875,0.0,224.71207088476223,221.24261771535902,222.8106327809779,0.0,2973900
2019-05-28,218.13369750976562,0.0,224.65806826141204,218.0616034199056,223.93714111335328,0.0,6172700
2019-05-29,218.44003295898438,0.0,219.00776518188474,214.3848342252121,216.14209801027735,0.0,3958400
2019-05-30,219.4313507080078,0.0,221.0984937803384,217.4848516480041,218.00752345581293,0.0,2646600
2019-05-31,217.89939880371094,0.0,219.539494634478,215.8087114803561,218.03456662610824,0.0,3285700
2019-06-03,213.17733764648438,0.0,219.70170825650837,212.690719738669,217.62004130269924,0.0,4999400
2019-06-04,216.96214294433594,0.0,217.2234856790677,211.6182986681425,214.5921138790076,0.0,4992000
2019-06-05,218.7735137939453,0.0,221.49499336931578,217.38572669209586,219.13397047594876,0.0,3194400
2019-06-06,217.91741943359375,0.0,219.82786460420328,217.83630499197008,219.09793088337761,0.0,2630100
2019-06-07,222.37808227539062,0.0,222.64843159731635,218.2507896289019,218.89060214857048,0.0,2837400
2019-06-10,223.61273193359375,0.0,224.99149878994567,221.6752530506407,222.65750927500136,0.0,2331000
2019-06-11,221.56707763671875,0.0,225.91065334023523,221.4409164285545,223.95514773841876,0.0,3043000
2019-06-12,220.33248901367188,0.0,222.13479976224997,218.34994994034395,221.86445039985531,0.0,3251800
2019-06-13,220.74700927734375,0.0,221.08943894243424,219.08887306788031,220.62084808482857,0.0,3107800
2019-06-14,222.095703125,1.08,222.75646974897163,219.7604244351251,221.50736366076475,0.0,2165500
2019-06-17,222.6387939453125,0.0,223.66161348839958,221.95993435011675,222.66594722420564,0.0,2270300
2019-06-18,222.39439392089844,0.0,225.68912517115496,221.89656080380607,224.0236596625491,0.0,3482500
2019-06-19,226.45848083496094,0.0,227.52654648964827,222.22239035645924,222.66591687030828,0.0,4204600
2019-06-20,224.25900268554688,0.0,228.83905375578146,223.93314952267315,227.7347743600113,0.0,3800800
2019-06-21,228.3502960205078,0.0,229.4455290656772,223.48060475078188,225.18228412920064,0.0,6323500
2019-06-24,225.9606475830078,0.0,228.66703910345305,224.34948880296352,227.49034653754504,0.0,3163800
2019-06-25,224.16847229003906,0.0,227.22785652313974,223.95123226763636,225.65291124787603,0.0,3182700
2019-06-26,220.3759002685547,0.0,224.5486239291747,220.06815393974622,224.47621059096704,0.0,3852900
2019-06-27,222.97369384765625,0.0,224.61200612943983,220.09533579022224,221.0909882441212,0.0,3366200
2019-06-28,220.86465454101562,0.0,223.34475937406256,216.0130717788523,223.1184728904009,0.0,6727600
2019-07-01,219.6246337890625,0.0,222.8197981936499,217.88675505599704,222.62066496066436,0.0,4102700
2019-07-02,220.82847595214844,0.0,220.84658273977797,216.81867189528774,219.57937002292263,0.0,3863500
2019-07-03,221.9508819580078,0.0,224.04176724577258,220.89184886360647,221.14530247892455,0.0,2559400
2019-07-05,223.5620574951172,0.0,225.16415627174638,220.90997203513413,221.2086719285992,0.0,2965000
2019-07-08,224.33140563964844,0.0,224.45812554092583,221.65218092365976,223.03705334884603,0.0,1902500
2019-07-09,222.6659393310547,0.0,222.73835267601402,220.57505406179973,221.42589360078026,0.0,2774800
2019-07-10,224.0055389404297,0.0,225.48093141074446,222.19524685373474,223.4081530485091,0.0,2753000
2019-07-11,236.3879852294922,0.0,236.86771161123238,225.42666418006897,231.5364010384108,0.0,10268800
2019-07-12,240.67835998535156,0.0,241.23954618854384,236.81339580123768,236.81339580123768,0.0,5336100
2019-07-15,240.73269653320312,0.0,242.26239595393778,239.18490413112968,239.91807040699985,0.0,2611400
2019-07-16,239.5560302734375,0.0,241.80080310914622,238.22546406752775,240.1624628438571,0.0,3121600
2019-07-17,241.35716247558594,0.0,243.20366795129743,238.5059582525473,238.9585312283586,0.0,3995200
2019-07-18,235.88111877441406,0.0,241.23053643799423,232.85793360775241,240.44306361848496,0.0,5825800
2019-07-19,232.30575561523438,0.0,237.79999941642996,232.0794690760372,236.3336670620913,0.0,4413200
2019-07-22,231.1018829345703,0.0,234.38756732832945,230.3868098614523,233.65440127947488,0.0,4104300
2019-07-23,230.8212432861328,0.0,231.8078627809039,228.11486597473953,230.33247059346883,0.0,2889300
2019-07-24,227.30938720703125,0.0,228.84813310375944,221.87850958697697,228.8119195185549,0.0,4864000
2019-07-25,225.10984802246094,0.0,228.77569274565747,224.73873478080978,227.3093603809526,0.0,3362800
2019-07-26,228.94761657714844,0.0,229.7984559717061,223.12752099328344,225.39944614501317,0.0,3362600
2019-07-29,229.74417114257812,0.0,231.08378339498694,228.40454507873702,228.85711809211872,0.0,2005500
2019-07-30,230.74888610839844,0.0,230.86655951976434,226.7119422811529,228.69421442820408,0.0,1908800
2019-07-31,225.39041137695312,0.0,232.7673599202076,224.91068507869113,232.0070405582187,0.0,3532400
2019-08-01,225.60760498046875,0.0,227.71659648580217,223.8244665362905,225.55329843884783,0.0,3613600
2019-08-02,226.33175659179688,0.0,227.70758235790137,222.75643270890598,226.0059034843361,0.0,2677600
2019-08-05,221.81507873535156,0.0,226.2321956785244,219.5793669884122,224.5938836122139,0.0,5812400
2019-08-06,224.72962951660156,0.0,224.72962951660156,220.46639993737566,222.602531064848,0.0,3533000
2019-08-07,223.07325744628906,0.0,223.60729033979436,218.3755468960965,222.91033777495537,0.0,3205800
2019-08-08,224.1322784423828,0.0,224.1775385107963,220.28540742161033,222.8379261166464,0.0,2830700
2019-08-09,225.0464630126953,0.0,226.6666683376742,222.7926444143211,224.22277680642733,0.0,2535000
2019-08-12,220.13153076171875,0.0,224.44003507625936,219.97765758068996,223.38100197555687,0.0,2667400
2019-08-13,225.5805206298828,0.0,226.70290680820625,218.60183785941837,218.75571104483276,0.0,2763400
2019-08-14,220.13153076171875,0.0,224.8473480626807,219.95955079132378,223.32669541889183,0.0,3464300
2019-08-15,221.08189392089844,0.0,221.99608634022695,218.5474825486695,221.172414038683,0.0,2513500
2019-08-16,222.38534545898438,0.0,223.6706512517072,221.0185660213268,222.1047523804127,0.0,2810000
2019-08-19,221.49830627441406,0.0,224.9197573976311,220.93710630553846,224.01461130553275,0.0,2672300
2019-08-20,217.37986755371094,0.0,221.39871801979012,217.16262754071707,221.04571163082002,0.0,3201300
2019-08-21,217.55186462402344,0.0,218.94578350232118,216.6014584831039,217.40703793729733,0.0,2761900
2019-08-22,210.84475708007812,0.0,217.55189370635568,210.60036373998648,217.55189370635568,0.0,4498200
2019-08-23,208.78097534179688,0.0,212.79982570822054,207.6223895907562,210.80849350040225,0.0,4826600
2019-08-26,209.16116333007812,0.0,212.31106790420017,208.59997716536313,210.46457592942062,0.0,2918300
2019-08-27,201.78424072265625,0.0,210.35597655338103,201.48555462333837,209.7404837516608,0.0,4988100
2019-08-28,205.78494262695312,0.0,207.9753942257404,199.83812695078626,201.3225657950649,0.0,4847600
2019-08-29,208.7447967529297,0.0,210.26544943817055,206.38236479356723,206.75347802280604,0.0,4052500
2019-08-30,211.8041534423828,0.0,212.75455945729513,210.2563477825049,211.5054536199,0.0,3384100
2019-09-03,208.7447967529297,0.0,210.14777602123291,206.7987380917385,209.75856981356824,0.0,3382300
2019-09-04,205.22377014160156,0.0,210.85377995438355,205.01559040706505,209.9486338598711,0.0,4526100
2019-09-05,207.8124542236328,0.0,209.55033278087706,205.99311584607187,208.18356737587237,0.0,4256900
2019-09-06,207.2784881591797,0.0,209.9577270962601,206.90737488746896,208.3375075985159,0.0,4183200
2019-09-09,208.79913330078125,0.0,209.9939329973242,206.8802276430514,207.27849420856572,0.0,3895600
2019-09-10,210.41029357910156,0.0,212.06669898560307,208.93490084046974,209.4960870697449,0.0,4257600
2019-09-11,211.9942169189453,0.0,212.0304166761406,206.89824133221558,210.43736494238544,0.0,3168100
2019-09-12,208.2740936279297,0.0,213.97650220091035,207.9120269523644,212.70930336501053,0.0,4713700
2019-09-13,212.44834899902344,1.08,215.13111934091282,210.56585408315007,211.88451637760397,0.0,4523200
2019-09-16,213.19406127929688,0.0,214.6673223899036,211.12059706969637,211.72991707239717,0.0,2973600
2019-09-17,211.45709228515625,0.0,212.79393289273372,210.22937699197175,211.95727310373385,0.0,2392900
2019-09-18,209.72010803222656,0.0,212.0118367814717,208.46511140440276,209.89289903189112,0.0,2960500
2019-09-19,211.75714111328125,0.0,212.75748859202056,210.283880401241,210.9841333499519,0.0,2666700
2019-09-20,211.79356384277344,0.0,213.7124291875627,210.9114305781293,213.50326771677487,0.0,6220100
2019-09-23,208.0467529296875,0.0,209.87467102534697,207.63751919204,208.95616740293246,0.0,3281200
2019-09-24,204.61827087402344,0.0,209.01983390378248,202.72668697142248,208.60151098753843,0.0,5006800
2019-09-25,202.04461669921875,0.0,205.98238312795633,202.00824622510504,203.96348183882873,0.0,4658000
2019-09-26,195.96067810058594,0.0,203.37241632343597,194.0963751671541,202.83585109759127,0.0,10444400
2019-09-27,195.76055908203125,0.0,199.0526489880422,195.54230848436163,198.4160477406686,0.0,4834900
2019-09-30,197.63397216796875,0.0,198.73435597754423,193.81442004366218,194.2873194843356,0.0,5286300
2019-10-01,197.53390502929688,0.0,199.3345416294206,192.8686047852975,199.3345416294206,0.0,5523600
2019-10-02,197.1156005859375,0.0,199.4891730788515,195.7787601085167,196.5699463139665,0.0,4921200
2019-10-03,195.8514862060547,0.0,196.76090060822312,193.75074115729564,196.09703198007767,0.0,3375800
2019-10-04,199.88931274414062,0.0,199.94387539467348,195.65143778294293,197.19743967981847,0.0,3700500
2019-10-07,201.19886779785156,0.0,202.37200639029646,199.1526851848288,199.2072478342592,0.0,3843200
2019-10-08,200.17124938964844,0.0,201.8718502615852,198.61614430841485,199.60741677468877,0.0,4817000
2019-10-09,201.9627685546875,0.0,203.22685412163685,200.22578357464116,201.62628963896887,0.0,4483100
2019-10-10,203.46331787109375,0.0,203.82709202505146,197.81586116198065,198.42516725872406,0.0,5252200
2019-10-11,201.95370483398438,0.0,208.1195346493084,201.51717583928564,205.10936069753078,0.0,5891600
2019-10-14,200.6077423095703,0.0,203.10863219809588,199.98024408092638,201.55354116556134,0.0,4075300
2019-10-15,216.9772186279297,0.0,218.11398683886847,210.15660936229705,211.61167822292472,0.0,13397700
2019-10-16,215.52215576171875,0.0,215.9677600031083,212.87575613306268,214.88555448562298,0.0,5368600
2019-10-17,221.59701538085938,0.0,222.45186717645024,215.7767685036326,217.0681353458747,0.0,6301200
2019-10-18,223.1157684326172,0.0,224.08884868832405,219.86006258991443,222.30639001617467,0.0,4922100
2019-10-21,221.82440185546875,0.0,223.35222555994574,220.21473416947472,222.8247634403385,0.0,3029200
2019-10-22,226.8807373046875,0.0,228.7177585751026,221.1241415568739,221.56975968047618,0.0,5660800
2019-10-23,225.35292053222656,0.0,228.94510510614617,224.37984033636715,225.889471767939,0.0,3706600
2019-10-24,222.36094665527344,0.0,225.9804265558939,221.81530625113788,225.56208975714833,0.0,2546900
2019-10-25,222.72471618652344,0.0,223.78872952293506,220.21472319918527,221.81530165524197,0.0,2815100
2019-10-28,224.6708526611328,0.0,225.88946474806974,222.73379535580017,223.04299295220557,0.0,2957100
2019-10-29,229.43617248535156,0.0,230.2637429904775,223.99787779385645,224.66174647717463,0.0,3528900
2019-10-30,231.7188262939453,0.0,232.15534138530842,229.15427064448733,229.32706162638812,0.0,3299600
2019-10-31,229.80905151367188,0.0,232.55548731028028,227.27179105241822,231.3368751568915,0.0,3960400
2019-11-01,229.36343383789062,0.0,233.11020320670985,229.3179603382346,230.98219051438508,0.0,2919600
2019-11-04,228.4903564453125,0.0,230.8366471438488,227.27174454131236,230.65476704835893,0.0,3186400
2019-11-05,227.62644958496094,0.0,231.2368262197936,227.4354664364042,230.75483765029782,0.0,5393400
2019-11-06,227.82652282714844,0.0,229.16336324289512,226.52605288545843,227.08989930756636,0.0,3668600
2019-11-07,233.22845458984375,0.0,233.49219258798615,228.49950156590643,229.12699984413433,0.0,3646300
2019-11-08,233.6922607421875,0.0,234.93815424968037,231.90071294772108,233.5103667288197,0.0,2200300
2019-11-11,231.07310485839844,0.0,233.2284125766114,230.3819549001121,231.94614880052674,0.0,1765600
2019-11-12,232.12808227539062,0.0,232.59187873706668,230.45476270121515,230.6184506724305,0.0,1892500
2019-11-13,230.60023498535156,0.0,233.61039467603104,230.2546530445028,231.7824627010821,0.0,3289800
2019-11-14,232.65550231933594,0.0,232.88284205713967,230.5092836446479,230.80939208080008,0.0,2101900
2019-11-15,244.99632263183594,0.0,250.60742372549373,232.2281459324708,232.91019310318183,0.0,10136000
2019-11-18,248.20652770996094,0.0,253.22651421752772,244.63253488338287,244.63253488338287,0.0,6985200
2019-11-19,249.38880920410156,0.0,250.4164245273238,246.9515566567697,250.30729920118586,0.0,4002000
2019-11-20,250.5983428955078,0.0,251.02576896645638,246.66966425442357,247.58818209379206,0.0,4141600
2019-11-21,251.4986114501953,0.0,252.52625444966648,249.09777119538128,250.28910217181263,0.0,3309900
2019-11-22,251.76229858398438,0.0,252.60804738046676,250.0889792892967,251.48038231849026,0.0,2802700
2019-11-25,257.0642395019531,0.0,257.3643341112704,251.91694948935194,252.61718874651328,0.0,4082900
2019-11-26,255.90924072265625,0.0,256.68224861632496,254.78157559733594,255.28174248275934,0.0,2998600
2019-11-27,255.2454376220703,0.0,256.3912812789498,253.44478651392492,255.554635291586,0.0,2323900
2019-11-29,254.5177764892578,0.0,255.47267815909024,252.20785638922516,252.90812316439334,0.0,1520900
2019-12-02,254.326904296875,0.0,256.4549312470598,253.33564565895557,256.2548589139758,0.0,2517100
2019-12-03,251.81687927246094,0.0,253.19920712811145,249.04317604106393,251.88054495068255,0.0,3239200
2019-12-04,254.0176239013672,0.0,256.3093380812521,253.39922880168572,256.10926581334064,0.0,2694200
2019-12-05,256.45489501953125,0.0,257.20062158778575,252.34435137417432,253.94490205961552,0.0,3357300
2019-12-06,255.7884979248047,1.08,258.3902994664112,254.80253858743674,258.2077061491716,0.0,2828900
2019-12-09,253.36932373046875,0.0,256.4093050660243,253.2597788693435,256.31800839514244,0.0,2697100
2019-12-10,255.17677307128906,0.0,255.24982152427782,250.1466543696974,253.4240002370653,0.0,2515300
2019-12-11,256.0714111328125,0.0,256.2174801650505,253.8165209435604,254.06299676431374,0.0,2751300
2019-12-12,258.91058349609375,0.0,259.25749401061034,255.6515135556293,256.5552862098951,0.0,2996200
2019-12-13,260.6177978515625,0.0,262.74486786038585,259.37622461624557,260.15220440584017,0.0,3599300
2019-12-16,266.5973815917969,0.0,269.7104112508623,262.06021309032093,262.8909653916989,0.0,4663600
2019-12-17,265.1731872558594,0.0,267.2820088642572,263.98641442215353,265.8761185053836,0.0,4409100
2019-12-18,267.3915710449219,0.0,269.18086843423214,265.6479080522437,265.6570460755009,0.0,3621600
2019-12-19,268.9617919921875,0.0,271.31711760265335,268.04888113600066,269.308702575111,0.0,2905900
2019-12-20,267.10858154296875,0.0,273.8732542665315,267.03556093348874,272.8690467622552,0.0,6608300
2019-12-23,269.3908386230469,0.0,270.0846597307234,267.30940315984327,267.87540338565265,0.0,2098900
2019-12-24,268.8887023925781,0.0,270.06633703583407,267.9940399535226,269.5459991547815,0.0,714000
2019-12-26,269.9020080566406,0.0,270.4588979988915,268.8886906831078,269.58248378090525,0.0,1050600
2019-12-27,270.1941833496094,0.0,270.71454913950487,269.31779687071753,270.2307075786785,0.0,1547100
2019-12-30,268.2589111328125,0.0,270.714644026764,267.8937522936023,270.26729867838543,0.0,1511700
2019-12-31,268.3775634765625,0.0,268.4779703054875,265.79400996004597,268.08542529451285,0.0,2224200
2020-01-02,267.0263977050781,0.0,269.94772328543996,264.55241734247625,268.37751566146494,0.0,2543400
2020-01-03,264.3241271972656,0.0,266.4603345309812,259.595229397175,262.2518024282853,0.0,2711400
2020-01-06,266.1591796875,0.0,266.25961438037973,262.2062874824402,262.9183569180333,0.0,3079100
2020-01-07,264.55242919921875,0.0,266.1043608472324,262.5348762670609,265.3831813724908,0.0,2492900
2020-01-08,270.1302490234375,0.0,271.48136678126383,264.7806061206227,266.11344783561884,0.0,3379200
2020-01-09,268.5965576171875,0.0,271.3170412324014,268.14010231757703,268.6604680454899,0.0,2838200
2020-01-10,269.42742919921875,0.0,270.285567772183,266.7617168079149,270.285567772183,0.0,2477900
2020-01-13,260.95556640625,0.0,268.8066051185858,260.1978348156178,268.7335566506603,0.0,6994900
2020-01-14,263.13739013671875,0.0,263.13739013671875,259.4948850974606,260.7273202028701,0.0,6056300
2020-01-15,270.59588623046875,0.0,273.5445980640139,263.8312140428012,263.8494622287686,0.0,6081300
2020-01-16,274.54876708984375,0.0,274.7769947748915,270.1576686583119,272.04740057686485,0.0,3710300
2020-01-17,272.4764404296875,0.0,274.5122411908651,270.1120052101073,273.882330619105,0.0,4632200
2020-01-21,274.3570861816406,0.0,276.1920458353639,270.23073932641455,271.03410530137455,0.0,4962800
2020-01-22,274.411865234375,0.0,275.8177557245357,271.4540430367374,275.6899348345994,0.0,3117600
2020-01-23,273.3802490234375,0.0,274.4027046194388,270.81497201066884,273.8823666584983,0.0,3169600
2020-01-24,267.309326171875,0.0,273.80924459334756,266.16818802597555,272.3577202149416,0.0,3678500
2020-01-27,259.3488464355469,0.0,262.99135190181994,255.6789547574909,262.91833129034177,0.0,4399400
2020-01-28,260.9737548828125,0.0,263.25603143631923,258.6275678994505,259.1844578656132,0.0,4341000
2020-01-29,258.262451171875,0.0,261.2659354048893,256.42751946949,259.2666585904935,0.0,3963800
2020-01-30,256.50970458984375,0.0,257.2947945601464,251.89037784690555,257.2947945601464,0.0,4211800
2020-01-31,248.7225341796875,0.0,254.5012467179014,247.5631197472515,253.94438455730136,0.0,5532600
2020-02-03,250.15579223632812,0.0,252.73934524536384,247.23449456914605,251.16913765006694,0.0,5646800
2020-02-04,256.3818664550781,0.0,258.8102125331361,252.76674747758898,253.13190622665803,0.0,4290200
2020-02-05,269.9751892089844,0.0,271.13457618873616,260.5813268998737,260.72739600800395,0.0,5761000
2020-02-06,266.98992919921875,0.0,271.38102864919125,264.7441760582361,271.1345527217108,0.0,3044000
2020-02-07,264.0319519042969,0.0,267.83880060129155,263.74895190382796,267.36406935419666,0.0,3425900
2020-02-10,262.0327453613281,0.0,264.095932365992,260.59035877830365,261.3024279779931,0.0,3147400
2020-02-11,265.46533203125,0.0,266.1774013212718,261.00118496931753,261.8684613493941,0.0,2992200
2020-02-12,277.0501708984375,0.0,278.4377852412501,268.40490477999646,269.3086775284222,0.0,6701900
2020-02-13,275.8816833496094,0.0,279.25943694198764,274.00108913649075,274.00108913649075,0.0,3565500
2020-02-14,272.7594909667969,0.0,277.49750030416254,271.4175109603784,275.890768361831,0.0,2485600
2020-02-18,275.8268737792969,0.0,276.9314880116825,272.9603205850519,273.5719830600708,0.0,3241700
2020-02-19,278.7208251953125,0.0,279.9988948858461,276.36552732703126,276.94977581706246,0.0,3021100
2020-02-20,275.8177490234375,0.0,277.6709568636954,271.94701608256236,276.79457028195196,0.0,2885500
2020-02-21,275.1786804199219,0.0,276.1646396304701,272.60426542105444,274.3022939015208,0.0,2987100
2020-02-24,253.59747314453125,0.0,263.8220563489017,253.46054211042104,261.9049661517111,0.0,8790600
2020-02-25,240.45159912109375,0.0,257.4226082653373,239.19177770641298,255.75196582940748,0.0,8171200
2020-02-26,240.09552001953125,0.0,246.33068799593633,236.17912521922233,241.66572757663752,0.0,6806600
2020-02-27,231.80628967285156,0.0,239.31954104092588,230.11741318916683,235.91440186619315,0.0,7604300
2020-02-28,232.75572204589844,0.0,234.70935041897266,223.93700119504902,224.758615266656,0.0,9961000
2020-03-02,249.3250274658203,0.0,249.4437103141834,228.51981270848148,234.92843578167475,0.0,8866300
2020-03-03,238.63487243652344,0.0,255.93454286989862,236.653871644459,251.36998896767045,0.0,9188100
2020-03-04,264.214599609375,0.0,270.0754700931279,257.6324940869598,264.744075502058,0.0,14533000
2020-03-05,258.3172607421875,0.0,264.21468522163315,255.5602798507491,257.0757152895651,0.0,5908400
2020-03-06,259.14801025390625,0.0,260.15221780629497,248.2204657707302,251.43392993837406,0.0,5361900
2020-03-09,249.62632751464844,0.0,256.9296138015373,236.66298321149014,241.4283786280782,0.0,8070700
2020-03-10,255.614990234375,0.0,259.17533631210347,248.7681601388114,255.35937635853355,0.0,7366000
2020-03-11,253.58839416503906,0.0,260.3987018253873,249.4620468374499,250.8314132170278,0.0,7744600
2020-03-12,228.60202026367188,0.0,248.5217426530985,228.22772345402774,237.35683239218884,0.0,10496600
2020-03-13,249.42393493652344,1.08,250.50582880192903,222.1288629784288,239.29256101516836,0.0,9308400
2020-03-16,206.33128356933594,0.0,225.25537570402452,205.33190412482585,223.6416984177445,0.0,10303500
2020-03-17,223.9168243408203,0.0,228.07938626891078,209.3111541639148,211.63083603318944,0.0,9642200
2020-03-18,199.0147705078125,0.0,212.20846100053157,183.54725809429794,206.98233183205855,0.0,12917500
2020-03-19,201.52694702148438,0.0,207.32152704178645,191.56979171088938,198.94138078518998,0.0,8065200
2020-03-20,189.4151611328125,0.0,213.29950022485968,186.54538283043644,204.6259500637283,0.0,9364100
2020-03-23,178.66033935546875,0.0,188.64500003719553,172.11392290285244,185.24342425748486,0.0,10654500
2020-03-24,201.52694702148438,0.0,201.95787472753344,182.4561505935551,185.33510637999413,0.0,8894400
2020-03-25,214.99571228027344,0.0,226.9332863614738,198.042870760617,200.8759806930043,0.0,10014000
2020-03-26,234.1581573486328,0.0,236.51449317963568,212.98774735376796,214.57391992414924,0.0,7517600
2020-03-27,222.29391479492188,0.0,230.68323787653577,218.43392100823493,222.7431836780628,0.0,4879500
2020-03-30,230.389892578125,0.0,232.96628162147988,222.46817759513297,222.46817759513297,0.0,5329000
2020-03-31,228.64784240722656,0.0,233.369692474536,222.79823809878113,223.23832946664385,0.0,5450000
2020-04-01,217.59046936035156,0.0,226.10814143644654,215.86675820146868,218.8465702847164,0.0,4548800
2020-04-02,220.4510498046875,0.0,221.88135714120713,207.23902018089166,215.73836368782727,0.0,4636800
2020-04-03,210.41134643554688,0.0,219.4424579715935,208.37590508840455,218.50726577768964,0.0,4650300
2020-04-06,227.6942596435547,0.0,228.56527862955537,215.57330275049213,220.04760860228532,0.0,6365900
2020-04-07,227.4192352294922,0.0,244.53710662218964,226.0439374465628,238.21074241681546,0.0,4984100
2020-04-08,245.5639190673828,0.0,246.78336507934196,225.7871500295735,227.09827413932956,0.0,6390200
2020-04-09,242.17160034179688,0.0,247.92033484941211,239.85193259516222,242.96926855791767,0.0,4923300
2020-04-13,241.60317993164062,0.0,242.93261780508655,236.71627229901745,240.27371407768675,0.0,2964900
2020-04-14,248.01199340820312,0.0,250.36834327716124,244.80296576706186,246.636695847714,0.0,4778900
2020-04-15,258.2625427246094,0.0,259.46363371169576,248.17702709041728,253.35730907006118,0.0,7841800
2020-04-16,273.62005615234375,0.0,275.05954113292694,256.731415995864,259.87625670082963,0.0,7738900
2020-04-17,266.4043273925781,0.0,278.726996860647,263.2319819075866,275.9672238919171,0.0,5857500
2020-04-20,258.6843566894531,0.0,264.9832160326192,257.8866604749934,261.58162605079343,0.0,4072600
2020-04-21,251.39523315429688,0.0,256.7222169168821,250.5333777590644,252.09205955397448,0.0,3977500
2020-04-22,253.98997497558594,0.0,260.2246748132359,253.70574901618835,256.3371475321941,0.0,3663300
2020-04-23,261.6091003417969,0.0,264.478892512241,255.38360660938793,255.8603663768716,0.0,4420500
2020-04-24,267.0737609863281,0.0,267.6330355141506,260.3898036153203,263.4062989635771,0.0,3265000
2020-04-27,269.5400695800781,0.0,272.18061812686426,266.46856524478073,268.83406539518546,0.0,3706200
2020-04-28,264.38720703125,0.0,273.4550163086386,261.87500560886434,273.2258000334428,0.0,3862900
2020-04-29,263.7362060546875,0.0,268.4122230515139,262.3150765270583,267.72457431611286,0.0,4258400
2020-04-30,268.15557861328125,0.0,270.47524655775976,261.78335398522626,262.81941618620993,0.0,7631700
2020-05-01,260.8572692871094,0.0,264.9739841704617,256.355458793543,264.4147099528522,0.0,3526100
2020-05-04,263.6354064941406,0.0,264.0021469488985,258.6568075885547,260.83895106804306,0.0,2894200
2020-05-05,268.6781921386719,0.0,271.3921053577073,263.40621711905425,265.85423158951505,0.0,2501300
2020-05-06,264.76312255859375,0.0,272.93239388642866,264.46056938963784,270.5668942603579,0.0,2579200
2020-05-07,261.3065185546875,0.0,267.9904720743628,260.86641329256327,266.8627180791999,0.0,3162300
2020-05-08,263.14031982421875,0.0,265.8909155018238,261.9117237792159,265.423305282869,0.0,3200000
2020-05-11,264.6897888183594,0.0,265.9825719712245,261.54494823045115,261.81999656914485,0.0,3490700
2020-05-12,263.7822265625,0.0,268.7791269579518,263.7822265625,267.5138480382086,0.0,4214300
2020-05-13,254.88851928710938,0.0,262.5901811802592,252.6513660160771,260.8389653339714,0.0,5474100
2020-05-14,266.4501037597656,0.0,268.13715985306294,252.72466262496442,252.99053330858985,0.0,5704600
2020-05-15,266.7710266113281,0.0,275.0594938608755,266.550987969999,268.10049202385517,0.0,12182800
2020-05-18,268.9715576171875,0.0,274.8028347518067,267.74296162522955,273.665930874578,0.0,4015100
2020-05-19,265.0198974609375,0.0,270.1360213821738,264.86404603273405,266.5694020194743,0.0,3059400
2020-05-20,264.0480041503906,0.0,268.5498157109104,262.86526816973804,268.5498157109104,0.0,3200600
2020-05-21,263.0577087402344,0.0,266.0100148029274,261.24230618648664,262.2600407634424,0.0,3604900
2020-05-22,265.83587646484375,0.0,266.11092481002237,261.1140266692565,263.41533910525936,0.0,2922800
2020-05-26,270.3743896484375,0.0,272.33646660763276,268.18306841095006,271.85052917554424,0.0,4567800
2020-05-27,278.51611328125,0.0,278.54361811620777,266.6243713057755,272.69404203132626,0.0,5618900
2020-05-28,278.6994934082031,0.0,283.9164582124371,278.07603183798085,280.51489643026537,0.0,4387700
2020-05-29,279.50634765625,0.0,282.73370292376956,275.83888704204435,279.3871507094077,0.0,6251500
2020-06-01,280.4965515136719,0.0,280.5424115599466,275.5729900843332,278.7453357014715,0.0,2894000
2020-06-02,280.8450012207031,0.0,282.48619790377086,276.6457705565695,280.175679494411,0.0,2756800
2020-06-03,279.9647521972656,0.0,284.33818846876716,277.5717198362734,282.25691485160627,0.0,4360000
2020-06-04,273.29913330078125,0.0,279.1579146476258,269.82423476091924,277.97515084878125,0.0,4374300
2020-06-05,285.9244079589844,0.0,288.15238359973773,275.51798271619845,278.7270108010793,0.0,5554300
2020-06-08,283.75140380859375,0.0,289.58265205611843,282.3302462025016,282.98124052951505,0.0,4635500
2020-06-09,283.50384521484375,0.0,286.6578633469804,281.78013437745494,284.136484362194,0.0,3061500
2020-06-10,280.33154296875,0.0,284.512446162648,277.6817890338399,283.25634527937467,0.0,3296100
2020-06-11,260.14215087890625,0.0,278.14018970221537,257.45571480894,278.14018970221537,0.0,6638900
2020-06-12,261.444091796875,0.0,269.65004607751115,255.5303283706071,266.4868501193767,0.0,5416800
2020-06-15,262.4801330566406,0.0,263.14027703113044,250.9551323264028,254.90681856881343,0.0,4494600
2020-06-16,268.6415100097656,0.0,272.8315907890619,263.5437416145737,270.87866338958435,0.0,4245400
2020-06-17,268.2747802734375,0.0,270.5669434200313,267.0186793459853,270.5669434200313,0.0,2538000
2020-06-18,267.2478332519531,0.0,267.52288157311125,262.7735273577772,266.2851081668985,0.0,2926600
2020-06-19,268.1778259277344,1.25,273.03972209931925,267.873969711202,271.1152244585887,0.0,5172800
2020-06-22,269.4946594238281,0.0,269.7985156948059,263.5922380121033,266.84271047305475,0.0,2174100
2020-06-23,274.0342712402344,0.0,275.5812321244909,268.0213565225451,270.72855212050166,0.0,4023400
2020-06-24,266.281005859375,0.0,273.5738656538676,262.95688055714703,270.7101192853494,0.0,3399900
2020-06-25,272.7635192871094,0.0,273.279172869733,263.40804584363286,265.45225401082376,0.0,3112500
2020-06-26,264.1630859375,0.0,273.09496356232745,263.18702548923443,271.769017450408,0.0,5043200
2020-06-29,266.8150939941406,0.0,269.13553533485884,263.92372432500133,265.6088298101664,0.0,2356700
2020-06-30,271.5940856933594,0.0,272.9753066178531,264.8813441320365,265.71928819835074,0.0,2932900
2020-07-01,274.15399169921875,0.0,276.61254960597154,271.8611454849579,272.4044224310232,0.0,2303800
2020-07-02,274.6419677734375,0.0,279.08026949493996,273.6474730068856,276.70458195441825,0.0,1971700
2020-07-06,278.8316955566406,0.0,279.4578423558971,275.6272526000112,279.0066524712879,0.0,2395000
2020-07-07,273.15948486328125,0.0,279.52231338032425,272.5149318828707,276.8519582305893,0.0,2075700
2020-07-08,274.7340087890625,0.0,277.0452605616395,272.26623439741564,273.80400590250673,0.0,1987400
2020-07-09,268.10418701171875,0.0,274.90898733632935,264.73400465855286,271.73219614103334,0.0,3061700
2020-07-10,268.1686096191406,0.0,270.94024001257935,264.36564417820574,270.94024001257935,0.0,2391600
2020-07-13,275.9771728515625,0.0,280.4062862127785,268.665906998945,268.9605742411044,0.0,4263300
2020-07-14,284.0895080566406,0.0,285.2129021930338,273.2146976195693,274.2275985787781,0.0,4234900
2020-07-15,279.991943359375,0.0,286.0877280577801,275.01033582673796,277.27553058966754,0.0,5116900
2020-07-16,282.8279113769531,0.0,286.23493317535355,279.15387384862083,280.857384747821,0.0,3844500
2020-07-17,282.2570495605469,0.0,286.34546503095333,281.9992228237198,284.61433061182544,0.0,3016500
2020-07-20,279.4302062988281,0.0,284.1632037088162,278.43573955136293,282.49653263045394,0.0,2375500
2020-07-21,280.94952392578125,0.0,282.6898757372089,279.1078960708157,280.87587117602743,0.0,2340200
2020-07-22,282.42291259765625,0.0,282.60708667622754,277.9109286828494,280.71940072443823,0.0,1935800
2020-07-23,278.97900390625,0.0,284.07110393211093,277.4136089488774,283.7948709871683,0.0,2367700
2020-07-24,276.9715881347656,0.0,280.18521927386416,275.53512086851487,279.3104349317853,0.0,2415700
2020-07-27,274.955078125,0.0,278.20555056406033,273.82246673877245,274.79852737366207,0.0,2060500
2020-07-28,276.1796569824219,0.0,277.53325429783405,273.6750424974757,274.3012171944661,0.0,2257400
2020-07-29,282.395263671875,0.0,285.2221697254234,276.2442321795868,277.5886129079095,0.0,2672700
2020-07-30,281.0600891113281,0.0,282.1926724344259,275.2221312711574,277.7911822974636,0.0,2205300
2020-07-31,278.8041076660156,0.0,279.6880813831671,274.4486466130716,279.41184837812534,0.0,3913500
2020-08-03,279.5683288574219,0.0,280.7654039343262,275.50756379103217,279.549922693536,0.0,2628500
2020-08-04,280.3879089355469,0.0,284.402645144789,276.3087089915006,278.00300365695284,0.0,3594900
2020-08-05,287.7266845703125,0.0,288.1778743327146,280.86661063053157,282.5332813335752,0.0,2982200
2020-08-06,289.19085693359375,0.0,291.1982248089008,285.82067415433664,287.29398224760416,0.0,3305300
2020-08-07,291.9256591796875,0.0,293.73966387057766,288.52785329623833,288.52785329623833,0.0,2600800
2020-08-10,293.8316955566406,0.0,295.09320599376963,290.5904129258777,291.89798091460733,0.0,2563600
2020-08-11,290.56280517578125,0.0,298.86856426032887,289.7432954447459,297.3492269964023,0.0,3018200
2020-08-12,296.7507019042969,0.0,297.6899501190653,292.4873569155585,292.81883644946856,0.0,2915800
2020-08-13,296.06011962890625,0.0,296.3824101626786,292.67153071047676,295.28663920846134,0.0,2159500
2020-08-14,298.0674743652344,0.0,298.279243580213,293.49102810146456,295.15769903304374,0.0,1787200
2020-08-17,295.1301574707031,0.0,298.15961584548256,294.062009665537,295.99572503521676,0.0,2772500
2020-08-18,291.7231140136719,0.0,297.11909927515046,290.71021287916057,296.48373529536684,0.0,2520000
2020-08-19,290.42474365234375,0.0,294.19086971752296,290.2221634387662,291.68625439557076,0.0,2066700
2020-08-20,288.5186462402344,0.0,290.31424483033237,287.30319308336703,289.89986727845934,0.0,2245600
2020-08-21,289.2645263671875,0.0,290.3142397252523,285.53521276895054,286.630983688088,0.0,2488500
2020-08-24,284.3841552734375,0.0,291.8059128967568,282.2202370356438,291.7230430196936,0.0,2922200
2020-08-25,287.4965515136719,0.0,287.6254508626289,283.4265412223725,287.47814534982473,0.0,1879300
2020-08-26,284.36578369140625,0.0,286.70463099784473,279.5683225614076,286.3547452858122,0.0,3178900
2020-08-27,286.9901123046875,0.0,289.8446132294493,281.2994604168086,285.82987767009837,0.0,2321000
2020-08-28,289.4763488769531,0.0,290.8115406765457,284.5039579319158,287.60709721813475,0.0,2883500
2020-08-31,287.80035400390625,0.0,294.2552680045879,287.7911649742062,289.95508311504176,0.0,4341600
2020-09-01,288.0581970214844,0.0,289.7985487631399,285.4523060756254,285.59963967023725,0.0,2487100
2020-09-02,294.8814392089844,0.0,295.83909354906774,287.809595084547,287.809595084547,0.0,2846500
2020-09-03,291.1891174316406,0.0,298.17809462595034,288.88708167194613,296.50220584864735,0.0,3872500
2020-09-04,287.2939147949219,0.0,292.6622470562937,282.34914902682436,291.4191708673144,0.0,2901000
2020-09-08,282.92010498046875,0.0,286.796724099875,279.7709086972817,286.4007808192473,0.0,2594500
2020-09-09,287.3122863769531,0.0,290.35098850910236,283.99737947061516,285.15758564743163,0.0,2195600
2020-09-10,280.4800109863281,0.0,289.54081934369583,279.6696899940318,287.9662349297223,0.0,2421200
2020-09-11,278.7509460449219,1.25,283.3554777430856,274.8768346547459,282.0702867607818,0.0,3085900
2020-09-14,285.3064270019531,0.0,287.664167186812,280.16560644282725,280.16560644282725,0.0,1795500
2020-09-15,284.0674133300781,0.0,287.97848831372625,282.97635410988363,286.67478724690835,0.0,1468300
2020-09-16,283.4109191894531,0.0,288.70893477997464,283.1150659852914,285.7686872282279,0.0,3438200
2020-09-17,281.987060546875,0.0,284.20611491050806,279.3334109197261,281.5432383874255,0.0,2394100
2020-09-18,284.7978515625,0.0,286.9891970368333,280.86826610599604,282.0147996383815,0.0,3795400
2020-09-21,276.6335144042969,0.0,277.8724859381541,269.6712161697999,277.81701170654867,0.0,4124700
2020-09-22,272.0752868652344,0.0,277.95578296242167,270.83631494947747,275.94014334798777,0.0,3163600
2020-09-23,270.1151123046875,0.0,273.77655367861655,269.8284577403905,272.7594787923004,0.0,3709900
2020-09-24,270.59588623046875,0.0,272.6947370512224,267.80357913918505,270.16131917226426,0.0,2869100
2020-09-25,279.69403076171875,0.0,280.4059690456068,269.26444952016897,269.2921866424813,0.0,2455800
2020-09-28,280.36895751953125,0.0,286.6378000511528,279.9990916622955,283.2907228475134,0.0,2575700
2020-09-29,281.2196044921875,0.0,282.4678313214207,278.0112126116811,280.77581057374414,0.0,1797800
2020-09-30,288.2651062011719,0.0,290.8077789085775,281.07165508852916,281.0993922075741,0.0,3497300
2020-10-01,289.4671936035156,0.0,291.40887712194154,285.84271582133306,289.31925285558856,0.0,2731200
2020-10-02,288.4593200683594,0.0,293.46145457372614,285.11221417547483,288.5702685544691,0.0,2338000
2020-10-05,294.16412353515625,0.0,294.4137858336675,289.5133449380138,291.3163424007478,0.0,1638600
2020-10-06,290.74310302734375,0.0,296.15203922852874,289.8554587072006,294.9038405462905,0.0,2434400
2020-10-07,298.8057556152344,0.0,300.2573695847079,292.00987717266753,292.00987717266753,0.0,2596600
2020-10-08,298.10296630859375,0.0,300.8213169763237,296.7900101031489,299.04605661945277,0.0,2056700
2020-10-09,303.12353515625,0.0,303.42867164982266,299.49908697801743,300.183287985614,0.0,2028900
2020-10-12,305.093017578125,0.0,308.41235815990376,304.20540146515873,304.3070948393244,0.0,2424200
2020-10-13,306.43377685546875,0.0,308.54188321253446,303.0034588323065,303.73390748465164,0.0,2713500
2020-10-14,297.5851745605469,0.0,305.64775972823685,296.0595765726717,297.78858950671724,0.0,4455400
2020-10-15,300.10009765625,0.0,302.31915174768335,292.4813067126971,294.8113374929853,0.0,3172200
2020-10-16,305.0283203125,0.0,307.29362228910554,300.24811045404175,300.9230565600232,0.0,3293300
2020-10-19,299.7765197753906,0.0,305.84194828210275,297.77936235730624,303.77083461155934,0.0,2482100
2020-10-20,299.027587890625,0.0,303.8447894617009,298.90738429122723,301.99557277387675,0.0,1988600
2020-10-21,298.45428466796875,0.0,301.87531803076763,297.8902590009998,299.0275372293846,0.0,2139000
2020-10-22,301.17266845703125,0.0,303.3269933573173,297.95502144981026,298.01975080214305,0.0,2100600
2020-10-23,305.6755065917969,0.0,310.3447671737666,303.3917229847743,304.344068395657,0.0,2349500
2020-10-26,298.7040100097656,0.0,303.04042599066884,294.5247898841325,301.71824265082967,0.0,2408500
2020-10-27,296.3461608886719,0.0,299.11073016904976,295.34756830648263,298.7039003343505,0.0,2427700
2020-10-28,284.77935791015625,0.0,293.8497631239112,284.26157951675503,289.70750775989507,0.0,3301400
2020-10-29,280.7850341796875,0.0,286.14777910476533,278.73240268051734,283.4756476459515,0.0,3279200
2020-10-30,282.1350402832031,0.0,284.011994336678,277.01270149131557,280.36903473073187,0.0,3556800
2020-11-02,288.5703125,0.0,289.0696089803374,284.187649113592,289.0696089803374,0.0,4519000
2020-11-03,297.12298583984375,0.0,301.8292403321519,291.2701974706854,293.5354998776276,0.0,4043900
2020-11-04,327.8292236328125,0.0,333.2659267266831,315.42099199671236,319.2026377924712,0.0,10344900
2020-11-05,327.68115234375,0.0,333.7650903222347,323.31700035249554,331.0744769764482,0.0,4786500
2020-11-06,321.2644348144531,0.0,325.4621649563584,318.5923311442287,323.94579359828845,0.0,2994900
2020-11-09,323.6129150390625,0.0,340.20964582564574,322.66982470185627,338.69327462253824,0.0,4635300
2020-11-10,327.02471923828125,0.0,329.06809572652577,321.9208914655596,323.14135300423203,0.0,3733200
2020-11-11,325.1847229003906,0.0,329.90945736981894,323.06736217172056,329.3084676689974,0.0,2048200
2020-11-12,327.6904296875,0.0,333.33977283399514,323.3817516405964,324.90734968617585,0.0,2907300
2020-11-13,328.85546875,0.0,330.9543195751064,326.1925921509526,329.95572674205965,0.0,2442100
2020-11-16,329.91876220703125,0.0,332.470662096449,324.5467898859404,331.8881825310265,0.0,2790100
2020-11-17,325.5545959472656,0.0,326.71958324601405,321.3013920210359,325.82274026145666,0.0,2557600
2020-11-18,318.536865234375,0.0,327.3576095062243,317.22390882370655,326.78435678354185,0.0,2722500
2020-11-19,311.5929870605469,0.0,317.20536603275076,309.1242705636937,316.4841727106597,0.0,3935600
2020-11-20,309.4664001464844,0.0,312.2032327328566,306.70180222379935,309.7437713415607,0.0,3702000
2020-11-23,309.7992858886719,0.0,310.9088272469504,306.59089363641965,310.2523349718447,0.0,2535700
2020-11-24,310.6776428222656,0.0,314.366820896943,309.21674591198024,310.83481043130274,0.0,3759700
2020-11-25,308.0702819824219,0.0,313.2758319061939,304.3256291649213,313.2758319061939,0.0,3145100
2020-11-27,312.462158203125,0.0,313.349774347243,306.8220414416084,308.384631861196,0.0,1558600
2020-11-30,310.9827880859375,0.0,312.46216717984083,305.3889185128012,309.8455095877824,0.0,5265700
2020-12-01,315.4671936035156,0.0,327.40389337652897,314.3021778005013,318.77727979891887,0.0,3817700
2020-12-02,321.3569030761719,0.0,325.3049709068823,315.7537782581308,316.00341237571524,0.0,2864300
2020-12-03,322.39239501953125,0.0,326.17403934295464,320.367500712389,321.6712017195083,0.0,4169200
2020-12-04,324.6751708984375,1.25,326.1412956487623,320.8335066404447,321.0654903762657,0.0,3255100
2020-12-07,322.79144287109375,0.0,324.67517803294805,320.34170929252286,323.5894816653844,0.0,2999400
2020-12-08,322.79144287109375,0.0,324.68443812612196,319.2838498411364,319.90557872686264,0.0,2471200
2020-12-09,319.59002685546875,0.0,324.22970084079543,316.99179243269225,323.7471849409176,0.0,2600400
2020-12-10,315.17303466796875,0.0,320.5643333426673,314.81115483813204,320.2859642427929,0.0,2896900
2020-12-11,312.7790222167969,0.0,314.4585821132287,310.2364613450867,313.7626309411716,0.0,3071700
2020-12-14,311.90679931640625,0.0,318.49514354841426,311.6562387400767,315.5257401902805,0.0,2479000
2020-12-15,315.1916809082031,0.0,316.4351103587114,312.75120742794167,314.6998765112235,0.0,2616500
2020-12-16,314.8854064941406,0.0,317.0382221281356,310.17150994774045,312.55628097435925,0.0,2365600
2020-12-17,317.0475158691406,0.0,317.9104884919789,313.0017051566549,315.32154230513936,0.0,2525700
2020-12-18,313.99456787109375,0.0,317.9197137728095,309.9302091010527,317.8362030428072,0.0,8742700
2020-12-21,311.8603515625,0.0,312.6676787202213,305.6617531706374,308.1393518361883,0.0,2892700
2020-12-22,310.8674621582031,0.0,312.695494939543,309.4384345646792,311.00664672158956,0.0,2069700
2020-12-23,313.26153564453125,0.0,317.0289490267843,311.8139594837801,312.2408016034053,0.0,2348100
2020-12-24,316.23095703125,0.0,316.80627216475415,312.1944343671027,312.1944343671027,0.0,1360600
2020-12-28,321.0191650390625,0.0,322.7265622560659,318.3374189582534,318.47660356213066,0.0,2308200
2020-12-29,322.3181457519531,0.0,325.97421098545647,320.1374933941547,322.9120092750411,0.0,2275700
2020-12-30,320.12823486328125,0.0,323.85855108428433,319.64571893584235,322.0676153017256,0.0,1866000
2020-12-31,325.40814208984375,0.0,325.7885987247348,319.25593034117617,320.1746049740381,0.0,1969000
2021-01-04,324.313232421875,0.0,326.70729189213677,315.8504710595666,326.1227167197989,0.0,4203800
2021-01-05,319.95196533203125,0.0,326.0392164508035,319.6550476644854,323.56164594688465,0.0,3160500
2021-01-06,333.37921142578125,0.0,333.5833582671917,310.96029747465934,312.81616755354366,0.0,6561400
2021-01-07,338.7240905761719,0.0,340.041770653217,332.12648673464753,332.70180186746757,0.0,3366700
2021-01-08,337.2023010253906,0.0,341.0068117328837,332.9059576001218,340.55213266122274,0.0,2947800
2021-01-11,334.75250244140625,0.0,338.0373997915838,333.3049263179364,336.48773610746787,0.0,2695100
2021-01-12,331.6160583496094,0.0,334.13075375429617,329.6302925827503,332.1449879874371,0.0,2372500
2021-01-13,329.45391845703125,0.0,331.09635255500785,325.91848978764057,330.3818530856024,0.0,1974500
2021-01-14,325.2690124511719,0.0,332.9523121271421,325.1669532071374,331.1335676909279,0.0,2919900
2021-01-15,325.9835205078125,0.0,327.6074065901111,320.82420470608986,323.96062921311875,0.0,3777000
2021-01-19,326.8093566894531,0.0,331.23559545309666,326.22475323950874,330.53964435903384,0.0,3361300
2021-01-20,325.5566711425781,0.0,326.70730133630224,320.9077083141843,326.5217313505896,0.0,3036800
2021-01-21,329.41693115234375,0.0,334.88248199721875,325.4639189166502,325.5288811642624,0.0,3749800
2021-01-22,322.50372314453125,0.0,329.064228869762,322.494463053142,327.84863656708467,0.0,2585100
2021-01-25,322.7449645996094,0.0,325.1390519753977,319.7663021522779,322.1325243015779,0.0,2506300
2021-01-26,318.3837890625,0.0,326.1784663244468,317.8827245126588,325.25053125215135,0.0,2467500
2021-01-27,308.9930114746094,0.0,313.6419740572626,305.2998489570706,312.75116454528387,0.0,4770900
2021-01-28,313.7811584472656,0.0,321.6036423013341,310.4034903771004,312.37999610441335,0.0,2769900
2021-01-29,309.5404968261719,0.0,314.5884647086326,306.80310599177415,312.27791597889404,0.0,3899200
2021-02-01,309.9303283691406,0.0,313.7812534322165,308.7611210625284,310.88610040473134,0.0,3020200
2021-02-02,314.31011962890625,0.0,319.8035068572073,312.8068695779898,312.8068695779898,0.0,2663700
2021-02-03,313.5399475097656,0.0,315.6463496090847,310.48703365685174,313.64200675940526,0.0,2537100
2021-02-04,305.5874938964844,0.0,311.1272657628123,304.72452133237203,308.37129828522563,0.0,5962200
2021-02-05,301.1241455078125,0.0,309.44772219729305,300.16837375052876,308.1764276726941,0.0,7227900
2021-02-08,300.9664001464844,0.0,303.45325886621055,300.474595785357,303.4439987737312,0.0,4758200
2021-02-09,305.8752136230469,0.0,307.1836053500388,298.5259560821052,300.55813596463224,0.0,4096900
2021-02-10,309.37347412109375,0.0,311.5634150982482,306.0050660760087,308.68681139219353,0.0,4122700
2021-02-11,309.0672607421875,0.0,312.38925497479005,307.61039626213505,310.8581681683718,0.0,2776700
2021-02-12,304.5852966308594,0.0,308.4455086315492,304.2512537099766,307.77739447146206,0.0,2760800
2021-02-16,301.2262878417969,0.0,306.07011019991876,299.24052145194025,303.7688209557094,0.0,4339000
2021-02-17,303.3047790527344,0.0,304.9194049885175,299.0177244696042,300.14980614760907,0.0,2620000
2021-02-18,304.7431335449219,0.0,305.82880162524583,301.7644701553639,302.414007657539,0.0,2383500
2021-02-19,301.1890869140625,0.0,305.1513869230807,300.75295639348724,305.05858777264075,0.0,2313800
2021-02-22,304.0285949707031,0.0,305.3369582197349,297.263941826565,298.33106126540457,0.0,2688300
2021-02-23,305.7638244628906,0.0,309.87456909202325,303.1006559483886,306.2092150715003,0.0,3225700
2021-02-24,308.26922607421875,0.0,309.5590690979907,302.5438839546931,304.8173073276498,0.0,3360500
2021-02-25,305.169921875,0.0,309.55906379915547,303.76873122505316,307.1464275864731,0.0,2780100
2021-02-26,308.2785339355469,0.0,313.5584857875761,306.0793327511618,306.7288701908507,0.0,5430000
2021-03-01,310.5334167480469,0.0,314.4864285873621,309.63331873875813,310.264307690873,0.0,4198900
2021-03-02,310.524169921875,0.0,313.33581172984566,309.82821869892854,310.858212916092,0.0,2568900
2021-03-03,308.8816833496094,0.0,313.7904668634675,308.79817260742556,309.299265378854,0.0,3039700
2021-03-04,309.75396728515625,0.0,316.27734893286976,308.696136154398,310.08803859688305,0.0,4991600
2021-03-05,322.0862121582031,0.0,323.1904569639415,310.87674261381545,310.8860310247577,0.0,4563100
2021-03-08,324.9349365234375,0.0,328.4889142942999,320.6942677543708,322.0026592010298,0.0,3419900
2021-03-09,326.6145324707031,0.0,335.2164786983445,326.02064054886347,327.4867935319517,0.0,4277600
2021-03-10,324.406005859375,0.0,328.9343321321689,323.38527193422516,328.4054025093655,0.0,3012300
2021-03-11,327.65380859375,0.0,330.31697714242534,324.6565687660061,325.48244439394165,0.0,2520500
2021-03-12,331.5370788574219,1.25,332.28208122216546,327.78421647801275,328.8830914136427,0.0,2088700
2021-03-15,329.544189453125,0.0,333.32498685949867,327.3744042641066,332.3751410130997,0.0,2343400
2021-03-16,330.21466064453125,0.0,330.92237718477696,327.7096459010667,329.2182362244174,0.0,2904200
2021-03-17,327.96112060546875,0.0,333.4460880785146,327.63518387903633,330.74552226609035,0.0,2633100
2021-03-18,337.15240478515625,0.0,339.26631880165905,328.11015349416897,328.60370512791553,0.0,3311600
2021-03-19,340.4396667480469,0.0,344.9840819158753,334.3214961786823,337.03138379111124,0.0,8572900
2021-03-22,341.6316223144531,0.0,343.23334185562504,335.3458088087564,339.89954512286056,0.0,3505200
2021-03-23,343.1587829589844,0.0,345.9897344717667,341.9668078618541,343.48471964422356,0.0,3100100
2021-03-24,345.11444091796875,0.0,348.09436502351474,340.37447542553707,340.8773200341329,0.0,3407800
2021-03-25,345.57073974609375,0.0,346.5205857712249,338.4002732966752,345.11444534464846,0.0,3021500
2021-03-26,350.590087890625,0.0,351.1301897218305,344.8257619326803,346.12015909689586,0.0,2959800
2021-03-29,352.99267578125,0.0,354.3336516642168,349.2025560506573,350.4783388959534,0.0,2740400
2021-03-30,347.87091064453125,0.0,353.756301793275,346.23193376287196,351.58651602349613,0.0,3066000
2021-03-31,346.4833679199219,0.0,351.07433314823913,346.23191718551715,347.16314883843023,0.0,3356500
2021-04-01,341.82720947265625,0.0,347.06072681220115,340.6072982815069,346.60443239657667,0.0,2977700
2021-04-05,344.7232666015625,0.0,347.00479512263854,342.3579590754775,344.20177923999023,0.0,2709400
2021-04-06,339.3128356933594,0.0,344.36012320414676,337.7763093179843,343.4195702435717,0.0,2698600
2021-04-07,340.4955139160156,0.0,340.71900039155065,335.7555203689047,339.14521681548547,0.0,2158900
2021-04-08,339.7971496582031,0.0,341.6782274669448,338.13952994512607,338.13952994512607,0.0,2426700
2021-04-09,350.42242431640625,0.0,350.7111038262083,341.7619821844812,343.0191504730334,0.0,2483200
2021-04-12,350.40380859375,0.0,353.70966924845675,348.30853759371377,348.7276031612937,0.0,3057300
2021-04-13,348.7462463378906,0.0,353.2254682162724,348.58792445604973,350.37590169460975,0.0,2652300
2021-04-14,349.7985534667969,0.0,352.0148893676295,348.820743171111,349.5284883277292,0.0,2805600
2021-04-15,363.1895446777344,0.0,365.37791559563294,353.86790985307493,353.86790985307493,0.0,4488300
2021-04-16,364.1208801269531,0.0,366.8307675164219,358.9525276513519,366.8307675164219,0.0,4532400
2021-04-19,363.0312805175781,0.0,366.337169357218,361.7554979237769,363.1802809661948,0.0,2965400
2021-04-20,369.26129150390625,0.0,370.5184599372076,362.6402479975533,363.04996378530797,0.0,3348100
2021-04-21,371.384521484375,0.0,373.870922691181,368.24627512229006,371.4310717029889,0.0,2473300
2021-04-22,369.2706298828125,0.0,371.33796541376637,366.1509979735487,371.0399644463104,0.0,2718600
2021-04-23,372.7813720703125,0.0,374.34583455829755,367.3709179851613,368.41389297715136,0.0,2263200
2021-04-26,368.6373596191406,0.0,372.49267241977435,368.0320647102456,372.3157361268601,0.0,1642300
2021-04-27,367.3708801269531,0.0,369.07502151522624,365.32215916171333,367.51988059887367,0.0,1758500
2021-04-28,367.4546813964844,0.0,369.6896315999128,366.25338464980484,368.00410464181937,0.0,1886500
2021-04-29,373.93597412109375,0.0,374.50404007848596,369.04700905120086,369.4660745676201,0.0,1996500
2021-04-30,371.3752136230469,0.0,374.22478052824624,370.9561763834222,373.4239348576716,0.0,2328100
2021-05-03,377.98687744140625,0.0,378.7970443364046,372.9861686048869,373.42384856664745,0.0,2568500
2021-05-04,383.0528259277344,0.0,384.1051222459312,375.75197315574866,377.59582206524766,0.0,3237200
2021-05-05,384.1330871582031,0.0,384.36589508981416,378.8250549498968,382.27062370531485,0.0,2767600
2021-05-06,386.4331359863281,0.0,388.183855750161,384.1888646651534,384.59860879791984,0.0,3058700
2021-05-07,388.92889404296875,0.0,390.20467686006145,385.5950972308346,386.4611358472492,0.0,1851000
2021-05-10,391.9460754394531,0.0,396.6860407966826,389.4596746032507,390.437456399897,0.0,2489300
2021-05-11,383.3880920410156,0.0,393.2498320709468,382.3730245064014,392.0485352526569,0.0,3024000
2021-05-12,377.4933776855469,0.0,382.59653747018973,376.8508255594518,381.1438183378708,0.0,2888100
2021-05-13,380.46392822265625,0.0,384.76621307961307,376.51551587236327,378.3407216016024,0.0,2637500
2021-05-14,381.61865234375,0.0,384.2167961520864,380.40806277714734,382.726820087778,0.0,2072900
2021-05-17,380.5291442871094,0.0,384.1423271670838,380.47327266887726,381.1623749063605,0.0,1583900
2021-05-18,382.1588134765625,0.0,384.5613784054363,378.3314369737304,381.5162614244004,0.0,2694800
2021-05-19,381.3392639160156,0.0,382.4753673775042,376.4502989940154,381.32994250782167,0.0,2783100
2021-05-20,380.53851318359375,0.0,385.3715792773714,380.2405122365479,381.3672945700803,0.0,2105800
2021-05-21,383.3228454589844,0.0,389.8414662747259,381.30206050177463,382.5126785617712,0.0,4295400
2021-05-24,382.6896057128906,0.0,385.4367216541558,381.7304383810369,384.01193856084046,0.0,1883600
2021-05-25,384.64520263671875,0.0,385.3994979623894,380.77130417302106,383.52774176335976,0.0,2285600
2021-05-26,384.7941589355469,0.0,386.7404293540937,382.7454666934118,383.7605056149163,0.0,1903900
2021-05-27,384.3192443847656,0.0,386.5634872500389,382.15878052375757,386.38657941369183,0.0,2041800
2021-05-28,383.59295654296875,0.0,386.89881755677266,381.8235936600412,384.31931609845776,0.0,2367900
2021-06-01,378.75048828125,0.0,385.2784303879035,378.22900089897934,385.2784303879035,0.0,2199600
2021-06-02,377.9403381347656,0.0,381.00409795547364,376.7297200431543,381.00409795547364,0.0,2232900
2021-06-03,379.9052429199219,0.0,381.581476883673,375.1373415828171,375.7519578609658,0.0,2281200
2021-06-04,377.7447814941406,0.0,382.7361689863054,376.8228429301029,382.6989117668161,0.0,2990900
2021-06-07,372.7254333496094,0.0,379.2067970752897,371.272714383835,378.97398918437807,0.0,3353800
2021-06-08,374.1130065917969,0.0,375.0535596840708,371.32863295846863,373.16316050758513,0.0,3051300
2021-06-09,373.51702880859375,0.0,377.8751862070074,372.9862199357403,375.5936572461753,0.0,1925700
2021-06-10,373.8801574707031,0.0,375.1466471956901,371.06784833360035,374.2712872381214,0.0,4033600
2021-06-11,370.52777099609375,0.0,375.6215807863033,367.63162581694587,375.61228779477574,0.0,3094300
2021-06-14,371.71038818359375,0.0,371.99906769001643,367.9575261811675,369.9782827261262,0.0,2674900
2021-06-15,372.7532958984375,0.0,373.88939931955287,369.2053066117835,372.4552950360963,0.0,2845800
2021-06-16,369.9317932128906,0.0,375.4260545648644,369.3916913306562,373.51704094543715,0.0,3330800
2021-06-17,370.0248718261719,0.0,370.69535969659603,367.4732779870658,368.7677035167601,0.0,3532000
2021-06-18,363.92156982421875,1.45,366.9965501499182,361.9401332452796,361.9681713658113,0.0,5521400
2021-06-21,372.0530090332031,0.0,373.1091592307491,363.7814202669252,363.9216108854014,0.0,3839300
2021-06-22,372.63250732421875,0.0,374.46439808086535,371.8193731601007,374.4270044057861,0.0,3964600
2021-06-23,369.7071228027344,0.0,372.9222947435176,369.436068536901,371.8194236246382,0.0,2942100
2021-06-24,372.80078125,0.0,375.8757624992306,370.9034584628195,372.2867393781955,0.0,3309100
2021-06-25,378.4833984375,0.0,383.18464791209306,372.9409481019549,373.95037772588995,0.0,16928900
2021-06-28,375.2214660644531,0.0,378.5207520340781,371.92218009482815,378.48338688101285,0.0,3193300
2021-06-29,372.0810241699219,0.0,376.84770456473586,371.5015506340097,375.69808451822365,0.0,2458800
2021-06-30,374.2681884765625,0.0,375.16543715465286,370.86607659914534,371.55773134037986,0.0,2875600
2021-07-01,378.42730712890625,0.0,378.7263709657506,375.548593080518,375.7542155125457,0.0,2678100
2021-07-02,382.60516357421875,0.0,383.0818402812345,377.48334195350276,378.61425116583325,0.0,1982400
2021-07-06,383.4462890625,0.0,384.2874612741981,379.19365026072563,381.9602114997967,0.0,2615300
2021-07-07,384.7548522949219,0.0,385.24085602219805,380.5863556271142,383.53047316486396,0.0,2270400
2021-07-08,383.15655517578125,0.0,383.97901629637255,378.60482401278233,381.904109612918,0.0,2032300
2021-07-09,385.1753845214844,0.0,386.24089032377026,383.80148786540485,385.56794679680456,0.0,2078900
2021-07-12,388.8485412597656,0.0,389.1849987541291,383.49303129035474,384.15661925291533,0.0,2802600
2021-07-13,391.1851501464844,0.0,392.25998296026427,388.5400967761832,389.1663195935421,0.0,2948900
2021-07-14,387.6334533691406,0.0,394.91432327593867,386.3343156890031,393.2693440613057,0.0,3538700
2021-07-15,392.5964050292969,0.0,394.16662544412003,380.5862767913221,384.9884331220438,0.0,3546500
2021-07-16,392.2694091796875,0.0,394.69012946487237,390.3440482034706,393.8208903941751,0.0,2625400
2021-07-19,382.3247375488281,0.0,392.1104425621076,380.2217925905848,389.97010392927314,0.0,3611300
2021-07-20,385.979248046875,0.0,390.42815470983095,383.77347729389777,384.13800149731736,0.0,3186700
2021-07-21,387.5400085449219,0.0,389.9607281268669,383.97899595319706,389.80182642199213,0.0,1863700
2021-07-22,388.59619140625,0.0,389.58690989256166,386.68954178524484,388.82985196477665,0.0,1421900
2021-07-23,390.40008544921875,0.0,391.93288393165096,388.80182663970226,390.5869967883836,0.0,1611700
2021-07-26,386.5119323730469,0.0,390.372009112859,384.0444633442313,389.5868845869519,0.0,2232600
2021-07-27,387.969970703125,0.0,388.11951687317605,382.69857517013185,385.0725742697929,0.0,2630600
2021-07-28,382.4276123046875,0.0,387.3998877914375,380.21248603721875,387.3998877914375,0.0,2446600
2021-07-29,385.1473693847656,0.0,385.614690514079,381.72660381844787,384.3996669870715,0.0,1597300
2021-07-30,385.2781677246094,0.0,386.72685157086164,383.4369216461073,383.9135982446221,0.0,1864200
2021-08-02,388.4092712402344,0.0,389.2224054017325,385.8296496053988,386.5399868145313,0.0,1806500
2021-08-03,394.3255920410156,0.0,394.54992559514045,387.95132452560426,388.6429792432105,0.0,2496500
2021-08-04,393.9891052246094,0.0,395.97054224688486,392.2786939204438,394.46575338029606,0.0,1995400
2021-08-05,384.3155517578125,0.0,394.65269283355326,381.2312437203632,394.47510852296494,0.0,3598600
2021-08-06,387.9886169433594,0.0,389.53077067575487,385.081893756185,385.081893756185,0.0,1944000
2021-08-09,384.0164794921875,0.0,389.02617708157356,383.5304757616208,387.8298360714697,0.0,1509800
2021-08-10,384.86700439453125,0.0,386.6147809284034,381.86681060388986,383.6800189441577,0.0,1441800
2021-08-11,381.0909729003906,0.0,386.8764099660445,380.8760234652527,386.03523775377636,0.0,1542600
2021-08-12,379.4272766113281,0.0,382.0162533307709,377.8757673938276,380.3993123245959,0.0,1939900
2021-08-13,382.8948974609375,0.0,383.2500375513651,379.38998907512564,380.4741489688814,0.0,1537800
2021-08-16,389.9420471191406,0.0,390.1383425090759,380.70777802574133,383.05373897189054,0.0,2377500
2021-08-17,394.21337890625,0.0,394.8863224191038,389.3999773671647,389.83926033420835,0.0,2258000
2021-08-18,390.0448913574219,0.0,394.0358032995879,389.82991338224974,393.8114982980285,0.0,3037000
2021-08-19,399.92413330078125,0.0,400.3540608001388,385.44650374187285,388.23174824427906,0.0,3204500
2021-08-20,401.6251525878906,0.0,403.16730674679366,399.0081654408444,400.35405269447403,0.0,2401900
2021-08-23,397.55938720703125,0.0,402.4195379915198,397.1294597872008,402.4195379915198,0.0,2375900
2021-08-24,395.7369079589844,0.0,398.10155188661804,394.1573601570412,397.7089895622628,0.0,1619300
2021-08-25,392.3067321777344,0.0,395.93314870183036,392.0357064595343,394.2788421737429,0.0,1939000
2021-08-26,389.60565185546875,0.0,393.8489359208993,389.4000294067557,392.33479142236547,0.0,1385400
2021-08-27,391.3907470703125,0.0,392.87682463267186,388.92327815868737,390.6897654735573,0.0,1621600
2021-08-30,390.9609069824219,0.0,393.08256349856924,390.5777286962592,391.3908630257162,0.0,1284200
2021-08-31,389.0635986328125,0.0,393.2414514848534,387.1475930380408,389.74589788300653,0.0,4249100
2021-09-01,390.0729064941406,0.0,392.428194440758,384.3622281331827,389.3158486354774,0.0,2034400
2021-09-02,396.0172119140625,0.0,396.66211727048614,390.90471828333574,391.7646015995721,0.0,3137400
2021-09-03,395.2228088378906,0.0,396.28831469581,393.11986377169825,394.3535983893887,0.0,1604800
2021-09-07,393.70867919921875,0.0,394.6620325173175,390.28788525496,392.8301132315285,0.0,1920300
2021-09-08,388.2410583496094,0.0,395.2321641326401,387.12883178903303,393.661971996421,0.0,2262500
2021-09-09,387.4559020996094,0.0,392.75533578010646,386.87642851499743,388.1942774040418,0.0,3508500
2021-09-10,378.83636474609375,1.45,390.1758468607075,377.598299900927,389.76315857898527,0.0,4215800
2021-09-13,388.78778076171875,0.0,390.93563216503475,381.21876489611986,382.6537857533441,0.0,3068200
2021-09-14,386.93072509765625,0.0,391.6672243413531,385.8333426993671,391.6672243413531,0.0,2879800
2021-09-15,391.6015319824219,0.0,395.2594539394607,384.07940114587103,386.9119178048166,0.0,3180600
2021-09-16,390.9637145996094,0.0,397.11648553283146,389.2004152547596,393.61805200376006,0.0,2262700
2021-09-17,394.07769775390625,0.0,394.9499592005112,389.2098755061434,389.2098755061434,0.0,4534200
2021-09-20,387.0807189941406,0.0,393.2709860636431,383.34777625456144,391.03875402770024,0.0,2799800
2021-09-21,386.7431335449219,0.0,392.78335944186705,386.6211989855738,389.2474003364529,0.0,2382200
2021-09-22,383.3290710449219,0.0,386.4242049263897,379.8024720541522,379.8024720541522,0.0,3629400
2021-09-23,382.7007141113281,0.0,389.09735573334467,382.21300446385703,384.3608274890894,0.0,2681600
2021-09-24,381.8096923828125,0.0,382.56943636627096,380.0745576852557,381.67839804335864,0.0,1950400
2021-09-27,380.1119689941406,0.0,386.5648825421185,379.8212152112927,382.5130491110906,0.0,2608600
2021-09-28,373.87481689453125,0.0,378.9208466097789,372.3741345496675,377.60776029169875,0.0,3115400
2021-09-29,375.5537109375,0.0,376.90432220016345,371.2298714946735,372.3553904212715,0.0,2056300
2021-09-30,366.4840087890625,0.0,378.44252654727245,366.22139150478813,376.566680624416,0.0,3779900
2021-10-01,368.06903076171875,0.0,369.25082262737527,359.33697194424536,367.29056744622125,0.0,3146600
2021-10-04,362.9855651855469,0.0,370.620243012435,360.87523857626337,367.30937618812897,0.0,3074800
2021-10-05,369.00701904296875,0.0,371.42687628091886,365.0771195958764,365.17091761542605,0.0,3269400
2021-10-06,369.7760925292969,0.0,370.27319050685855,361.8881577358108,366.49336247513696,0.0,2809200
2021-10-07,379.577392578125,0.0,382.83198604456555,372.0833694691759,372.1302827860177,0.0,2813700
2021-10-08,383.1039733886719,0.0,383.7230059272185,377.6452839544604,381.1812429246994,0.0,2012200
2021-10-11,379.8494567871094,0.0,385.6927278456483,379.11787793391585,382.67261440079477,0.0,2164200
2021-10-12,378.2080078125,0.0,383.02894508904023,377.3357464155512,379.9619189944726,0.0,2415700
2021-10-13,378.49871826171875,0.0,380.1494714783411,373.39641615864144,378.3017624966407,0.0,3021800
2021-10-14,394.2652587890625,0.0,406.58957950556817,391.8641784410027,399.23626736174316,0.0,6038800
2021-10-15,401.49658203125,0.0,403.7663389644095,395.33442294637814,395.8502689885154,0.0,3312000
2021-10-18,398.26080322265625,0.0,401.4309870929516,397.5292245312907,401.4309870929516,0.0,2232800
2021-10-19,398.0357666015625,0.0,401.2622240055924,397.11659175889105,400.33366077353355,0.0,1616800
2021-10-20,408.0808410644531,0.0,408.49352939990274,400.3429777094722,400.4930487971933,0.0,2764000
2021-10-21,414.8244934082031,0.0,415.03083756841664,408.0714378222438,408.4653779910632,0.0,2465100
2021-10-22,421.2774353027344,0.0,421.39936985425624,413.11749497011795,413.47391023667893,0.0,2736200
2021-10-25,421.5869445800781,0.0,424.5414245394312,418.7262912561326,422.06529440647523,0.0,3553500
2021-10-26,426.417236328125,0.0,429.29663757592635,419.80486340188634,422.5248338023438,0.0,3103900
2021-10-27,425.3293151855469,0.0,431.8572509877159,425.3293151855469,426.4173092564313,0.0,3520400
2021-10-28,427.1676025390625,0.0,429.47488482981277,424.4288551110352,424.87906840174975,0.0,1672600
2021-10-29,431.8853454589844,0.0,432.7482470942931,424.93533355163197,426.20153515182943,0.0,2497800
2021-11-01,425.92010498046875,0.0,436.84692839665297,423.1719980717545,433.15151030940723,0.0,2203100
2021-11-02,423.9786682128906,0.0,428.10552317509007,422.42171279172084,427.9367039256359,0.0,2600000
2021-11-03,428.9402770996094,0.0,429.118484744547,419.28907084593794,422.4592549003407,0.0,2438200
2021-11-04,428.4056091308594,0.0,430.04697396129563,424.0911587090865,429.193460814693,0.0,2517300
2021-11-05,427.5146484375,0.0,432.8701803533726,426.36099292926,429.4092424517889,0.0,2905000
2021-11-08,433.90185546875,0.0,435.37440118287435,426.1077190335074,428.4900510385668,0.0,2279900
2021-11-09,435.5245056152344,0.0,435.6370517838623,431.7165409199321,433.90188868915317,0.0,2657800
2021-11-10,431.3507080078125,0.0,437.0720430513517,428.28371062806775,436.49992385856456,0.0,2818200
2021-11-11,428.99652099609375,0.0,432.24172585270964,427.1675600963694,431.4444857522367,0.0,2246800
2021-11-12,430.49713134765625,0.0,432.3823651359584,428.70569555407445,432.07286323882323,0.0,2609500
2021-11-15,422.8156433105469,0.0,429.7656556223643,422.53427788218835,429.56869982251334,0.0,2849600
2021-11-16,421.7088623046875,0.0,429.896938993742,421.47438159493015,424.8696576925151,0.0,3383800
2021-11-17,421.08050537109375,0.0,425.77947972526624,420.87416118426427,422.43111666249814,0.0,2281500
2021-11-18,421.5682067871094,0.0,424.7008658366923,419.3546938602384,420.8741530008763,0.0,2073800
2021-11-19,412.6860046386719,0.0,421.54938596027733,412.2170432697643,420.31132107681003,0.0,3536100
2021-11-22,410.37872314453125,0.0,416.2032153379389,410.2380404583389,415.33095406041576,0.0,2598700
2021-11-23,419.37347412109375,0.0,419.7392491709105,408.9343875831345,408.94377597161093,0.0,2857000
2021-11-24,422.21533203125,0.0,422.9844355985295,417.97593127005416,418.91385407216114,0.0,2248800
2021-11-26,412.60162353515625,0.0,420.3582348084925,411.00714332145,417.3006259356827,0.0,2480600
2021-11-29,423.941162109375,0.0,424.9541062742175,413.20193316863305,416.02509033234907,0.0,4079700
2021-11-30,416.64404296875,0.0,423.3314367209417,413.8584112709079,419.3077401300296,0.0,7435400
2021-12-01,416.75665283203125,0.0,427.6178159095749,416.5690854282164,424.7759107024086,0.0,4325500
2021-12-02,418.3323669433594,0.0,420.08630683239045,411.95450259044276,415.64053276538016,0.0,4738700
2021-12-03,422.802001953125,1.45,427.61982477483406,418.8969327398132,421.34346275148573,0.0,3038300
2021-12-06,432.95526123046875,0.0,434.52671397629575,424.87222841908886,425.4650517380745,0.0,4721500
2021-12-07,437.3025207519531,0.0,438.2623119345181,433.0681022791558,435.4393662859866,0.0,3105200
2021-12-08,441.1888122558594,0.0,442.4215251104544,435.19476143550565,438.582302421186,0.0,3228300
2021-12-09,445.3856201171875,0.0,446.4771627149904,439.7773465578041,440.878308165159,0.0,2977400
2021-12-10,450.0058288574219,0.0,450.2410743556756,443.21193771919513,444.14350070300253,0.0,2572300
2021-12-13,449.921142578125,0.0,451.9160198027103,446.03488236396055,448.8672186272483,0.0,2724800
2021-12-14,451.1632080078125,0.0,454.5319395469654,449.0177702614852,451.43610082016073,0.0,3018000
2021-12-15,465.2026672363281,0.0,466.1624585001847,451.8030932790019,452.2359369411541,0.0,4188600
2021-12-16,463.77227783203125,0.0,467.63030896920367,461.1845778727246,464.85442987911165,0.0,4080800
2021-12-17,458.37109375,0.0,464.02640409926,457.6747763405428,462.41733310766836,0.0,5707200
2021-12-20,455.18121337890625,0.0,456.3856691378034,447.21109503727325,453.55330425184997,0.0,3145600
2021-12-21,458.455810546875,0.0,460.1401762880149,453.7415104765364,458.27702167799197,0.0,2536000
2021-12-22,464.9674377441406,0.0,466.20954086939213,457.22314558801736,458.39937308166657,0.0,1687500
2021-12-23,466.1436462402344,0.0,468.75015592199645,463.7253157198921,465.78606850209934,0.0,1706500
2021-12-27,470.0205383300781,0.0,470.7733124904558,467.329343426059,469.2489261499702,0.0,1349400
2021-12-28,473.2574768066406,0.0,475.4970185017925,470.86737454950895,472.3729514528161,0.0,1495500
2021-12-29,475.74169921875,0.0,477.28492358742227,472.3729960653341,474.9889250542474,0.0,1573900
2021-12-30,474.65948486328125,0.0,479.17621513646094,473.9255201424067,477.95292145734453,0.0,1309800
2021-12-31,472.5046691894531,0.0,476.95549523689334,472.41056525533094,474.3866330059407,0.0,1695400
2022-01-03,472.63641357421875,0.0,473.2198177896627,463.95113982166856,470.49097587289793,0.0,3033600
2022-01-04,461.92803955078125,0.0,474.01966350966075,461.90923024947176,473.5021349169908,0.0,3908100
2022-01-05,460.7894592285156,0.0,467.6680350728106,460.7894592285156,465.5696349597988,0.0,3921100
2022-01-06,441.9322204589844,0.0,455.5670700887681,435.78760873188367,451.6713905612603,0.0,6555200
2022-01-07,431.5343933105469,0.0,440.3513909215447,428.6643806988793,440.087917084337,0.0,5494200
2022-01-10,437.55657958984375,0.0,438.36581023269764,427.6198131119612,429.0877425655242,0.0,5831800
2022-01-11,441.32049560546875,0.0,442.68493079915964,433.4821292889247,439.62673973153113,0.0,3332800
2022-01-12,445.761962890625,0.0,447.26753972821314,438.8175116235732,441.292298704451,0.0,3502300
2022-01-13,439.84320068359375,0.0,448.4249517595134,438.4787940404282,447.80392892228787,0.0,3005300
2022-01-14,441.0288391113281,0.0,445.2444486490061,437.63187928789,442.1580289549979,0.0,3665400
2022-01-18,433.7832946777344,0.0,438.2247309860554,431.2991170633812,437.71662136823994,0.0,3938800
2022-01-19,435.22296142578125,0.0,447.42749847294345,434.2725891829493,440.3795528526764,0.0,4030900
2022-01-20,435.6747131347656,0.0,443.79539326796424,434.7337310329627,436.9732730298929,0.0,3228600
2022-01-21,433.95269775390625,0.0,443.0049403367538,433.8585938070995,436.1451732603899,0.0,4273200
2022-01-24,434.9877014160156,0.0,436.7473617266305,421.68223201216136,431.03559458558385,0.0,4780700
2022-01-25,429.8782043457031,0.0,432.3718008496861,420.87299990412964,427.2716945987459,0.0,3428900
2022-01-26,431.3743591308594,0.0,436.50272237197515,426.688287282348,431.39319714887966,0.0,4435900
2022-01-27,434.3572998046875,0.0,441.0194397733189,430.0381958422138,431.0450247643127,0.0,3508100
2022-01-28,438.5540771484375,0.0,438.7610943411217,428.22208424964026,434.1690974972118,0.0,3364400
2022-01-31,444.6798400878906,0.0,445.25382528454884,436.99200504069455,437.5565999452121,0.0,3500500
2022-02-01,440.7654113769531,0.0,446.9664797233462,435.43944945679675,446.9664797233462,0.0,3148600
2022-02-02,451.46435546875,0.0,453.53452741338674,441.3770269972785,441.3770269972785,0.0,3026800
2022-02-03,459.9237365722656,0.0,470.6603440492721,455.0306476705783,469.2206428169087,0.0,4370900
2022-02-04,454.654296875,0.0,460.73303270546006,451.8501601073704,453.31808976653423,0.0,3066400
2022-02-07,455.15301513671875,0.0,458.50290883483956,452.89463531266625,456.2915953417421,0.0,2937200
2022-02-08,464.2899475097656,0.0,466.41657608978153,452.94170650960575,452.94170650960575,0.0,3534700
2022-02-09,468.703125,0.0,471.36609133984234,466.99994993162034,467.6680390897025,0.0,2818100
2022-02-10,457.9947509765625,0.0,465.05211583461085,456.4421364510901,463.18896117414926,0.0,2626100
2022-02-11,449.9117431640625,0.0,461.48581066101366,448.3214812340442,456.07516398171265,0.0,2493800
2022-02-14,446.4018249511719,0.0,449.544701173236,441.6310396409577,447.069914085498,0.0,2549500
2022-02-15,450.0058288574219,0.0,452.7723182142048,447.1546545672466,447.85097205280033,0.0,3001000
2022-02-16,451.7184143066406,0.0,453.2992859495954,443.5789254491445,447.43695753501623,0.0,2651800
2022-02-17,442.5814514160156,0.0,451.0032514407222,441.21704480454,449.94935624064743,0.0,2403100
2022-02-18,440.2008361816406,0.0,446.8912338798395,439.2786633809304,442.4968348148416,0.0,2992300
2022-02-22,435.2135314941406,0.0,439.6173197296117,430.8003242507452,436.45560573119235,0.0,3029800
2022-02-23,432.4941101074219,0.0,440.11606948434473,431.76014535062126,439.6173502100634,0.0,2840300
2022-02-24,428.9842834472656,0.0,429.6429535953886,419.43329349282095,422.9902041854552,0.0,3933000
2022-02-25,447.6722106933594,0.0,447.7004390062253,429.30425139864457,429.6994477787666,0.0,3314400
2022-02-28,447.78509521484375,0.0,449.14011157845357,438.1306108032468,438.356466008176,0.0,3918300
2022-03-01,448.14263916015625,0.0,448.8107282823817,440.12548354398314,443.09898985557044,0.0,2917600
2022-03-02,456.73382568359375,0.0,458.41819142281673,449.68588003345354,449.9681631332159,0.0,3675900
2022-03-03,457.8724060058594,0.0,462.37971761061544,453.7603194574317,457.31723009842653,0.0,3139400
2022-03-04,469.2206726074219,0.0,470.1710736249039,449.30948986955224,452.3206437821438,0.0,4170100
2022-03-07,458.1358947753906,0.0,470.49099284206176,454.5131083872085,470.49099284206176,0.0,4123300
2022-03-08,445.5173034667969,0.0,455.89633316747364,443.6917961968836,450.54214360517494,0.0,3849500
2022-03-09,456.9126281738281,0.0,458.9357336930791,445.63965368457053,454.09907251869686,0.0,3115500
2022-03-10,462.43621826171875,0.0,464.57223716486703,449.6294377030731,451.04091076986987,0.0,2834800
2022-03-11,455.7165222167969,1.45,466.0318830808598,455.3767801037603,460.3975959612623,0.0,2615000
2022-03-14,460.4825744628906,0.0,467.7212475637189,457.99101701807126,462.82309700642185,0.0,2704100
2022-03-15,469.9107971191406,0.0,471.82664202587927,459.90686612571756,462.4456003993745,0.0,3043000
2022-03-16,470.2410888671875,0.0,477.0739488689399,462.4550155176944,471.7227803306429,0.0,3497100
2022-03-17,478.5085144042969,0.0,478.60289682128547,467.3343217078358,468.1082172050841,0.0,2357200
2022-03-18,477.6590881347656,0.0,481.96266099643515,473.3555152730961,480.1317517138909,0.0,5065600
2022-03-21,479.1125793457031,0.0,484.15228978317583,475.99813213054193,476.61160349210786,0.0,2617700
2022-03-22,476.9041442871094,0.0,483.066939020939,476.45112595147015,480.6320050689006,0.0,2752500
2022-03-23,474.9316711425781,0.0,478.54628450725914,473.1384915815783,474.0256344797138,0.0,2753200
2022-03-24,484.58636474609375,0.0,486.7759099245251,475.5261718419363,476.60207946980034,0.0,2789200
2022-03-25,484.18060302734375,0.0,487.4837861040113,480.60369077272685,485.27534693031646,0.0,2551100
2022-03-28,484.34100341796875,0.0,488.0594459170896,480.1978544521304,485.39801734232344,0.0,2643000
2022-03-29,482.0098876953125,0.0,490.371674083811,478.77274662535547,488.0216470500277,0.0,3478400
2022-03-30,491.532470703125,0.0,491.89110657790195,483.6614328237237,486.1435433030267,0.0,3041200
2022-03-31,481.29266357421875,0.0,492.5423743390523,481.00954510926573,488.02169537068795,0.0,3979700
2022-04-01,483.7652587890625,0.0,485.83210957099215,478.112078298999,481.9626326535115,0.0,2344100
2022-04-04,481.33984375,0.0,483.66150158326167,476.1585741948331,483.40672376449413,0.0,2657500
2022-04-05,488.64453125,0.0,495.2225558228063,479.4333613895117,481.32089430836805,0.0,3268600
2022-04-06,501.84783935546875,0.0,503.5183245033292,488.87104990339975,489.0786508852235,0.0,3955600
2022-04-07,506.7554931640625,0.0,508.01071888518703,498.6768532801401,500.19630369874517,0.0,2867000
2022-04-08,515.2587890625,0.0,518.099477896085,507.8407404505109,508.6901533581464,0.0,3986700
2022-04-11,507.2177734375,0.0,516.8158607852115,506.4627719019174,513.0313486247035,0.0,3574000
2022-04-12,503.6976318359375,0.0,510.3228333957653,500.9324029451012,505.3019887793303,0.0,3575700
2022-04-13,506.8026123046875,0.0,508.01066107839847,498.89384439829007,503.3295584846725,0.0,3012000
2022-04-14,504.7452392578125,0.0,522.1765799966829,504.03741433679403,508.21829329125705,0.0,4211300
2022-04-18,504.0467834472656,0.0,510.57763091536617,500.5548361884413,507.65197806774427,0.0,2087100
2022-04-19,507.4632263183594,0.0,511.9743999481215,505.14154013885906,505.75501136604373,0.0,2207600
2022-04-20,515.3060302734375,0.0,517.5238588274392,508.6902169368783,511.653657999399,0.0,2986300
2022-04-21,507.2177734375,0.0,517.1839434747951,505.88708827129153,514.8245276742714,0.0,2539900
2022-04-22,491.6457214355469,0.0,503.35783832241447,490.9284496810884,502.140400277885,0.0,3453300
2022-04-25,494.7885437011719,0.0,496.66663005622667,482.95370223629135,491.1361714944302,0.0,3030400
2022-04-26,484.8883361816406,0.0,496.6665226038593,484.6335008167403,494.760096013276,0.0,2895300
2022-04-27,484.91668701171875,0.0,491.6080171725063,481.1510677071983,485.9548071718189,0.0,3353700
2022-04-28,494.929931640625,0.0,496.6853808245376,484.312560235251,487.7007067667869,0.0,2582700
2022-04-29,479.9525146484375,0.0,490.6643006053835,478.4519291426463,489.6732995481435,0.0,2873200
2022-05-02,472.96856689453125,0.0,484.63353559375986,465.59775297110366,482.0853545706926,0.0,3184300
2022-05-03,471.524658203125,0.0,477.09287531338657,469.505012681078,472.94975496782257,0.0,2763400
2022-05-04,479.0747375488281,0.0,481.10382972722437,465.3618117012766,471.41135831419746,0.0,4002600
2022-05-05,466.90020751953125,0.0,481.95329611717557,461.7189381684133,478.68784298597166,0.0,3359700
2022-05-06,471.524658203125,0.0,473.3650145707613,457.72679529144096,457.73624217379387,0.0,3260300
2022-05-09,459.0669860839844,0.0,466.81530220794235,457.18887086745366,462.82315891410093,0.0,3862700
2022-05-10,460.5675354003906,0.0,468.4385451783158,454.0649698750903,466.04137001383003,0.0,4275500
2022-05-11,458.81207275390625,0.0,472.3739925892569,457.15106331867383,457.15106331867383,0.0,3936300
2022-05-12,451.8753967285156,0.0,459.5104931948087,444.910424027684,458.7649095821169,0.0,3997600
2022-05-13,458.104248046875,0.0,459.614280189722,449.053530872621,453.93281629389276,0.0,2453400
2022-05-16,461.7094421386719,0.0,467.6929182128811,456.9245391349863,458.1136941256334,0.0,2338800
2022-05-17,464.83331298828125,0.0,466.9001639269333,460.99217642179383,466.2206508950276,0.0,2289000
2022-05-18,444.87261962890625,0.0,461.699962223389,442.02242660781775,460.80340140534673,0.0,3240500
2022-05-19,451.63946533203125,0.0,454.4990767906995,437.2753374686636,438.2096859264744,0.0,3813800
2022-05-20,458.415771484375,0.0,460.05791618950985,445.7504107496876,454.3103809200663,0.0,3068200
2022-05-23,464.4085998535156,0.0,467.8627886491604,458.94421263551106,458.94421263551106,0.0,2279800
2022-05-24,469.58050537109375,0.0,470.07125363266135,461.1809884239569,463.1912158823976,0.0,2658100
2022-05-25,470.0806579589844,0.0,474.0633537870494,463.63474536216995,470.48647064631984,0.0,3161600
2022-05-26,473.9879150390625,0.0,478.73505993660797,471.3264862857782,473.525449815035,0.0,2705800
2022-05-27,478.5934753417969,0.0,478.5934753417969,461.8699585372834,463.38940896600946,0.0,3349100
2022-05-31,468.8443603515625,0.0,475.76215670871056,467.787346390443,475.2997203010883,0.0,4003100
2022-06-01,464.8521728515625,0.0,473.18564708211227,460.3504170654768,470.2977239285527,0.0,1765900
2022-06-02,464.5784912109375,0.0,468.2497277983044,455.8108926501862,466.2206356504027,0.0,2093500
2022-06-03,458.302490234375,0.0,464.0217423955288,457.63242400484336,460.86953656886567,0.0,1756900
2022-06-06,462.615478515625,0.0,465.87148461927717,458.9442416291657,461.9076536062632,0.0,1781500
2022-06-07,469.1463623046875,0.0,469.6276636648453,459.7275616760235,461.97373069499224,0.0,2341900
2022-06-08,465.777099609375,0.0,469.90135478337703,461.07713186886883,466.22067103549585,0.0,3268100
2022-06-09,461.90765380859375,0.0,468.5423314765261,460.189991782104,465.1636599136721,0.0,3148800
2022-06-10,457.3775939941406,0.0,462.59662193500645,453.8856461907641,457.53801818101323,0.0,2599900
2022-06-13,443.2871398925781,0.0,454.27256705813954,440.9843473112036,448.4117851136299,0.0,3764600
2022-06-14,435.7842102050781,0.0,442.796388851629,431.69771366237455,441.2108679390883,0.0,3814200
2022-06-15,438.2190856933594,0.0,442.64535287662864,430.82940668076884,438.09642024175446,0.0,2550700
2022-06-16,431.9774475097656,1.65,433.6065157704134,426.8534597184501,429.4296600165867,0.0,3135600
2022-06-17,428.16058349609375,0.0,437.0636204675453,425.92536535995185,426.9198426163541,0.0,5277400
2022-06-21,454.9265441894531,0.0,459.4727671772723,432.93413340012074,433.6065891673957,0.0,5726800
2022-06-22,463.7916564941406,0.0,469.7017806658307,449.4520910138834,450.56969999513063,0.0,5061000
2022-06-23,473.3861083984375,0.0,476.95678612918414,465.951115384294,468.78306011271394,0.0,4687700
2022-06-24,469.4366149902344,0.0,473.3387950088526,460.8366384735418,473.03570576945805,0.0,15861100
2022-06-27,478.9268798828125,0.0,484.8275239948818,466.5383743093349,466.7751573633704,0.0,3907100
2022-06-28,481.55987548828125,0.0,491.1921933240463,478.3774964154063,485.00745040854747,0.0,4978200
2022-06-29,488.445556640625,0.0,491.2774726053234,479.2583629464612,481.9482148652046,0.0,3823400
2022-06-30,486.4754638671875,0.0,489.02325152181555,482.7721738974338,486.39967711304735,0.0,3568900
2022-07-01,490.0462341308594,0.0,490.1693659442238,475.7539834843111,485.23478626319155,0.0,2426600
2022-07-05,478.529052734375,0.0,483.9845433332222,466.2258149819543,480.8021930866815,0.0,3029600
2022-07-06,488.04779052734375,0.0,490.055706413527,477.6388156190074,478.9079983587193,0.0,2506700
2022-07-07,487.18585205078125,0.0,489.95146181118065,485.14949475432365,488.00985241709327,0.0,2385400
2022-07-08,491.2111511230469,0.0,500.4362090061434,483.99400877141716,485.2252690036021,0.0,3092100
2022-07-11,489.62005615234375,0.0,493.90105485706454,484.7517822353989,487.64052420114865,0.0,1743600
2022-07-12,487.22369384765625,0.0,491.6941875590275,483.62460331740056,486.11556544253455,0.0,2706500
2022-07-13,474.7405090332031,0.0,484.7990478291724,474.6931639874331,481.20943779609325,0.0,3467700
2022-07-14,475.8676452636719,0.0,479.1447436309881,466.25425879118575,468.83045964479516,0.0,3765500
2022-07-15,501.7432556152344,0.0,503.8648223783144,488.1992774547771,498.2483356753017,0.0,5742500
2022-07-18,491.9120178222656,0.0,504.0258171531521,491.32480051667824,502.9271692999636,0.0,3212000
2022-07-19,505.2476806640625,0.0,505.61707609388503,493.0675745180922,493.54114061529197,0.0,2953500
2022-07-20,492.00677490234375,0.0,505.8159796513411,488.4645094449383,505.2477234099693,0.0,4327500
2022-07-21,494.8386535644531,0.0,494.84807632635415,484.1171113467228,491.9309511052037,0.0,2667600
2022-07-22,493.8441467285156,0.0,499.70689702362046,490.9933275285482,498.19150871361444,0.0,1850300
2022-07-25,501.4780578613281,0.0,504.71729160525155,496.5056138145473,498.2768042110935,0.0,2337200
2022-07-26,503.4860534667969,0.0,509.21619196360564,502.9556617241315,505.5791787222114,0.0,2637800
2022-07-27,506.34637451171875,0.0,509.42455442278214,500.123708492965,505.33293603476466,0.0,2268100
2022-07-28,512.8624877929688,0.0,515.5618486272522,503.6279509665039,509.07395986416265,0.0,2344500
2022-07-29,513.6676025390625,0.0,515.0977233229438,508.3162835300525,511.46076875739504,0.0,2945700
2022-08-01,507.0755615234375,0.0,514.9083620751434,502.92711852001656,513.601315221553,0.0,2335000
2022-08-02,507.1513977050781,0.0,511.9533646033348,503.60907493400805,509.13087150971904,0.0,2114200
2022-08-03,512.0670776367188,0.0,514.8800326907098,507.36928083313103,508.8562854129463,0.0,1802900
2022-08-04,505.5318603515625,0.0,511.85869711881776,504.59420863275506,510.77895243300486,0.0,2368000
2022-08-05,506.7724914550781,0.0,507.1892318851144,499.6690008124295,501.9800054138387,0.0,2373400
2022-08-08,508.2310485839844,0.0,512.6825809004529,505.21917552093225,511.3660534415183,0.0,1656400
2022-08-09,508.8562927246094,0.0,516.8879558770328,508.02281170218436,511.45142589555564,0.0,2147200
2022-08-10,509.2918701171875,0.0,513.3266623110048,505.5886088596924,511.6976227668795,0.0,2291400
2022-08-11,504.6888122558594,0.0,510.1537831374661,501.6674584527878,509.7843877332448,0.0,3006200
2022-08-12,514.9557495117188,0.0,515.6187535629341,506.19477732845974,507.2934251611695,0.0,1981000
2022-08-15,515.84619140625,0.0,518.2803285508375,510.0876103708383,513.033178187717,0.0,1447300
2022-08-16,517.2477416992188,0.0,518.4979629208974,513.7149577116463,516.3858769840938,0.0,1773000
2022-08-17,516.1870727539062,0.0,518.8295509024977,512.938416095413,516.4143752430284,0.0,1471700
2022-08-18,516.3953247070312,0.0,519.1515114314286,513.1751103213071,516.1964639676561,0.0,1486400
2022-08-19,519.33154296875,0.0,523.8872466097141,516.0165802168694,516.6606231859456,0.0,2258000
2022-08-22,515.77978515625,0.0,520.4681010721564,512.729989435168,512.7679117202302,0.0,1672900
2022-08-23,507.4734191894531,0.0,514.567430090033,505.02037917384627,514.567430090033,0.0,2039600
2022-08-24,508.09844970703125,0.0,511.31866379778603,506.7345773249619,508.3067909974555,0.0,1761200
2022-08-25,512.9384155273438,0.0,513.364636598158,503.16400384736625,506.72523032864075,0.0,1965800
2022-08-26,501.269775390625,0.0,514.4728021128706,500.29420136267925,513.5919760010071,0.0,1906700
2022-08-29,501.76226806640625,0.0,504.7267966187176,495.2270324508141,498.1915610031254,0.0,1594000
2022-08-30,495.1986083984375,0.0,503.0124487883135,494.2040733748563,502.3683480423973,0.0,2013400
2022-08-31,491.87420654296875,0.0,499.2333848002824,491.7131524387852,493.28542434315835,0.0,2891300
2022-09-01,496.2972412109375,0.0,496.54350481660083,487.8583192817497,491.8741503048062,0.0,2085300
2022-09-02,489.0516662597656,0.0,501.7811247652035,486.64597139142353,501.62012848481584,0.0,1944200
2022-09-06,490.3113708496094,0.0,499.5648705740903,489.5915411569133,492.4424182148154,0.0,2711900
2022-09-07,494.0998840332031,0.0,495.82367145166165,487.4699591045276,489.66731258932015,0.0,2504400
2022-09-08,499.6217041015625,0.0,500.5498751366499,491.3816425973029,493.4085193307505,0.0,1557500
2022-09-09,498.1776123046875,1.65,501.4934663552631,496.50541980027344,501.4934663552631,0.0,2495500
2022-09-12,504.7427062988281,0.0,508.3246166254212,496.42929701861215,498.80455681295956,0.0,2792000
2022-09-13,488.3155212402344,0.0,499.0516859091381,486.4247943758391,497.8545454718189,0.0,3172500
2022-09-14,484.3345642089844,0.0,489.6646633708494,480.8476983444713,488.35351505312184,0.0,2648100
2022-09-15,496.8189392089844,0.0,501.6359742436249,488.4865651853361,490.5387646489124,0.0,3058100
2022-09-16,495.02325439453125,0.0,496.73343016848224,491.27984193866814,492.6479941557793,0.0,3981700
2022-09-19,497.42694091796875,0.0,497.85449931876815,487.374824293831,492.7144621599922,0.0,2130800
2022-09-20,496.7143249511719,0.0,498.49101466804996,489.1230037991031,498.08247693531916,0.0,2421700
2022-09-21,486.5292663574219,0.0,501.6644159257894,486.47226243773815,498.8331245985865,0.0,2427700
2022-09-22,491.64093017578125,0.0,494.97574713833325,480.8572129319811,485.5317382583386,0.0,2285600
2022-09-23,487.98291015625,0.0,488.9805077759511,481.1136766714327,487.9354165533589,0.0,2536900
2022-09-26,482.994873046875,0.0,486.99483190831336,474.10191320175244,482.0732999685158,0.0,2867400
2022-09-27,483.0043640136719,0.0,491.0042234262804,478.4533577523233,484.9045720064836,0.0,2583400
2022-09-28,488.29644775390625,0.0,490.5102062914241,475.8120673869629,481.2086800952593,0.0,3027300
2022-09-29,483.4414367675781,0.0,489.085086206329,477.39878885507454,489.085086206329,0.0,2392000
2022-09-30,479.8405456542969,0.0,490.77622328261924,479.6505132510504,485.59817373520303,0.0,3116000
2022-10-03,489.78814697265625,0.0,491.9733746847041,480.1825799718101,481.77874781338636,0.0,2562400
2022-10-04,497.0658874511719,0.0,498.4150768675258,491.0422606380393,492.4863792676044,0.0,3189800
2022-10-05,500.7713623046875,0.0,502.9375694433343,494.1776376975443,495.0042236044984,0.0,2281800
2022-10-06,493.2274475097656,0.0,502.2059410585296,490.95668524699505,501.9684150809948,0.0,2187300
2022-10-07,479.6600036621094,0.0,488.5149507853296,476.0591014326185,488.5149507853296,0.0,3273700
2022-10-10,473.9689025878906,0.0,481.04718950950956,470.3205064373577,480.37262373816793,0.0,2459100
2022-10-11,474.8714904785156,0.0,481.5412102967439,470.47250420300355,472.17319852654333,0.0,2844500
2022-10-12,475.0140075683594,0.0,482.89037817601246,473.35132549888954,477.07574609224656,0.0,2254300
2022-10-13,484.4676208496094,0.0,487.84996038065873,463.40379864098367,468.8289143285058,0.0,3999700
2022-10-14,487.5269470214844,0.0,503.46966450030624,486.38681044378404,494.0541578913688,0.0,5628900
2022-10-17,495.8402404785156,0.0,498.1489860549838,489.5695777762371,491.90679631575875,0.0,3282300
2022-10-18,496.1537780761719,0.0,505.4552743730079,492.46737030810687,505.4552743730079,0.0,2345500
2022-10-19,494.3581848144531,0.0,497.6835492488298,488.9235590698856,495.7073164335549,0.0,2500500
2022-10-20,494.89019775390625,0.0,503.0040653916494,493.84510650420174,496.95190728674083,0.0,2390800
2022-10-21,507.0989990234375,0.0,509.75933666591334,492.16339169399464,492.21088529695015,0.0,2896000
2022-10-24,514.5762939453125,0.0,519.2128060210673,510.96591040822346,511.22245704032616,0.0,2627100
2022-10-25,513.26513671875,0.0,516.7805329911818,507.2605306841215,510.9563910399535,0.0,2411900
2022-10-26,516.0679931640625,0.0,520.3149883610265,513.255722330031,514.3673278153813,0.0,2863500
2022-10-27,514.766357421875,0.0,519.250878646632,512.8281660560278,519.250878646632,0.0,2212100
2022-10-28,523.7353515625,0.0,525.4075439826491,516.5620775237971,517.7781805631558,0.0,2761900
2022-10-31,527.4501953125,0.0,530.2529553833656,522.6806552498385,527.3076565337574,0.0,2770400
2022-11-01,520.0013427734375,0.0,527.9632177820224,517.0654963222173,527.3076437971716,0.0,3338900
2022-11-02,516.3150024414062,0.0,526.9086850871175,515.9729789237941,517.2460857914874,0.0,2696200
2022-11-03,516.4859008789062,0.0,520.5333522518401,511.27935073179896,514.7092114530946,0.0,2245300
2022-11-04,511.3175048828125,0.0,520.429028674945,500.8378868632022,519.7544338907703,0.0,3513100
2022-11-07,517.8257446289062,0.0,519.6594385459192,508.75220426626146,511.3174968821466,0.0,2540300
2022-11-08,525.4550170898438,0.0,527.1176991261942,514.9563792582659,519.7543929652135,0.0,2797000
2022-11-09,513.68310546875,0.0,526.9370653470027,512.5240066441831,526.1485209295292,0.0,2672600
2022-11-10,517.0181274414062,0.0,524.1724390883462,507.3080914574698,521.540632197117,0.0,3426400
2022-11-11,496.0303039550781,0.0,519.0228319542958,484.2204894037779,519.0228319542958,0.0,7034300
2022-11-14,488.115966796875,0.0,502.5860332509897,487.7929058970326,495.95432538777374,0.0,5238400
2022-11-15,477.911865234375,0.0,490.86178855644505,475.7836123667463,487.2228736725452,0.0,5103800
2022-11-16,485.9972229003906,0.0,488.4770095976303,480.2491048813204,480.64816134801566,0.0,3430800
2022-11-17,489.5981140136719,0.0,500.68581200217176,486.6052630704944,486.6052630704944,0.0,4246300
2022-11-18,503.55517578125,0.0,506.40548809699294,493.5410993882508,496.0683507927184,0.0,3566000
2022-11-21,491.38433837890625,0.0,505.4078840756727,489.6646522894641,502.61457572152204,0.0,3349600
2022-11-22,496.98992919921875,0.0,498.48154145521636,493.96854743411535,493.9970783893269,0.0,2567400
2022-11-23,503.2796325683594,0.0,503.9731899617544,496.9044135752432,498.8046216577489,0.0,2238300
2022-11-25,510.794921875,0.0,513.8637393225976,505.94941453776727,507.3555499396823,0.0,1419200
2022-11-28,505.7119140625,0.0,512.6571725243691,505.16083746240867,509.0942822466028,0.0,2699900
2022-11-29,501.6549072265625,0.0,506.37689622655284,497.5219780617873,505.14177263625476,0.0,3751000
2022-11-30,520.4290771484375,0.0,520.733117446113,501.16093646027025,503.2891605542418,0.0,9688900
2022-12-01,510.1202697753906,0.0,525.4074673517998,509.06566834254784,524.7993869259343,0.0,2997800
2022-12-02,510.97802734375,1.65,513.3129692775439,507.43277333959304,507.80447008249786,0.0,2346200
2022-12-05,509.91064453125,0.0,514.9998652390661,505.9460537072495,506.52738975043013,0.0,2424800
2022-12-06,513.9896850585938,0.0,515.2000553953519,509.14826188007,509.31980081332165,0.0,3097700
2022-12-07,517.4111328125,0.0,520.2702318808906,514.2852147453564,515.4384056436076,0.0,2849100
2022-12-08,522.1857299804688,0.0,525.3974459521195,518.2402182870377,519.2694518582767,0.0,2272300
2022-12-09,513.8753662109375,0.0,522.7290211679405,513.5608490576363,522.1953250552091,0.0,2852400
2022-12-12,520.2224731445312,0.0,520.432170609322,513.9515591669345,516.4008022882886,0.0,2714100
2022-12-13,512.9412841796875,0.0,525.1115316136537,509.9678265059527,524.7017344910851,0.0,3369700
2022-12-14,513.0747680664062,0.0,517.9542917656587,506.60369574241025,516.4771024332014,0.0,2654600
2022-12-15,502.8963317871094,0.0,508.986225228909,500.7901083967133,508.90996631911287,0.0,2963800
2022-12-16,499.1033020019531,0.0,501.11418730192196,491.4980605051519,500.48521123167137,0.0,7109100
2022-12-19,499.00799560546875,0.0,502.448488530365,496.463414088239,499.96102849101663,0.0,1808100
2022-12-20,495.77728271484375,0.0,502.23881574902373,495.2912266123474,502.23881574902373,0.0,2086100
2022-12-21,502.7629699707031,0.0,503.087026760417,493.76633680231396,499.03663681581884,0.0,2182000
2022-12-22,502.33416748046875,0.0,504.16397447284146,497.1305865885627,501.75277316795433,0.0,1851600
2022-12-23,506.35589599609375,0.0,506.35589599609375,498.340915087641,499.4845080062352,0.0,1292300
2022-12-27,507.00396728515625,0.0,510.6731788810881,504.9644629021355,508.85285345292516,0.0,1596700
2022-12-28,503.6302490234375,0.0,512.8746798125575,502.9440350859245,509.93932218530335,0.0,1694200
2022-12-29,504.9928894042969,0.0,508.6144014402091,504.020777594853,507.52793037888836,0.0,1379700
2022-12-30,505.2789001464844,0.0,505.5838776089571,500.1897377982603,505.10736123043785,0.0,1849600
2023-01-03,494.2808837890625,0.0,500.94257292437885,488.1051924596696,500.4660565837296,0.0,3525600
2023-01-04,480.8050537109375,0.0,494.2809516346549,477.088231560548,494.2809516346549,0.0,5070400
2023-01-05,466.94793701171875,0.0,478.50822939222564,465.556517283796,477.4789667774923,0.0,5497100
2023-01-06,466.9861145019531,0.0,469.7213142334122,464.6416617441675,468.50143330175695,0.0,4841300
2023-01-09,467.04327392578125,0.0,476.5068831011076,465.59467447099377,469.2829069294938,0.0,3702800
2023-01-10,463.1739501953125,0.0,467.43400806109634,460.0098742549097,465.8900995472592,0.0,3164000
2023-01-11,470.2264099121094,0.0,472.3230938494265,462.22093966061163,462.4973273351341,0.0,4274200
2023-01-12,472.3898010253906,0.0,475.3060791916772,462.4305962047179,466.98609202065126,0.0,3726800
2023-01-13,466.5762939453125,0.0,485.57023144537885,463.1739597300375,463.2787793818801,0.0,5390100
2023-01-17,462.29718017578125,0.0,469.78803379379434,461.0582490559898,468.1297658768492,0.0,4495600
2023-01-18,453.8723449707031,0.0,466.50956958448825,452.4523353630966,465.1276603493618,0.0,4398200
2023-01-19,461.6109924316406,0.0,463.54567710158835,454.968381169784,455.4258183388901,0.0,4549600
2023-01-20,463.8601989746094,0.0,464.1175074009915,456.502783431097,462.726087436422,0.0,3525900
2023-01-23,462.99285888671875,0.0,467.08137771268684,458.7804702284206,463.8219927632309,0.0,3418700
2023-01-24,468.51092529296875,0.0,476.76419274293096,457.45573911419194,476.76419274293096,0.0,3036300
2023-01-25,469.3686828613281,0.0,472.0943428764867,462.91666087892645,466.29991589326056,0.0,3037300
2023-01-26,469.3496398925781,0.0,473.13318156278376,467.53885416598325,469.3686900797114,0.0,3005000
2023-01-27,463.2215881347656,0.0,470.1977953213545,461.7158090840145,470.1977953213545,0.0,3177100
2023-01-30,462.973876953125,0.0,471.98956036131096,462.03035457157443,464.89899300864784,0.0,3606900
2023-01-31,475.7445373535156,0.0,481.75817315257666,469.96915980032634,474.6104257764257,0.0,5567000
2023-02-01,473.6573486328125,0.0,480.6907360486881,472.3898276800226,476.4688073056834,0.0,3451200
2023-02-02,448.7164611816406,0.0,471.7512788468512,442.1024397064342,471.04604381775914,0.0,11169900
2023-02-03,449.8505554199219,0.0,456.29306679335957,447.6871813205936,452.90981180931124,0.0,5440100
2023-02-06,452.9193115234375,0.0,456.474134439475,448.8880012780202,449.83149447005337,0.0,4174200
2023-02-07,454.48236083984375,0.0,455.62598293681395,447.0010463162673,448.91665186533385,0.0,3394600
2023-02-08,460.5245361328125,0.0,462.2590629045248,452.79542457548706,453.1385315261878,0.0,3466400
2023-02-09,462.91668701171875,0.0,466.7002288373279,459.74307112623404,462.8213779036272,0.0,3664600
2023-02-10,471.0364685058594,0.0,472.38024826424146,465.79478802678557,466.1569451497294,0.0,3418100
2023-02-13,472.0848388671875,0.0,476.39253697743004,468.66345434750565,470.798238673395,0.0,2589000
2023-02-14,469.68316650390625,0.0,474.5627191249708,466.1188329531162,471.07461540508206,0.0,2072600
2023-02-15,468.1773986816406,0.0,468.7301449506963,465.45173862634874,466.65254026857457,0.0,2242500
2023-02-16,464.4605712890625,0.0,470.7982340069201,464.38431237289086,468.0820845323369,0.0,2611500
2023-02-17,475.6396179199219,0.0,476.0017750533105,464.4605612987914,464.4891511206771,0.0,3891500
2023-02-21,468.23455810546875,0.0,477.8506558849457,467.46260383871396,473.3714190275634,0.0,2877300
2023-02-22,465.92822265625,0.0,470.69338668799344,465.7185542754832,469.6640949699551,0.0,2982800
2023-02-23,468.5967712402344,0.0,470.15973014684243,463.05011251790575,463.8030166883473,0.0,2511800
2023-02-24,461.5823974609375,0.0,469.3782284471602,460.3244161756695,466.58582003202446,0.0,2940400
2023-02-27,460.6198425292969,0.0,467.88194816896345,459.32370273374175,465.81385409418425,0.0,3006200
2023-02-28,453.58642578125,0.0,460.65791275505205,451.66131002689264,460.00034689125994,0.0,3902100
2023-03-01,452.9002685546875,0.0,455.94044564885826,449.8315016386132,451.3658705545232,0.0,2996900
2023-03-02,455.2637634277344,0.0,457.8655242619976,451.02275599021647,452.8906920658353,0.0,2188800
2023-03-03,456.08343505859375,0.0,456.5980809825853,451.9472756469736,455.49255929754185,0.0,2863300
2023-03-06,458.19915771484375,0.0,461.6014921570961,456.5027603117112,458.7614436372255,0.0,3812700
2023-03-07,451.62322998046875,0.0,461.09637922151296,450.36521958708033,460.2958350850628,0.0,2589200
2023-03-08,448.4972839355469,0.0,453.06231962310056,444.83764112736645,449.5932659424027,0.0,3036600
2023-03-09,443.0744934082031,0.0,451.689918275159,441.96897184297063,451.689918275159,0.0,2780400
2023-03-10,440.2721862792969,1.65,448.4305103534797,437.6515846976903,442.60587133293416,0.0,3787500
2023-03-13,443.4761962890625,0.0,449.87469715764297,438.6653682153548,438.6653682153548,0.0,2971600
2023-03-14,444.33697509765625,0.0,449.36779195545125,439.04793338060784,444.40393201267005,0.0,3258200
2023-03-15,445.14996337890625,0.0,448.44964932906925,439.22967589535597,440.90342371602065,0.0,3770200
2023-03-16,451.4527893066406,0.0,452.7631191838328,442.9214744066673,444.4613083006185,0.0,2940500
2023-03-17,449.0426330566406,0.0,451.44327500372077,445.9820539144496,450.8502947270347,0.0,5290000
2023-03-20,456.1775817871094,0.0,458.91297919240765,449.52085558760064,449.52085558760064,0.0,3119400
2023-03-21,459.1807556152344,0.0,460.47193831637315,454.991599343375,457.54527309397594,0.0,3163300
2023-03-22,454.8002624511719,0.0,464.57494983512,454.1307809079572,460.95011167617025,0.0,2632200
2023-03-23,449.4347839355469,0.0,459.7259516622832,446.33596863135796,456.6079891306854,0.0,3284900
2023-03-24,455.24981689453125,0.0,456.1010511936708,447.21583348784924,448.54528143247995,0.0,2533200
2023-03-27,460.90234375,0.0,465.101073914326,457.73657149043373,464.3932978128137,0.0,2271800
2023-03-28,451.9884033203125,0.0,462.70997443329424,450.1807708900779,460.9979613833611,0.0,2369500
2023-03-29,446.2593994140625,0.0,455.1446169848355,444.69087385837116,454.4081493017524,0.0,3733200
2023-03-30,449.5782470703125,0.0,449.91300248728,440.98951878270213,446.2403248901397,0.0,3324600
2023-03-31,451.99798583984375,0.0,455.25940651934104,449.6164911416494,450.9746015974169,0.0,3996700
2023-04-03,472.6568298339844,0.0,474.5123012099639,462.42304561339006,464.0585573812308,0.0,4729100
2023-04-04,471.7577819824219,0.0,474.48360571892647,470.4092159404071,471.5473668016569,0.0,2624700
2023-04-05,487.04150390625,0.0,489.44211667723425,474.4836082864785,475.7174077252699,0.0,4964800
2023-04-06,490.46551513671875,0.0,491.83319926477367,485.0521327435742,488.73438393959253,0.0,3472600
2023-04-10,492.7322082519531,0.0,492.93307899972973,485.95114221341686,488.5526256308222,0.0,2714500
2023-04-11,498.2699279785156,0.0,499.4654621647424,492.77047072187247,493.65042591343416,0.0,3065300
2023-04-12,498.4803466796875,0.0,503.7502704412931,497.3804319347257,502.10518513040415,0.0,3422400
2023-04-13,503.30078125,0.0,507.33693530736633,497.820470827739,501.0818626362318,0.0,4224400
2023-04-14,489.4898986816406,0.0,504.26668182616703,486.34324493219725,499.25501249676887,0.0,4872000
2023-04-17,483.33056640625,0.0,487.3858090238145,480.8438494625591,486.55372190066765,0.0,3660900
2023-04-18,482.4985046386719,0.0,484.89911756184586,476.4347584330174,481.7238007806967,0.0,3232000
2023-04-19,465.0150146484375,0.0,480.0978642742736,462.5569892195749,478.83537309822185,0.0,5809100
2023-04-20,466.22003173828125,0.0,468.31460980753275,462.203054692202,464.31675079934763,0.0,3283000
2023-04-21,462.7386474609375,0.0,469.34756338038994,461.1318566569881,468.6876262309386,0.0,3165300
2023-04-24,467.6355285644531,0.0,468.85975424189724,461.6195931615568,462.3464871908601,0.0,2322400
2023-04-25,470.4857482910156,0.0,476.77902732356716,469.20410997459066,471.21261321913977,0.0,2937300
2023-04-26,461.9066162109375,0.0,466.4496462793608,457.5165888384606,464.6993678235948,0.0,2930000
2023-04-27,469.09893798828125,0.0,469.58672529193467,461.1892940674851,461.1892940674851,0.0,2473200
2023-04-28,470.6483459472656,0.0,472.4368604779074,466.85132808094517,467.39649869265816,0.0,2398900
2023-05-01,474.10101318359375,0.0,477.6302321729812,470.3804970635478,473.039363727774,0.0,2105600
2023-05-02,471.89166259765625,0.0,475.0669789367752,467.951157745486,473.67060330155664,0.0,2152300
2023-05-03,468.11383056640625,0.0,473.8619685998622,466.76526442532605,472.85770231377376,0.0,1749700
2023-05-04,466.04791259765625,0.0,468.3529059872731,460.9501677232498,465.82792380205353,0.0,2555700
2023-05-05,472.742919921875,0.0,479.02665475644216,470.59095833643534,472.5325047326737,0.0,2329400
2023-05-08,471.1551818847656,0.0,472.80981151613526,467.04255643151635,470.60046692870395,0.0,1738500
2023-05-09,469.0128479003906,0.0,477.63981207757695,468.9363173673048,471.3656510054694,0.0,2038600
2023-05-10,468.7163391113281,0.0,471.9681861298026,466.39222775165047,468.07551997057357,0.0,2018700
2023-05-11,467.4634094238281,0.0,468.7641365220061,464.49847900106505,466.73651534670256,0.0,2384200
2023-05-12,469.8257751464844,0.0,471.4229923313021,466.4973977619532,467.4633986381772,0.0,1536500
2023-05-15,465.64617919921875,0.0,470.3613879500337,462.6238946299486,469.9883672945253,0.0,2169700
2023-05-16,458.8172607421875,0.0,467.89374559319714,458.13820559806095,466.3730298371629,0.0,2178900
2023-05-17,463.68548583984375,0.0,464.24977440640833,456.732270343401,459.0850731708054,0.0,2682000
2023-05-18,458.3486633300781,0.0,461.523979768376,453.2413450746496,461.04576612062607,0.0,3040100
2023-05-19,457.95654296875,0.0,463.6759597445721,456.9905420215149,458.68340789469255,0.0,2317900
2023-05-22,459.6781311035156,0.0,461.18930273671805,457.0862210289606,459.5059811770539,0.0,2242800
2023-05-23,458.5495300292969,0.0,462.3274297287812,451.95018716611014,455.4315675349158,0.0,2874200
2023-05-24,459.8789367675781,0.0,462.22219538351675,458.0234946142112,459.6685215890536,0.0,1904700
2023-05-25,456.88531494140625,0.0,460.7779517167646,453.6334388988447,456.8183580279532,0.0,2684100
2023-05-26,460.53887939453125,0.0,467.10955969739365,457.17226568622374,457.22964899124037,0.0,3135200
2023-05-30,458.9416809082031,0.0,464.6993631877517,455.2881213371725,455.9097932922381,0.0,3180800
2023-05-31,466.0096435546875,0.0,466.16267543023446,456.32103001872565,457.2870309634331,0.0,4944100
2023-06-01,472.1212158203125,0.0,477.046810609577,464.9288637976086,466.53568385475535,0.0,3376600
2023-06-02,477.81201171875,0.0,479.18926957915613,468.9937494790231,470.5623045042048,0.0,3064500
2023-06-05,476.4825134277344,0.0,480.98727778619366,475.74607492285037,478.8831552631631,0.0,2688800
2023-06-06,466.32525634765625,0.0,478.11799187835413,462.5951957897618,478.11799187835413,0.0,3816600
2023-06-07,461.122314453125,0.0,469.0702232505664,460.6154091344525,468.6015831977878,0.0,4381700
2023-06-08,468.8693542480469,0.0,470.39007011508164,461.40920397892955,463.2838224560447,0.0,2725900
2023-06-09,472.11163330078125,0.0,476.51120466378643,466.0000781072565,468.63979757478404,0.0,3174100
2023-06-12,471.1264953613281,0.0,472.9054652232,467.4251265755615,470.8491232863578,0.0,2207700
2023-06-13,469.9022521972656,0.0,473.1062892018837,467.36772591761564,469.48142188805855,0.0,3016600
2023-06-14,439.8226623535156,0.0,440.5591300851876,426.2605296838346,434.83013966141704,0.0,14672400
2023-06-15,447.4190979003906,1.88,453.28684360909307,442.63652700816334,443.67369587359235,0.0,6798100
2023-06-16,440.3125,0.0,449.9448451581824,439.77470434410736,447.6592282744712,0.0,7699100
2023-06-20,450.7803039550781,0.0,451.83666926643536,438.64142271047626,438.64142271047626,0.0,4597700
2023-06-21,457.8485107421875,0.0,460.36463211094707,448.66753403552553,450.3577654987308,0.0,4886500
2023-06-22,460.0572814941406,0.0,464.0235456990473,459.0489221538957,459.22177873091033,0.0,3179000
2023-06-23,458.0885925292969,0.0,463.15925753844675,457.6564217566764,459.3658497137246,0.0,4862600
2023-06-26,460.0669250488281,0.0,462.2277203284074,454.2471854404409,459.18341628013513,0.0,2968300
2023-06-27,463.4281921386719,0.0,464.0236066316814,458.8280905729958,459.17383308008544,0.0,3693200
2023-06-28,455.63970947265625,0.0,463.0056040767834,455.18834217548454,462.8519440067184,0.0,3670100
2023-06-29,457.55078125,0.0,460.6911263516238,454.32397855068893,456.24468537171737,0.0,2979300
2023-06-30,461.5843200683594,0.0,462.98642797148676,456.2831499942036,459.0489727619956,0.0,3970400
2023-07-03,458.9337463378906,0.0,461.1713571514861,457.416371359003,459.14502528529283,0.0,1915700
2023-07-05,452.5377502441406,0.0,458.3671026726273,451.93272288627753,457.1570479569012,0.0,5053100
2023-07-06,450.75152587890625,0.0,453.67100886227576,448.1489759777248,450.7419422726666,0.0,3913600
2023-07-07,443.2799377441406,0.0,450.03122140435676,442.55008904280766,446.56435947695525,0.0,4131600
2023-07-10,444.69171142578125,0.0,444.7397466891569,440.95595125695814,441.76264474348295,0.0,4339200
2023-07-11,444.5380554199219,0.0,447.99530464951977,442.8574367581093,444.0386528320786,0.0,3086800
2023-07-12,433.79168701171875,0.0,446.39152022328335,433.35951621431246,444.64366982210896,0.0,7287600
2023-07-13,429.9983215332031,0.0,436.8648438658908,429.4509129510128,434.07982430599174,0.0,7276800
2023-07-14,461.1329345703125,0.0,465.7714288946551,441.86821716679606,444.2114819578069,0.0,11379300
2023-07-17,464.8879089355469,0.0,465.3873115119688,459.3370668832155,462.03565787099564,0.0,4582000
2023-07-18,480.17669677734375,0.0,484.4214716722258,468.17227935791016,469.929713172745,0.0,8816400
2023-07-19,483.73004150390625,0.0,494.25547773716755,482.5584091298276,487.4177952122369,0.0,4956500
2023-07-20,484.2486572265625,0.0,488.5126292676025,480.68575381700043,486.5727256771944,0.0,2963100
2023-07-21,486.4477844238281,0.0,490.17396013572346,484.51746479909735,485.02645090566085,0.0,2887300
2023-07-24,488.5126037597656,0.0,489.56899845489284,484.56556500373966,485.29541372319466,0.0,2279000
2023-07-25,490.67340087890625,0.0,492.18116288979303,487.16811650717483,489.78027916837937,0.0,2730600
2023-07-26,487.8595886230469,0.0,495.4079532297328,486.5439089886243,491.25924829321946,0.0,3697200
2023-07-27,485.1993713378906,0.0,490.2604233355725,483.18262328438067,488.4069482596409,0.0,3028300
2023-07-28,482.9714050292969,0.0,487.36022776557127,477.56460987952164,485.1802064606295,0.0,2930000
2023-07-31,486.2942199707031,0.0,487.7443632023392,479.27403790023624,483.05783321275845,0.0,2441600
2023-08-01,484.7287902832031,0.0,489.81868114554055,482.567995023785,487.3793751798744,0.0,2161200
2023-08-02,484.78643798828125,0.0,490.2316552613538,483.04820048745546,489.4825806991618,0.0,3220500
2023-08-03,484.84405517578125,0.0,485.9388722362447,481.17552707027227,482.95218691132476,0.0,2442900
2023-08-04,482.79852294921875,0.0,490.6445945887554,481.85736597363865,489.7802823050438,0.0,2411200
2023-08-07,490.4909362792969,0.0,493.23753321639833,484.6423869923325,485.6891687884234,0.0,2430900
2023-08-08,485.80438232421875,0.0,488.0228257575659,480.195921691119,483.0577855239074,0.0,2422600
2023-08-09,482.20306396484375,0.0,485.67956812457095,481.0218479604799,484.01814608032265,0.0,1916900
2023-08-10,483.518798828125,0.0,491.73939327351724,482.8465396438017,484.4695394305947,0.0,2179700
2023-08-11,487.86920166015625,0.0,490.42374554334685,484.2582630421629,485.5835555905823,0.0,2029600
2023-08-14,490.67340087890625,0.0,493.14151637835846,488.0996605633899,488.9639728415662,0.0,2127200
2023-08-15,486.60150146484375,0.0,493.28558270940016,486.19814011256494,491.29761468742623,0.0,1817500
2023-08-16,483.5956115722656,0.0,490.26046728208473,482.89454295859616,487.8595835049932,0.0,1454100
2023-08-17,474.37615966796875,0.0,481.3579476783427,472.3210186215105,475.8359156002875,0.0,3009500
2023-08-18,478.6785888671875,0.0,481.0794725569123,473.9344403516783,475.1636916285109,0.0,2364400
2023-08-21,477.94866943359375,0.0,480.41678468661166,476.5465616864302,477.7854257691281,0.0,1533500
2023-08-22,472.8204345703125,0.0,477.0940193312948,471.85046816527694,475.77833973693737,0.0,2079400
2023-08-23,470.035400390625,0.0,474.4146098290494,468.5852572857727,473.454256367857,0.0,2011400
2023-08-24,468.7485046386719,0.0,475.7782986240544,467.893776037269,471.94646859420874,0.0,2311100
2023-08-25,469.7281188964844,0.0,471.6776354107966,465.4353373994556,470.49641931324794,0.0,1923500
2023-08-28,471.8024597167969,0.0,473.5118877506103,469.73770558217325,471.0437722562498,0.0,1344500
2023-08-29,473.2909851074219,0.0,473.39663922852185,468.6236813367099,471.98491846312226,0.0,2113700
2023-08-30,472.0425720214844,0.0,477.01719630037024,470.8517430161957,474.40503351211527,0.0,2283400
2023-08-31,457.6852722167969,0.0,474.24178699542244,457.4067907947458,472.83964974076383,0.0,4927700
2023-09-01,457.3587341308594,0.0,461.5938965148964,454.5929114059648,460.0093191268271,0.0,3165900
2023-09-05,461.74755859375,0.0,465.38730652235637,458.6072132362112,459.04896763490257,0.0,3443300
2023-09-06,458.031005859375,0.0,464.0044058698201,457.4932102378534,462.97682057925937,0.0,2596100
2023-09-07,465.58892822265625,0.0,467.79772931348793,459.6251418312829,460.8735895247687,0.0,2928000
2023-09-08,463.50653076171875,1.88,465.6275450700505,461.559075385345,462.9473703104794,0.0,1858400
2023-09-11,462.16644287109375,0.0,466.4662850944523,460.83599115984623,464.67308803790394,0.0,2059200
2023-09-12,462.6677551269531,0.0,466.2734792933252,455.1671203782806,460.2382538251639,0.0,2195200
2023-09-13,462.60986328125,0.0,466.65906111324176,462.243503644234,464.1427659031718,0.0,2197800
2023-09-14,466.23492431640625,0.0,467.84494157426326,461.5879935437656,465.29975384491433,0.0,2334300
2023-09-15,469.2236022949219,0.0,472.2315647179977,466.7555290543595,468.2980527633956,0.0,5334300
2023-09-18,468.6065979003906,0.0,471.1903576347934,466.2349396022003,470.8722201913524,0.0,1997500
2023-09-19,463.4004821777344,0.0,468.2884358680506,459.4284276915518,466.38917337770556,0.0,3230700
2023-09-20,474.4586486816406,0.0,477.3316243024575,461.9351017492465,465.41546009900964,0.0,3724800
2023-09-21,483.1451110839844,0.0,487.00147934005287,475.37450197999186,476.4446594703634,0.0,4703900
2023-09-22,487.9269714355469,0.0,491.1373848786052,480.14674186494426,481.081912290154,0.0,4558500
2023-09-25,491.95684814453125,0.0,492.59315237387966,488.4379183464659,490.009392961436,0.0,2758500
2023-09-26,487.3003234863281,0.0,491.1277699842369,486.26873796326566,490.6649952226075,0.0,2420200
2023-09-27,485.64208984375,0.0,488.1776271734935,483.05830083760304,488.0523199236138,0.0,2593700
2023-09-28,491.7834167480469,0.0,495.68800764948026,486.8761911837819,487.80171141937944,0.0,2922000
2023-09-29,486.0855712890625,0.0,491.57125738750625,485.70956126847733,491.5423358029808,0.0,3006200
2023-10-02,496.0928649902344,0.0,496.3531886798286,485.07329965872265,487.37746441353346,0.0,3550400
2023-10-03,491.17596435546875,0.0,495.52399937436076,490.1058069101458,494.86842385964695,0.0,3143200
2023-10-04,492.28466796875,0.0,493.44159017419804,488.4186495109944,491.1952392666665,0.0,2801700
2023-10-05,497.6932067871094,0.0,499.60214900847325,492.87277608820915,493.2487566783082,0.0,2790700
2023-10-06,505.9652099609375,0.0,507.06428915843475,497.4522596139452,497.9054135329904,0.0,3647200
2023-10-09,507.6040954589844,0.0,507.9511544614138,501.5688700393214,502.4365763889017,0.0,2341600
2023-10-10,505.4156188964844,0.0,509.17560151830526,504.29729798303316,507.5944763962619,0.0,2455700
2023-10-11,505.3095703125,0.0,506.71716588759915,501.54958778427437,502.21481365177556,0.0,2819300
2023-10-12,506.6689758300781,0.0,509.59985367511274,503.4971337870148,505.6373901510446,0.0,2377300
2023-10-13,520.0311889648438,0.0,524.9094915741421,512.896885441973,514.1020003043838,0.0,5245400
2023-10-16,518.7105102539062,0.0,527.1463162825272,516.8690613570058,523.6755493532154,0.0,3827600
2023-10-17,517.3800048828125,0.0,522.9524261469979,515.3746770096335,520.5518464376694,0.0,2586000
2023-10-18,516.8110961914062,0.0,524.4466874839045,516.174821435156,523.540438753579,0.0,2551400
2023-10-19,512.5402221679688,0.0,519.0093005138671,510.2456785564462,517.5438618796834,0.0,2351200
2023-10-20,508.1054992675781,0.0,515.2397456637791,507.8548259009132,511.93291674676834,0.0,2811100
2023-10-23,502.8414611816406,0.0,508.82849356243366,501.6073952020839,508.10542457727286,0.0,2357700
2023-10-24,506.1483459472656,0.0,511.614731607313,503.32356319205746,504.08517475753314,0.0,1978200
2023-10-25,511.1712341308594,0.0,513.2439965989146,501.40497758513544,508.33680133245616,0.0,2380100
2023-10-26,509.3876647949219,0.0,511.4218849114751,503.7574001379348,506.82320581605273,0.0,2675800
2023-10-27,505.82049560546875,0.0,508.78991551665547,502.54261802877573,507.10275447403916,0.0,2585600
2023-10-30,510.9590759277344,0.0,512.7233806474235,504.162239545213,506.1482665803406,0.0,2555400
2023-10-31,516.3291625976562,0.0,517.4089410419148,512.5306373708324,515.789273375527,0.0,2464200
2023-11-01,512.5113525390625,0.0,516.5895022607095,507.8837220858558,510.9495279966492,0.0,2747400
2023-11-02,516.878662109375,0.0,517.5631886308388,508.0283043804342,512.8969573383467,0.0,2350900
2023-11-03,511.8363952636719,0.0,516.7339395762734,509.81176703870875,515.3745959361748,0.0,2739500
2023-11-06,514.3045654296875,0.0,516.7726387203625,511.0169785915974,512.5402605045675,0.0,2684900
2023-11-07,518.517578125,0.0,520.2722324952227,512.4341604129124,516.1362404641615,0.0,2604800
2023-11-08,517.4570922851562,0.0,521.9594443965007,514.9601268998308,520.6096920279143,0.0,1769200
2023-11-09,519.6455688476562,0.0,521.4869586086464,515.2878543383447,518.2958165600011,0.0,1819600
2023-11-10,521.7763061523438,0.0,523.1934932931752,516.7726658041327,523.1934932931752,0.0,2480800
2023-11-13,523.0874633789062,0.0,524.6107453894575,518.5947611922645,521.7184690583795,0.0,1507900
2023-11-14,521.0531616210938,0.0,523.1837671917714,517.2449866123238,519.6745171802131,0.0,2454000
2023-11-15,519.0767211914062,0.0,521.0531567647862,512.6077018632205,520.6578461127091,0.0,2473700
2023-11-16,520.4362182617188,0.0,525.295221390696,518.1705664606287,519.076815412362,0.0,2360300
2023-11-17,517.0328369140625,0.0,521.1109857675497,509.368353190458,520.8699627864677,0.0,2676900
2023-11-20,515.8856201171875,0.0,517.0811436592297,512.7041281967465,514.4491324118995,0.0,2518400
2023-11-21,520.2144165039062,0.0,522.2196854516084,515.0082962832654,518.4597620420385,0.0,2115700
2023-11-22,524.234619140625,0.0,524.8516520769248,520.860297502329,523.4729488824271,0.0,2234500
2023-11-24,527.4547729492188,0.0,527.927227514451,523.3188389566311,525.3627095343843,0.0,1135000
2023-11-27,524.0708618164062,0.0,531.1087225292695,522.0848344013762,527.4547757317314,0.0,2675800
2023-11-28,521.1206665039062,0.0,526.2206918974747,520.6771630091811,526.0375120674257,0.0,2859300
2023-11-29,515.7699584960938,0.0,522.402916667261,509.66729804000033,510.96879880143007,0.0,4550000
2023-11-30,533.1139526367188,0.0,534.0491525238313,514.8348050288009,516.5508582791541,0.0,7121200
2023-12-01,529.3121337890625,1.88,536.6062239288954,527.3773718921091,532.4658051281763,0.0,3462200
2023-12-04,530.3956298828125,0.0,533.8684942600985,525.3265043534996,530.3762633705926,0.0,2709200
2023-12-05,532.31103515625,0.0,534.5070087415725,527.5611617682943,531.18884022286,0.0,2645600
2023-12-06,531.6047973632812,0.0,533.8781186170249,529.2540100692044,529.6990264914542,0.0,2239700
2023-12-07,530.3860473632812,0.0,533.5203526374871,526.7583682877178,533.3655385988133,0.0,2511700
2023-12-08,531.8370971679688,0.0,533.733126231997,526.7776541414518,532.272371403769,0.0,2039900
2023-12-11,525.9456176757812,0.0,532.0594717822978,521.4763228363493,531.8273098235078,0.0,3655300
2023-12-12,527.9191284179688,0.0,529.6314116738231,524.9493207213148,527.9965354299834,0.0,2706100
2023-12-13,531.1018676757812,0.0,531.498467917825,521.0217738955308,526.2552792779973,0.0,2876600
2023-12-14,516.8135986328125,0.0,527.1452202804566,512.1315078148673,526.5454488041432,0.0,5386800
2023-12-15,513.7953491210938,0.0,516.0977204325047,505.9015467992886,512.7118872150469,0.0,9030100
2023-12-18,509.3744812011719,0.0,514.1339794453629,508.0975311270223,511.85097433290787,0.0,3260300
2023-12-19,506.9462890625,0.0,510.4095293773103,504.7600577243961,507.4783958175434,0.0,3645600
2023-12-20,499.1008605957031,0.0,507.71057491245307,499.0428200988278,506.7625014044907,0.0,3847800
2023-12-21,502.92205810546875,0.0,503.83139864177724,499.65230547773734,501.9546770687258,0.0,2491600
2023-12-22,503.3380126953125,0.0,505.94995324021266,501.1227314306673,502.92204594488135,0.0,1759500
2023-12-26,503.0671691894531,0.0,504.4698244024306,501.0743076492774,502.9220384219208,0.0,1390800
2023-12-27,505.7370910644531,0.0,506.09501731043923,502.4189813241565,502.7962740842771,0.0,1851800
2023-12-28,507.7782897949219,0.0,510.65138290642875,505.8822018563724,506.39488306243925,0.0,2001000
2023-12-29,509.29705810546875,0.0,511.009341407878,506.8302483092151,508.82305085196043,0.0,2080100
2024-01-02,521.7473754882812,0.0,522.0568854973731,509.4906138043214,509.65511111170974,0.0,3415700
2024-01-03,524.3495483398438,0.0,528.9542322725398,521.8826795705868,525.3265535462797,0.0,2891400
2024-01-04,527.62890625,0.0,531.0921466164274,525.2878608610565,527.2226227795135,0.0,2994400
2024-01-05,519.8512573242188,0.0,529.1574587304533,516.3202927113314,529.1574587304533,0.0,2815400
2024-01-08,519.019287109375,0.0,522.6275994432073,510.77718187138066,521.8053491885772,0.0,2648900
2024-01-09,520.8088989257812,0.0,522.0084419064465,514.9659390014042,520.450972682978,0.0,2677000
2024-01-10,520.1027221679688,0.0,523.5465960811607,518.6613339606404,520.5476796286613,0.0,2180000
2024-01-11,522.0761108398438,0.0,522.5404347721831,517.0941346904292,518.6419204943894,0.0,2814100
2024-01-12,504.49884033203125,0.0,511.2414571007009,496.39218338165807,501.93525723926,0.0,6327300
2024-01-16,502.2158508300781,0.0,507.3913153672208,499.70062489837227,506.6271056619679,0.0,3736700
2024-01-17,507.8169860839844,0.0,513.3503770799846,503.0381215673247,504.2763975924231,0.0,3791300
2024-01-18,499.49755859375,0.0,499.98124911996746,481.2333700781104,488.74993974969135,0.0,7367000
2024-01-19,487.1343688964844,0.0,500.6680194976667,485.4511354211929,498.2012097823516,0.0,6143400
2024-01-22,496.25677490234375,0.0,496.8178724205674,480.30467149357486,487.5019885701731,0.0,5922900
2024-01-23,498.7042541503906,0.0,501.1807470599117,495.37646126782334,495.78274474088,0.0,2672900
2024-01-24,496.4889221191406,0.0,504.71166045987104,496.21808614739683,501.00663381349557,0.0,2918800
2024-01-25,477.3057861328125,0.0,479.34697542270163,463.3755054435282,471.6853048064262,0.0,14671000
2024-01-26,486.7861328125,0.0,487.2601400571762,473.9199477515528,477.189700267208,0.0,6212200
2024-01-29,488.0823974609375,0.0,489.98813913160257,484.8029618383614,486.699020252354,0.0,4554100
2024-01-30,487.18267822265625,0.0,489.543089967559,482.9358914463098,488.0823648915648,0.0,4931200
2024-01-31,495.04754638671875,0.0,498.20121791223363,488.05340060999464,488.05340060999464,0.0,5358100
2024-02-01,490.59759521484375,0.0,493.5771155879206,486.59262386174385,492.2324418801881,0.0,4242600
2024-02-02,493.5868225097656,0.0,496.17936700466277,488.90470197208845,491.67139748530093,0.0,3804500
2024-02-05,486.5539245605469,0.0,497.4273067418674,483.738842394292,493.3255913527117,0.0,3646300
2024-02-06,494.0124816894531,0.0,494.2736639385883,486.0606084723966,487.5019967545007,0.0,2745400
2024-02-07,502.447998046875,0.0,504.0054671817503,495.9665339729245,497.24348389255255,0.0,4109100
2024-02-08,503.1252136230469,0.0,505.1276403474536,500.40687535669787,503.64757811059854,0.0,3343000
2024-02-09,501.3161315917969,0.0,503.41539078200566,499.44909342861996,502.06103382343537,0.0,2715400
2024-02-12,500.75506591796875,0.0,502.06100652223773,496.0825996136544,501.31610433110575,0.0,3194000
2024-02-13,499.99090576171875,0.0,509.7421239350987,497.4370644912862,504.97294212258515,0.0,3436000
2024-02-14,500.077880859375,0.0,501.6160424576979,497.5142978769182,498.45268804551614,0.0,1918500
2024-02-15,503.8894348144531,0.0,504.73105158565085,498.9751226576157,500.46492722972613,0.0,2292100
2024-02-16,504.5375061035156,0.0,506.70442991331237,501.96429884044335,505.2630417922018,0.0,2135500
2024-02-20,504.0635070800781,0.0,508.2329165436151,502.4673049213688,507.11078063970626,0.0,2600200
2024-02-21,504.9437561035156,0.0,506.6076818756727,500.6582660049055,506.5883153644322,0.0,2095900
2024-02-22,509.3260803222656,0.0,509.5582423078114,501.6741228347851,507.10111590178735,0.0,3186800
2024-02-23,510.0418395996094,0.0,513.195510430293,507.0622902262703,509.5678324583541,0.0,2502000
2024-02-26,508.1846618652344,0.0,515.4303370756982,507.207597477683,511.0868052527692,0.0,2308900
2024-02-27,496.6727294921875,0.0,508.4457986082292,495.3474222643939,507.64285585714816,0.0,3780600
2024-02-28,482.0265808105469,0.0,482.2877630402882,468.5896747045154,479.27922244251766,0.0,9558600
2024-02-29,477.499267578125,0.0,485.3834168249168,475.56450557782637,482.23942857443154,0.0,6833200
2024-03-01,473.56201171875,0.0,474.036018953632,461.682574421079,473.45561398117434,0.0,7315000
2024-03-04,466.1518859863281,0.0,471.1532588344693,464.4396322140268,467.4771932562147,0.0,5239800
2024-03-05,457.7162780761719,0.0,467.14824208084445,455.26880552045975,466.6548978848744,0.0,5296200
2024-03-06,457.1842956542969,0.0,464.1494215851151,452.9181416296337,458.9642732651324,0.0,5577500
2024-03-07,463.16265869140625,0.0,465.49405036700784,458.1516323623327,458.53857884511893,0.0,5102000
2024-03-08,462.8421936035156,1.88,470.30096063099927,461.0940256311799,464.5514758565813,0.0,4673600
2024-03-11,475.059814453125,0.0,476.1864037025634,462.2886118803502,463.259806443124,0.0,4410100
2024-03-12,475.2540283203125,0.0,478.09962105505434,473.31163934558026,474.0691698601857,0.0,4153800
2024-03-13,473.94287109375,0.0,481.712426357582,471.34976898350556,479.30385355593364,0.0,3669000
2024-03-14,474.91412353515625,0.0,475.57452870004164,471.21387475967435,474.6421902532325,0.0,3378500
2024-03-15,476.68170166015625,0.0,477.07017354065135,473.40878086826564,473.40878086826564,0.0,5713500
2024-03-18,473.0202941894531,0.0,477.92484445490226,472.36961043787335,477.92484445490226,0.0,2970500
2024-03-19,479.1097106933594,0.0,479.22624929918675,473.73900592576973,475.5648564530815,0.0,2511700
2024-03-20,479.99346923828125,0.0,480.35280646174454,475.34143927642276,478.2841574309921,0.0,3548200
2024-03-21,477.526611328125,0.0,481.9067078721711,477.1284180388023,478.0996125088079,0.0,3693400
2024-03-22,475.95330810546875,0.0,481.54736841676026,475.66193196478906,480.935540762193,0.0,2847300
2024-03-25,471.8840026855469,0.0,477.32269797787075,470.1261429584188,476.4680420498407,0.0,2786100
2024-03-26,478.1287536621094,0.0,479.12908279428405,471.2527097618655,474.0691678354978,0.0,3113300
2024-03-27,478.89599609375,0.0,481.4502422760579,477.1575497045266,479.4787186998112,0.0,2653100
2024-03-28,480.4499206542969,0.0,481.58620159725393,475.2054467564838,480.74126714261837,0.0,3820000
2024-04-01,475.5939636230469,0.0,481.4988132056444,474.6227691125963,480.22655076803454,0.0,2928700
2024-04-02,444.9430236816406,0.0,450.32341940303974,436.64901507564616,446.36095922929263,0.0,11867000
2024-04-03,446.4969482421875,0.0,449.51737853768594,442.42764093163254,448.69185728813466,0.0,4460400
2024-04-04,442.2625427246094,0.0,448.41991211104477,438.90221815541344,447.5458430152832,0.0,5182000
2024-04-05,442.6121520996094,0.0,444.56426244140096,437.04722683277487,437.70763194992236,0.0,5747400
2024-04-08,442.86468505859375,0.0,444.03013029572827,440.52410279365927,442.83555040959055,0.0,4532300
2024-04-09,446.4775390625,0.0,446.5163951414845,439.4266574712729,441.19423858376575,0.0,3521200
2024-04-10,437.0860595703125,0.0,445.52574188959727,436.8238477331523,442.369359860637,0.0,4493500
2024-04-11,428.99603271484375,0.0,437.7853310227588,428.7629555208008,437.41630201169204,0.0,5844100
2024-04-12,426.54864501953125,0.0,429.50105502047035,423.80986936001773,427.65579136025724,0.0,6045700
2024-04-15,432.7934265136719,0.0,435.435076841367,429.258264170482,429.26798560017926,0.0,5376800
2024-04-16,455.38336181640625,0.0,465.93051889839154,452.18812390391935,463.0363488823774,0.0,11816500
2024-04-17,465.1924743652344,0.0,473.9429468644094,460.9192242146499,464.8137238975912,0.0,8759800
2024-04-18,478.97369384765625,0.0,487.5396364053092,471.9713898387037,472.12678451449716,0.0,8880400
2024-04-19,486.6947326660156,0.0,492.68698647990294,481.28517187501427,482.6836944069519,0.0,6618600
2024-04-22,477.0798645019531,0.0,485.03394948786723,476.50686332807874,483.4411763495022,0.0,4697700
2024-04-23,472.17535400390625,0.0,480.07117035058064,471.00021691013404,476.8565187965762,0.0,3646700
2024-04-24,473.2630920410156,0.0,474.77815316691533,466.86292351744464,469.8444978971789,0.0,3724400
2024-04-25,479.6340637207031,0.0,482.8098884539076,473.48641606143394,474.8752169736754,0.0,4329700
2024-04-26,481.08123779296875,0.0,482.9070883328621,477.24500737318186,477.8277300448402,0.0,2727000
2024-04-29,474.9432373046875,0.0,483.0235825244631,473.71952277057864,481.43080934428946,0.0,2192100
2024-04-30,469.76678466796875,0.0,475.6036433738308,468.6887433766375,474.87524750943254,0.0,3367500
2024-05-01,470.1649475097656,0.0,475.0986320869606,463.32775968086287,465.4546779722968,0.0,2729200
2024-05-02,478.769775390625,0.0,479.4690366476253,469.9998898466037,470.33009243483923,0.0,3561400
2024-05-03,478.2647399902344,0.0,478.5949425612732,471.78685968021085,476.720514664297,0.0,2487600
2024-05-06,480.13916015625,0.0,480.6150359952685,477.8277124150084,478.2938964628362,0.0,2029500
2024-05-07,486.52960205078125,0.0,487.1997286456344,480.78014704727923,481.7124854946165,0.0,3752100
2024-05-08,488.7148132324219,0.0,492.395648966277,485.6749694739602,489.64718136308846,0.0,3078900
2024-05-09,492.42474365234375,0.0,493.3376688487946,487.67561798344894,487.67561798344894,0.0,2342900
2024-05-10,498.03826904296875,0.0,498.78610780644607,492.39563114393815,494.338020221429,0.0,2784600
2024-05-13,496.99908447265625,0.0,499.8446773619435,492.6966997732008,497.3001524090106,0.0,2454500
2024-05-14,499.07745361328125,0.0,501.30146776416797,492.6869769597287,499.7573016448525,0.0,2949700
2024-05-15,502.6416931152344,0.0,507.5365512497018,500.00007257289275,500.00007257289275,0.0,2981200
2024-05-16,506.25457763671875,0.0,512.9460627130424,504.54526582681603,505.0211416490486,0.0,3655800
2024-05-17,509.5177307128906,0.0,510.7025594462973,505.03081725749297,507.8764097803662,0.0,2657200
2024-05-20,502.3309020996094,0.0,509.51776496495665,501.6607755370918,509.51776496495665,0.0,2476200
2024-05-21,508.4688415527344,0.0,509.6051224596855,501.0586231700352,503.3895135567603,0.0,2521900
2024-05-22,506.3322448730469,0.0,511.1202860731988,505.6524561231602,507.75993165723065,0.0,2299100
2024-05-23,501.94244384765625,0.0,505.2444694091942,500.3884971625164,503.38951409284545,0.0,3055400
2024-05-24,493.5319519042969,0.0,502.24356828082495,492.90065173037715,501.24320943246164,0.0,2527800
2024-05-28,489.1712341308594,0.0,492.05568295477104,487.4425091223586,492.05568295477104,0.0,2912800
2024-05-29,470.75738525390625,0.0,479.67294338605996,459.63719670354135,478.15788238210587,0.0,7521600
2024-05-30,467.77581787109375,0.0,472.0296544584504,464.23096392779763,468.4265312171224,0.0,5169700
2024-05-31,481.1005859375,0.0,484.05302533963,468.5139142693702,468.5139142693702,0.0,6694800
2024-06-03,483.11102294921875,0.0,484.31529471593603,478.86690747602415,479.89637133567066,0.0,2795100
2024-06-04,490.9290771484375,0.0,493.6289965564583,480.3430634826801,484.1987066669384,0.0,3178400
2024-06-05,488.62738037109375,0.0,494.4351342492899,484.431812946815,494.04666237041323,0.0,2464400
2024-06-06,487.46197509765625,0.0,490.16189472522905,482.95561821907154,489.1421226781804,0.0,2419600
2024-06-07,476.5554504394531,0.0,488.374871374736,476.29323858393553,487.5785143784771,0.0,3416300
2024-06-10,480.74127197265625,0.0,481.12005204978317,472.1850508971121,476.85649401732167,0.0,3332800
2024-06-11,481.9261474609375,0.0,483.4412085459645,476.1669710519242,476.72052940485366,0.0,4599700
2024-06-12,478.86688232421875,0.0,485.5972531394911,473.37963929144337,485.5972531394911,0.0,4048200
2024-06-13,482.9750061035156,0.0,487.5396320437892,470.42718994011,476.157231480653,0.0,4951700
2024-06-14,482.80023193359375,0.0,483.509214627863,477.56550869965133,482.5185772141573,0.0,3188400
2024-06-17,477.1531982421875,2.1,480.9471567636789,476.6362826668406,479.20133520140723,0.0,2407200
2024-06-18,469.1750793457031,0.0,479.5231827935419,467.21471722717945,478.5966220120767,0.0,3692700
2024-06-20,472.5594482421875,0.0,473.9249125772746,466.3076777012794,468.19005761548095,0.0,5258100
2024-06-21,470.6770935058594,0.0,476.2461318249582,468.7264642053038,472.48143156172154,0.0,6368600
2024-06-24,477.8846130371094,0.0,478.772152810526,472.53987882158725,476.79223578689425,0.0,5139800
2024-06-25,472.5399169921875,0.0,478.5283628380151,468.7361960590301,478.5283628380151,0.0,2916100
2024-06-26,472.09130859375,0.0,475.4073724303473,469.584742815369,472.5399449959816,0.0,3153100
2024-06-27,474.4320373535156,0.0,476.90934477645476,470.1503919641218,473.0763357699707,0.0,2991900
2024-06-28,496.688720703125,0.0,496.8252492691659,477.3287200189128,484.1169012733538,0.0,22734200
2024-07-01,482.4393615722656,0.0,496.34735731113165,480.72282811368876,494.24067420064955,0.0,4523100
2024-07-02,485.94073486328125,0.0,486.16506793552287,481.2104828833252,482.059001819701,0.0,3312000
2024-07-03,477.7969055175781,0.0,485.78470507354405,474.5100701633988,484.84841134873966,0.0,2239200
2024-07-05,475.9632873535156,0.0,477.58231316082623,472.53992358380077,476.9288392827215,0.0,3499000
2024-07-08,477.26043701171875,0.0,481.6883735760747,474.1687064351399,477.11414577633855,0.0,3450600
2024-07-09,479.9620056152344,0.0,483.170798662959,474.09062302437013,476.275317985764,0.0,3056800
2024-07-10,488.5643310546875,0.0,489.1202675151211,478.02118270434414,478.8209478125919,0.0,3189800
2024-07-11,491.9096374511719,0.0,496.17178708255364,485.4140686707157,485.4140686707157,0.0,3535100
2024-07-12,498.9026794433594,0.0,501.867644180934,491.0026251783209,494.4064933944909,0.0,3570600
2024-07-15,502.6479187011719,0.0,517.7263049891882,501.11666751980516,511.2989550959664,0.0,5128000
2024-07-16,535.3209228515625,0.0,536.3449912818196,514.1175928488634,520.7204917783596,0.0,11062000
2024-07-17,559.12841796875,0.0,559.4502289466815,537.6909612200128,540.3243227129385,0.0,10330800
2024-07-18,550.4090576171875,0.0,567.1454296584296,547.5610961761114,550.5650817578393,0.0,6834800
2024-07-19,551.3746337890625,0.0,555.8318287701031,547.6781532609464,553.1204255380973,0.0,4290400
2024-07-22,544.7424926757812,0.0,550.3212636198884,543.328274598621,549.1508741929806,0.0,3377300
2024-07-23,541.0070190429688,0.0,545.0448357627373,539.1636601671859,544.9960224100879,0.0,2785600
2024-07-24,545.9323120117188,0.0,547.2782508348743,539.3684642277109,546.1761406459357,0.0,3156200
2024-07-25,545.8640747070312,0.0,555.8220583222702,544.7912524456038,548.1268117494859,0.0,3102900
2024-07-26,555.6561889648438,0.0,564.833932416352,546.1761599058611,546.1761599058611,0.0,3201900
2024-07-29,552.759521484375,0.0,557.2459446051912,547.8927114020374,551.7452157821274,0.0,2965000
2024-07-30,562.10302734375,0.0,565.1264785086674,552.0182491334757,552.9058186721431,0.0,4139100
2024-07-31,561.937255859375,0.0,566.5602972492443,548.438934600076,551.4819115095587,0.0,4713200
2024-08-01,558.6309814453125,0.0,572.9973469416461,553.1009046151736,562.951618126493,0.0,3680800
2024-08-02,575.2698364257812,0.0,576.9375863203416,561.0497326614081,567.9549768082923,0.0,5094000
2024-08-05,555.8902587890625,0.0,572.334046526704,552.7692405679283,567.7500565952073,0.0,4587400
2024-08-06,554.320068359375,0.0,563.2637467353328,548.6437893704033,554.1835695473512,0.0,3216500
2024-08-07,552.1060791015625,0.0,557.5385883078595,543.2794942982696,552.6229648600989,0.0,4320700
2024-08-08,552.2621459960938,0.0,558.3188712723896,550.4383124021565,550.4383124021565,0.0,2860800
2024-08-09,544.966796875,0.0,551.9597859076893,543.8646866117803,550.6040843232361,0.0,2976700
2024-08-12,551.3355712890625,0.0,554.9540099016261,547.200246890978,548.4389154876749,0.0,2532400
2024-08-13,560.0645751953125,0.0,561.5177842400532,554.9539368654306,555.9194886721524,0.0,2369400
2024-08-14,565.360595703125,0.0,566.7748137742909,559.118618000206,561.0399591823818,0.0,2344400
2024-08-15,565.3020629882812,0.0,568.9400268096105,559.3526679294349,565.3605794812756,0.0,2751800
2024-08-16,563.4197387695312,0.0,567.2917687398414,559.928095785312,566.5797485926374,0.0,2728900
2024-08-19,564.4926147460938,0.0,568.9009962742253,562.8248053439783,563.8098826179979,0.0,1847900
2024-08-20,566.31640625,0.0,569.3983739755043,561.2935126038408,565.5361070024016,0.0,1677500
2024-08-21,563.800048828125,0.0,568.9887290072685,563.1758332738359,567.1551330218391,0.0,2844300
2024-08-22,564.43408203125,0.0,568.5597035996756,556.5340569487054,564.9510273844021,0.0,2282000
2024-08-23,570.0811157226562,0.0,570.763847811648,564.1707119455423,566.6577521361417,0.0,2376400
2024-08-26,572.6363525390625,0.0,577.4739334279874,571.2806512265124,573.5336251255236,0.0,1800000
2024-08-27,572.8510131835938,0.0,577.717883098311,569.3691924060236,574.9186753974444,0.0,1581900
2024-08-28,574.0115966796875,0.0,578.2054968152497,569.4568944558716,574.4700254672871,0.0,1657000
2024-08-29,576.9668579101562,0.0,577.9811636513249,569.9445809715473,576.0988136400864,0.0,1953200
2024-08-30,575.6307373046875,0.0,578.6151978508964,572.1098655889984,575.4356624625627,0.0,2944700
2024-09-03,583.9012451171875,0.0,585.832348670262,577.2106023075618,577.8933343251391,0.0,3175500
2024-09-04,589.2655639648438,0.0,592.9327563610066,583.121093931412,585.1887561073798,0.0,2935000
2024-09-05,580.7901000976562,0.0,591.0406663941648,575.1137618017401,589.2753492931696,0.0,2144800
2024-09-06,582.1458129882812,0.0,585.7837175832545,577.6398640680707,581.1607356673358,0.0,2926400
2024-09-09,579.4343872070312,0.0,584.6815845821343,561.0692559226504,583.5502458246883,0.0,3411400
2024-09-10,584.2427368164062,0.0,589.8702616118355,576.5572529613399,580.5170278792767,0.0,2863500
2024-09-11,575.1917114257812,0.0,576.8010041203449,564.6777928153707,574.5967838830769,0.0,3563600
2024-09-12,573.8945922851562,0.0,575.9330259633466,568.8132413880289,574.0019221313081,0.0,3395800
2024-09-13,579.64892578125,0.0,582.9259682426717,572.7339197240996,576.4889162985595,0.0,2241900
2024-09-16,576.6343383789062,2.1,586.0794619658635,575.2836268625019,582.3699338096881,0.0,2548600
2024-09-17,565.691650390625,0.0,574.2656514742338,564.1549696504393,573.570760894992,0.0,3416000
2024-09-18,568.3245239257812,0.0,572.1123703738893,560.1615314296637,564.6149362993465,0.0,2988300
2024-09-19,564.820556640625,0.0,572.415844872083,562.3834213669852,571.3293614123887,0.0,2945700
2024-09-20,562.7944946289062,0.0,566.5530093654019,557.5580827920982,559.5645555641664,0.0,5398700
2024-09-23,561.2381591796875,0.0,567.1303913315215,559.8581156345955,564.2527965294117,0.0,2386100
2024-09-24,562.98046875,0.0,565.0554628211,553.9855420991258,558.7032353330995,0.0,3188500
2024-09-25,564.07666015625,0.0,568.7747585659922,560.9152425114048,565.6035436329053,0.0,2658800
2024-09-26,562.6085205078125,0.0,564.360502717556,558.7912818117921,562.7944897722764,0.0,2751900
2024-09-27,569.4990844726562,0.0,574.2559669747887,564.3507883274884,565.4176175151142,0.0,2986200
2024-09-30,572.26904296875,0.0,573.9720985866509,566.455128425824,571.1140978915479,0.0,3009700
2024-10-01,570.9182739257812,0.0,576.2036719750744,568.4420093221548,572.5821999590448,0.0,2648400
2024-10-02,579.7369995117188,0.0,591.6878386526698,571.8480919802724,591.4333481291459,0.0,3667000
2024-10-03,580.167724609375,0.0,580.6375165560838,571.9656016822105,578.0731359476885,0.0,2645800
2024-10-04,578.650634765625,0.0,583.4759786971669,575.9492116095663,579.5608865265464,0.0,2462600
2024-10-07,571.1728515625,0.0,579.8643618305521,570.9477528568157,576.2918159713861,0.0,2591100
2024-10-08,569.2348022460938,0.0,576.7028448076964,567.2576617243851,575.5772319931557,0.0,2231400
2024-10-09,578.670166015625,0.0,580.2166441405097,568.2853984349389,569.8024846937348,0.0,2207700
2024-10-10,585.0126953125,0.0,586.2361616906256,580.1775537965644,582.5461679775364,0.0,2143200
2024-10-11,585.355224609375,0.0,588.7515982387085,583.5445183193798,583.8283410044265,0.0,1909700
2024-10-14,592.5492553710938,0.0,595.7106733500134,584.6994760356812,586.3927343726898,0.0,2447100
2024-10-15,544.4816284179688,0.0,557.6070082301105,531.4737563300566,540.3023081945942,0.0,11939400
2024-10-16,559.2122192382812,0.0,563.9494473339754,543.336489343421,545.1863847406727,0.0,5103900
2024-10-17,554.014892578125,0.0,557.3818142430869,546.8600048213976,548.6805679466587,0.0,5588700
2024-10-18,557.5188598632812,0.0,558.830441934979,551.0883142498102,554.8174368943826,0.0,3687000
2024-10-21,559.3394165039062,0.0,566.9836915150929,556.6282557284086,557.548304801926,0.0,3018000
2024-10-22,557.7635498046875,0.0,560.8760406775156,553.4863167091089,555.7962065785696,0.0,2593800
2024-10-23,552.6544189453125,0.0,561.9527627462729,548.1128977408216,559.9854193942656,0.0,2911900
2024-10-24,548.9057006835938,0.0,559.5645533200977,548.4163141684878,552.9969647811321,0.0,2590200
2024-10-25,552.5761108398438,0.0,559.3687981979191,551.6462644942262,554.1421238243614,0.0,2513700
2024-10-28,553.2416381835938,0.0,556.2660730238144,550.8632269742844,554.2302084669598,0.0,1826500
2024-10-29,550.1976318359375,0.0,555.6298096486952,548.758804564487,550.8729875471166,0.0,2600300
2024-10-30,551.010009765625,0.0,558.203966638785,549.0426666908803,549.3362866110907,0.0,2323600
2024-10-31,552.5173950195312,0.0,556.3835605729844,548.9742413045059,548.9742413045059,0.0,2490000
2024-11-01,555.5123901367188,0.0,558.2236104079664,551.9301073153421,553.124181675947,0.0,2548300
2024-11-04,545.9302368164062,0.0,556.520567874053,543.6300844163918,554.7098019753739,0.0,2656600
2024-11-05,554.9937133789062,0.0,556.667377067605,542.6318049300754,546.4294491580374,0.0,2608100
2024-11-06,584.0241088867188,0.0,592.6470972934285,578.3080478396349,591.081084268249,0.0,6591300
2024-11-07,592.5980834960938,0.0,594.7415986062815,583.4955071784211,585.9815689189095,0.0,5254300
2024-11-08,602.7382202148438,0.0,606.643515065652,592.3534526523491,596.0727782369491,0.0,3875800
2024-11-11,611.9778442382812,0.0,617.3415013893945,600.8883289502758,603.8051132370429,0.0,3003200
2024-11-12,601.6223754882812,0.0,611.224136105894,600.7513129314899,606.4281843109711,0.0,2809400
2024-11-13,593.0092163085938,0.0,599.9976701439464,590.2588664588237,599.9878728552268,0.0,3409400
2024-11-14,580.5591430664062,0.0,593.1363503622596,576.4874145338615,590.6698236500364,0.0,3079200
2024-11-15,579.65869140625,0.0,586.2164821909375,577.4271201203965,579.3552741780114,0.0,3423900
2024-11-18,577.1334838867188,0.0,581.5281647979206,572.8953803594038,576.9279200645307,0.0,2577100
2024-11-19,564.7520141601562,0.0,574.3831666489187,564.5269154895426,570.3505669773606,0.0,3198300
2024-11-20,587.753173828125,0.0,589.847762340461,569.2054139300994,570.3408240397755,0.0,3928600
2024-11-21,584.8070678710938,0.0,591.1788896339219,584.0631908357409,587.2637976495913,0.0,2722900
2024-11-22,578.32763671875,0.0,588.497103211819,576.1743240256719,585.854403985749,0.0,3197900
2024-11-25,592.9700927734375,0.0,596.8949822567403,582.379761218605,584.8952151223101,0.0,5146200
2024-11-26,593.9097290039062,0.0,595.5540607017459,586.1676597924647,595.3289619973876,0.0,2693600
2024-11-27,595.4659423828125,0.0,604.3434209576964,593.8216108567082,598.0597148151611,0.0,2269800
2024-11-29,597.247314453125,0.0,602.7088846839381,593.7432902809983,595.8770083162186,0.0,2010800
2024-12-02,595.6029663085938,0.0,600.9666232430277,588.0174755429041,600.9666232430277,0.0,3364900
2024-12-03,592.3827514648438,0.0,602.6794623292976,591.9814808285213,597.8834508323141,0.0,2329900
2024-12-04,597.8247680664062,0.0,609.6092337894626,594.0858478568955,598.0499264901947,0.0,4147600
2024-12-05,566.6801147460938,0.0,596.0628961915442,561.7079914484391,592.7840308867853,0.0,5943700
2024-12-06,537.9532470703125,0.0,569.7535743858028,532.5895897921282,569.7535743858028,0.0,13003600
2024-12-09,550.8242797851562,2.1,553.1430291035894,535.1235175766301,542.3549018758224,0.0,7684700
2024-12-10,555.314453125,0.0,557.8297199168949,547.297058966051,552.1801895082252,0.0,5360600
2024-12-11,524.2077026367188,0.0,548.3483402594425,523.3626837703262,545.9509717815646,0.0,10363000
2024-12-12,506.7481689453125,0.0,524.6694530267406,505.20559425608815,522.2426399596982,0.0,9403800
2024-12-13,511.38568115234375,0.0,518.312545119102,501.79623713319023,506.6302836141993,0.0,8202900
2024-12-16,489.78973388671875,0.0,512.5843734154057,487.4120052352196,508.9490113406626,0.0,8880000
2024-12-17,477.0365295410156,0.0,486.9404191419807,467.50603500638624,478.49068039077736,0.0,14132700
2024-12-18,490.9884338378906,0.0,497.68927572274885,477.5081610948514,479.89569470408236,0.0,10147600
2024-12-19,480.7013854980469,0.0,494.84976979483474,477.74396932083977,491.4011200501121,0.0,7418100
2024-12-20,491.3912658691406,0.0,493.85741839754843,480.19046332379736,480.7406760815092,0.0,10956900
2024-12-23,497.4927673339844,0.0,499.89013585248244,490.3301363920641,492.010279318816,0.0,4286000
2024-12-24,497.2569580078125,0.0,497.2569580078125,491.84322423661075,495.5866499887456,0.0,1824400
2024-12-26,502.21875,0.0,503.2700312692489,495.9109424471098,496.8148506397676,0.0,3387000
2024-12-27,501.0789794921875,0.0,504.2132432983905,498.92724277296105,500.5189618407147,0.0,3471800
2024-12-30,498.92724609375,0.0,500.8235461723401,491.9120182379055,498.0036682270971,0.0,5408600
2024-12-31,497.0211486816406,0.0,502.07135241149564,494.54519116274366,500.4501886794435,0.0,4214000
2025-01-02,495.69476318359375,0.0,503.16194525203775,494.49607890682177,499.123773211651,0.0,4234900
2025-01-03,504.0364074707031,0.0,507.26890007413374,496.5495556893942,497.50260818554506,0.0,3019500
2025-01-06,504.6946716308594,0.0,511.20883101055455,500.9119663360643,504.0363952742697,0.0,4444800
2025-01-07,505.2645568847656,0.0,510.4228241159664,502.2875009964179,509.78415751891134,0.0,3914500
2025-01-08,515.3551025390625,0.0,515.5024456139415,500.60736206427754,505.51016240201,0.0,4141700
2025-01-10,511.5920104980469,0.0,526.0941193066689,509.41076927000046,517.4380584213994,0.0,5467500
2025-01-13,531.6847534179688,0.0,537.8353829381175,523.8245362612184,525.691301854728,0.0,6472500
2025-01-14,534.2393188476562,0.0,535.0351634640966,527.1749460301371,530.2208162670164,0.0,3978300
2025-01-15,533.9248657226562,0.0,536.7447137329609,524.9937278685735,527.7152871865876,0.0,4103900
2025-01-16,501.66851806640625,0.0,530.4074662800331,501.0888306643477,521.0832335474956,0.0,9059900
2025-01-17,500.85302734375,0.0,512.7023018479566,494.0146170946081,496.7853507308459,0.0,7495700
2025-01-21,515.81689453125,0.0,515.8267293972774,503.85955647150394,505.0680456189665,0.0,5682100
2025-01-22,510.638916015625,0.0,515.2764747516006,506.9839442721229,512.5450208405119,0.0,3756100
2025-01-23,520.513427734375,0.0,522.1935107818407,510.24600701743685,518.6466021608596,0.0,4580800
2025-01-24,523.2054443359375,0.0,525.2883967066663,515.3452286067915,518.8823016974324,0.0,3671200
2025-01-27,534.0231323242188,0.0,542.2664888660504,530.5449481161436,530.5449481161436,0.0,4263000
2025-01-28,533.001220703125,0.0,536.9509983807366,528.4423410597733,533.521988791191,0.0,3162700
2025-01-29,528.6978149414062,0.0,533.9838156010788,524.6793126360872,532.2643931552034,0.0,2737600
2025-01-30,536.037353515625,0.0,537.5504237635629,525.6520341676942,530.0439018177271,0.0,2924700
2025-01-31,533.0111083984375,0.0,539.5645472598717,531.9499623560964,533.748003711706,0.0,4120500
2025-02-03,538.6016845703125,0.0,544.2315455179174,531.615931462233,532.5296744453888,0.0,4083600
2025-02-04,535.9193725585938,0.0,539.2206489379441,532.0482137190623,535.6737408047369,0.0,2869900
2025-02-05,530.3779296875,0.0,531.252393163102,512.7906713317382,521.4565671943651,0.0,4621600
2025-02-06,520.7786254882812,0.0,529.6803183248322,516.0920121530439,528.4914989526202,0.0,3926800
2025-02-07,517.8212280273438,0.0,523.0875582982346,516.2098693721838,519.9532948031869,0.0,3349100
2025-02-10,524.0504760742188,0.0,524.8266508967764,514.2350399112776,518.4500595939717,0.0,3143100
2025-02-11,524.5908203125,0.0,537.9728337974307,519.0395785186997,525.6519663067453,0.0,2631900
2025-02-12,518.184814453125,0.0,532.8735465643683,516.3278238490719,530.4172288242012,0.0,3859200
2025-02-13,521.8987426757812,0.0,524.9937270572821,517.8900152789554,521.6236662689232,0.0,2835100
2025-02-14,514.36279296875,0.0,523.8834833598796,513.7732407031735,519.7568573756341,0.0,3705300
2025-02-18,491.98077392578125,0.0,506.98395098318673,488.3159372841934,502.0123665757814,0.0,8759300
2025-02-19,502.11065673828125,0.0,502.91630617082717,489.44586804801554,492.57029702453684,0.0,4380300
2025-02-20,493.6412658691406,0.0,499.5462331964023,491.4993340590361,496.3628550706211,0.0,4144300
2025-02-21,458.2702941894531,0.0,461.4929818148895,430.83812490222397,431.86976634325674,0.0,19864900
2025-02-24,453.45587158203125,0.0,459.82265763597076,449.014860127433,458.5257147387032,0.0,6919300
2025-02-25,462.16107177734375,0.0,462.5344368483463,442.20595008416416,452.71897137389266,0.0,9101000
2025-02-26,455.48974609375,0.0,464.78444429681906,450.1939404840339,456.53122244707487,0.0,5108400
2025-02-27,460.3728942871094,0.0,467.0933760341543,456.8947399672392,458.02467011655074,0.0,4216800
2025-02-28,466.6610412597656,0.0,468.0365731387544,456.36417692189553,458.8401343040754,0.0,6146300
2025-03-03,458.8892517089844,0.0,468.93067946877323,457.08140551540697,466.0813569895952,0.0,5700200
2025-03-04,466.317138671875,0.0,470.8367690005029,458.3095493853018,461.5420717051547,0.0,5864100
2025-03-05,467.66326904296875,0.0,470.7090791253475,462.7801080606301,462.83905728904074,0.0,3637100
2025-03-06,479.1980895996094,0.0,479.5910944191105,463.7527633168851,467.6828714805875,0.0,4964000
2025-03-07,484.85748291015625,0.0,491.18495981734554,474.92411836172056,475.37607243099194,0.0,5434100
2025-03-10,473.8456115722656,2.1,491.2415976296622,471.3689194115442,485.7455259952085,0.0,5108900
2025-03-11,479.5883483886719,0.0,480.3086391491216,470.80649237179273,476.0953296628606,0.0,4101000
2025-03-12,474.7237548828125,0.0,481.12762741599886,472.46417391205927,476.72683766986046,0.0,3680800
2025-03-13,475.1283264160156,0.0,477.63461906547167,468.6948832797043,473.08582633647853,0.0,2876600
2025-03-14,482.1636962890625,0.0,482.95309522599143,471.89187411204506,474.6152477475916,0.0,3915900
2025-03-17,492.39605712890625,0.0,493.9649480448277,479.4995696373405,481.0388599741876,0.0,5152300
2025-03-18,497.11260986328125,0.0,499.2538188046016,491.21200690619395,495.5733195168679,0.0,3617600
2025-03-19,496.52056884765625,0.0,499.62874993550884,493.4222345439784,498.3361411970289,0.0,3317600
2025-03-20,504.5130310058594,0.0,507.56204108206003,496.826456548839,498.5433502864164,0.0,4965400
2025-03-21,509.9893493652344,0.0,512.1108345230967,498.3854711635165,504.8879924045595,0.0,10244900
2025-03-24,509.64404296875,0.0,511.3708136854883,504.33545160443606,508.2429087358777,0.0,3840900
2025-03-25,506.61474609375,0.0,512.1108173917922,504.7399726306131,511.4004035473308,0.0,3015100
2025-03-26,511.3214416503906,0.0,516.0083903007682,506.04242124603155,508.36126355541535,0.0,3253800
2025-03-27,508.8743591308594,0.0,514.1632568367877,506.14116876672244,509.43680023899844,0.0,2822200
2025-03-28,509.1900939941406,0.0,514.0645231364069,508.21324483136516,510.0090934864084,0.0,2379100
2025-03-31,516.7977905273438,0.0,521.1097787300698,511.70631039316874,512.2884450612817,0.0,5238700
2025-04-01,516.1761474609375,0.0,521.1591021711955,514.034968708308,518.7613649991304,0.0,2962500
2025-04-02,516.255126953125,0.0,518.0312219548305,509.9400555859678,516.0084454188608,0.0,2378900
2025-04-03,533.2662353515625,0.0,541.219245002213,522.2642156703681,522.9549359587578,0.0,6457900
2025-04-04,518.08056640625,0.0,544.4162904395972,517.8733924533842,533.4636539814366,0.0,9919000
2025-04-07,517.7351684570312,0.0,522.1754356646817,496.9053659644258,506.58517618059375,0.0,7356700
2025-04-08,545.7384643554688,0.0,577.2446201219527,540.1930687342762,574.4422916216627,0.0,11762300
2025-04-09,570.8209838867188,0.0,581.5763212426814,547.1001128233074,552.7047092064687,0.0,12691900
2025-04-10,586.510009765625,0.0,593.8907016188897,572.3011300334235,572.5379346581301,0.0,8646000
2025-04-11,591.5126342773438,0.0,598.3111911927577,578.7444570496708,581.1026865301809,0.0,6121500
2025-04-14,579.2673950195312,0.0,587.7236445317509,571.6005143057439,587.1020022995531,0.0,4839300
2025-04-15,575.843505859375,0.0,584.9904157685869,574.284461772834,584.378650410257,0.0,3871300
2025-04-16,577.2742309570312,0.0,586.9145644780917,575.2218839773552,577.5505431802472,0.0,4192100
2025-04-17,448.0821838378906,0.0,483.2885946801667,441.1652542141313,475.5526655139242,0.0,29120200
2025-04-21,419.6841735839844,0.0,447.48025939619345,419.17108688338664,443.78991364047715,0.0,13029900
2025-04-22,421.5096435546875,0.0,425.7723074870012,411.58318150639997,419.0033809691291,0.0,10156900
2025-04-23,422.279296875,0.0,433.02475864834275,418.1251883905699,421.4011262971116,0.0,8345700
2025-04-24,418.6185302734375,0.0,424.1935264808628,418.0264886159035,421.89446801430137,0.0,7629100
2025-04-25,413.0830078125,0.0,417.9376831129969,406.550856070385,417.9376831129969,0.0,9263800
2025-04-28,414.4249572753906,0.0,418.490263943046,410.03401413545276,414.1782757532029,0.0,6614300
2025-04-29,403.79791259765625,0.0,416.1517119128174,403.6696333930577,415.5991477333846,0.0,9909100
2025-04-30,405.97857666015625,0.0,407.77442533459964,395.6771540800942,403.60056321789676,0.0,9192800
2025-05-01,395.36138916015625,0.0,406.5212584521122,394.5522665666881,405.86016885713644,0.0,9316800
2025-05-02,394.61151123046875,0.0,396.6638882485275,387.8918788529166,394.6509585930824,0.0,11392900
2025-05-05,399.4365539550781,0.0,404.2616586010646,392.3123909538131,393.8220805455811,0.0,8157200
2025-05-06,389.2732849121094,0.0,399.34774896691,388.1977571828005,397.4532217924701,0.0,7858600
2025-05-07,385.86907958984375,0.0,390.26986926021067,380.5802425133474,390.102142697797,0.0,8517200
2025-05-08,380.4322204589844,0.0,385.7309646966643,380.25461699514875,384.8231634717995,0.0,7218300
2025-05-09,375.5874328613281,0.0,381.4189575466243,373.5153020525348,380.5506638830498,0.0,8381100
2025-05-12,373.7225036621094,0.0,382.0701978866687,371.83785323146304,375.94263734723086,0.0,11004800
2025-05-13,307.24676513671875,0.0,337.4603122519185,304.9970309262055,331.2833974852288,0.0,59478300
2025-05-14,303.9215087890625,0.0,318.6533219002203,303.03343122925526,317.18310968063435,0.0,40029600
2025-05-15,270.7082824707031,0.0,272.97774021186035,245.5763701995523,271.2509697223967,0.0,121849200
2025-05-16,288.03521728515625,0.0,290.5809573543986,265.56747499864923,275.5827388153732,0.0,71094300
2025-05-19,311.6969299316406,0.0,312.09161435895413,293.30434051641356,300.7245101323789,0.0,62524700
2025-05-20,317.3113708496094,0.0,320.3307804653573,308.4308358135625,316.66015811262497,0.0,41487000
2025-05-21,298.9582824707031,0.0,305.84561132722865,296.0869059268329,297.0045539662425,0.0,45506900
2025-05-22,292.7320251464844,0.0,301.6125594339853,288.61736434378054,289.9889279821781,0.0,27159600
2025-05-23,291.6466369628906,0.0,295.7218205230119,287.76881066530177,292.169600584862,0.0,16873600
2025-05-27,291.0841979980469,0.0,295.9685042128409,285.2921206389317,295.52446542513576,0.0,20144600
2025-05-28,294.15289306640625,0.0,299.74764310983915,289.3870194173625,290.0974633893462,0.0,16114200
2025-05-29,294.2121276855469,0.0,299.35296211621494,291.0841927713556,292.8602876653034,0.0,16221100
2025-05-30,297.9024963378906,0.0,301.5829957274985,291.91306136475265,294.01479288773953,0.0,16309300
2025-06-02,300.6751708984375,0.0,309.3879488946674,296.9749481157115,299.0964031553097,0.0,19074400
2025-06-03,297.22161865234375,0.0,301.66188582754893,296.02768857672993,299.0766684235388,0.0,12805700
2025-06-04,296.3927917480469,0.0,303.55643289450455,296.21518827643825,299.51084984819255,0.0,11255600
2025-06-05,291.9130554199219,0.0,298.40573023464765,290.20600837023125,296.39280049288703,0.0,13529000
2025-06-06,299.195068359375,0.0,300.3495510652753,293.20563412350594,293.2845890689889,0.0,12589000
2025-06-09,299.1654968261719,0.0,303.319605388956,297.14272031100757,300.9909461834496,0.0,12170300
2025-06-10,299.75750732421875,0.0,301.0698396869142,296.59997200177276,299.7673541079686,0.0,11384100
2025-06-11,306.4376525878906,0.0,307.4441023607918,298.2182374946376,298.6622461683482,0.0,14711400
2025-06-12,314.2722473144531,0.0,314.5682530848242,304.4148636987342,307.2664863282736,0.0,15957200
2025-06-13,309.36822509765625,0.0,313.2066039834934,307.76973367411637,311.7067610774638,0.0,13762400
2025-06-16,305.7311706542969,2.21,311.3059849573297,302.87916858543673,311.0376886034613,0.0,14240100
2025-06-17,306.93359375,0.0,308.00683987923765,303.60458986910714,305.5225131511465,0.0,11593900
2025-06-18,305.2740783691406,0.0,309.8352985712511,304.310158392251,305.6218598476673,0.0,12205600
2025-06-20,300.1166076660156,0.0,307.64907275877107,299.69922744340766,307.55964063812365,0.0,16177900
2025-06-23,298.794921875,0.0,300.5737082138444,293.6672681279907,300.00727447014077,0.0,12274700
2025-06-24,303.7039489746094,0.0,303.9027072302504,297.45337484759807,299.56010924813637,0.0,8781400
2025-06-25,300.12652587890625,0.0,302.47174602853084,297.92044257961044,302.47174602853084,0.0,8722100
2025-06-26,300.7227783203125,0.0,304.78713322711263,299.4011298384085,300.67310391602257,0.0,6532700
2025-06-27,307.17205810546875,0.0,308.5036838264651,300.3054061924122,301.0507041591443,0.0,15304400
2025-06-30,310.01416015625,0.0,310.42159337249666,304.41945159904503,307.06277883594174,0.0,10074100
2025-07-01,324.0953369140625,0.0,324.5027398037257,309.1297250478108,310.0141599051978,0.0,17865500
2025-07-02,305.6318054199219,0.0,320.3986590897945,304.5088848996695,318.7291684999594,0.0,18177200
2025-07-03,306.6155700683594,0.0,310.2923854856395,306.2975993185352,307.8974910569924,0.0,6161100
2025-07-07,301.8059387207031,0.0,306.6752130260001,299.3116953160099,306.0690518630032,0.0,9031200
2025-07-08,305.77093505859375,0.0,306.36714919134135,301.8953612382168,302.3226884683565,0.0,9613800
2025-07-09,301.0109558105469,0.0,301.6966323873792,296.8770326539392,301.28919918040253,0.0,12816700
2025-07-10,297.6322937011719,0.0,303.0182971493815,294.7405337052032,301.16002557984683,0.0,11355600
2025-07-11,302.1935119628906,0.0,302.2133756594409,296.13174862708536,298.1390737238174,0.0,9808200
2025-07-14,298.695556640625,0.0,302.1338866535345,297.12547549826616,299.74893906930083,0.0,10681400
2025-07-15,289.88116455078125,0.0,298.79492985209686,289.2054349751221,297.83100989148625,0.0,16019000
2025-07-16,290.6562805175781,0.0,294.1343379410009,288.9271988171921,290.7159019330222,0.0,9714000
2025-07-17,286.2640075683594,0.0,291.16309259897633,282.0505688146989,290.49727969214365,0.0,14792700
2025-07-18,280.8779602050781,0.0,286.26399363419506,279.0494994609367,286.08512939673886,0.0,14979700
2025-07-21,280.3711853027344,0.0,284.7038364597967,279.4370760484589,282.85551197341323,0.0,10319200
2025-07-22,283.3424377441406,0.0,285.3100051102338,280.23205581849356,280.8581110081611,0.0,14600300
2025-07-23,290.6761779785156,0.0,290.80536782225727,283.16357628115935,285.6975774462679,0.0,13111100
2025-07-24,276.8334655761719,0.0,287.3968270258187,276.47573710595435,281.32514743280564,0.0,22585200
2025-07-25,279.2979431152344,0.0,284.3461119635523,278.18496960336216,279.2383217004022,0.0,16486600
2025-07-28,280.3512878417969,0.0,283.21323698351495,277.93652962581706,281.7226409993912,0.0,15779400
2025-07-29,259.4332580566406,0.0,271.19902485919397,258.91649872979184,264.0342356406895,0.0,41706000
2025-07-30,264.3721008300781,0.0,264.9583982527226,256.5017410298941,263.13985424784505,0.0,22371800
2025-07-31,247.99542236328125,0.0,259.7611897992482,246.19677228549955,259.7611897992482,0.0,29606900
2025-08-01,236.2793426513672,0.0,249.91332848369683,233.1292182870418,249.0388406530003,0.0,39989200
2025-08-04,239.46920776367188,0.0,240.73124993470154,235.46447445768445,236.7463954873872,0.0,17427900
2025-08-05,249.4263916015625,0.0,250.4896906687622,238.5450440842391,239.6480857054165,0.0,23795900
2025-08-06,244.23912048339844,0.0,251.57285760885057,243.77206585999218,249.068652099138,0.0,12946400
2025-08-07,243.13607788085938,0.0,247.19050077853066,237.9984922068667,244.87510652955257,0.0,11369900
2025-08-08,249.3170928955078,0.0,249.5059041532291,242.8379645331546,243.25532960453097,0.0,10185700
2025-08-11,250.7877960205078,0.0,256.77999054887874,250.55924221966126,252.27839197608517,0.0,11779500
2025-08-12,259.9301452636719,0.0,261.23193004849344,252.07966367244995,252.42747548107684,0.0,12171800
2025-08-13,270.1059265136719,0.0,270.483549014219,261.24186606676176,262.7324620470776,0.0,19480300
2025-08-14,269.7879333496094,0.0,272.13315353050103,265.3260922885588,270.39412483572585,0.0,25011100
2025-08-15,302.10406494140625,0.0,308.3546089018425,292.8623516905441,299.81846624815415,0.0,68198500
2025-08-18,306.55596923828125,0.0,314.4163825939107,305.4927004535372,311.2165685759222,0.0,39600500
2025-08-19,302.3326110839844,0.0,308.55337481854355,297.33414699804166,306.9633996721023,0.0,22348600
2025-08-20,297.960205078125,0.0,305.27407869249134,293.8461758101252,304.4790759484005,0.0,16679000
2025-08-21,301.4482116699219,0.0,304.6480257131914,295.93298813015787,300.39485956185064,0.0,13359000
2025-08-22,305.4927062988281,0.0,308.7322477712898,302.6704844129962,304.1809744915408,0.0,14930000
2025-08-25,302.94873046875,0.0,306.9336003304423,300.83210952509086,306.5559778074758,0.0,8917100
2025-08-26,298.5465087890625,0.0,307.0230305000033,292.3555858981627,302.402188781367,0.0,16303200
2025-08-27,301.9748840332031,0.0,304.05177751623347,298.6160694810164,298.65582719958616,0.0,9982800
2025-08-28,300.39483642578125,0.0,302.5611618905324,297.522940388713,302.342539941945,0.0,11235000
2025-08-29,307.92730712890625,0.0,308.0564969637043,299.02348912737045,300.4047589408791,0.0,12065400
2025-09-02,306.864013671875,0.0,310.9283987318134,305.3734176916173,306.3770953560584,0.0,10957100
2025-09-03,305.9497985839844,0.0,307.6490695108528,301.79601172886015,306.1783372255863,0.0,9654600
2025-09-04,308.43414306640625,0.0,309.95454984184676,302.19351541166463,304.1809768345283,0.0,7725700
2025-09-05,313.4127197265625,0.0,315.9467207169069,306.2677940303142,308.49374094971483,0.0,14126700
2025-09-08,318.24224853515625,0.0,319.63346541432156,311.8326735535955,317.70562547953057,0.0,18438600
2025-09-09,345.7388000488281,0.0,349.5050175839324,325.10894091926707,330.4154592420796,0.0,46408900
2025-09-10,344.6059265136719,0.0,346.38471293521167,339.25965056403265,343.3935738621691,0.0,17804300
2025-09-11,351.3930969238281,0.0,358.7169176288162,343.6718203318683,346.81201297098534,0.0,18943500
2025-09-12,350.3000183105469,0.0,360.03856702751114,350.2503135798583,353.6687496095589,0.0,14016200
2025-09-15,347.8900146484375,2.21,351.7099914550781,342.5299987792969,351.260009765625,0.0,11035900
2025-09-16,339.7799987792969,0.0,349.0400085449219,338.32000732421875,347.5,0.0,12695800
2025-09-17,341.6099853515625,0.0,343.0,337.69000244140625,337.69000244140625,0.0,8467700
2025-09-18,334.82000732421875,0.0,344.92999267578125,334.1199951171875,343.5299987792969,0.0,11255600
2025-09-19,336.69000244140625,0.0,340.9599914550781,333.8399963378906,336.5,0.0,13656800
2025-09-22,341.29998779296875,0.0,342.4800109863281,332.6000061035156,334.4599914550781,0.0,8903700
2025-09-23,347.69000244140625,0.0,352.70001220703125,339.9599914550781,341.0,0.0,12504100
2025-09-24,351.80999755859375,0.0,354.5,347.8399963378906,350.20001220703125,0.0,9016300
2025-09-25,345.55999755859375,0.0,350.19000244140625,343.6000061035156,348.8999938964844,0.0,8104900
2025-09-26,344.0799865722656,0.0,349.9700012207031,341.29998779296875,347.92999267578125,0.0,6774700
2025-09-29,345.17999267578125,0.0,345.54998779296875,341.45001220703125,343.9800109863281,0.0,6878900
2025-09-30,345.29998779296875,0.0,349.32000732421875,342.3299865722656,343.75,0.0,7429700
2025-10-01,348.29998779296875,0.0,348.70001220703125,341.6300048828125,343.8999938964844,0.0,8825500
2025-10-02,353.7200012207031,0.0,355.0799865722656,344.6499938964844,347.2900085449219,0.0,8564200
2025-10-03,360.20001220703125,0.0,368.0,356.6099853515625,357.25,0.0,13494800
2025-10-06,358.7699890136719,0.0,362.5199890136719,357.1099853515625,361.0299987792969,0.0,7181700
2025-10-07,363.6600036621094,0.0,364.7200012207031,358.05999755859375,359.4100036621094,0.0,7236200
2025-10-08,369.9200134277344,0.0,374.6300048828125,365.79998779296875,366.92999267578125,0.0,9438300
2025-10-09,367.69000244140625,0.0,376.2200012207031,366.0799865722656,372.5199890136719,0.0,8759800
2025-10-10,354.5,0.0,369.3999938964844,352.510009765625,369.3999938964844,0.0,13141900
2025-10-13,358.6600036621094,0.0,359.1600036621094,353.32000732421875,354.739990234375,0.0,5659400
2025-10-14,359.92999267578125,0.0,362.3299865722656,353.3999938964844,354.95001220703125,0.0,5974800
2025-10-15,361.1499938964844,0.0,364.2200012207031,355.8500061035156,359.3900146484375,0.0,6579600
2025-10-16,356.6700134277344,0.0,362.0,354.3999938964844,361.8399963378906,0.0,5872100
2025-10-17,356.6000061035156,0.0,358.3900146484375,350.8299865722656,351.0,0.0,8608400
2025-10-20,364.4800109863281,0.0,365.57000732421875,357.510009765625,358.5400085449219,0.0,5996500
2025-10-21,365.3699951171875,0.0,371.04998779296875,361.5,365.1400146484375,0.0,6885300
2025-10-22,361.489990234375,0.0,364.0,358.0,363.9599914550781,0.0,7833000
2025-10-23,360.45001220703125,0.0,362.2799987792969,353.6400146484375,355.5799865722656,0.0,5756700
2025-10-24,362.5,0.0,365.4200134277344,360.0299987792969,361.3699951171875,0.0,5462100
2025-10-27,365.9800109863281,0.0,366.2200012207031,361.3999938964844,363.5,0.0,7766400
2025-10-28,367.8399963378906,0.0,381.0,358.6300048828125,380.67999267578125,0.0,18858700
2025-10-29,355.260009765625,0.0,366.1499938964844,353.8800048828125,364.2799987792969,0.0,11874900
2025-10-30,344.75,0.0,354.5400085449219,343.6000061035156,347.5199890136719,0.0,11441900
2025-10-31,341.55999755859375,0.0,346.2799987792969,337.1199951171875,344.3900146484375,0.0,8390800
2025-11-03,333.7900085449219,0.0,340.70001220703125,326.6000061035156,339.1300048828125,0.0,11181400
2025-11-04,330.8299865722656,0.0,336.5,327.20001220703125,327.6300048828125,0.0,9646600
2025-11-05,327.739990234375,0.0,330.2099914550781,324.2200012207031,326.29998779296875,0.0,9697100
2025-11-06,321.55999755859375,0.0,332.3699951171875,321.45001220703125,328.9200134277344,0.0,7922100
2025-11-07,324.2099914550781,0.0,324.54998779296875,314.1600036621094,319.6600036621094,0.0,9402900
2025-11-10,321.5799865722656,0.0,324.25,317.1700134277344,319.989990234375,0.0,9283800
2025-11-11,327.45001220703125,0.0,327.8599853515625,319.8800048828125,323.29998779296875,0.0,7157800
2025-11-12,339.05999755859375,0.0,343.1700134277344,327.0799865722656,328.45001220703125,0.0,10403300
2025-11-13,332.5199890136719,0.0,339.0299987792969,331.2900085449219,338.3500061035156,0.0,7788700
2025-11-14,321.8599853515625,0.0,328.2099914550781,320.489990234375,326.95001220703125,0.0,8676500
2025-11-17,320.5199890136719,0.0,327.8800048828125,319.42999267578125,320.6000061035156,0.0,6469000
