Price,Close,Dividends,High,Low,Open,Stock Splits,Volume
Ticker,XOM,XOM,XOM,XOM,XOM,XOM,XOM
Date,,,,,,,
2015-11-18,52.10194396972656,0.0,52.205195171841275,51.35984195521401,51.55343549753495,0.0,10884600
2015-11-19,51.81800079345703,0.0,52.12774448019691,51.650220091222096,51.953514271816616,0.0,9453300
2015-11-20,51.4889030456543,0.0,52.2310050181937,51.39856071055781,51.992240319274124,0.0,10144400
2015-11-23,51.80510330200195,0.0,52.08258474904039,51.01783013025157,51.36629554676181,0.0,11868400
2015-11-24,52.83757400512695,0.0,53.14086815649998,51.75346135941413,51.85025809842694,0.0,15055500
2015-11-25,52.431053161621094,0.0,53.02473282813882,52.33425638651117,52.46332039442056,0.0,8980400
2015-11-27,52.418148040771484,0.0,52.43750641069936,51.92126023727691,51.99869864027679,0.0,4156600
2015-11-30,52.69562530517578,0.0,53.334476078413374,52.4310478084411,52.540748511497334,0.0,17729200
2015-12-01,52.84402847290039,0.0,52.99890030146308,52.44393758221956,52.76014059144699,0.0,13917000
2015-12-02,51.33402633666992,0.0,52.68271172871216,51.2501335167809,52.46975984893047,0.0,16300000
2015-12-03,50.59837341308594,0.0,51.5276093754391,50.3466999038192,51.44372148787487,0.0,14870300
2015-12-04,50.88877487182617,0.0,50.96621327795791,49.70786502558218,49.91436251864491,0.0,20156400
2015-12-07,49.55942916870117,0.0,50.011140728547545,48.88185690564486,49.90144005305439,0.0,17676100
2015-12-08,48.15912628173828,0.0,49.269052036007174,47.61707226590727,48.572121224263256,0.0,24217600
2015-12-09,48.80441665649414,0.0,49.81109583070807,48.223646079904704,48.29462510234112,0.0,22036300
2015-12-10,48.843143463134766,0.0,50.01114409162934,48.733437856977524,48.914127416353594,0.0,20142400
2015-12-11,47.97198486328125,0.0,48.746354035598735,47.97198486328126,48.28173351686581,0.0,20473100
2015-12-14,49.06254577636719,0.0,49.185155320347,47.81065231173548,47.946170714706426,0.0,21976500
2015-12-15,51.256587982177734,0.0,51.36628867549105,49.90144815921826,49.965977689209176,0.0,24366800
2015-12-16,51.07589340209961,0.0,51.372733120995974,50.3337916432154,51.004909455919325,0.0,17233900
2015-12-17,50.3079833984375,0.0,51.12752360630334,50.30152896912323,50.99200520713888,0.0,17362900
2015-12-18,49.86918258666992,0.0,50.83714033850214,49.72721466200849,50.05632167615201,0.0,28836000
2015-12-21,49.856285095214844,0.0,50.39833914314209,49.46264849804886,50.19829609068633,0.0,14460500
2015-12-22,50.107940673828125,0.0,50.26926694455951,49.82400486188901,50.14020297400216,0.0,13855800
2015-12-23,51.74703598022461,0.0,51.766394352395416,50.540313240925464,50.77262355355299,0.0,15184200
2015-12-24,51.19205093383789,0.0,51.798634334611364,51.056537463772955,51.798634334611364,0.0,5848300
2015-12-28,50.81132507324219,0.0,50.888763462011404,50.275725551606115,50.41123903948663,0.0,9715800
2015-12-29,51.08235168457031,0.0,51.67603116715124,50.87584933589489,51.61795115076453,0.0,8839000
2015-12-30,50.404808044433594,0.0,50.972675056231864,50.31446567717682,50.54032159531876,0.0,9314600
2015-12-31,50.30153274536133,0.0,50.61773580276702,49.965976245134,50.017601836949716,0.0,10285500
2016-01-04,49.98534393310547,0.0,50.29509261847797,49.34003868492705,50.0111567338272,0.0,20400100
2016-01-05,50.41124725341797,0.0,50.424151192004985,49.636878009413756,49.81111318171222,0.0,11993500
2016-01-06,49.99177551269531,0.0,50.101476173151894,49.42390400296979,49.45617121994459,0.0,18826900
2016-01-07,49.19160842895508,0.0,50.32734182531876,48.97865657090424,49.08190282362501,0.0,21263800
2016-01-08,48.197837829589844,0.0,49.46263519110642,48.07522828937315,49.2690416984787,0.0,19033600
2016-01-11,47.55253219604492,0.0,48.47531864331496,46.823334315852755,48.404334691733645,0.0,21353000
2016-01-12,48.52694320678711,0.0,48.668911121358065,47.20407066061313,47.83001741670106,0.0,21864100
2016-01-13,48.81733703613281,0.0,49.727214764623064,48.359170956781306,48.94639610066167,0.0,26052700
2016-01-14,51.056549072265625,0.0,51.57279027703787,48.91413601040533,49.178708581652415,0.0,33806700
2016-01-15,50.06278610229492,0.0,50.44351386419003,49.236796110200245,49.2561544813761,0.0,28342100
2016-01-19,49.30131530761719,0.0,50.48867444122243,48.52049665324442,50.28863141667295,0.0,22684500
2016-01-20,47.223445892333984,0.0,48.86252207845967,46.17159994015526,48.44307261468171,0.0,33300800
2016-01-21,47.81710433959961,0.0,48.39142545367982,46.85560117111397,47.21052092623632,0.0,22265600
2016-01-22,49.411014556884766,0.0,49.5400736160504,48.21720102809627,49.31421780086677,0.0,22530300
2016-01-25,47.73967742919922,0.0,49.262593062258645,47.6880518353226,48.88186538481569,0.0,17086600
2016-01-26,49.494911193847656,0.0,49.54008236486164,47.913915285069805,48.24947185213249,0.0,18724700
2016-01-27,48.58503341674805,0.0,49.991799074704666,48.217209616989535,49.04319955867261,0.0,18106100
2016-01-28,49.682029724121094,0.0,50.11438780844465,48.7979650401027,49.91433991402181,0.0,16157700
2016-01-29,50.23701095581055,0.0,50.23701095581055,49.20452357688759,49.514272252208556,0.0,25161900
2016-02-01,49.230323791503906,0.0,49.552976322639765,48.68181547323033,49.469088436927734,0.0,16754200
2016-02-02,48.1333122253418,0.0,48.797980713044375,47.46219915373194,47.875194085470895,0.0,21404200
2016-02-03,50.6435546875,0.0,50.67581699379813,47.920365932907345,48.739901377542274,0.0,25873700
2016-02-04,51.514705657958984,0.0,51.62440633984226,50.04986037102522,50.70807430889895,0.0,23658700
2016-02-05,51.67604446411133,0.0,51.68894840258042,50.70163217953907,51.2372367068387,0.0,26719900
2016-02-08,52.37297058105469,0.0,52.77305664029199,50.921033931347665,51.17270255676719,0.0,26601200
2016-02-09,52.14506912231445,0.73,52.529252427980765,51.239954079908394,52.07995389721529,0.0,18418100
2016-02-10,51.66971206665039,0.0,53.03715149430999,51.62413091799416,51.94319895858779,0.0,16610900
2016-02-11,51.83250045776367,0.0,52.19064158814669,50.51715524503153,51.01203484777774,0.0,19331600
2016-02-12,52.76365280151367,0.0,52.78969987605919,51.96923441577566,52.14505092696502,0.0,16767200
2016-02-16,52.887386322021484,0.0,53.29761665472968,52.27529236098836,53.199941346568906,0.0,15912200
2016-02-17,53.39528274536133,0.0,53.903188298551484,52.84830906284013,53.167377044310825,0.0,17006700
2016-02-18,53.68832015991211,0.0,54.08552949015447,53.30413685543325,53.98134612391247,0.0,14873700
2016-02-19,53.720863342285156,0.0,53.75342342846914,52.685518178860235,53.51900471826507,0.0,13615900
2016-02-22,53.64924621582031,0.0,54.332968423229325,53.52552382431497,53.7208744458526,0.0,14595200
2016-02-23,52.89390563964844,0.0,53.636230121408715,52.66599490411261,53.38878531550653,0.0,11041600
2016-02-24,53.082733154296875,0.0,53.24552368220477,51.87808424137302,52.0343667251049,0.0,13777500
2016-02-25,53.40178680419922,0.0,53.44085492698104,52.1059710949324,53.10876097942298,0.0,13706400
2016-02-26,53.23249816894531,0.0,54.09854489721825,53.19343003526968,53.97482251661576,0.0,14343300
2016-02-29,52.190643310546875,0.0,53.65575803560168,52.12552809413895,53.317150961524376,0.0,18903600
2016-03-01,52.92643356323242,0.0,53.24550147381819,52.30131879295455,52.45759624353137,0.0,15730600
2016-03-02,53.8510856628418,0.0,53.86411168254759,52.29480916205006,52.71155236915918,0.0,14094400
2016-03-03,53.65576171875,0.0,53.86413340634236,53.09576187685059,53.82506526741033,0.0,13216200
2016-03-04,53.5841178894043,0.0,54.026908217657834,53.23900284802477,53.8250496012973,0.0,18402700
2016-03-07,54.99715042114258,0.0,54.99715042114258,53.53203569477598,53.597150911242196,0.0,18945600
2016-03-08,53.8055305480957,0.0,54.834368011639775,53.70786019292715,54.69762454643049,0.0,14003900
2016-03-09,53.65576171875,0.0,54.599944841408835,53.55157339096736,54.18971447870374,0.0,14139300
2016-03-10,53.51249313354492,0.0,53.8250530781373,52.69854063696994,53.668770621855224,0.0,15898300
2016-03-11,53.519004821777344,0.0,54.39155949191327,53.40179546644861,54.18970086750277,0.0,15370200
2016-03-14,53.66225814819336,0.0,53.81202261313364,52.757138476199216,53.056677342022525,0.0,13344600
2016-03-15,53.92924499511719,0.0,53.9487790632676,53.08273227680057,53.13482643718338,0.0,9213000
2016-03-16,53.961795806884766,0.0,54.15063337981633,53.35621495850829,54.05946613083927,0.0,11492100
2016-03-17,54.76273727416992,0.0,55.140412523502526,53.864135271801764,54.489250356228276,0.0,13673900
2016-03-18,54.827842712402344,0.0,55.08830852642239,54.20924075108039,55.08179551487954,0.0,19637000
2016-03-21,54.450172424316406,0.0,54.788774504500964,54.37203118982511,54.59342390225883,0.0,8385400
2016-03-22,54.775760650634766,0.0,55.257619240082654,54.05297028247651,54.098551433262486,0.0,13005100
2016-03-23,54.53482437133789,0.0,54.89296550365207,54.38505490655949,54.606452597800725,0.0,12748900
2016-03-24,54.68458557128906,0.0,54.71714068968763,54.00086350128721,54.007376512155595,0.0,9368300
2016-03-28,54.84086990356445,0.0,54.93203219521734,54.502262847734606,54.71714752147597,0.0,7490400
2016-03-29,55.042724609375,0.0,55.09481876314976,54.150635823848965,54.482724876226186,0.0,9977900
2016-03-30,55.03621292114258,0.0,55.381332972217535,54.69761084941107,55.36830694947475,0.0,10807000
2016-03-31,54.43063735961914,0.0,55.41389351813335,54.43063735961914,54.74319735240872,0.0,13896900
2016-04-01,54.020408630371094,0.0,54.30040853940108,53.649246422398576,53.65575943460095,0.0,12235300
2016-04-04,54.1506462097168,0.0,54.63250480462194,53.90320141581378,54.0855260210226,0.0,8050200
2016-04-05,53.532039642333984,0.0,54.131107626755814,53.38878317476074,53.79250549537872,0.0,10446800
2016-04-06,54.248313903808594,0.0,54.34598921410021,53.59064374832188,53.84459657429648,0.0,9320200
2016-04-07,53.636207580566406,0.0,54.15713412064911,53.42783597093912,53.89016032455058,0.0,8267100
2016-04-08,54.18318557739258,0.0,54.33946305526638,53.94876687659616,54.24179273657741,0.0,9376200
2016-04-11,54.254817962646484,0.0,54.85388581388168,54.22877088633558,54.261330973717165,0.0,9925000
2016-04-12,54.925514221191406,0.0,55.10783878802474,54.28737823727473,54.495749880508804,0.0,9986100
2016-04-13,55.23807907104492,0.0,55.290173228468475,54.72366044442499,55.023194397651984,0.0,9235700
2016-04-14,55.628780364990234,0.0,55.93482735766697,55.192502934906386,55.348780453389466,0.0,10625800
2016-04-15,55.329254150390625,0.0,55.77855766806145,55.20553173990772,55.54413887344828,0.0,11280200
2016-04-18,55.85668182373047,0.0,55.90877598188073,54.60645183595846,55.32924213438311,0.0,9097000
2016-04-19,56.136695861816406,0.0,56.20181109192888,55.492046638147784,55.90227705903261,0.0,10354500
2016-04-20,56.52088165283203,0.0,56.93762506859705,55.980415827770905,56.149719392917135,0.0,15247100
2016-04-21,56.51435852050781,0.0,57.198075735836404,56.37110206549443,56.38412312141724,0.0,12075300
2016-04-22,56.996219635009766,0.0,57.06784786573089,56.53389512542882,56.80738202383343,0.0,9150800
2016-04-25,56.86599349975586,0.0,56.91157465293801,56.22785238723263,56.70971100201154,0.0,8076400
2016-04-26,57.061344146728516,0.0,57.26320781526105,56.690181876166804,57.139485402415964,0.0,9425900
2016-04-27,57.601810455322266,0.0,57.77111402670061,56.86599892152086,57.26971632591917,0.0,10463500
2016-04-28,57.321800231933594,0.0,57.81017181855301,56.97668510559817,57.21110386461331,0.0,11276200
2016-04-29,57.56271743774414,0.0,58.46131914127586,57.13294816563891,57.7450419890719,0.0,17885900
2016-05-02,58.03807067871094,0.0,58.2659813664681,57.35435351935575,57.45853686212659,0.0,10273700
2016-05-03,57.373878479003906,0.0,57.71248049922993,56.885507027849954,57.56271603627332,0.0,10137400
2016-05-04,57.26320266723633,0.0,57.78412942106685,57.041804946679214,57.497621445250644,0.0,10601100
2016-05-05,57.328311920166016,0.0,57.93389287230755,57.05482503028857,57.79714942736883,0.0,8721100
2016-05-06,57.63434982299805,0.0,57.74504617032367,56.95062773804,56.95062773804,0.0,7968400
2016-05-09,57.67341613769531,0.0,57.79713850314815,56.8008614726345,57.692950202141205,0.0,11159500
2016-05-10,58.59807205200195,0.0,58.6045850635968,57.83621363848854,57.88830779530284,0.0,12509100
2016-05-11,58.31570816040039,0.75,58.886981977123014,58.256613460251664,58.545534242464065,0.0,11660200
2016-05-12,58.88042068481445,0.0,59.051147075723456,58.53897291272066,58.965786385131054,0.0,10720500
2016-05-13,58.21723556518555,0.0,58.873870272613,58.11873935712639,58.62434587756641,0.0,9721100
2016-05-16,58.81475067138672,0.0,58.880413117998195,58.4404692150054,58.57179410822835,0.0,8638700
2016-05-17,58.788490295410156,0.0,59.03801462993519,58.5455387188135,58.617763910165245,0.0,9835600
2016-05-18,58.67030715942383,0.0,59.097120699755955,58.210664891204615,58.96579576875761,0.0,9680300
2016-05-19,59.169342041015625,0.0,59.202175773703594,58.079326240245514,58.184390177067606,0.0,14397900
2016-05-20,58.92639923095703,0.0,59.35978055715665,58.690010327525506,59.353212807137595,0.0,13191900
2016-05-23,58.83447265625,0.0,59.03146508533508,58.322298352299484,58.44049280780541,0.0,11766100
2016-05-24,58.88042068481445,0.0,59.35976612515442,58.8016277426443,59.02488109175867,0.0,10056600
2016-05-25,59.26784896850586,0.0,59.34007918572788,58.82789991550125,58.99862633891013,0.0,9578400
2016-05-26,58.965789794921875,0.0,59.39916603109099,58.6177692445568,59.26127336459516,0.0,7867900
2016-05-27,59.103675842285156,0.0,59.129941824827235,58.65059641045116,58.703128375535314,0.0,7505900
2016-05-31,58.45362091064453,0.0,59.228450085147344,58.26320124929354,59.09712514427244,0.0,13178800
2016-06-01,58.59808349609375,0.0,58.73597619197679,57.86921852519371,58.06621095344123,0.0,7994800
2016-06-02,58.131866455078125,0.0,58.131866455078125,57.52776376182753,57.921743561350745,0.0,9837500
2016-06-03,58.02680969238281,0.0,58.32886105035222,57.8035512914423,58.07277392055805,0.0,9367100
2016-06-06,58.66373825073242,0.0,58.76880220123498,58.23692972855924,58.35512416801217,0.0,8573000
2016-06-07,59.56333541870117,0.0,59.701228110050636,58.906700692432096,58.932966682649905,0.0,12889100
2016-06-08,59.61585998535156,0.0,59.95074505682583,59.4451335750299,59.77345089733514,0.0,9983000
2016-06-09,59.537052154541016,0.0,59.77344098819061,59.16933841763007,59.215302634743935,0.0,8974300
2016-06-10,59.083980560302734,0.0,59.70121364685169,58.952650641029635,59.35976587618998,0.0,10353800
2016-06-13,59.484535217285156,0.0,60.03611097172343,58.90013073359978,59.044591169517545,0.0,11370000
2016-06-14,59.37947082519531,0.0,59.668391670537844,58.9986215308301,59.39260131374509,0.0,10161000
2016-06-15,59.202178955078125,0.0,59.688087164681164,59.09711501261016,59.24814317747673,0.0,10655800
2016-06-16,59.89820861816406,0.0,60.009835297093346,58.51270922053188,58.900121227306826,0.0,12824800
2016-06-17,59.56989669799805,0.0,60.14116564157468,59.221881132434156,60.075503178025336,0.0,17483200
2016-06-20,59.832550048828125,0.0,60.141164120678056,59.79971631302136,59.944176735011595,0.0,9388500
2016-06-21,60.101768493652344,0.0,60.17399870566678,59.26127694627499,59.56989603220491,0.0,8557500
2016-06-22,59.86537170410156,0.0,60.36441537301814,59.76031277943309,60.30531565749127,0.0,8785400
2016-06-23,60.27906036376953,0.0,60.456349507608,59.87851284317101,60.36442106121404,0.0,9464500
2016-06-24,58.69656753540039,0.0,59.62242474250704,58.53897663132515,59.01831709239033,0.0,20010500
2016-06-27,58.34855270385742,0.0,58.50614360985319,57.85607673911165,58.374818689810816,0.0,14169400
2016-06-28,59.69465255737305,0.0,59.70778304480103,58.78192587481255,58.91982354629007,0.0,13254300
2016-06-29,60.71244812011719,0.0,60.8700390567095,59.83255996360742,60.022984641447344,0.0,13920600
2016-06-30,61.55293655395508,0.0,61.61203628314388,60.60738597446185,60.627084214283016,0.0,14073700
2016-07-01,61.618595123291016,0.0,61.710528586179954,61.11298863088918,61.30341328665025,0.0,9946300
2016-07-05,61.08014678955078,0.0,61.460996050543194,60.57454036423101,61.14581425571963,0.0,10744100
2016-07-06,61.78275680541992,0.0,61.80246005468064,60.6993135531656,61.29684852788509,0.0,13144400
2016-07-07,61.04073715209961,0.0,62.045387047214476,60.64018974153805,61.94689087892958,0.0,12240700
2016-07-08,61.421607971191406,0.0,61.57919889013621,61.014492670048604,61.323111768204036,0.0,9807600
2016-07-11,61.651424407958984,0.0,61.99287721767085,61.493833501020596,61.55949596143454,0.0,8335700
2016-07-12,62.34745407104492,0.0,62.347454071044915,61.78274790697634,62.16359718222715,0.0,9870800
2016-07-13,62.30149841308594,0.0,62.32776440220262,61.795891899334116,62.15047523782151,0.0,9458200
2016-07-14,62.34745407104492,0.0,62.72830334629572,62.13076845763797,62.413121539672254,0.0,9293500
2016-07-15,62.459075927734375,0.0,62.74142896531236,62.14388916101238,62.669198768974475,0.0,10334500
2016-07-18,62.26207733154297,0.0,62.47876789883686,61.986292069381584,62.3277397735257,0.0,9865900
2016-07-19,62.03227996826172,0.0,62.34089907412971,61.854985796508785,62.22270462953612,0.0,5901800
2016-07-20,61.67770767211914,0.0,61.99945732508784,61.592346950641,61.88783061014119,0.0,7383800
2016-07-21,61.62515640258789,0.0,61.89437899410547,61.36906930855745,61.651422387837734,0.0,6854600
2016-07-22,61.730224609375,0.0,61.91408150910467,61.53979996044791,61.795887072174914,0.0,7139700
2016-07-25,60.541709899902344,0.0,61.474134866765745,60.25279407400239,61.375638671918786,0.0,10845900
2016-07-26,60.101768493652344,0.0,60.43008581745442,59.825983143992545,60.1674309564678,0.0,12143500
2016-07-27,59.69465255737305,0.0,60.28561967639411,59.510790665311134,60.08863230662853,0.0,10037900
2016-07-28,59.22844314575195,0.0,59.57646371677344,58.841031108753675,59.45170153075206,0.0,12439200
2016-07-29,58.407649993896484,0.0,58.447051479428595,56.5493777455961,57.52776196936783,0.0,23928100
2016-08-01,56.37864685058594,0.0,57.88234067758632,56.201352704103144,57.83637645622493,0.0,22908400
2016-08-02,57.15347671508789,0.0,57.33733360323669,56.194790791365996,56.76605969243911,0.0,18919200
2016-08-03,57.44894790649414,0.0,57.44894790649414,56.86454363376415,57.13376616892376,0.0,14632900
2016-08-04,57.44240951538086,0.0,57.55403621934403,57.146920875229185,57.45554000596014,0.0,13451400
2016-08-05,57.49493408203125,0.0,57.67222826064997,57.225716453752305,57.60656579104964,0.0,9617300
2016-08-08,58.171260833740234,0.0,58.36825323125834,57.80354703541285,57.81668253376727,0.0,10492700
2016-08-09,58.243499755859375,0.0,58.28290124709038,57.90205189345237,58.190972783760586,0.0,9654600
2016-08-10,57.22364044189453,0.75,58.22361011052568,56.958745840308715,58.13089775783728,0.0,12714800
2016-08-11,57.4289436340332,0.0,57.79316936818064,57.124316545448934,57.409077418845484,0.0,11616000
2016-08-12,58.17728042602539,0.0,58.26337411590022,57.548159881668916,57.58789232164401,0.0,9986900
2016-08-15,58.15077209472656,0.0,58.607715220003904,58.03819351536533,58.55473528179451,0.0,6432600
2016-08-16,58.22362518310547,0.0,58.3958074765764,57.85939943252516,58.16402653485337,0.0,6817900
2016-08-17,58.34945297241211,0.0,58.39580916209473,58.05144961765897,58.223626863653976,0.0,7104600
2016-08-18,58.879241943359375,0.0,58.89910815988703,58.356076347533026,58.52825359240319,0.0,10342700
2016-08-19,58.1441650390625,0.0,58.76666175416231,58.13754128234823,58.693815587643286,0.0,8615300
2016-08-22,58.269989013671875,0.0,58.34283518383097,57.515042388792374,57.819669531073025,0.0,8235400
2016-08-23,58.091190338134766,0.0,58.28985758549638,57.98523043091807,58.170655216100826,0.0,6514800
2016-08-24,58.28984451293945,0.0,58.38256193718372,57.84614886898088,57.945484996606986,0.0,7985400
2016-08-25,57.91900634765625,0.0,58.29647966446705,57.77331400565097,58.28985590734509,0.0,6935300
2016-08-26,57.793182373046875,0.0,58.34946178570628,57.61438134367744,58.03158711383712,0.0,6474400
2016-08-29,58.1706428527832,0.0,58.22362279513144,57.64085858663698,57.64085858663698,0.0,7027200
2016-08-30,57.95872497558594,0.0,58.44215808137458,57.85939390465584,58.1905109476098,0.0,6441100
2016-08-31,57.70707702636719,0.0,57.753433209627886,57.09782288852804,57.70707702636719,0.0,12491400
2016-09-01,57.5084228515625,0.0,57.5084228515625,57.0117471380946,57.42895797097348,0.0,8434700
2016-09-02,57.89251708984375,0.0,57.99847699532445,57.56802372109026,57.89251708984375,0.0,7099600
2016-09-06,58.65407943725586,0.0,58.700435626427705,58.051448978021895,58.170646276653194,0.0,9851200
2016-09-07,58.4355583190918,0.0,58.72031929505102,58.25675726555795,58.70707683097144,0.0,7470400
2016-09-08,58.97195053100586,0.0,59.18386524775374,58.30309265371444,58.64083347030947,0.0,9579500
2016-09-09,57.5084228515625,0.0,58.713694099926705,57.48193792633058,58.713694099926705,0.0,12820200
2016-09-12,57.80642318725586,0.0,58.084560335122546,57.369346195654565,57.468682334877215,0.0,10889000
2016-09-13,56.4289665222168,0.0,57.26338289502752,56.34287790890945,57.25675913940537,0.0,13214300
2016-09-14,56.0250129699707,0.0,56.83956326864939,55.80647446880739,56.31639763818845,0.0,13957000
2016-09-15,56.34288787841797,0.0,56.7203611765496,55.97203328463446,56.07136942676301,0.0,9062600
2016-09-16,55.647525787353516,0.0,56.32300734012685,55.33627497896235,55.96540035085476,0.0,21538400
2016-09-19,55.51509475708008,0.0,56.03826038663674,55.50184724357705,56.011770412076736,0.0,7929100
2016-09-20,54.66079330444336,0.0,55.594540588783566,54.66079330444337,55.44885335726623,0.0,17522000
2016-09-21,55.16411209106445,0.0,55.3760268376152,54.508496580921694,54.84623744501529,0.0,15055900
2016-09-22,55.32305145263672,0.0,55.991909479182006,55.217091544395416,55.81310339713644,0.0,10738500
2016-09-23,55.26343536376953,0.0,55.83295711189426,54.69391361564481,54.753517313792706,0.0,12667100
2016-09-26,55.00517654418945,0.0,55.95879550448064,54.91908790844791,55.309803700405475,0.0,10860300
2016-09-27,55.124366760253906,0.0,55.19058916179623,54.49524636693375,54.69391357156073,0.0,9595000
2016-09-28,57.54814147949219,0.0,57.76667993436634,55.19058476339634,55.270054670381015,0.0,28117900
2016-09-29,57.25674057006836,0.0,57.74679222582724,56.74019895285718,57.594481263030886,0.0,19082900
2016-09-30,57.79979705810547,0.0,58.15078035683198,57.38259135343078,57.508412408998616,0.0,15961500
2016-10-03,57.647483825683594,0.0,57.74681490458538,57.30974300008099,57.57463766619195,0.0,7111200
2016-10-04,57.11769485473633,0.0,57.94548753379048,56.99849250685471,57.86601761772088,0.0,8222000
2016-10-05,57.61437225341797,0.0,57.726950848682506,57.41569998328997,57.50179365815343,0.0,8796200
2016-10-06,57.64085388183594,0.0,57.92561473315804,57.24351445154684,57.779922429814874,0.0,7718300
2016-10-07,57.44218444824219,0.0,57.879261379636,57.23026973823328,57.581253003018794,0.0,6614900
2016-10-10,58.567989349365234,0.0,58.720300373212524,57.952111392956,57.97197760889733,0.0,10060000
2016-10-11,58.10443115234375,0.0,58.40243959360369,57.81305152065492,58.3295934225699,0.0,9309000
2016-10-12,57.700462341308594,0.0,58.091183135164975,57.39583522450228,57.760066044839085,0.0,8172600
2016-10-13,57.322994232177734,0.0,57.528290282364985,56.574671359407226,57.183925647987444,0.0,9890300
2016-10-14,57.309749603271484,0.0,57.971983818628296,57.270017167132835,57.74020285374263,0.0,7991700
2016-10-17,57.309749603271484,0.0,57.47530815711069,56.998498713662414,57.270017167132835,0.0,7263100
2016-10-18,57.46204376220703,0.0,57.83289824952038,57.203772898288506,57.72693838101811,0.0,5429300
2016-10-19,57.7269401550293,0.0,58.17725950511354,57.53489167680053,57.7401876652215,0.0,9373400
2016-10-20,57.753448486328125,0.0,57.94549702562089,57.34948518858237,57.47531131319228,0.0,6866900
2016-10-21,57.36272048950195,0.0,57.495165290667956,56.75346126778054,57.23027063589064,0.0,10736200
2016-10-24,57.55475997924805,0.0,57.826273294873815,56.99848078604177,57.44217635818906,0.0,8354900
2016-10-25,57.4289436340332,0.0,58.04482156707944,57.34947372083695,57.39582990709009,0.0,6835900
2016-10-26,57.6739616394043,0.0,57.91236630428708,56.91901521809043,57.11768745630772,0.0,8488100
2016-10-27,57.5613899230957,0.0,58.05144682179071,57.48192506029311,57.79979461639449,0.0,9071100
2016-10-28,56.14419174194336,0.0,57.190522563276396,55.720362431203576,56.475308706736556,0.0,19072200
2016-10-31,55.1773567199707,0.0,55.89257091234459,54.9588182080043,55.54820627789214,0.0,16663800
2016-11-01,55.39588165283203,0.0,55.57468263087315,55.14422946954704,55.29654553061138,0.0,13050600
2016-11-02,55.26343536376953,0.0,55.548196237831895,54.92569959989784,55.16410428759867,0.0,11226100
2016-11-03,55.40251541137695,0.0,55.54820269083375,54.998552146536,55.41575787225631,0.0,8836500
2016-11-04,55.3428955078125,0.0,55.846194765497216,54.806487581397086,55.38262793126712,0.0,13877100
2016-11-07,56.5879020690918,0.0,56.601149580518495,55.89255929254755,55.952157936631956,0.0,13576200
2016-11-08,56.995452880859375,0.75,57.34286678142286,56.447612588910324,56.60795981864016,0.0,9735200
2016-11-09,57.62345886230469,0.0,57.93078336457492,55.89308729789935,56.153645138893324,0.0,15901300
2016-11-10,58.15794372558594,0.0,58.78595249597985,57.22928774112024,57.39631227209873,0.0,14106100
2016-11-11,57.2359619140625,0.0,57.9441493526657,56.71484622153253,57.81052667689911,0.0,13812200
2016-11-14,56.97540283203125,0.0,57.22260095394992,56.340711701753705,56.988767647909974,0.0,12607500
2016-11-15,58.00428009033203,0.0,58.16462221611068,57.30277500712602,57.30277500712602,0.0,12883500
2016-11-16,57.2894172668457,0.0,57.97755755665889,57.175841802877095,57.9508330185749,0.0,8201200
2016-11-17,56.9420051574707,0.0,58.044362980571336,56.80170006638618,57.750403273097106,0.0,8200500
2016-11-18,56.97540283203125,0.0,57.22260095394992,56.674760738149,56.92863617082325,0.0,8457800
2016-11-21,57.783809661865234,0.0,57.917432355021795,57.54997632032196,57.75040781146452,0.0,8861500
2016-11-22,57.91075134277344,0.0,58.284884698266126,57.436402239292434,57.917433751888574,0.0,9390200
2016-11-23,58.071083068847656,0.0,58.177981206783805,57.6635428380377,57.817207637024964,0.0,5996300
2016-11-25,58.20470428466797,0.0,58.21806400298377,57.81720619012242,57.930781635949465,0.0,5042300
2016-11-28,57.77043914794922,0.0,58.21138121002371,57.70363036244503,58.091123357242736,0.0,7449600
2016-11-29,57.38962936401367,0.0,57.50988722915859,56.841789111061075,57.06894002456585,0.0,9181100
2016-11-30,58.32497787475586,0.0,58.919584895319375,58.258163973599046,58.52540428667125,0.0,22696200
2016-12-01,58.284873962402344,0.0,59.126678954388126,58.284873962402344,58.77927020216274,0.0,13005600
2016-12-02,58.15125274658203,0.0,58.78594383188346,57.85728798428659,58.25146846983579,0.0,9706600
2016-12-05,58.44523620605469,0.0,58.67238716072639,58.07109772602916,58.38510471399243,0.0,11741100
2016-12-06,58.49868392944336,0.0,58.70579786290914,57.92411899926027,58.304934816038795,0.0,11293600
2016-12-07,58.83940887451172,0.0,58.892857954385086,58.258161599554626,58.545444032392986,0.0,11182600
2016-12-08,59.00642013549805,0.0,59.36051128982949,58.55879566104826,58.826035903036555,0.0,9086700
2016-12-09,59.460750579833984,0.0,59.460750579833984,58.912910160401594,59.22023477645531,0.0,8021700
2016-12-12,60.78355026245117,0.0,61.13095893385044,60.22234536596614,60.22234536596614,0.0,15545400
2016-12-13,61.85253143310547,0.0,62.28011386540695,60.91051054191383,61.39154205254916,0.0,18829300
2016-12-14,60.516326904296875,0.0,61.645409223162574,60.242404237630915,61.638731912158995,0.0,16325400
2016-12-15,60.72342300415039,0.0,60.783554470914716,59.968474146480546,60.19562500558756,0.0,11155100
2016-12-16,60.91718292236328,0.0,61.24454955319144,60.55640934878001,61.14433382210989,0.0,20560400
2016-12-19,60.40943908691406,0.0,61.157710919107714,60.262456664770234,61.05081275857226,0.0,9674400
2016-12-20,60.41611099243164,0.0,60.69671096927545,60.32257766681704,60.46956006340683,0.0,7221000
2016-12-21,60.315887451171875,0.0,60.73011005183539,60.24907866969281,60.58312767427146,0.0,7308000
2016-12-22,60.7100944519043,0.0,60.730136585386276,60.142206818258664,60.142206818258664,0.0,8003100
2016-12-23,60.60318374633789,0.0,60.77020828706658,60.47624346428505,60.723441619549924,0.0,4266500
2016-12-27,60.62990188598633,0.0,60.87041760702776,60.51632643360118,60.68335095670307,0.0,4960600
2016-12-28,60.329254150390625,0.0,60.870411923614505,60.3025296175275,60.58312956681518,0.0,6745900
2016-12-29,60.362648010253906,0.0,60.52967249567087,60.14885687280751,60.19562352483695,0.0,6684700
2016-12-30,60.30253982543945,0.0,60.596499542327976,60.135515289658855,60.148875009760204,0.0,9117800
2017-01-03,60.72342300415039,0.0,61.024065046423296,60.22903194236584,60.75682994092867,0.0,10360600
2017-01-04,60.05534362792969,0.0,60.89714874281503,59.96181029262959,60.87710661341993,0.0,9434200
2017-01-05,59.16009521484375,0.0,60.32926701674039,59.08660400809263,60.25577580998927,0.0,14443200
2017-01-06,59.12668991088867,0.0,59.447379285370005,58.67238293706451,59.32043899796504,0.0,16518100
2017-01-09,58.15125274658203,0.0,58.93960862049701,57.82388614132429,58.93960862049701,0.0,13762300
2017-01-10,57.40966033935547,0.0,58.33163372823717,57.39630062234985,58.23810041764844,0.0,13283100
2017-01-11,57.99760055541992,0.0,58.09113389152389,57.362909332259484,57.38963387074413,0.0,11183700
2017-01-12,57.683570861816406,0.0,58.378393296976135,57.50318666963016,58.304902119408496,0.0,10407000
2017-01-13,57.69028091430664,0.0,57.91075455266444,57.57002302949192,57.636831832792325,0.0,8415600
2017-01-17,58.365028381347656,0.0,58.385070501229016,57.623439362645136,57.84391287570417,0.0,13237300
2017-01-18,57.64349365234375,0.0,58.39844764180938,57.4898339693577,58.16460926800628,0.0,11831700
2017-01-19,56.607940673828125,0.0,57.523231589024796,56.51440227286151,57.43638069184915,0.0,16382900
2017-01-20,57.38294219970703,0.0,57.42970886021046,56.821742273665905,57.082300110354105,0.0,18739700
2017-01-23,56.76829147338867,0.0,57.376258041384865,56.62130908852396,57.2426404717898,0.0,11433900
2017-01-24,56.84845733642578,0.0,57.10233784292406,56.67475552345501,56.774971244589416,0.0,11858100
2017-01-25,57.0154914855957,0.0,57.37626508440817,56.95536510105238,57.0154914855957,0.0,9578500
2017-01-26,57.189178466796875,0.0,57.34284322453182,56.868494333445746,57.24930992753921,0.0,8779400
2017-01-27,57.129066467285156,0.0,57.28940857427578,56.81505956392341,56.988766486520404,0.0,10947900
2017-01-30,56.69481658935547,0.0,57.08899210107494,56.240509585992754,57.06894996958887,0.0,12789200
2017-01-31,56.0467414855957,0.0,56.83509733895469,55.53898557228399,56.81505521426321,0.0,19128100
2017-02-01,55.41205978393555,0.0,56.22714030706231,55.14481951611272,56.120242161059515,0.0,15111800
2017-02-02,55.75278854370117,0.0,55.806237618991936,55.15150428682533,55.592446415013235,0.0,12200100
2017-02-03,55.81292724609375,0.0,55.93318513245898,55.38534478283628,55.919820313315604,0.0,12746300
2017-02-06,55.65924835205078,0.0,55.88640434545358,55.40537292147941,55.819595558164664,0.0,9938200
2017-02-07,55.29847717285156,0.0,55.86636463229827,55.08468598598145,55.605806782587315,0.0,11705200
2017-02-08,54.93441390991211,0.75,55.36590617702732,54.72540614592655,55.278255934655014,0.0,14006300
2017-02-09,55.177120208740234,0.0,55.31870826121095,54.93441032514543,54.93441032514543,0.0,9603000
2017-02-10,55.635581970214844,0.0,55.80413378866335,55.37264154493863,55.46029178255956,0.0,8739800
2017-02-13,55.959197998046875,0.0,56.080555500661816,55.520962286171084,55.80412807767504,0.0,9071600
2017-02-14,55.83784866333008,0.0,56.02662588528017,55.325449672470185,55.89852999541033,0.0,11370500
2017-02-15,56.067100524902344,0.0,56.08058241219903,55.59515216879456,55.71650972964568,0.0,11768500
2017-02-16,55.48725509643555,0.0,56.24236387492566,55.39960486765169,56.04010479945557,0.0,10615000
2017-02-17,55.123191833496094,0.0,55.41310118637468,54.90744569719996,55.34567633944982,0.0,15646000
2017-02-21,55.210811614990234,0.0,55.38610687778065,54.81303194827148,55.36588149049546,0.0,16419600
2017-02-22,54.5635986328125,0.0,55.08273600612846,54.52314783961204,55.04902872639261,0.0,12917400
2017-02-23,55.136695861816406,0.0,55.433348847294496,54.63104016954913,54.89398071802446,0.0,13847000
2017-02-24,54.66472244262695,0.0,55.15015246235117,54.4489763387265,55.01530793254286,0.0,11338700
2017-02-27,54.974853515625,0.0,55.08946750054971,54.4826800159593,54.6984261056145,0.0,13465900
2017-02-28,54.826541900634766,0.0,55.27825959395599,54.64450817806143,54.96812482792378,0.0,16834200
2017-03-01,55.97269058227539,0.0,56.18169835350875,55.082737107514994,55.082737107514994,0.0,17482100
2017-03-02,56.161460876464844,0.0,56.8019556482155,55.817613769964446,55.82435728211341,0.0,14170300
2017-03-03,55.59513473510742,0.0,56.36373066488084,55.46029532924296,56.16147155608414,0.0,12190400
2017-03-06,55.84457778930664,0.0,55.89177208263543,55.5074742244461,55.5816374202188,0.0,9617200
2017-03-07,55.635581970214844,0.0,56.15472445156049,55.37938505793869,56.03336693652583,0.0,12711500
2017-03-08,54.63103103637695,0.0,55.5412101015359,54.61754915010716,55.52098470023379,0.0,16817700
2017-03-09,55.062496185302734,0.0,55.09620860000088,54.14557405847003,54.368063650376264,0.0,14721800
2017-03-10,55.02205276489258,0.0,55.60187139749533,54.71866156718339,55.581646003487116,0.0,11355200
2017-03-13,54.893959045410156,0.0,55.24454973415813,54.6445056277406,54.94789686580118,0.0,9571400
2017-03-14,54.60404586791992,0.0,54.76585931776501,54.233234952226525,54.61078938094513,0.0,11335700
2017-03-15,55.28498840332031,0.0,55.32543918784571,54.64449364396959,54.84675271038914,0.0,11970300
2017-03-16,55.332183837890625,0.0,55.419828920762455,55.062499933325384,55.305214933054835,0.0,9923800
2017-03-17,55.28498840332031,0.0,55.460283709251286,55.163630905951564,55.30521379558301,0.0,18834100
2017-03-20,55.28498840332031,0.0,55.311957307601425,54.90743403096978,55.09621121714505,0.0,7700300
2017-03-21,55.170372009277344,0.0,55.520957462040485,55.015302102379295,55.39286160203842,0.0,13387700
2017-03-22,55.123191833496094,0.0,55.34567633944982,54.90070218374875,55.25803123975857,0.0,11168400
2017-03-23,55.19060134887695,0.0,55.433316350381034,54.9209174423399,55.03553143088553,0.0,8928000
2017-03-24,54.7658576965332,0.0,55.305220415336855,54.711919881514895,55.305220415336855,0.0,9128500
2017-03-27,54.779354095458984,0.0,54.90071163951455,54.46921929260465,54.489444692648156,0.0,8481200
2017-03-28,55.177120208740234,0.0,55.29847772243426,54.58381966612127,54.82653469350931,0.0,11028600
2017-03-29,55.29847717285156,0.0,55.47377250062147,54.981604081604466,55.07599268645137,0.0,8495500
2017-03-30,56.431148529052734,0.0,56.54576767847574,55.24454739348768,55.305223581011525,0.0,44704900
2017-03-31,55.29172897338867,0.0,56.16819516882365,55.19059687366364,56.13448789811015,0.0,21750400
2017-04-03,55.332183837890625,0.0,55.49399212311271,54.84675383843172,55.29847142089773,0.0,11438700
2017-04-04,55.534454345703125,0.0,55.56816162272325,54.83327817188978,55.352415503380165,0.0,9270900
2017-04-05,55.64232635498047,0.0,56.33002066554895,55.60187556393293,55.858072480222994,0.0,13809100
2017-04-06,55.9659423828125,0.0,56.100781768356555,55.59512635687706,55.79064706657094,0.0,9554900
2017-04-07,55.79740524291992,0.0,56.20192864965642,55.74346741700994,56.12102191079145,0.0,8909600
2017-04-10,56.04685592651367,0.0,56.27608910344718,55.90527299831678,56.04011755645235,0.0,8885300
2017-04-11,55.8513298034668,0.0,56.07381944514672,55.568163974306955,56.0131432576668,0.0,8576500
2017-04-12,55.938968658447266,0.0,56.19516552642971,55.756929845471205,55.86480545964849,0.0,9516100
2017-04-13,55.07597351074219,0.0,55.7771494339014,54.99506681598834,55.77040592339073,0.0,8667900
2017-04-17,55.00182342529297,0.0,55.26476381612353,54.90743483083034,55.183857102101584,0.0,9577200
2017-04-18,54.64450454711914,0.0,55.16364191268394,54.63101752039126,54.82653825759695,0.0,8821400
2017-04-19,54.2669563293457,0.0,54.954650810380095,54.13886041134491,54.72541760210375,0.0,10764400
2017-04-20,54.617530822753906,0.0,55.10969923527037,54.40852307724502,54.57707488993016,0.0,11649100
2017-04-21,54.401790618896484,0.0,54.610793243319904,54.253464184611346,54.56359893639224,0.0,9816700
2017-04-24,54.6849479675293,0.0,54.880468678376445,54.482683744227316,54.799561960297076,0.0,8729700
2017-04-25,55.10294723510742,0.0,55.237786594382165,54.79955096105149,54.900683052403465,0.0,10733800
2017-04-26,54.88047790527344,0.0,55.50749093037603,54.87373439168484,54.96137949316169,0.0,9445900
2017-04-27,54.786094665527344,0.0,54.813063578734045,54.57034850366792,54.65799361374404,0.0,12385300
2017-04-28,55.04902267456055,0.0,55.615354292281744,54.98834134763724,55.595128897905,0.0,12072200
2017-05-01,55.32546615600586,0.0,55.42659831040833,54.934429712802014,54.9546551149235,0.0,8664100
2017-05-02,55.31869125366211,0.0,55.68275853901965,55.21755916604428,55.379367419957816,0.0,9102900
2017-05-03,55.75693130493164,0.0,56.00638981140198,55.22431216331509,55.26476294779418,0.0,10289000
2017-05-04,55.04227828979492,0.0,55.5277083223184,54.88046999355143,55.480514021589336,0.0,16164500
2017-05-05,55.29847717285156,0.0,55.446803592980466,55.022054871169374,55.03553675309328,0.0,10213000
2017-05-08,55.88503646850586,0.0,55.91874888727288,55.28499244976188,55.28499244976188,0.0,8097100
2017-05-09,55.49400329589844,0.0,55.95920799633982,55.392876312144814,55.93223908607429,0.0,8647100
2017-05-10,55.74583435058594,0.77,56.0588978546509,55.56888360746436,55.888754307287186,0.0,9520300
2017-05-11,56.22220993041992,0.0,56.29026628150598,55.87511578980423,56.20859554478265,0.0,10047300
2017-05-12,56.181396484375,0.0,56.290285645096695,55.97722216851506,56.07250213128475,0.0,7480200
2017-05-15,56.351531982421875,0.0,56.6101482455859,56.249444839047094,56.48764471200972,0.0,10881500
2017-05-16,56.181396484375,0.0,56.644187100271445,56.11333491750932,56.41959639129922,0.0,9574200
2017-05-17,55.80025863647461,0.0,56.5148633856359,55.77984224804727,56.181383592465394,0.0,11151100
2017-05-18,55.636924743652344,0.0,55.90915538331804,55.41233407650057,55.650533939070215,0.0,9905800
2017-05-19,55.759437561035156,0.0,55.868326719621095,55.59610122697202,55.80707754148558,0.0,13028500
2017-05-22,56.00444793701172,0.0,56.03167152634408,55.75944082538921,55.88194438120046,0.0,9218700
2017-05-23,56.2017936706543,0.0,56.412769917205324,55.97039584560147,56.02484300353941,0.0,6857200
2017-05-24,56.00444793701172,0.0,56.17459147606241,55.813888004053936,56.09292070806533,0.0,8136000
2017-05-25,55.636924743652344,0.0,56.29027516342947,55.4803904383251,56.03165891154922,0.0,12370900
2017-05-26,55.50080490112305,0.0,55.67094838004449,55.010790851050565,55.54163767450678,0.0,8227100
2017-05-30,55.19455337524414,0.0,55.357889690299665,55.15372059457221,55.317056909627745,0.0,8973600
2017-05-31,54.78620147705078,0.0,55.092457669230335,54.76578508988774,55.08565566842068,0.0,13572300
2017-06-01,54.92232131958008,0.0,55.0584392389574,54.57523230799524,54.69773583925098,0.0,9884100
2017-06-02,54.105621337890625,0.0,54.908698692487306,53.94228506695959,54.84744434565915,0.0,21687300
2017-06-05,54.527587890625,0.0,54.71134057634998,54.037573805535345,54.06479738719225,0.0,11527100
2017-06-06,55.269412994384766,0.0,55.34427654852458,54.59564619949388,54.65009336475328,0.0,12208600
2017-06-07,55.06523513793945,0.0,55.398714885366445,54.67730304156319,55.16051506577574,0.0,13096500
2017-06-08,54.86787033081055,0.0,55.18093370539853,54.77939239965802,55.06523738720953,0.0,11720700
2017-06-09,55.895545959472656,0.0,55.90235315396991,54.915522838957415,55.228586285046674,0.0,13553900
2017-06-12,56.43999099731445,0.0,56.95722859009076,55.89552982677449,55.89552982677449,0.0,18172900
2017-06-13,56.460411071777344,0.0,56.671387322773064,56.194987661696636,56.385547526127205,0.0,12175500
2017-06-14,55.854698181152344,0.0,56.36512859167549,55.507604048133935,56.35832139900586,0.0,13714000
2017-06-15,55.98402404785156,0.0,56.07930400157419,55.52123347589824,55.65734621196826,0.0,11862600
2017-06-16,56.82111358642578,0.0,56.855144358449934,55.94317263034414,56.22221042231511,0.0,39726100
2017-06-19,56.32431411743164,0.0,56.82113030400703,56.18139417914139,56.82113030400703,0.0,10445700
2017-06-20,56.01804733276367,0.0,56.12694167103744,55.40553485326116,55.85471101772086,0.0,13232600
2017-06-21,55.425941467285156,0.0,56.23582089778233,55.22176721521906,55.834284779050435,0.0,11422300
2017-06-22,55.18093490600586,0.0,55.52122186740101,55.058431392208924,55.43274393432341,0.0,8139900
2017-06-23,55.5416374206543,0.0,55.59608457982837,54.96315063343873,55.024399793234394,0.0,10611200
2017-06-26,55.289817810058594,0.0,55.6369119254746,55.06523238701659,55.51440842546697,0.0,7718700
2017-06-27,55.201351165771484,0.0,55.62330886618173,55.201351165771484,55.432743806651104,0.0,9221600
2017-06-28,55.48719787597656,0.0,55.64373218199147,55.25580520628312,55.40553231837539,0.0,9189700
2017-06-29,54.92232131958008,0.0,55.69817528674383,54.72495942312644,55.37830985903447,0.0,20525100
2017-06-30,54.94272994995117,0.0,55.2898188797157,54.92230837258283,55.1809297622503,0.0,14000600
2017-07-03,55.87512969970703,0.0,56.14055316967557,54.935939359231284,54.98357933608799,0.0,8422300
2017-07-05,55.02439880371094,0.0,55.58927638715804,54.79980817043195,55.58927638715804,0.0,9830800
2017-07-06,54.527587890625,0.0,55.18093827328878,54.50716631010687,55.03121117035946,0.0,9822400
2017-07-07,54.59564208984375,0.0,54.85425831680757,54.316604283169276,54.58202770336998,0.0,10777800
2017-07-10,54.5548210144043,0.0,54.72496453524408,54.41870308231155,54.4459266687301,0.0,6338300
2017-07-11,54.85427474975586,0.0,54.95636190942356,54.47315489218965,54.6705220162489,0.0,9681100
2017-07-12,55.099281311035156,0.0,55.48040116483179,54.95636136586142,55.25581564662654,0.0,7974000
2017-07-13,55.1060791015625,0.0,55.18774466065656,54.94274279100668,55.1060791015625,0.0,5582300
2017-07-14,55.31703567504883,0.0,55.40551358903105,54.96994159547316,55.126475848573044,0.0,7497200
2017-07-17,55.031227111816406,0.0,55.41915417615929,55.010810717751326,55.12650707903264,0.0,7914700
2017-07-18,54.85427474975586,0.0,55.18095262221878,54.72496919372083,55.14011464293052,0.0,8046100
2017-07-19,55.02439880371094,0.0,55.03801318944306,54.62966469534789,54.74536620460381,0.0,9393200
2017-07-20,55.031227111816406,0.0,55.459986964289456,54.95636353866525,55.10609068496756,0.0,9681000
2017-07-21,54.527587890625,0.0,55.01759678334737,54.4459171456543,54.8882912609362,0.0,12268600
2017-07-24,54.357444763183594,0.0,54.59564461381588,54.28258121121812,54.4867502864598,0.0,9403000
2017-07-25,54.62967300415039,0.0,55.16052508873975,54.62967300415039,54.96996000607385,0.0,11465300
2017-07-26,54.697731018066406,0.0,55.058434385979595,54.582029498701964,54.840650926539524,0.0,10465100
2017-07-27,55.01079177856445,0.0,55.04481735950229,54.37785781861036,54.60925046150882,0.0,11149700
2017-07-28,54.173683166503906,0.0,54.39146661390462,53.26851860384564,54.20771393955935,0.0,22800800
2017-07-31,54.473140716552734,0.0,54.711340565544475,54.17368651075325,54.330220807157694,0.0,12820200
2017-08-01,54.561614990234375,0.0,54.81342923328568,54.425502270533215,54.55481298890651,0.0,10421200
2017-08-02,54.85427474975586,0.0,54.881498338491824,54.3098185521425,54.377874927798096,0.0,10410100
2017-08-03,54.77941131591797,0.0,55.004002029275256,54.65010575955933,54.677324155994775,0.0,10136700
2017-08-04,54.588844299316406,0.0,54.82704417996562,54.4799551506059,54.74537861652473,0.0,8292200
2017-08-07,54.5548210144043,0.0,54.56162301673279,54.35064671244928,54.56162301673279,0.0,7893800
2017-08-08,54.418704986572266,0.0,54.595655708300725,54.33023222189222,54.45953777144484,0.0,9028400
2017-08-09,54.588844299316406,0.0,54.684124251576094,54.29619724812796,54.61606788458603,0.0,8087100
2017-08-10,54.26586151123047,0.77,54.82246800305815,54.22463295411596,54.808726898251805,0.0,12580300
2017-08-11,53.743629455566406,0.0,54.45828774084758,53.736756279378874,54.43080027879477,0.0,10192400
2017-08-14,53.75735855102539,0.0,54.14217241083912,53.68176936531974,54.0253546666379,0.0,8862500
2017-08-15,53.626800537109375,0.0,53.77110575089558,53.37941867270553,53.68177544979828,0.0,10350900
2017-08-16,53.23509979248047,0.0,53.71611704828175,53.12514999532881,53.62678677011719,0.0,9117100
2017-08-17,52.40363311767578,0.0,53.10454484554366,52.369272489486974,53.0908037398856,0.0,13400400
2017-08-18,52.66476058959961,0.0,52.987731648606335,52.25933240417159,52.34866270536007,0.0,14324300
2017-08-21,52.486080169677734,0.0,52.6510048621149,52.27993216817344,52.547928240015366,0.0,10084900
2017-08-22,52.73347473144531,0.0,53.13890814513287,52.589169522650224,52.602915871695124,0.0,9503600
2017-08-23,52.64413833618164,0.0,52.919007615587546,52.547934874793896,52.705981171632864,0.0,7054300
2017-08-24,52.45173645019531,0.0,52.67163084629677,52.36240091125988,52.56855420128447,0.0,8678300
2017-08-25,52.719730377197266,0.0,53.00146760290802,52.52045026989173,52.60978056239598,0.0,6844900
2017-08-28,52.54794692993164,0.0,52.87091801412491,52.40364170474464,52.84343055560882,0.0,8229700
2017-08-29,52.53418731689453,0.0,52.56167476847133,52.279937564526016,52.3692678501291,0.0,7060400
2017-08-30,52.29368209838867,0.0,52.53419076208902,52.26619464500925,52.38988556386881,0.0,8218000
2017-08-31,52.45173645019531,0.0,52.56168102689807,52.25932950894353,52.41050264657283,0.0,15641700
2017-09-01,52.61664962768555,0.0,52.809056545867094,52.44485698749554,52.47921761261167,0.0,7361100
2017-09-05,53.03583526611328,0.0,53.159526202824935,52.64414817364245,52.66476245597832,0.0,12784800
2017-09-06,54.13529968261719,0.0,54.43765642792943,53.31069704974194,53.523718260650654,0.0,18574400
2017-09-07,54.30710983276367,0.0,54.51326317875415,54.01849934253489,54.30023665651135,0.0,9836400
2017-09-08,54.16278076171875,0.0,54.31395911658287,54.03221668384609,54.29334483959141,0.0,8436000
2017-09-11,54.45827102661133,0.0,54.575088772459296,54.21776236083736,54.56822084107698,0.0,12955800
2017-09-12,54.63006591796875,0.0,54.76063001732219,54.451400083489716,54.56134990246018,0.0,7644400
2017-09-13,54.81560134887695,0.0,54.815601348876946,54.547605210367244,54.630067577099496,0.0,8369700
2017-09-14,55.03549575805664,0.0,55.13170447393833,54.8156013561044,54.870576267266486,0.0,9072600
2017-09-15,55.02175521850586,0.0,55.11795869268265,54.66442877766295,55.056115849010204,0.0,16043700
2017-09-18,55.03549575805664,0.0,55.069856388206965,54.767499619511604,54.82934770524297,0.0,8594400
2017-09-19,55.12483215332031,0.0,55.24164990932732,54.96678059195494,55.01488232929289,0.0,9277100
2017-09-20,55.351627349853516,0.0,55.42721658091194,55.15234712639938,55.16608823991055,0.0,10606900
2017-09-21,54.898075103759766,0.0,55.33786399883682,54.80874478662439,55.31037653755736,0.0,11984200
2017-09-22,54.91869354248047,0.0,55.179821823035596,54.74690082851423,54.781261468386504,0.0,10205800
2017-09-25,55.64707946777344,0.0,55.66082057347456,54.95990884340955,54.99426422901026,0.0,10496600
2017-09-26,55.58522415161133,0.0,55.660813329869974,55.358456616835404,55.46153324561493,0.0,8755100
2017-09-27,55.95630645751953,0.0,55.970047563786906,55.516517659219396,55.58523367594829,0.0,9724500
2017-09-28,56.47856903076172,0.0,56.65722966180892,56.04564807679279,56.093749822489656,0.0,15581700
2017-09-29,56.33427429199219,0.0,56.389243981106155,56.05940487563016,56.30678682608618,0.0,9944000
2017-10-02,56.09373474121094,0.0,56.22429883415507,55.83261179801834,55.86697242543385,0.0,6777900
2017-10-03,56.18307876586914,0.0,56.32738398596966,55.86698086812089,55.94257006570161,0.0,6082000
2017-10-04,56.20368576049805,0.0,56.258660668463946,55.97004502299085,56.21055893466773,0.0,6357100
2017-10-05,56.36173629760742,0.0,56.51291468451205,56.06625269848371,56.15558824130708,0.0,7375900
2017-10-06,56.148712158203125,0.0,56.2724030826548,55.90820348362929,56.18994071878838,0.0,6070600
2017-10-09,56.368614196777344,0.0,56.47169085491488,56.183080406287075,56.23805008029003,0.0,7489900
2017-10-10,56.526641845703125,0.0,56.856480720897096,56.409818886489795,56.58161149643919,0.0,7218500
2017-10-11,56.76029968261719,0.0,56.85650316274581,56.44420178466653,56.45794813479717,0.0,7023700
2017-10-12,56.64346694946289,0.0,56.6915686768142,56.46480114386013,56.56100459856275,0.0,6647500
2017-10-13,56.62974166870117,0.0,57.09014479380528,56.59538103555156,56.84963608984765,0.0,7180000
2017-10-16,56.904598236083984,0.0,57.000801704941765,56.719064472628496,56.8290090473106,0.0,5734000
2017-10-17,57.0076789855957,0.0,57.014552160350874,56.71906855823308,56.78091140294097,0.0,6444100
2017-10-18,56.8702507019043,0.0,57.30316637153435,56.719072303485255,57.00768274990529,0.0,6367100
2017-10-19,56.856483459472656,0.0,57.06950987110282,56.57474629178645,56.588487394458724,0.0,7945500
2017-10-20,57.11076736450195,0.0,57.124508474137976,56.77405513009777,56.93210148304987,0.0,9574100
2017-10-23,57.200077056884766,0.0,57.557408690931105,57.062645039294885,57.13823422177794,0.0,9829900
2017-10-24,57.3581428527832,0.0,57.59177838929877,57.248193017225255,57.413117770562174,0.0,7551200
2017-10-25,57.1519775390625,0.0,57.53679664006394,57.00079916824361,57.34438446821541,0.0,9153300
2017-10-26,57.3581428527832,0.0,57.481833796437535,57.11076096547454,57.28942682690784,0.0,9154500
2017-10-27,57.52305221557617,0.0,57.88725180689286,56.354864253689136,57.0351617024259,0.0,14866200
2017-10-30,57.40623092651367,0.0,57.687968138328905,57.31690063841528,57.52304866695668,0.0,7811100
2017-10-31,57.27568054199219,0.0,57.502448146068744,57.15198959819559,57.481833862552094,0.0,9754200
2017-11-01,57.63300704956055,0.0,57.68110878764515,57.213832513667725,57.30316281505449,0.0,9430000
2017-11-02,57.399349212646484,0.0,57.52304010844628,56.97330687143192,57.44745093641892,0.0,7775500
2017-11-03,57.15886688232422,0.0,57.47496481859373,57.14512577322429,57.323786405008946,0.0,6903500
2017-11-06,57.55055618286133,0.0,57.63301856864362,57.07640663933343,57.24133141089801,0.0,9276700
2017-11-07,57.4337272644043,0.0,57.598646761291135,57.05578128956332,57.543671848096764,0.0,8471800
2017-11-08,57.3581428527832,0.0,57.378757136276135,56.93896827943778,57.28255365151129,0.0,8691600
2017-11-09,57.70172119140625,0.0,57.818538945424734,57.09013972307879,57.241318107194985,0.0,10528800
2017-11-10,57.521400451660156,0.77,57.61849426306491,57.160761759686025,57.56994735736254,0.0,8693700
2017-11-13,57.48672103881836,0.0,57.625424970014784,57.28559663473247,57.320275263139486,0.0,6720400
2017-11-14,57.03593826293945,0.0,57.38964024630031,56.9319076453372,57.160773945818754,0.0,9251700
2017-11-15,56.32159423828125,0.0,56.93189898888536,56.279984114053946,56.69610122997566,0.0,9663600
2017-11-16,55.87079620361328,0.0,56.0719206145035,55.58645154767607,55.787575958566286,0.0,10527200
2017-11-17,55.64887237548828,0.0,55.94015913634365,55.593393970235546,55.70435607195755,0.0,9536400
2017-11-20,55.8638916015625,0.0,55.92630681539221,55.48938444492862,55.64196202258152,0.0,8468600
2017-11-21,56.0858154296875,0.0,56.34935512419912,55.92630108089231,55.96097972360978,0.0,8838400
2017-11-22,56.24531173706055,0.0,56.460309748978766,56.210638393421135,56.286927157131345,0.0,7941600
2017-11-24,56.46723175048828,0.0,56.66141937411858,56.328527816814045,56.48110531858525,0.0,3851300
2017-11-27,56.25223159790039,0.0,56.453355978877966,56.189811132182776,56.3978722962879,0.0,9127500
2017-11-28,56.64060592651367,0.0,56.86947214528266,56.390934649895705,56.46029189767913,0.0,9794600
2017-11-29,57.056739807128906,0.0,57.08448165619196,56.508855484587635,56.62675437469314,0.0,9725000
2017-11-30,57.76415252685547,0.0,57.84044130059242,57.153847628177374,57.18158419024764,0.0,18592700
2017-12-01,57.88203048706055,0.0,58.346694456226366,57.153826943863855,57.86816221104442,0.0,13779300
2017-12-04,57.95831298828125,0.0,58.381366792599835,57.56300102422134,57.70864171716815,0.0,12597700
2017-12-05,57.48672103881836,0.0,58.09702574378476,57.36188538425525,57.84735972587436,0.0,9357200
2017-12-06,57.063690185546875,0.0,57.701736992338695,57.015143260926145,57.459002369235066,0.0,13398900
2017-12-07,57.25092315673828,0.0,57.29947006165921,56.9873782804111,57.1468925629889,0.0,11359600
2017-12-08,57.32720947265625,0.0,57.493655240860505,57.049796331505455,57.20930531609665,0.0,11988600
2017-12-11,57.583824157714844,0.0,57.73640168142558,57.38269972111583,57.59076094276078,0.0,8760700
2017-12-12,57.396575927734375,0.0,57.82656137843434,57.354960506763774,57.486732972606355,0.0,11307000
2017-12-13,57.646244049072266,0.0,57.77107972253472,57.20238505258723,57.292542092392544,0.0,10172700
2017-12-14,57.493648529052734,0.0,57.791866695013134,57.48671174624948,57.5838055406352,0.0,9492400
2017-12-15,57.583824157714844,0.0,57.75720674534675,57.47286205306308,57.6739864896621,0.0,26582300
2017-12-18,57.521400451660156,0.0,58.02767456952554,57.500595390818546,57.687846229608894,0.0,9363500
2017-12-19,57.17464065551758,0.0,57.68091482055989,57.0983518978455,57.58382100010749,0.0,10285100
2017-12-20,57.472862243652344,0.0,57.66011311078042,57.23012238718937,57.28560608530758,0.0,10620300
2017-12-21,58.15252685546875,0.0,58.44380837297979,57.53528518164982,57.805761632369695,0.0,13578100
2017-12-22,58.23573684692383,0.0,58.27041018523481,57.979128745585875,58.1733163720185,0.0,10161400
2017-12-26,58.242679595947266,0.0,58.50621921720801,58.18719589950821,58.22880602622924,0.0,4777200
2017-12-27,58.18720245361328,0.0,58.325906419117786,58.07623504823599,58.24961765072517,0.0,7000600
2017-12-28,58.27040100097656,0.0,58.29121135014231,58.11782881226707,58.24266445118585,0.0,7495300
2017-12-29,58.00687026977539,0.0,58.39524552049017,58.00687026977539,58.256541585582305,0.0,8523400
2018-01-02,58.97088623046875,0.0,59.08878512290885,58.02075301452388,58.131715121756685,0.0,11469300
2018-01-03,60.12907409667969,0.0,60.31633023827928,58.82523905479604,59.06104210510363,0.0,13957700
2018-01-04,60.212284088134766,0.0,60.489697191066895,59.94180776786001,60.19147903137745,0.0,10863000
2018-01-05,60.16375732421875,0.0,60.25391436407413,59.44248513172593,60.16375732421876,0.0,11047600
2018-01-08,60.43424987792969,0.0,60.44118666476121,60.0597427572977,60.12909475195888,0.0,10927100
2018-01-09,60.17760467529297,0.0,60.44114950066204,60.094384449357285,60.295508814059815,0.0,8131600
2018-01-10,59.6990852355957,0.0,60.468904236982326,59.629733268785785,60.33713179619236,0.0,10822300
2018-01-11,60.288578033447266,0.0,60.593733002163496,59.59504786179422,59.89326604725364,0.0,14366000
2018-01-12,60.6977653503418,0.0,61.023725415502206,60.46196760435439,60.47583588126474,0.0,9834500
2018-01-16,60.31633377075195,0.0,60.86422336752482,60.05972564328622,60.85034979781504,0.0,10882800
2018-01-17,61.03065490722656,0.0,61.1762956078548,60.288577837616856,60.47582865522021,0.0,10546000
2018-01-18,60.63536071777344,0.0,61.162445282748386,60.572940232776105,60.87115850478888,0.0,9223700
2018-01-19,60.441162109375,0.0,60.86421598351783,60.06665514089369,60.73244354334407,0.0,13090000
2018-01-22,61.20403289794922,0.0,61.23177473760796,60.37179887304663,60.45501910080795,0.0,10270400
2018-01-23,61.238739013671875,0.0,61.34970113090877,60.850358375299585,61.20406037572563,0.0,10281800
2018-01-24,61.398223876953125,0.0,61.6687002145526,61.03759052389223,61.37048203576149,0.0,10316100
2018-01-25,61.28728485107422,0.0,61.63405005955128,61.16938065886696,61.41212053777465,0.0,11271900
2018-01-26,61.724212646484375,0.0,61.72421264648437,61.35664233911698,61.474541250684325,0.0,10514400
2018-01-29,61.03759002685547,0.0,61.9322445559435,60.9959746197993,61.43983349282071,0.0,9315700
2018-01-30,60.18454360961914,0.0,61.29419075522429,60.18454360961914,60.7116279879872,0.0,12408000
2018-01-31,60.54520034790039,0.0,60.663099234930996,59.87247507651226,60.031984090443885,0.0,14404700
2018-02-01,61.772762298583984,0.0,61.89759800200144,60.579888975087805,60.683919609805336,0.0,17971000
2018-02-02,58.624107360839844,0.0,59.65053439200324,57.56300699416834,59.04022442544615,0.0,29822100
2018-02-05,55.288230895996094,0.0,58.24960265605666,54.18551507659416,57.75719682668901,0.0,30452700
2018-02-06,54.338104248046875,0.0,55.72516500889666,53.33248731291754,54.44907164869897,0.0,36262800
2018-02-07,53.36022186279297,0.0,55.07324251467637,53.346348294001075,54.40051729110601,0.0,21994500
2018-02-08,52.75686264038086,0.0,53.8040951316045,52.72912078663521,53.70700128910351,0.0,25650800
2018-02-09,53.09315490722656,0.77,53.58359370473136,51.77598696042329,53.42244823025831,0.0,29491600
2018-02-12,53.54154968261719,0.0,54.38229956814929,53.13518750520951,53.982945109751654,0.0,19340400
2018-02-13,53.45747756958008,0.0,53.7727554307188,53.05812311765347,53.317349918266935,0.0,11926600
2018-02-14,53.56957244873047,0.0,53.709700095082525,52.665769174721476,53.10015686042814,0.0,17188400
2018-02-15,53.39440155029297,0.0,53.73770483084932,52.861927337873794,53.68165913374331,0.0,14432400
2018-02-16,53.6256217956543,0.0,54.03198393912032,53.14219078548529,53.35237957564303,0.0,13722400
2018-02-20,53.07213592529297,0.0,54.27720706162071,52.868954829486675,53.5765848051812,0.0,13387300
2018-02-21,52.46958923339844,0.0,53.55555563878057,52.45557914318222,53.12116800756322,0.0,11715000
2018-02-22,53.14921569824219,0.0,53.83582265694582,52.679799973061684,52.75686886469725,0.0,14020200
2018-02-23,54.31923294067383,0.0,54.382291712007806,53.21224869123426,53.31033536191142,0.0,13378800
2018-02-26,55.23704528808594,0.0,55.3001040583544,54.340249831149364,54.46636202636373,0.0,16940400
2018-02-27,54.298221588134766,0.0,55.95869815972701,54.298221588134766,55.349154909195434,0.0,14629500
2018-02-28,53.06511306762695,0.0,54.82367592629807,53.03708754392566,54.760622506961724,0.0,17087800
2018-03-01,52.68678665161133,0.0,53.72370984675584,52.44857767230642,52.91799325763534,0.0,15696700
2018-03-02,52.932010650634766,0.0,53.15620954633873,52.18234509200057,52.46959742150097,0.0,15630300
2018-03-05,53.43644332885742,0.0,53.639624372124224,52.630732218555366,52.70780107446078,0.0,14891000
2018-03-06,53.373382568359375,0.0,53.93388228962839,53.149183748916066,53.71668584134286,0.0,10754300
2018-03-07,52.02820587158203,0.0,52.71481263159985,51.537767126246145,52.54666480092737,0.0,27255500
2018-03-08,51.93012237548828,0.0,52.38552255542568,51.628854598345555,52.19635690248652,0.0,19299800
2018-03-09,52.23837661743164,0.0,52.58868763089687,51.993159977070356,52.420539841123684,0.0,19714100
2018-03-12,52.71480941772461,0.0,52.95302372986693,52.329470439871415,52.45558264151786,0.0,14226700
2018-03-13,52.21738052368164,0.0,53.12118395565889,52.02120712982439,52.77788051640871,0.0,13739700
2018-03-14,51.56577682495117,0.0,52.399518694338276,51.51673350000614,52.29442432793563,0.0,14820700
2018-03-15,52.14030838012695,0.0,52.54667058217346,51.916109466122634,52.09126503472988,0.0,15640600
2018-03-16,52.63075256347656,0.0,52.63075256347656,52.09827808374847,52.09827808374847,0.0,32109700
2018-03-19,51.951133728027344,0.0,52.55366920739569,51.7479526621638,52.54666148917341,0.0,12744800
2018-03-20,51.839027404785156,0.0,52.33646845168337,51.8110018794965,52.000172838864316,0.0,13003200
2018-03-21,52.57468032836914,0.0,52.99505249773966,51.83202265097049,52.00717816698505,0.0,15418500
2018-03-22,51.49571990966797,0.0,52.33646421904397,51.418651057687605,52.14029090321103,0.0,17737000
2018-03-23,51.0683479309082,0.0,51.99316895228894,50.914210203124284,51.71291902407479,0.0,20157300
2018-03-26,51.846046447753906,0.0,51.95114085421271,50.97026863613644,51.600829729565724,0.0,15032700
2018-03-27,51.63585662841797,0.0,52.46959879933113,51.34159657232749,51.846045437238864,0.0,15821900
2018-03-28,51.012298583984375,0.0,51.85304839677334,50.991280774096175,51.66387741713356,0.0,18163900
2018-03-29,52.273414611816406,0.0,52.46958794194981,51.32757585848901,51.37661919102236,0.0,14882900
2018-04-02,51.2995491027832,0.0,52.12628336374288,50.55689141500192,52.03519907313574,0.0,17891100
2018-04-03,52.560665130615234,0.0,52.64474170299715,51.215472044437504,51.460688698898736,0.0,15999200
2018-04-04,52.455596923828125,0.0,52.58871153463212,51.45370675610436,51.881086814419525,0.0,13122200
2018-04-05,53.261287689208984,0.0,53.47147644944186,52.560665615529025,52.588691139914886,0.0,14200000
2018-04-06,52.455596923828125,0.0,53.331374855568335,52.00019133025836,52.995073777837405,0.0,14299600
2018-04-09,52.455596923828125,0.0,53.10016819871109,52.40655357346365,52.70081367565052,0.0,11103100
2018-04-10,53.996944427490234,0.0,54.48737775385996,53.28931461773762,53.30333005296096,0.0,19006100
2018-04-11,54.249176025390625,0.0,54.6765559860794,53.77275272554034,54.02497713989185,0.0,13734000
2018-04-12,54.102046966552734,0.0,54.746618105617635,53.95491694646117,54.55044474549555,0.0,13270400
2018-04-13,54.53642654418945,0.0,54.781648577237085,54.368278721938616,54.50840636158339,0.0,10925000
2018-04-16,55.026878356933594,0.0,55.40521505600386,54.445360541029814,54.73261826165367,0.0,10743600
2018-04-17,54.87974548339844,0.0,55.18101328314557,54.67656437702722,55.0268755234623,0.0,10478100
2018-04-18,55.50330352783203,0.0,55.881640238990634,55.30713012471075,55.37719129077916,0.0,12061400
2018-04-19,55.64339065551758,0.0,55.92364048780713,55.21601086397323,55.57332953377543,0.0,11291500
2018-04-20,55.34916687011719,0.0,55.62941688535989,54.87975116814723,55.57336581324646,0.0,12072200
2018-04-23,55.74850082397461,0.0,55.76951863192691,55.173990910214485,55.29309538549247,0.0,11729800
2018-04-24,54.89374923706055,0.0,56.00073361481596,54.627514720836686,55.909654651579096,0.0,14102000
2018-04-25,55.69947052001953,0.0,55.78354711681912,54.29121825923783,54.78865942999035,0.0,13867500
2018-04-26,56.652320861816406,0.0,56.680346395876704,55.72049189927658,55.76953524755109,0.0,14554400
2018-04-27,54.501407623291016,0.0,55.103943209734155,53.583594150014875,53.9128821304593,0.0,16346800
2018-04-30,54.47336959838867,0.0,55.04087180267253,54.46636188052815,54.58547170286686,0.0,15028800
2018-05-01,53.91287612915039,0.0,54.13007264587862,53.23327708550826,54.13007264587862,0.0,16231000
2018-05-02,53.80778884887695,0.0,54.109056618492254,53.45747773747886,53.56256679463961,0.0,13883700
2018-05-03,53.6256217956543,0.0,53.674665133981364,52.82691294557167,53.520527400575425,0.0,12243100
2018-05-04,53.87784957885742,0.0,54.10204847457809,53.20525289169543,53.338367478161146,0.0,9887200
2018-05-07,54.46636199951172,0.0,55.40519841793861,54.228153044959,54.46636199951172,0.0,15071500
2018-05-08,54.71158981323242,0.0,54.76063850302881,53.506524013998884,54.50841406136225,0.0,17430400
2018-05-09,56.000736236572266,0.0,56.21792742194082,55.314124084776246,55.33514724219046,0.0,17142100
2018-05-10,57.25483322143555,0.0,57.30387654978656,56.400073488470575,56.4981601451726,0.0,17710300
2018-05-11,57.52378463745117,0.82,58.01211574516372,57.26193030972419,57.453013343457485,0.0,14751000
2018-05-14,57.91303253173828,0.0,58.25981563805611,57.757332451492566,57.82102499368214,0.0,11852100
2018-05-15,57.88472366333008,0.0,58.05457584414172,57.60871184469735,57.92718535865712,0.0,12595700
2018-05-16,58.047489166259766,0.0,58.068725410526056,57.44592516678046,57.86348491197378,0.0,9570000
2018-05-17,57.948429107666016,0.0,58.23151973838028,57.637034273434544,58.174900532336494,0.0,11224100
2018-05-18,57.53792190551758,0.0,57.891783650571185,57.50961231797308,57.71485277804438,0.0,10030900
2018-05-21,58.231502532958984,0.0,58.28104297373362,57.69363103347502,57.84225775530201,0.0,8822400
2018-05-22,57.7785530090332,0.0,58.493355341268746,57.57331252157934,58.34473403645784,0.0,10753400
2018-05-23,58.139503479003906,0.0,58.19612267131719,57.02129872858161,57.29023179281468,0.0,15140900
2018-05-24,56.80897521972656,0.0,57.58039680881984,56.58250386686948,57.57331806043285,0.0,13360500
2018-05-25,55.70492172241211,0.0,56.14371228101657,55.26613116380764,56.108323942604045,0.0,14562000
2018-05-29,55.49968719482422,0.0,55.71908519742371,54.86981357989938,55.30860418559543,0.0,14644800
2018-05-30,57.679473876953125,0.0,57.79271224565073,56.06586491953056,56.08709576378571,0.0,16627500
2018-05-31,57.49546432495117,0.0,57.714862314798715,57.10621958077477,57.1911429579392,0.0,15803100
2018-06-01,57.91303253173828,0.0,58.281046485452634,57.71487075669952,57.94134212810145,0.0,9906100
2018-06-04,57.304386138916016,0.0,58.40843333078595,57.191147760517524,58.06872899459661,0.0,10954700
2018-06-05,57.09914016723633,0.0,57.7856329219936,56.908057171341206,57.035442235602915,0.0,12059300
2018-06-06,58.0757942199707,0.0,58.09702506307488,57.23360684632524,57.66531865445122,0.0,11603300
2018-06-07,58.65613555908203,0.0,58.94630485422419,58.42966420169188,58.54998132866717,0.0,13502500
2018-06-08,59.16571044921875,0.0,59.20817755020876,58.387215324789075,58.818927288241795,0.0,14350400
2018-06-11,58.81182861328125,0.0,59.300159612942664,58.69151690016254,59.25061917815835,0.0,10831600
2018-06-12,58.330570220947266,0.0,59.27184378226548,58.259798950062844,58.818901169202945,0.0,12351800
2018-06-13,57.686561584472656,0.0,58.45797784290296,57.658251987901345,58.34474485612117,0.0,12049300
2018-06-14,57.95550537109375,0.0,58.24567473998682,57.67949350285639,57.99089372322857,0.0,11477300
2018-06-15,57.08498764038086,0.0,57.905944201055114,56.978828021461105,57.83517292160945,0.0,23797500
2018-06-18,57.198219299316406,0.0,57.594542774749165,56.8302054149149,56.900976692741835,0.0,9192600
2018-06-19,57.11329650878906,0.0,57.29730617001586,56.4126516057564,56.540042078989885,0.0,8759700
2018-06-20,56.93637466430664,0.0,57.41762703989392,56.808984170783425,57.21946524985865,0.0,8917700
2018-06-21,56.39850616455078,0.0,56.88683186999123,56.14372518801507,56.63205089345552,0.0,10990700
2018-06-22,57.59455490112305,0.0,57.99088385950416,57.2690026349731,57.43886021692366,0.0,16012200
2018-06-25,56.43388366699219,0.0,57.495469166970615,56.122488925327275,57.169916928250935,0.0,10557200
2018-06-26,57.070838928222656,0.0,57.33269864192565,56.5966653435067,56.72405582591582,0.0,10382800
2018-06-27,57.82809829711914,0.0,58.37304852666252,57.36807684866773,57.36807684866773,0.0,12725900
2018-06-28,58.012107849121094,0.0,58.08287913348207,57.3468458972215,57.84225568675416,0.0,9390700
2018-06-29,58.54999542236328,0.0,59.123250002605175,58.23859520618034,58.35182821238045,0.0,17323200
2018-07-02,57.86347961425781,0.0,58.12533387503781,57.55207952089538,57.9554817329775,0.0,9998300
2018-07-03,58.203189849853516,0.0,59.059534794662135,58.0899568767356,58.443818691921116,0.0,7197300
2018-07-05,58.25273513793945,0.0,58.578287387074255,58.06873086636538,58.450896907021225,0.0,9035700
2018-07-06,58.266902923583984,0.0,58.52875727917605,57.792729263913415,58.005043168487724,0.0,7637100
2018-07-09,58.6702995300293,0.0,58.83307296762847,58.42967064902992,58.60660158524865,0.0,7158600
2018-07-10,59.208160400390625,0.0,59.533712616327534,59.10200077792142,59.23646459351323,0.0,8806200
2018-07-11,58.450897216796875,0.0,59.11615921609991,58.05457367653292,58.762297369577574,0.0,10405300
2018-07-12,58.521671295166016,0.0,58.91091606927516,58.25273284812377,58.74814265085772,0.0,9762200
2018-07-13,58.96043014526367,0.0,59.27183014490997,58.42963763650329,58.514566381725174,0.0,8720000
2018-07-16,58.380123138427734,0.0,58.59244239599941,58.033340057263466,58.4013539842843,0.0,8306900
2018-07-17,58.25273513793945,0.0,58.56413528906981,58.06165211761153,58.21735219317671,0.0,7373300
2018-07-18,58.18903732299805,0.0,58.25980860561158,57.67239670086404,57.89179469631957,0.0,8711900
2018-07-19,58.040409088134766,0.0,58.472120879947724,57.83516861337925,58.17487288921436,0.0,8659100
2018-07-20,57.60871887207031,0.0,57.98381162522397,57.50255922129939,57.83519027394634,0.0,9196300
2018-07-23,57.60871887207031,0.0,58.033352075649844,57.45301877087351,57.997963725558165,0.0,8425900
2018-07-24,58.74814987182617,0.0,58.755223221668146,57.665333400597426,57.69363759897272,0.0,11121000
2018-07-25,59.15861129760742,0.0,59.26477091421571,58.39427393693306,58.748135725959074,0.0,9523600
2018-07-26,59.6186408996582,0.0,59.73187927947578,59.00292475778535,59.32847700050617,0.0,13210100
2018-07-27,57.97672653198242,0.0,58.30227879909103,57.19115276153424,57.304391149834736,0.0,18220800
2018-07-30,57.84932327270508,0.0,58.1253350338692,57.120368857348446,58.1253350338692,0.0,11282800
2018-07-31,57.686561584472656,0.0,58.13950433060674,57.63702114034872,57.77856372370183,0.0,11716800
2018-08-01,56.893898010253906,0.0,57.27606939035984,56.77358629786011,57.24775979929617,0.0,8936300
2018-08-02,56.55420684814453,0.0,56.80190907808905,56.228649175070416,56.54004934957418,0.0,8364300
2018-08-03,56.75943374633789,0.0,56.830210429912924,56.35603148767337,56.596660332922184,0.0,7811100
2018-08-06,56.74528503417969,0.0,56.922215954665475,56.4338848862837,56.79482547593558,0.0,10041800
2018-08-07,57.51668930053711,0.0,57.74316061570532,56.83727535503248,57.26191379553718,0.0,10698100
2018-08-08,57.134521484375,0.0,57.488383240281074,56.86558309420518,57.33975655123886,0.0,7275000
2018-08-09,56.8443717956543,0.0,57.26193161891996,56.69575045501851,57.13454112701732,0.0,9828500
2018-08-10,56.78715896606445,0.82,56.85866021735129,56.38674759470149,56.851513910859666,0.0,12954300
2018-08-13,56.172264099121094,0.0,57.02314410796293,56.07931297541837,56.80863480071259,0.0,10308500
2018-08-14,55.99347686767578,0.0,56.53689614185676,55.82902455186532,56.47969296453345,0.0,8005900
2018-08-15,55.013916015625,0.0,55.70033799811032,54.70645565787873,55.61453320460078,0.0,16307800
2018-08-16,55.77183532714844,0.0,55.843336589092644,55.19981432120161,55.25701751283562,0.0,11519900
2018-08-17,55.95772171020508,0.0,56.122174004670434,55.62881166607982,56.01491942490916,0.0,10178400
2018-08-20,56.35099411010742,0.0,56.48685030587281,55.89337955670336,55.95773450134856,0.0,8152100
2018-08-21,56.36529541015625,0.0,56.90156295519852,56.250889048720026,56.522601429533275,0.0,9192200
2018-08-22,57.17326354980469,0.0,57.23761848478519,56.50113988878259,56.56549482376309,0.0,10098200
2018-08-23,56.544036865234375,0.0,56.93729635837726,56.41533246897807,56.88724495178838,0.0,7203900
2018-08-24,56.930171966552734,0.0,57.237632283996376,56.787163996116,56.85866525373623,0.0,6545200
2018-08-27,57.48788833618164,0.0,57.537939761097675,57.101775006031026,57.13752836176941,0.0,6671900
2018-08-28,57.402099609375,0.0,57.78821304751133,57.34489640627383,57.61660889340553,0.0,8823400
2018-08-29,57.816802978515625,0.0,57.94550743191491,57.27338356914127,57.5164944056495,0.0,8004800
2018-08-30,57.5665397644043,0.0,57.7595936965485,57.28768105397598,57.523634647664224,0.0,7450900
2018-08-31,57.32341766357422,0.0,57.53077507885769,57.037407247486854,57.37346907724989,0.0,10700000
2018-09-04,57.40922927856445,0.0,57.6952397287962,57.06601564724723,57.49503405019266,0.0,8855000
2018-09-05,58.17428970336914,0.0,58.22434111063687,56.91584730681644,57.130356455217715,0.0,13878400
2018-09-06,57.53078842163086,0.0,58.374516344412164,57.44498364034597,57.995554773663955,0.0,13320600
2018-09-07,58.5103645324707,0.0,58.58186577947783,57.073166010286904,57.309125035086346,0.0,16417800
2018-09-10,58.424556732177734,0.0,59.16102990301809,58.38880883812632,58.80351823133286,0.0,10817900
2018-09-11,59.2468376159668,0.0,59.48279664026622,58.367356459575944,58.60331548387538,0.0,11891900
2018-09-12,59.439903259277344,0.0,59.904669638360026,59.2540010718015,59.5257080455561,0.0,11556300
2018-09-13,58.86073303222656,0.0,59.52570509109165,58.639077497670286,59.454203833673134,0.0,11162700
2018-09-14,59.28973388671875,0.0,59.454191654769595,58.82496762590913,58.93222221766445,0.0,9442600
2018-09-17,59.64011764526367,0.0,59.783120174914394,59.33980360468223,59.346955367723815,0.0,8403300
2018-09-18,59.79740905761719,0.0,60.15492078200728,59.66870461862891,59.990468443697594,0.0,9219900
2018-09-19,60.51242446899414,0.0,60.61252730211179,59.8045528761778,59.8045528761778,0.0,10413600
2018-09-20,60.64828109741211,0.0,61.0200908438383,60.44807542970606,60.67688268639802,0.0,11198200
2018-09-21,60.89853286743164,0.0,61.08444045201824,60.43376663356256,60.784131976667084,0.0,26639400
2018-09-24,61.92103576660156,0.0,62.271395764091615,61.29181703261176,61.34186846082463,0.0,13549500
2018-09-25,61.84954071044922,0.0,62.46446143600934,61.75658960735649,62.22850234139269,0.0,12200700
2018-09-26,61.33470916748047,0.0,61.84952691171568,61.270359677048994,61.50631326382692,0.0,10275500
2018-09-27,61.32755661010742,0.0,61.76372133469308,61.19885217571829,61.55636388733303,0.0,7895400
2018-09-28,60.79128646850586,0.0,61.44196037458619,60.769836639548586,60.9557442491709,0.0,9884900
2018-10-01,61.35615539550781,0.0,61.51346141425516,60.962895803834975,61.027245290488594,0.0,8566900
2018-10-02,61.820926666259766,0.0,61.97108093573278,61.22030958836775,61.34901402722975,0.0,8453100
2018-10-03,61.59927749633789,0.0,62.128393375034,61.47772480687466,61.856686400610926,0.0,10206700
2018-10-04,61.19170379638672,0.0,61.54921549589092,60.955744765466996,61.134500615219096,0.0,10204600
2018-10-05,61.02008056640625,0.0,61.277489368729505,60.72692387526799,60.998630742078376,0.0,9217400
2018-10-08,61.5849609375,0.0,61.713665362398245,60.52672940406589,60.626832239520596,0.0,13242400
2018-10-09,61.85667037963867,0.0,62.12122552286827,61.306099355521425,61.763713854551405,0.0,10177900
2018-10-10,60.43377685546875,0.0,62.07833289803257,60.41947878740283,62.013983408942316,0.0,16573400
2018-10-11,58.34589767456055,0.0,60.18350725816147,58.038437450602665,60.019054961157615,0.0,20320100
2018-10-12,58.188602447509766,0.0,58.80352300918699,57.3949260354658,58.724869998609975,0.0,15216300
2018-10-15,57.78818893432617,0.0,58.44600912990891,57.78818893432617,58.18860027855994,0.0,10558800
2018-10-16,58.059879302978516,0.0,58.10993070674064,57.20900543902246,57.56651702452157,0.0,9781800
2018-10-17,58.27440643310547,0.0,58.288704500655776,57.4449766801036,57.873995079350394,0.0,12247700
2018-10-18,58.5246696472168,0.0,58.96798616035702,58.059903302911025,58.059903302911025,0.0,17448600
2018-10-19,58.6104736328125,0.0,58.96083359922598,58.28156349727388,58.38881810684422,0.0,12098700
2018-10-22,58.02415084838867,0.0,58.76062408831238,57.65948738160858,58.63191965622504,0.0,9474100
2018-10-23,57.08744812011719,0.0,57.53076445595517,56.28662564917623,57.24475409267885,0.0,15465100
2018-10-24,55.500125885009766,0.0,57.38778748353102,55.450074458351864,57.29483093745466,0.0,16085700
2018-10-25,55.99347686767578,0.0,56.522598075123554,55.58591377583886,56.12218128905561,0.0,12315500
2018-10-26,55.435768127441406,0.0,56.064992265229435,55.028204972372386,55.678878941185715,0.0,18160100
2018-10-29,55.09255599975586,0.0,56.07928634306769,54.499085259377516,55.82187747869144,0.0,15707000
2018-10-30,56.32954406738281,0.0,56.50829992210551,55.35711178127572,55.50011973817133,0.0,17758200
2018-10-31,56.97307205200195,0.0,57.45213648232112,56.41535460115917,56.72996122805727,0.0,16629100
2018-11-01,57.68095016479492,0.0,57.73815335972364,56.70137136382595,57.080332983634115,0.0,14159300
2018-11-02,58.59616470336914,0.0,58.95367639882641,57.366329053360374,58.46031396862835,0.0,19350400
2018-11-05,58.37451934814453,0.0,59.25400067218171,58.23151682717423,58.98944000767051,0.0,15815000
2018-11-06,58.6247673034668,0.0,58.703420314237874,58.16715276181451,58.446011452659015,0.0,9063200
2018-11-07,59.368412017822266,0.0,59.44706505471948,58.38883312133465,58.78209285062325,0.0,12699800
2018-11-08,58.424556732177734,0.0,59.88320500727692,58.3030040730516,59.43988857051696,0.0,16865500
2018-11-09,58.410118103027344,0.82,58.79292124686054,57.55783722203233,57.96953189697507,0.0,15070100
2018-11-12,57.65896224975586,0.0,59.03127984642806,57.58673616793034,58.98072103810051,0.0,11906600
2018-11-13,56.33721160888672,0.0,57.673413602638995,56.077193268313586,57.63730331175238,0.0,15530200
2018-11-14,55.896610260009766,0.0,57.12447003011605,55.4343567811112,56.95835061358795,0.0,18552100
2018-11-15,56.474449157714844,0.0,56.474449157714844,54.82766988772385,55.37659263738884,0.0,18976000
2018-11-16,57.03059005737305,0.0,57.19671502334558,56.40943576625432,56.604452270243705,0.0,13704900
2018-11-19,57.21839141845703,0.0,57.31950906238299,56.647795850304355,56.66946312964588,0.0,9430800
2018-11-20,55.593257904052734,0.0,56.98724261262616,55.15989595283998,56.64054974535824,0.0,15533700
2018-11-21,56.0193977355957,0.0,56.611660377336015,55.80271950695689,55.92550438756852,0.0,9685300
2018-11-23,54.524295806884766,0.0,55.03710811579839,53.95370043233388,54.92877175584909,0.0,10875400
2018-11-26,55.600486755371094,0.0,55.84605652748594,54.97933255349671,55.066001644597655,0.0,13741100
2018-11-27,55.65104293823242,0.0,55.939947242276766,55.181565178415795,55.30435005868428,0.0,10344500
2018-11-28,56.6622200012207,0.0,56.6622200012207,55.49936197273631,55.64381963774782,0.0,11482100
2018-11-29,57.102806091308594,0.0,57.44227471510406,56.47443315921579,56.49610043128845,0.0,10255200
2018-11-30,57.42061996459961,0.0,57.4928460574241,56.56833884407621,56.66223221369828,0.0,14040100
2018-12-03,58.662925720214844,0.0,58.83626943658668,57.88287073079547,57.95509682007562,0.0,19415100
2018-12-04,57.370052337646484,0.0,59.19017494557744,57.31226926806218,58.77848021815872,0.0,18540700
2018-12-06,56.6188850402832,0.0,56.65500083389441,55.557144629872425,56.3371994837044,0.0,23218100
2018-12-07,56.077186584472656,0.0,58.04176691886791,55.8532840719707,57.341162335300794,0.0,16224700
2018-12-10,55.282676696777344,0.0,56.23607512238421,54.0259254790446,56.23607512238421,0.0,17946200
2018-12-11,55.383811950683594,0.0,56.19275849807636,54.66154001888568,56.120526896498546,0.0,15742400
2018-12-12,54.907100677490234,0.0,56.48165344674721,54.907100677490234,56.366092822382534,0.0,14559800
2018-12-13,55.600486755371094,0.0,55.77383044806961,54.85654215694265,54.91432522467437,0.0,13749700
2018-12-14,54.58930206298828,0.0,55.52103331375836,54.23538492577189,55.41269144543694,0.0,12669300
2018-12-17,53.47698974609375,0.0,54.603731674960386,53.07251941480725,54.358161976820725,0.0,15464100
2018-12-18,52.003562927246094,0.0,53.346988743706284,51.729101662241895,53.180863826403865,0.0,18681200
2018-12-19,51.12239074707031,0.0,52.92084576185381,50.77570341218223,52.328583180132156,0.0,21679600
2018-12-20,49.56950378417969,0.0,51.03571993432715,49.1505903946332,50.624019783582,0.0,28723700
2018-12-21,49.20115280151367,0.0,50.8262642128452,48.87612721294974,49.2155958116628,0.0,47287300
2018-12-24,47.3160285949707,0.0,48.775015250570505,47.26546978785825,48.2983187135812,0.0,14262800
2018-12-26,49.57673645019531,0.0,49.59118497223046,46.694873479800584,47.799948464136335,0.0,24887700
2018-12-27,49.79341506958008,0.0,49.79341506958008,47.72771747098302,48.92668568310455,0.0,22077000
2018-12-28,49.237266540527344,0.0,50.25567240819869,48.984472516441116,49.96676259045882,0.0,19710600
2018-12-31,49.25171661376953,0.0,49.94509689189099,48.868913435165695,49.345609965531935,0.0,15807000
2019-01-02,50.335121154785156,0.0,50.46513029313379,48.580000542326765,48.645002356252945,0.0,16727200
2019-01-03,49.562286376953125,0.0,50.7395872722314,49.37449419072918,50.5590193459957,0.0,13866100
2019-01-04,51.3896369934082,0.0,51.4763060781728,50.09676987753948,50.2990050893185,0.0,16043600
2019-01-07,51.6568717956543,0.0,52.07579072230866,51.09350072694478,51.461860852830235,0.0,10844200
2019-01-08,52.0324592590332,0.0,52.42970542842635,51.96023318373412,52.39359514602497,0.0,11439000
2019-01-09,52.30693817138672,0.0,52.43694735492323,51.750791142673854,52.43694735492323,0.0,13473500
2019-01-10,52.03968811035156,0.0,52.06135538380302,51.3679750808724,52.05413112248693,0.0,13151100
2019-01-11,51.801334381103516,0.0,51.92411926459247,51.33185660897318,51.895227731330976,0.0,9790100
2019-01-14,51.736331939697266,0.0,51.844673822035695,51.367977254442444,51.43297907754728,0.0,11012400
2019-01-15,51.76522445678711,0.0,52.26359381869121,51.51243040020428,51.96745970205337,0.0,10298300
2019-01-16,51.7435417175293,0.0,52.27802120749387,51.50519074520215,51.584641069311196,0.0,12595600
2019-01-17,52.09745407104492,0.0,52.249130461934534,51.209062994335,51.418522441895576,0.0,10141700
2019-01-18,52.71860885620117,0.0,52.93529256635562,52.09745476495379,52.92084404674764,0.0,15759200
2019-01-22,51.92412185668945,0.0,52.516384541875006,51.77244543236719,52.28525777474154,0.0,15035600
2019-01-23,51.49797821044922,0.0,52.22024996369257,51.230735677970564,52.01079049399246,0.0,13187200
2019-01-24,51.57020950317383,0.0,51.98190422377094,51.0212813722121,51.35352575107146,0.0,11272500
2019-01-25,51.801334381103516,0.0,52.198580564831865,51.67132523667507,52.054128409020926,0.0,8996200
2019-01-28,51.45465087890625,0.0,51.48354241743819,50.82627782495362,51.295750172229376,0.0,13678400
2019-01-29,51.649654388427734,0.0,52.140799398876005,51.62798711760586,51.7868822737983,0.0,10513200
2019-01-30,52.21302795410156,0.0,52.41526317204858,51.64965684396446,51.837443540345895,0.0,11524700
2019-01-31,52.92806625366211,0.0,53.079742640688984,52.018002421005455,52.2130188546796,0.0,19876700
2019-02-01,54.834877014160156,0.0,55.2465717443713,53.679243167119814,54.11260517094784,0.0,22968700
2019-02-04,54.04039001464844,0.0,54.71932744789504,53.73703710168641,54.71932744789504,0.0,15483800
2019-02-05,54.59653091430664,0.0,54.63264671392782,54.17761739538661,54.300402297302874,0.0,12786700
2019-02-06,54.3581657409668,0.0,54.72652031368378,54.26426690006237,54.5892924477775,0.0,10866900
2019-02-07,53.93925476074219,0.0,54.3076148978906,53.37588367480707,54.1342657095289,0.0,14418900
2019-02-08,54.02690505981445,0.82,54.09262854430104,53.114041741886005,53.86624022439096,0.0,11959500
2019-02-11,54.11452865600586,0.0,54.2021655278336,53.60332749953083,53.95386384349236,0.0,10434800
2019-02-12,55.063907623291016,0.0,55.10041880714894,54.64033777448175,54.8302148742367,0.0,12599200
2019-02-13,55.684654235839844,0.0,55.89643916317384,55.14424079086586,55.19536090631374,0.0,13214600
2019-02-14,55.699249267578125,0.0,55.97676319995345,55.290288405139385,55.69195037480163,0.0,12772900
2019-02-15,56.75087356567383,0.0,56.7873903190085,56.049795360707584,56.1885523373702,0.0,14330300
2019-02-19,57.13063430786133,0.0,57.31320695216762,56.56100297741875,56.64133538664752,0.0,13551500
2019-02-20,57.34972381591797,0.0,57.554204306317565,56.96267066313653,57.181760086664944,0.0,12633100
2019-02-21,56.831214904785156,0.0,57.44466191291756,56.67785454567084,57.11602779623675,0.0,10266000
2019-02-22,57.26938247680664,0.0,57.656435569289535,56.68515339120638,57.48116740077692,0.0,9519300
2019-02-25,57.32780075073242,0.0,57.58340129579579,57.10871138543581,57.27668064171974,0.0,9274400
2019-02-26,57.44466018676758,0.0,57.78789208208576,57.247478608349155,57.45926354695506,0.0,10990600
2019-02-27,58.03619384765625,0.0,58.24067432057396,57.444660255047864,57.60531950400106,0.0,12398200
2019-02-28,57.7148551940918,0.0,58.24066522615947,57.48116246558107,58.021575855573225,0.0,14597900
2019-03-01,58.42323684692383,0.0,58.42323684692383,57.71485420868703,57.97045475555751,0.0,15419400
2019-03-04,58.64963912963867,0.0,58.82491289369194,57.70026464688936,58.59851900804198,0.0,18089900
2019-03-05,58.56198501586914,0.0,58.71534532094233,58.240655478569195,58.51086491417808,0.0,13745500
2019-03-06,57.89744186401367,0.0,57.97046981470819,56.860430477795205,57.58341666151929,0.0,18633600
2019-03-07,58.54008483886719,0.0,58.61311276914875,57.92663796681943,58.09460722097356,0.0,16541700
2019-03-08,57.70025634765625,0.0,57.92664462906859,57.145233984669176,57.61261947823474,0.0,16211300
2019-03-11,58.262577056884766,0.0,58.635026783833304,58.16764129465945,58.40863850454817,0.0,11060900
2019-03-12,58.42323684692383,0.0,58.8468066512658,58.34290445052539,58.503569243322275,0.0,11320000
2019-03-13,58.94175338745117,0.0,58.97827014595397,58.569303623087926,58.8541165100495,0.0,10260200
2019-03-14,58.74457931518555,0.0,59.087816798400944,58.678850262047895,59.00748438438563,0.0,9976700
2019-03-15,58.53278350830078,0.0,58.82490081674151,58.496266755367856,58.55469133139084,0.0,25316400
2019-03-18,59.21195983886719,0.0,59.336107896649,58.74457432701526,58.74457432701526,0.0,9840600
2019-03-19,59.058597564697266,0.0,59.8838238633528,58.89062829012908,59.57710317588875,0.0,13936500
2019-03-20,59.38722229003906,0.0,59.8253954687163,58.83219995882161,58.97095693454454,0.0,13133600
2019-03-21,59.73046875,0.0,59.803496695551765,59.007482617189886,59.014781511572494,0.0,10117000
2019-03-22,58.77378463745117,0.0,59.47486288160467,58.64233211844273,59.32150253804058,0.0,12497700
2019-03-25,58.36482620239258,0.0,58.74458045266829,58.123828955680146,58.423250790385055,0.0,11320400
2019-03-26,59.12432861328125,0.0,59.35071692517449,58.55470281453354,58.664247523140865,0.0,9472800
2019-03-27,58.67155075073242,0.0,59.379933604142074,58.29180204741449,59.13163744652569,0.0,7258700
2019-03-28,58.963661193847656,0.0,59.00017795233805,58.43785107296647,58.44515553899956,0.0,7412300
2019-03-29,59.00747299194336,0.0,59.504070741035896,58.77378026129241,59.394526054739536,0.0,10889200
2019-04-01,59.686649322509766,0.0,59.723160507139184,59.21195934892935,59.3215040461671,0.0,10816400
2019-04-02,59.431034088134766,0.0,59.847299416675334,59.233858120583506,59.701243557131725,0.0,7646000
2019-04-03,59.080501556396484,0.0,59.71585071468558,58.86871664640871,59.71585071468558,0.0,8562900
2019-04-04,59.920318603515625,0.0,59.94222642004613,58.98554238205774,59.241148432707135,0.0,9360600
2019-04-05,60.241668701171875,0.0,60.27088099312661,59.84731111729545,59.99337257706912,0.0,10059100
2019-04-08,60.614112854003906,0.0,60.76016872859678,60.31469106791171,60.37311564641865,0.0,9108200
2019-04-09,59.83269119262695,0.0,60.307381055043464,59.69393423717522,60.263559843405666,0.0,8561600
2019-04-10,59.562496185302734,0.0,59.94225039596887,59.45295705883634,59.82540123217166,0.0,10324300
2019-04-11,59.84729766845703,0.0,59.93493452462754,59.168127355238305,59.5478814936368,0.0,9115100
2019-04-12,59.09510803222656,0.0,60.47535668076126,58.846811927767206,60.47535668076126,0.0,16638700
2019-04-15,58.89794158935547,0.0,59.19735785630939,58.80300023970448,59.073209783954724,0.0,8536100
2019-04-16,59.29957962036133,0.0,59.40912429722507,58.92713551936781,59.014766803519834,0.0,7005700
2019-04-17,59.467559814453125,0.0,59.66473581176467,59.21195923583639,59.55519668641089,0.0,8311400
2019-04-18,59.24845504760742,0.0,59.75966164387637,59.20463940883445,59.56248012605141,0.0,9493900
2019-04-22,60.541080474853516,0.0,60.774773200060935,59.62091293174192,59.78888218970696,0.0,10770600
2019-04-23,60.891624450683594,0.0,60.97195685744197,60.380423291016484,60.75287303401667,0.0,10595100
2019-04-24,59.70854568481445,0.0,60.67252880642726,59.686637863907706,60.62140870042028,0.0,11684000
2019-04-25,60.04447937011719,0.0,60.49725586574881,59.44564144712555,59.62821405257024,0.0,11135000
2019-04-26,58.78107833862305,0.0,58.88331855863414,58.101907979021284,58.62041354384158,0.0,18053500
2019-04-29,58.40133285522461,0.0,58.70074906643385,58.17494458052925,58.510877545832635,0.0,10023700
2019-04-30,58.62771987915039,0.0,58.81029250237727,58.372119320967606,58.6934489207827,0.0,13721500
2019-05-01,57.451942443847656,0.0,58.61310703695954,57.415431268114524,58.37941433990864,0.0,13909800
2019-05-02,56.44415283203125,0.0,57.327803659325674,56.40763607873776,57.16713885951318,0.0,15360400
2019-05-03,56.57561492919922,0.0,57.116028425125,56.55370710218097,56.80930770351917,0.0,12180700
2019-05-06,56.32730484008789,0.0,56.71436348928599,56.02058416412659,56.17394450210724,0.0,13367100
2019-05-07,56.027889251708984,0.0,56.07900936493712,55.334109918842096,55.8672244467993,0.0,13498800
2019-05-08,56.11552047729492,0.0,56.4441545519272,55.80879979831104,55.896436665881204,0.0,11352900
2019-05-09,56.06439208984375,0.0,56.1447244803419,55.472858643151625,55.75767145612736,0.0,13221600
2019-05-10,56.55191421508789,0.87,56.72180881442531,55.52517533382993,56.27122491568169,0.0,11056000
2019-05-13,55.92406463623047,0.0,56.308171793751036,55.66553422378797,55.879746747108996,0.0,12176100
2019-05-14,55.99794006347656,0.0,56.72921918303946,55.96101036086335,56.23431157525834,0.0,10548400
2019-05-15,56.41157150268555,0.0,56.54453077623204,55.5547215985995,55.82064014569247,0.0,8918000
2019-05-16,56.40419387817383,0.0,56.840001468061196,56.30078171665682,56.43374101511299,0.0,8105200
2019-05-17,56.07179641723633,0.0,56.35987394752538,55.83541933029153,55.87974285186365,0.0,9279400
2019-05-20,56.06439971923828,0.0,56.40418327686529,55.89450512265523,56.17520005304991,0.0,7154300
2019-05-21,56.32292938232422,0.0,56.478047593538726,56.086557969682254,56.337700130066025,0.0,8489900
2019-05-22,55.81325149536133,0.0,56.300770706205725,55.68768041458227,56.1530350504018,0.0,7858300
2019-05-23,54.505828857421875,0.0,55.25187849693915,53.95183277210045,55.229713919673024,0.0,14657200
2019-05-24,54.73481369018555,0.0,54.84561403757142,54.24730005144337,54.7643608251911,0.0,7056400
2019-05-28,53.634212493896484,0.0,54.84561691498011,53.545571084229366,54.83822872195616,0.0,14912900
2019-05-29,53.301815032958984,0.0,53.50125115266365,52.90293715800981,53.10237327771447,0.0,13645200
2019-05-30,53.16147232055664,0.0,53.279655237331724,52.83645943722954,53.198402016499955,0.0,9362100
2019-05-31,52.27506637573242,0.0,52.851227018970704,52.171654227455164,52.585308456103625,0.0,13983300
2019-06-03,53.09498596191406,0.0,53.19101556252151,52.42280693536165,52.51144270756552,0.0,11831000
2019-06-04,54.35810089111328,0.0,54.40981260985732,53.30920284010221,53.51602717291674,0.0,10423000
2019-06-05,53.907508850097656,0.0,54.39502242009018,53.61204317724878,54.39502242009018,0.0,10617800
2019-06-06,54.889930725097656,0.0,55.11891960751122,54.35809357767724,54.446734980760525,0.0,11738900
2019-06-07,55.0893669128418,0.0,55.370056207632054,54.97856657905596,55.03766084181362,0.0,9095500
2019-06-10,55.3331413269043,0.0,55.64337783609095,54.99335204289159,55.539965666362065,0.0,7760400
2019-06-11,55.28142166137695,0.0,55.99792418833647,55.26665091162738,55.77632912885421,0.0,9415100
2019-06-12,54.68310546875,0.0,55.1115304562228,54.52059905036104,55.015506497874576,0.0,7920800
2019-06-13,55.16324234008789,0.0,55.525184905631384,54.94164163067098,55.17801309079696,0.0,8986400
2019-06-14,54.91948699951172,0.0,55.259270647903804,54.83085121721674,55.163246671904055,0.0,8575900
2019-06-17,55.46608352661133,0.0,55.539954177314364,54.69049241408422,54.77913381360421,0.0,9355700
2019-06-18,55.94621658325195,0.0,56.30077655849775,55.65813906891333,55.70984514493463,0.0,10091500
2019-06-19,55.635990142822266,0.0,56.027479879680236,55.525189778390235,55.69508442192477,0.0,9757400
2019-06-20,56.58885192871094,0.0,56.85477049118485,56.19736227716307,56.31554517407403,0.0,16229700
2019-06-21,57.38661575317383,0.0,57.438321834567596,56.78091352732968,56.98034965969413,0.0,23108100
2019-06-24,56.839996337890625,0.0,57.43831594471133,56.73658418570722,57.268421331530234,0.0,10011800
2019-06-25,56.33769226074219,0.0,57.03942384454788,56.27860364248953,56.936011718182954,0.0,9740000
2019-06-26,56.58147048950195,0.0,56.97296018777381,56.4854465220802,56.640564762779995,0.0,11365500
2019-06-27,56.00530242919922,0.0,56.692257699052284,55.96098455228572,56.574069179897926,0.0,8147800
2019-06-28,56.603633880615234,0.0,56.67750454578706,56.09396123128086,56.278626623129384,0.0,14781300
2019-07-01,56.55191421508789,0.0,57.56388234818307,56.35247811942491,56.972950981966775,0.0,11437900
2019-07-02,55.93143844604492,0.0,56.33769880811036,55.702455230416426,56.241674861194284,0.0,10475400
2019-07-03,56.46328353881836,0.0,56.50760142283612,55.86496392688017,56.00531140698932,0.0,5246100
2019-07-05,56.23429489135742,0.0,56.396801314158104,55.83541702690296,56.27861841110106,0.0,6880800
2019-07-08,56.492820739746094,0.0,56.655321497750606,56.07916656467104,56.24167295821424,0.0,7876100
2019-07-09,56.45590591430664,0.0,56.70704815147162,55.93884505217831,56.47067666656427,0.0,7863000
2019-07-10,57.25365447998047,0.0,57.34229025329219,56.68488196871021,56.72920549090608,0.0,8077400
2019-07-11,57.297977447509766,0.0,57.32752458641375,56.91387591283891,57.17979452743431,0.0,6404000
2019-07-12,57.34228515625,0.0,57.52695051495489,57.24626119851767,57.43092655722257,0.0,6139000
2019-07-15,56.936012268066406,0.0,57.42352577770398,56.79566482284216,57.34227258684133,0.0,7116400
2019-07-16,56.08657455444336,0.0,56.928648313202174,55.98316238305478,56.817847947988504,0.0,10197400
2019-07-17,55.75416564941406,0.0,56.10871996994941,55.65813605946711,55.946213558229324,0.0,7419300
2019-07-18,55.28142166137695,0.0,55.599046318620665,54.793908022084146,55.421769143926895,0.0,11424500
2019-07-19,55.39221954345703,0.0,55.58427309489211,55.059824151258205,55.32574271923308,0.0,11243100
2019-07-22,55.45130920410156,0.0,55.621203800014094,55.03027244571031,55.57688028534093,0.0,8368800
2019-07-23,55.67290496826172,0.0,55.968364983856176,55.21493292722862,55.51039857836163,0.0,8551200
2019-07-24,55.66553497314453,0.0,56.17521324706401,55.28881600391968,55.68769391800357,0.0,8260200
2019-07-25,55.347904205322266,0.0,55.975765328086396,55.25188024295968,55.975765328086396,0.0,9083900
2019-07-26,55.25925064086914,0.0,55.4586923499046,55.10413244247409,55.30357415150955,0.0,7677300
2019-07-29,55.6507682800293,0.0,55.68031542350164,55.17802525555462,55.31098458340946,0.0,7091900
2019-07-30,55.658138275146484,0.0,55.81325650099818,55.31835468963237,55.44392578167333,0.0,6961200
2019-07-31,54.92687225341797,0.0,55.88713450418259,54.85300722694537,55.42916232318803,0.0,13104600
2019-08-01,53.52340316772461,0.0,54.860378468376666,53.383055701498684,54.46888883684026,0.0,17132800
2019-08-02,52.998966217041016,0.0,54.11434673558789,52.57792935892655,53.634215600938674,0.0,21376700
2019-08-05,51.91312789916992,0.0,52.3858707954034,51.4182260602286,52.28245863907356,0.0,19080900
2019-08-06,52.41541290283203,0.0,52.452348227495264,51.913122919324415,51.920511111364924,0.0,12282400
2019-08-07,52.075626373291016,0.0,52.35631566395585,51.263099996702074,51.60288354925603,0.0,15231100
2019-08-08,53.46432113647461,0.0,53.48648571690161,52.16428086177753,52.33416986293502,0.0,14304100
2019-08-09,52.3267822265625,0.0,53.368297731644326,52.05348105599755,53.279656315613806,0.0,13686600
2019-08-12,52.0724983215332,0.87,52.46886136785847,51.848148016439474,52.39407222721687,0.0,9542600
2019-08-13,52.71565246582031,0.0,52.81287607809008,51.541534707386724,51.803279614245604,0.0,12403300
2019-08-14,50.59177780151367,0.0,51.66867205016732,50.59177780151367,51.65371764218545,0.0,18114400
2019-08-15,50.292640686035156,0.0,50.52447110726792,49.75419068326446,50.449687652574625,0.0,12874400
2019-08-16,51.07787322998047,0.0,51.19752559764018,50.30758722092511,50.688990197461706,0.0,12649000
2019-08-19,51.93788146972656,0.0,52.08745403276699,51.496655246379525,51.57891872964929,0.0,10032800
2019-08-20,51.623802185058594,0.0,51.825723775629804,51.38449172240451,51.825723775629804,0.0,9743500
2019-08-21,52.13980484008789,0.0,52.33424632608484,51.87805997755935,52.31928621644887,0.0,10134200
2019-08-22,52.02763748168945,0.0,52.31929691753416,51.788327029057605,52.28190804701712,0.0,8972000
2019-08-23,50.47211456298828,0.0,51.997720773925366,50.128106158406055,51.4667509077912,0.0,15371900
2019-08-26,50.74134063720703,0.0,51.04796017957193,50.502030189395136,50.94326221525492,0.0,7343900
2019-08-27,50.24777603149414,0.0,51.18258355876193,50.083248993797035,50.95074741218312,0.0,9490900
2019-08-28,50.61421585083008,0.0,50.838571925728274,50.225338454033476,50.50203781338098,0.0,9647400
2019-08-29,51.175106048583984,0.0,51.354587505182934,50.92083542159057,51.077888114928854,0.0,9004100
2019-08-30,51.212493896484375,0.0,51.66120033175816,50.89839425674203,51.30971181734993,0.0,9180800
2019-09-03,51.272308349609375,0.0,51.36205190335287,50.5768114985272,50.77125301216601,0.0,9849700
2019-09-04,51.81825256347656,0.0,52.05756306697695,51.66867993278103,51.97529954649752,0.0,6959200
2019-09-05,52.55112075805664,0.0,52.76052237039646,52.124848889183305,52.22954684254795,0.0,9901500
2019-09-06,53.04470443725586,0.0,53.05965884324248,52.43895114660813,52.61095249070303,0.0,10418500
2019-09-09,53.46349334716797,0.0,53.89724526998978,53.082096106462025,53.21670857542016,0.0,12840200
2019-09-10,53.89725112915039,0.0,54.48056998951128,53.56072277297638,53.9496001113466,0.0,13810800
2019-09-11,53.79256057739258,0.0,54.473097439721464,53.50838116425475,54.428228507544944,0.0,10525700
2019-09-12,53.8299446105957,0.0,53.96455708636144,52.87269716870004,53.08209879092181,0.0,9100700
2019-09-13,54.323524475097656,0.0,54.38335351507383,53.88977249368739,54.0393450936278,0.0,7337200
2019-09-16,55.1386833190918,0.0,56.22305764301154,55.04145969591316,56.11835966852047,0.0,19830200
2019-09-17,54.719879150390625,0.0,55.400421608544896,54.316041709114074,55.20598009112782,0.0,14452200
2019-09-18,54.458133697509766,0.0,54.57031171433726,54.091690834443504,54.33100127439038,0.0,7292200
2019-09-19,54.09169006347656,0.0,54.73483793146908,53.98699210409275,54.570310936548545,0.0,8050200
2019-09-20,53.90473556518555,0.0,54.218829483883326,53.74020854902625,54.211349427072925,0.0,19736600
2019-09-23,53.94211959838867,0.0,54.11412665592609,53.4410642436661,53.48593316927974,0.0,7495200
2019-09-24,53.20176315307617,0.0,53.74769323502361,52.962452665036274,53.702818595907814,0.0,13307100
2019-09-25,53.358802795410156,0.0,53.4485463557005,52.9624453889476,53.082103469334726,0.0,8035200
2019-09-26,53.07461929321289,0.0,53.35879865365712,52.8577433185538,53.26158075009719,0.0,8420200
2019-09-27,53.456031799316406,0.0,53.598118652081205,52.82035816801772,52.872707157059885,0.0,8224000
2019-09-30,52.805397033691406,0.0,53.43358482218802,52.78296257061812,53.276537875063866,0.0,9768900
2019-10-01,51.56397247314453,0.0,53.02975545667232,51.53406365811136,52.96992641538314,0.0,10279100
2019-10-02,50.21785354614258,0.0,51.294747767045024,50.113155576132776,51.05543730622099,0.0,14503700
2019-10-03,50.838565826416016,0.0,50.85352023366282,49.589658860883524,50.10567434787366,0.0,10788400
2019-10-04,51.57893371582031,0.0,51.65371716626379,50.718909771691465,50.93578577190563,0.0,10534800
2019-10-07,50.86848449707031,0.0,51.62381058563877,50.86848449707031,51.37702002616407,0.0,10993000
2019-10-08,49.881317138671875,0.0,50.79369001099273,49.83644821236468,50.50951063502852,0.0,9748700
2019-10-09,50.43473434448242,0.0,50.62917018980565,50.25524720256747,50.33003636450469,0.0,8580900
2019-10-10,51.04048156738281,0.0,51.122745071046545,50.38985359448183,50.4272481709149,0.0,7100100
2019-10-11,51.58641052246094,0.0,51.96780780737705,51.519101427374395,51.58641052246094,0.0,10101900
2019-10-14,51.73597717285156,0.0,51.87806971300792,51.29474514555027,51.30222520177196,0.0,6234600
2019-10-15,51.91545486450195,0.0,52.34920680451451,51.60884104870738,51.64622991591559,0.0,6645700
2019-10-16,51.025516510009766,0.0,51.99771253262646,51.01055640031452,51.75840212799357,0.0,9765800
2019-10-17,50.95821762084961,0.0,51.511621972459565,50.913348694008896,51.212488186039856,0.0,9757200
2019-10-18,50.56187057495117,0.0,50.96570811606588,50.56187057495117,50.756312140438794,0.0,13472700
2019-10-21,51.40693283081055,0.0,51.42936729808209,50.71891587495947,50.71891587495947,0.0,10199300
2019-10-22,51.668670654296875,0.0,52.16973174513247,51.33962233708102,51.4368402503657,0.0,9536000
2019-10-23,52.16224670410156,0.0,52.16972675998145,51.43683533524714,51.57144781303055,0.0,8641800
2019-10-24,51.668670654296875,0.0,52.38660774148578,51.616321669357205,52.31929864335682,0.0,9003600
2019-10-25,51.7883415222168,0.0,51.96034863268804,51.52659653290217,51.52659653290217,0.0,7607200
2019-10-28,51.3321418762207,0.0,52.10242223667151,51.28727294822905,51.94537528308933,0.0,11209600
2019-10-29,51.18257141113281,0.0,51.623797720588996,51.032998818901994,51.212485929578975,0.0,13894400
2019-10-30,50.644126892089844,0.0,51.130227883868905,50.3075928028836,51.130227883868905,0.0,12840600
2019-10-31,50.53193664550781,0.0,50.644114648122525,50.21036274767108,50.4496731572977,0.0,16169100
2019-11-01,52.05007553100586,0.0,52.057555587869096,51.08535359766802,51.145182641350594,0.0,14108700
2019-11-04,53.59811782836914,0.0,53.74769044162799,52.30434753094793,52.40156545035733,0.0,15858200
2019-11-05,54.66004943847656,0.0,54.68248960627957,53.73272219900164,53.87481473369935,0.0,14930400
2019-11-06,53.46349334716797,0.0,54.49552417771715,53.246617385757055,54.39082622470644,0.0,13996500
2019-11-07,54.60023880004883,0.0,54.615193209782824,53.84491273220617,53.86734719961329,0.0,13073800
2019-11-08,53.563316345214844,0.87,54.34289189591882,53.4800665343597,54.19908574418568,0.0,12106000
2019-11-11,53.237876892089844,0.0,53.44223365873742,52.9578405610545,53.139486529080294,0.0,8674000
2019-11-12,52.50371551513672,0.0,53.29085563395443,52.208538692382625,53.1848892449259,0.0,13918600
2019-11-13,52.07229995727539,0.0,52.337201479377235,51.92092353434569,52.23880536086791,0.0,11773700
2019-11-14,51.84524917602539,0.0,52.20097662712597,51.6030526225303,52.11772102051003,0.0,11279800
2019-11-15,52.36748123168945,0.0,52.45073682779871,51.973908272914706,52.004183560083575,0.0,11252800
2019-11-18,51.86037063598633,0.0,52.08743237297288,51.69386523987202,51.99660652329429,0.0,10095600
2019-11-19,51.33056640625,0.0,51.8906446966898,51.300291123737075,51.76954934105781,0.0,12605500
2019-11-20,51.48950958251953,0.0,51.8755122335814,50.95213628662789,51.21703780228997,0.0,16930700
2019-11-21,52.730770111083984,0.0,52.79132068195641,51.40625668895604,51.48194201533644,0.0,14080900
2019-11-22,52.50371551513672,0.0,53.116774181715144,52.47344022890291,52.761046786493445,0.0,12143600
2019-11-25,52.155555725097656,0.0,52.556693142001485,52.00417930164896,52.50371283739947,0.0,10670000
2019-11-26,52.02688980102539,0.0,52.25395157290248,51.79983380356902,52.1631257092675,0.0,15457000
2019-11-27,51.99660873413086,0.0,52.29178554011205,51.77712302664338,52.0420245481111,0.0,8393900
2019-11-29,51.56520080566406,0.0,51.86794790438765,51.46681045270766,51.71657724223616,0.0,7980800
2019-12-02,51.78468704223633,0.0,52.13284414931944,51.74684726775644,51.84523761070818,0.0,11116900
2019-12-03,51.37596893310547,0.0,51.656010924601055,51.10349720473648,51.46679476736808,0.0,12245800
2019-12-04,51.958763122558594,0.0,52.04201870201316,51.572760506398296,51.656016085852855,0.0,11049700
2019-12-05,51.77711868286133,0.0,52.20096108165191,51.62574227299354,52.1404105177048,0.0,13109000
2019-12-06,52.609676361083984,0.0,52.88214816396596,52.042027734149954,52.042027734149954,0.0,13710800
2019-12-09,52.72321701049805,0.0,52.9578433052904,52.23881811329272,52.284233938468496,0.0,12397700
2019-12-10,52.269081115722656,0.0,53.09406674845669,51.996609326417854,52.72320461417743,0.0,14281800
2019-12-11,52.19340515136719,0.0,52.79889940828529,51.973913627594904,52.02689394199365,0.0,13748400
2019-12-12,53.237876892089844,0.0,53.26815218249768,52.14799530951388,52.193405357915026,0.0,17068500
2019-12-13,52.39774703979492,0.0,53.38923797392139,52.3144914587471,53.34382793859332,0.0,12274500
2019-12-16,52.98054122924805,0.0,53.169757447923935,52.75347945706869,52.75347945706869,0.0,15208700
2019-12-17,52.73833465576172,0.0,53.26813765737948,52.458292626666825,52.965396384694834,0.0,14450700
2019-12-18,52.88214874267578,0.0,53.200030591376645,52.43559548190225,52.70049702248629,0.0,13652300
2019-12-19,52.51885223388672,0.0,53.018385813783496,52.40532134987194,52.97296999552521,0.0,13273200
2019-12-20,52.935123443603516,0.0,53.154614918100656,52.51884551362274,52.874572876620874,0.0,35092000
2019-12-23,53.20002365112305,0.0,53.20759391541515,52.62480482773798,52.874571579599625,0.0,14172500
2019-12-24,52.99567413330078,0.0,53.35897180120294,52.91242431246083,53.245440919082235,0.0,3979400
2019-12-26,53.07893753051758,0.0,53.358979644322034,52.98811743100799,53.12435335469375,0.0,8840200
2019-12-27,52.89728927612305,0.0,53.215171159542166,52.889719010016556,53.13191555563414,0.0,10516100
2019-12-30,52.58696365356445,0.0,53.31355309690795,52.52641308968093,53.048645823522435,0.0,12689400
2019-12-31,52.814029693603516,0.0,52.82917022467593,52.231246284570986,52.238810775686495,0.0,13151800
2020-01-02,53.661720275878906,0.0,53.75254036437547,53.16218669146507,53.16218669146507,0.0,12456400
2020-01-03,53.23030471801758,0.0,54.01744483175625,53.10163908316943,53.994734036412126,0.0,17386900
2020-01-06,53.63901138305664,0.0,54.00987352463706,53.15461836462745,53.22273342608456,0.0,20081900
2020-01-07,53.20002365112305,0.0,53.37409930890316,52.609670073573525,53.35896455473871,0.0,17387700
2020-01-08,52.39774703979492,0.0,53.20002179416171,52.35233123004731,53.06378591375796,0.0,15137700
2020-01-09,52.79889678955078,0.0,52.904857413092806,51.943635760991846,52.3296384749926,0.0,14811800
2020-01-10,52.32963180541992,0.0,52.95026071038824,52.31449705016613,52.927555690297474,0.0,11995600
2020-01-13,52.82917022705078,0.0,52.88215053696521,52.306931619022336,52.37504668558916,0.0,9953900
2020-01-14,52.37504196166992,0.0,52.662654281910775,52.14041572098516,52.511277856936594,0.0,16261000
2020-01-15,52.29179000854492,0.0,52.670222435670894,52.14041934746277,52.37504560446628,0.0,11390300
2020-01-16,52.087432861328125,0.0,52.662651699179236,52.07229810678305,52.4507304890288,0.0,13340300
2020-01-17,51.890647888183594,0.0,52.284220810638274,51.68629693667755,52.03445404535973,0.0,18144100
2020-01-21,51.148921966552734,0.0,51.784685594472826,51.09594166422606,51.75441031108331,0.0,17982600
2020-01-22,50.853759765625,0.0,51.23975674717059,50.70995357186006,51.133796112108485,0.0,17033100
2020-01-23,50.53585433959961,0.0,50.656955465384996,49.990916596823865,50.49044430463984,0.0,19605900
2020-01-24,50.19526290893555,0.0,50.46773464245675,49.98334173273439,50.36177405435617,0.0,18238600
2020-01-27,48.99941635131836,0.0,49.74871652046133,48.969141072062364,49.51408454983213,0.0,21231000
2020-01-28,48.93130874633789,0.0,49.347580906980575,48.91616821719745,49.27946584910848,0.0,19664700
2020-01-29,48.52259826660156,0.0,49.2945977498897,48.3636573663487,49.21891243182923,0.0,14202800
2020-01-30,49.03727722167969,0.0,49.10539229048224,48.00794050291017,48.27284206117713,0.0,18544700
2020-01-31,47.01643753051758,0.0,47.833852847576836,46.819653965601404,47.833852847576836,0.0,34282900
2020-02-03,45.96440124511719,0.0,46.48663694371248,45.691929441603044,46.45636454448553,0.0,27389300
2020-02-04,45.38918685913086,0.0,46.85750365722612,45.32863628409502,46.509346512401,0.0,31922100
2020-02-05,47.47813034057617,0.0,47.62950388370302,45.86600744761407,45.979538326761755,0.0,32099200
2020-02-06,46.83479309082031,0.0,47.69004820787776,46.759104880985596,47.629500527219975,0.0,16055400
2020-02-07,46.52449417114258,0.0,46.668297486992685,46.2141796253106,46.47908123008999,0.0,15112500
2020-02-10,46.03313064575195,0.87,46.46306087877595,45.77210209867669,46.43235094884707,0.0,20934500
2020-02-11,46.470733642578125,0.0,46.74711713526266,46.19435014989359,46.5091225166309,0.0,14908700
2020-02-12,47.038848876953125,0.0,47.238457521697505,46.49376091567089,47.09258977856352,0.0,17862100
2020-02-13,46.777828216552734,0.0,47.154014590803286,46.493768699248854,46.87763401996328,0.0,16949400
2020-02-14,46.56287384033203,0.0,46.95441525676875,46.27881133783853,46.946739237437285,0.0,10855300
2020-02-18,45.97171401977539,0.0,46.3632553786578,45.6415895924984,46.179001655181416,0.0,18948500
2020-02-19,46.324867248535156,0.0,46.53983089202005,45.93332590809337,46.14828955157827,0.0,12804900
2020-02-20,45.956356048583984,0.0,46.478413112051506,45.848874228810075,46.24041556208074,0.0,14817200
2020-02-21,45.39591979980469,0.0,45.68765537444871,45.13489122919768,45.68765537444871,0.0,20315700
2020-02-24,43.2692985534668,0.0,44.37482960067919,43.2692985534668,44.23663785369515,0.0,32096600
2020-02-25,41.61100387573242,0.0,43.56871654441923,41.434426168929946,43.56871654441923,0.0,36414500
2020-02-26,40.69740295410156,0.0,42.086996569809706,40.6359860212528,41.87970893020726,0.0,29801000
2020-02-27,38.24834060668945,0.0,40.25979408219604,38.23298564230727,39.69935106121619,0.0,48141300
2020-02-28,39.49207305908203,0.0,39.49207305908203,36.85875606333968,37.44223313741348,0.0,62446700
2020-03-02,41.36532974243164,0.0,41.37300576059966,39.25407037835186,40.37495646513033,0.0,38127600
2020-03-03,39.38459014892578,0.0,41.57262472471427,39.13891652288549,41.419077976273925,0.0,50580700
2020-03-04,40.244441986083984,0.0,40.29050688251365,39.2463926593896,40.09857420704703,0.0,24079600
2020-03-05,38.47099304199219,0.0,38.92395435686981,37.64952127362001,38.70898772916909,0.0,40788200
2020-03-06,36.61307907104492,0.0,37.626483444960904,36.236892636835435,37.495970620872846,0.0,55640500
2020-03-09,32.137210845947266,0.0,34.21776055211437,31.32341516668913,32.02205005774623,0.0,72896300
2020-03-10,33.327186584472656,0.0,35.51521771200924,31.822435250143638,35.4461218380523,0.0,60445900
2020-03-11,32.229331970214844,0.0,33.38092793216056,32.0527542741557,32.544101416000274,0.0,51986100
2020-03-12,28.544221878051758,0.0,31.208247804567744,28.406030145752627,30.63244989620789,0.0,65725300
2020-03-13,29.265888214111328,0.0,30.816704301357277,26.870569679820598,30.716898508236092,0.0,79891500
2020-03-16,26.479034423828125,0.0,29.08164115525371,25.527047020759188,26.40993854030973,0.0,48924700
2020-03-17,28.260164260864258,0.0,28.697770465792654,26.25638693900276,27.031793551468574,0.0,41204400
2020-03-18,25.427242279052734,0.0,28.183395860139036,23.976231592528002,26.52509751430213,0.0,54036400
2020-03-19,26.43297004699707,0.0,26.793804437899766,24.83608867579062,25.89555793443104,0.0,49412400
2020-03-20,25.1355037689209,0.0,27.008765575078435,24.229579867281338,26.74773702655434,0.0,76534600
2020-03-23,24.145130157470703,0.0,25.10479349498019,23.116370942514127,24.974277758175653,0.0,56952500
2020-03-24,27.2083797454834,0.0,27.768822903746567,25.588470143267752,26.4252939421311,0.0,61835600
2020-03-25,28.628679275512695,0.0,29.626728626611545,27.008766986378426,28.02984732192516,0.0,56607700
2020-03-26,29.803306579589844,0.0,30.371428606022974,28.191073224800654,28.789902254523444,0.0,46722000
2020-03-27,28.367647171020508,0.0,28.928090175664153,27.791849202442258,28.50583891777208,0.0,51558600
2020-03-30,28.78990364074707,0.0,29.288929808650863,27.530825656777402,27.814885219341182,0.0,45835000
2020-03-31,29.150737762451172,0.0,30.286978930669918,28.690097551339516,29.434797322340753,0.0,41491600
2020-04-01,28.812929153442383,0.0,29.711175499314294,27.899330772432737,28.298551045191374,0.0,36045900
2020-04-02,31.01632308959961,0.0,32.213981170511715,29.09699623822984,29.741890177436495,0.0,62000200
2020-04-03,30.10272216796875,0.0,32.38288344501298,29.57298900191199,31.82244034591108,0.0,48425700
2020-04-06,31.0700626373291,0.0,31.346446160326817,30.11807527241033,30.61710140322956,0.0,41301900
2020-04-07,31.661205291748047,0.0,33.25808311720912,31.599785449516062,32.935637731469015,0.0,48921800
2020-04-08,33.66499328613281,0.0,33.8108640076122,31.83779615168784,32.2063065719623,0.0,33355600
2020-04-09,33.11221694946289,0.0,35.86069058870674,32.04507203386293,34.90102747343204,0.0,60107300
2020-04-13,32.82815933227539,0.0,34.3098796320104,32.221654381010566,34.12562592713445,0.0,29651900
2020-04-14,32.5748176574707,0.0,33.588222066086054,32.175597295188815,33.012423973524584,0.0,30769000
2020-04-15,31.077743530273438,0.0,31.523028815758668,30.233240791908564,31.476963911813776,0.0,33125000
2020-04-16,30.05665397644043,0.0,31.077734145251732,29.887752308309018,31.077734145251732,0.0,30934000
2020-04-17,33.18132400512695,0.0,33.25809590878532,30.609424231326106,30.61710317888818,0.0,40829100
2020-04-20,31.615150451660156,0.0,32.812811397650805,31.123803272379956,31.285026016457483,0.0,39260800
2020-04-21,31.446252822875977,0.0,32.344499380572756,30.425172383151217,31.01632544979632,0.0,44381600
2020-04-22,32.34450149536133,0.0,32.95868558896145,32.13721381464739,32.70533300297972,0.0,27074200
2020-04-23,33.35789489746094,0.0,34.28684821339023,32.86654778585073,33.11222134165583,0.0,35271000
2020-04-24,33.57286071777344,0.0,34.463428147855176,33.112223502740115,34.0872417722653,0.0,28653800
2020-04-27,33.73408508300781,0.0,34.025823561935326,32.421266320824195,33.46538051600887,0.0,28274400
2020-04-28,34.52484893798828,0.0,34.847294411491916,33.86460009758362,34.06420878184872,0.0,26545100
2020-04-29,36.43650436401367,0.0,36.5439862112595,35.43845487416722,35.51522678543976,0.0,29502500
2020-04-30,35.67645263671875,0.0,36.60540623890694,35.139040469543026,36.60540623890694,0.0,37076300
2020-05-01,33.119903564453125,0.0,35.6150284626306,33.01242172973267,35.03155439043657,0.0,35399300
2020-05-04,34.45576095581055,0.0,34.501822931916585,32.41359703638858,32.63623675444283,0.0,27465600
2020-05-05,34.4173698425293,0.0,36.198504892048916,34.28685409624313,35.51522208602897,0.0,29276200
2020-05-06,33.77247619628906,0.0,34.755170596281395,33.70338031324833,34.49414203020089,0.0,22659000
2020-05-07,33.964412689208984,0.0,34.75517449486344,33.75712501683477,34.51717688687957,0.0,22160300
2020-05-08,35.45380401611328,0.0,35.48451394704008,34.53252658893073,34.78587912608652,0.0,19977400
2020-05-11,35.11600112915039,0.0,35.46915652436225,34.93942050288446,35.40006064889384,0.0,22258000
2020-05-12,34.5290412902832,0.87,35.74209634359357,34.5290412902832,35.54644220643238,0.0,25439100
2020-05-13,32.81511306762695,0.0,34.33338814091948,32.55684816613,34.23165013618913,0.0,30827900
2020-05-14,33.104679107666016,0.0,33.30033324303691,31.461185564728588,32.14206111989464,0.0,24856500
2020-05-15,32.8698844909668,0.0,33.66032563774934,32.7524908521785,33.167279519904696,0.0,22445600
2020-05-18,35.483829498291016,0.0,35.671658757429945,34.48208141073618,34.748171119673536,0.0,32026100
2020-05-19,34.38816833496094,0.0,36.493408655116646,34.38034348346579,35.64818139227828,0.0,21771600
2020-05-20,35.50731658935547,0.0,35.67166835486253,34.88122386618397,34.92035410161114,0.0,19352400
2020-05-21,34.87339401245117,0.0,35.836011996059504,34.74034764854286,35.56209441645776,0.0,19130700
2020-05-22,34.904693603515625,0.0,34.95947651794995,34.00468644820528,34.47425513919807,0.0,15406400
2020-05-26,35.9299201965332,0.0,36.2351401266865,35.5855700419529,35.796876836392435,0.0,20356500
2020-05-27,36.18819046020508,0.0,36.89254356149739,35.53861729294213,36.51688797705245,0.0,20788300
2020-05-28,35.24905014038086,0.0,36.360364208741515,35.16296184218063,36.336886667576074,0.0,19698000
2020-05-29,35.5855712890625,0.0,35.75774487966416,34.72469139427475,35.07686939734952,0.0,25874700
2020-06-01,36.2194938659668,0.0,36.3525402351577,35.061221701844744,35.46818267606795,0.0,19031000
2020-06-02,37.02558135986328,0.0,37.135147173460695,36.58731512002911,36.67340339798265,0.0,22319000
2020-06-03,38.53602981567383,0.0,38.66124831039765,37.5264540226505,37.56558424248087,0.0,23418000
2020-06-04,38.42647171020508,0.0,38.46560492636614,37.69081322223379,38.254298097966405,0.0,18731400
2020-06-05,41.54128646850586,0.0,41.830853746053954,40.383011387423274,40.42214460192432,0.0,41328900
2020-06-08,42.840415954589844,0.0,43.32563720630554,41.83866509839223,42.824763270928806,0.0,33579400
2020-06-09,41.88563919067383,0.0,42.237817244313504,41.04823969948909,41.38476506347308,0.0,27276900
2020-06-10,39.639530181884766,0.0,41.8699861962943,39.600396965307716,41.8699861962943,0.0,31156800
2020-06-11,36.1412353515625,0.0,38.222995418369315,36.078624589639674,37.197766582723894,0.0,39183000
2020-06-12,36.916011810302734,0.0,38.05080611531633,35.92991652252924,37.59689018457756,0.0,30978100
2020-06-15,36.89253616333008,0.0,37.3777574894213,35.022083468069674,35.49165210810059,0.0,27929300
2020-06-16,37.72211456298828,0.0,38.93516949799772,36.97080346606636,38.79429829414424,0.0,26203400
2020-06-17,36.493404388427734,0.0,37.667329014821796,36.469923865797455,37.56558804460979,0.0,19279400
2020-06-18,36.720367431640625,0.0,37.04124308612731,35.82036018210742,36.08644993097924,0.0,21478700
2020-06-19,35.98470687866211,0.0,37.7690715714312,35.98470687866211,37.73776917987627,0.0,48899900
2020-06-22,36.32905197143555,0.0,36.34470465773908,35.53078586806807,35.75774235585763,0.0,17565400
2020-06-23,36.548194885253906,0.0,36.95515586513145,36.39167097215557,36.704718798352246,0.0,18916600
2020-06-24,34.826438903808594,0.0,35.96905842998844,34.6307847526636,35.92992819684853,0.0,27626900
2020-06-25,35.35078048706055,0.0,35.40556638032452,34.192508601751584,34.47425097650544,0.0,19353600
2020-06-26,34.137725830078125,0.0,35.17077921799917,34.043812699933824,35.12382414564931,0.0,31518600
2020-06-29,34.68556594848633,0.0,34.88904792739127,34.075125982662044,34.28643281362705,0.0,17052100
2020-06-30,34.99860763549805,0.0,35.19426174260983,33.777724932360414,33.989031726294506,0.0,22153600
2020-07-01,34.208160400390625,0.0,35.51513127483545,34.176855029464456,34.81860319167293,0.0,17290100
2020-07-02,34.49773406982422,0.0,35.366435809483896,34.38034040977694,34.920344678015894,0.0,18216600
2020-07-06,34.7403450012207,0.0,35.28035228204368,34.30990653515604,34.959476659847454,0.0,22692000
2020-07-07,33.84033966064453,0.0,34.43512690263974,33.73859867705301,34.356866444766325,0.0,17407600
2020-07-08,33.76207733154297,0.0,34.38034511966037,33.52729296472927,33.76990516885571,0.0,18291400
2020-07-09,32.369022369384766,0.0,33.73077355274769,32.31423944737852,33.57425262441289,0.0,25882000
2020-07-10,33.37860107421875,0.0,33.42555616219249,32.165542887173835,32.181195578313606,0.0,18951000
2020-07-13,33.38642501831055,0.0,33.87947432673339,33.04989963157938,33.636862098839025,0.0,20028300
2020-07-14,34.489906311035156,0.0,34.583819448016996,33.07336947827035,33.2846762755631,0.0,21444100
2020-07-15,34.92816925048828,0.0,35.28817206234143,34.599468824337286,35.24121400562143,0.0,17332400
2020-07-16,34.65424346923828,0.0,35.06903207443102,34.27076321317253,34.67772398472257,0.0,14673700
2020-07-17,34.05946350097656,0.0,34.975123186460166,33.95772254077469,34.69338381161904,0.0,17958900
2020-07-20,33.26120376586914,0.0,34.05164517706212,33.245551076431774,33.81686080639209,0.0,18553900
2020-07-21,34.94382095336914,0.0,35.36643151018643,33.73859106711657,33.76989643738287,0.0,28821800
2020-07-22,34.129905700683594,0.0,34.55251932295574,33.94207642896986,34.55251932295574,0.0,21345400
2020-07-23,34.20034408569336,0.0,34.29425723646509,33.668164588911495,33.96555971604142,0.0,17934400
2020-07-24,33.989036560058594,0.0,34.763825262559074,33.80120727692338,34.341214600033894,0.0,16415300
2020-07-27,34.489906311035156,0.0,34.50555899810626,33.629029420237856,33.83250838127265,0.0,18547900
2020-07-28,34.082942962646484,0.0,34.63077502912265,34.0125073685932,34.36468533885964,0.0,19190500
2020-07-29,34.4586067199707,0.0,34.50556478906485,33.9186023598919,34.20816965569254,0.0,14143200
2020-07-30,32.768150329589844,0.0,33.79337896649052,32.73684794014198,33.754248740597035,0.0,29901100
2020-07-31,32.9325065612793,0.0,33.002939186258104,32.01684362576622,32.21249776745031,0.0,32116200
2020-08-03,33.065547943115234,0.0,33.26120207295615,32.455108013354,32.909024042153476,0.0,23033600
2020-08-04,34.020347595214844,0.0,34.122085612778925,33.05772944951059,33.13598992232075,0.0,17724000
2020-08-05,34.31772994995117,0.0,34.677735783913164,34.067292926161414,34.55251727201828,0.0,17175100
2020-08-06,34.15338134765625,0.0,34.35686329619154,33.84816141029815,33.96555507179503,0.0,14434900
2020-08-07,33.99686050415039,0.0,34.05947125867216,33.50381424679439,33.83251175169839,0.0,18757900
2020-08-10,34.834259033203125,0.0,34.90469463748302,34.12207813901529,34.427301081191516,0.0,24367800
2020-08-11,35.19426727294922,0.0,36.329058884160084,35.00643798701119,35.609053089862286,0.0,28987500
2020-08-12,35.18628692626953,0.87,35.864633265435074,34.819181920235046,35.48156677509363,0.0,22503200
2020-08-13,34.324378967285156,0.0,35.01070744935405,34.252553822781636,34.71542765276905,0.0,17338700
2020-08-14,34.47601318359375,0.0,34.53985606826717,33.84554833410844,33.99717784900658,0.0,13595700
2020-08-17,34.02910232543945,0.0,34.45207096876054,33.89343428676725,34.45207096876054,0.0,15554600
2020-08-18,33.861515045166016,0.0,34.468036242757385,33.749787696478805,33.989203878571665,0.0,13014000
2020-08-19,33.48642349243164,0.0,34.045063208929875,33.414598342534134,33.797664793873665,0.0,14473100
2020-08-20,32.97566604614258,0.0,33.43055761733687,32.959704564514894,33.27094584540138,0.0,15678500
2020-08-21,32.728275299072266,0.0,32.99163524098879,32.48885910736582,32.95971227027005,0.0,25517700
2020-08-24,33.69392776489258,0.0,33.92536170816318,32.792123566349446,32.94375312150498,0.0,18208900
2020-08-25,32.62452697753906,0.0,33.57421242973887,32.48087666788306,33.247009623153915,0.0,31285600
2020-08-26,31.930213928222656,0.0,32.5926017597195,31.92223470905567,32.432989977305915,0.0,26795000
2020-08-27,31.71474266052246,0.0,32.1616520141007,31.371578381543948,31.92223585406355,0.0,32034300
2020-08-28,32.472896575927734,0.0,32.65644908513447,31.73070427450723,31.79455021388798,0.0,33477100
2020-08-31,31.87435531616211,0.0,32.49684106186445,31.84243539009026,32.43299512103671,0.0,25259600
2020-09-01,31.46734046936035,0.0,31.722718082071232,31.1640784126382,31.722718082071232,0.0,22464100
2020-09-02,31.27581214904785,0.0,31.698783880334712,31.084280422422246,31.307735118266088,0.0,26413400
2020-09-03,31.21196746826172,0.0,31.946177452200743,31.028414972276963,31.283792622720252,0.0,28817200
2020-09-04,31.188020706176758,0.0,31.754639567752747,30.844856484244,31.491279704452246,0.0,24632500
2020-09-08,30.469770431518555,0.0,30.868798328165635,29.807382661800595,30.525634093501843,0.0,38496400
2020-09-09,30.28622055053711,0.0,30.996489780124556,30.262276804541667,30.605441068508423,0.0,25886100
2020-09-10,29.52806854248047,0.0,30.62140428204313,29.448264169561792,30.54159990912445,0.0,34381200
2020-09-11,29.448266983032227,0.0,29.775469814206275,29.121064151858178,29.631819493755035,0.0,26838600
2020-09-14,29.25672721862793,0.0,29.53604554723997,29.121059185971067,29.456241180305515,0.0,26129900
2020-09-15,28.945486068725586,0.0,29.831328550051794,28.897601621723112,29.368454695385626,0.0,23724200
2020-09-16,30.174497604370117,0.0,30.445836758485992,28.945490668413402,29.097120208170935,0.0,30890900
2020-09-17,30.16651153564453,0.0,30.31016183702287,29.50412674092581,29.807385782198683,0.0,24696200
2020-09-18,29.6796932220459,0.0,30.182469213486584,29.288647596524065,29.951032307737883,0.0,46853800
2020-09-21,29.07317352294922,0.0,29.296628176490778,28.47463166295604,29.073173522949215,0.0,35351800
2020-09-22,28.354923248291016,0.0,29.40037750303382,28.307041845885735,29.097115428987408,0.0,27303200
2020-09-23,27.44513511657715,0.0,28.562414317597614,27.4132121578415,28.45068700636375,0.0,31251400
2020-09-24,27.389278411865234,0.0,27.78830636430423,26.942366009170556,27.45312434553948,0.0,26796000
2020-09-25,27.644651412963867,0.0,27.884067535331702,27.03813036667593,27.13389620675483,0.0,23486000
2020-09-28,28.179351806640625,0.0,28.65020485730977,28.01175777248689,28.0436807355963,0.0,23396500
2020-09-29,27.357357025146484,0.0,28.019744925737715,27.12592311306428,27.93195828403605,0.0,20770500
2020-09-30,27.397260665893555,0.0,27.868110727034246,27.237648876107016,27.644656047938096,0.0,22223700
2020-10-01,26.439592361450195,0.0,27.213704500889314,26.28795979469799,26.966309124553163,0.0,36890200
2020-10-02,26.319883346557617,0.0,26.615163178599047,25.705379935204277,25.737302902003805,0.0,32694300
2020-10-05,26.926406860351562,0.0,26.93438607967968,26.471512205767144,26.59122180608014,0.0,22965200
2020-10-06,26.647085189819336,0.0,27.46908176720899,26.5832423028514,27.22966561348149,0.0,26731800
2020-10-07,26.7348690032959,0.0,26.926403732680406,26.503432093222482,26.846596326961343,0.0,23779300
2020-10-08,28.13944435119629,0.0,28.203290272356824,26.942360728506003,27.038129610246806,0.0,34413700
2020-10-09,27.72446632385254,0.0,28.690113337339817,27.652641163259318,28.47463785556016,0.0,29228600
2020-10-12,27.636674880981445,0.0,27.716479248080454,27.31745132390249,27.564849732855755,0.0,17912800
2020-10-13,27.309473037719727,0.0,27.828207530264255,27.213704140720054,27.716480194772867,0.0,20995100
2020-10-14,27.253610610961914,0.0,27.79628887463789,27.157841709601417,27.181785457112394,0.0,17743000
2020-10-15,27.49302864074707,0.0,27.501007860897552,26.55132235721084,26.89448666617787,0.0,23251600
2020-10-16,27.213706970214844,0.0,27.644657918496012,27.038136729477312,27.429182444355426,0.0,22627200
2020-10-19,26.6710262298584,0.0,27.42917992988726,26.647085527484748,27.213704475499586,0.0,23645800
2020-10-20,26.89447784423828,0.0,27.078030290909513,26.599198086057687,26.86255488542392,0.0,23040600
2020-10-21,26.463529586791992,0.0,26.830634515557225,26.447568105844653,26.74284789251745,0.0,28619300
2020-10-22,27.82023048400879,0.0,27.900034860067002,26.35180743640833,26.47949626470655,0.0,31831500
2020-10-23,27.261592864990234,0.0,27.995805968768906,27.022176673623598,27.908019321587997,0.0,27429100
2020-10-26,26.615161895751953,0.0,26.950346942307753,26.295941376168102,26.82265812560591,0.0,30888700
2020-10-27,26.19219398498535,0.0,26.495456074660066,26.096428130898143,26.455553889152196,0.0,27100700
2020-10-28,25.194622039794922,0.0,25.841048351136564,25.154719857590432,25.61759065097697,0.0,42136400
2020-10-29,26.31190299987793,0.0,26.439591817264418,24.827518595046524,25.0669347471035,0.0,38622800
2020-10-30,26.032583236694336,0.0,26.447572680075957,25.545768638797785,25.86499222427341,0.0,47885700
2020-11-02,27.125917434692383,0.0,27.501001582979182,25.992676638479352,26.44756819176212,0.0,40130300
2020-11-03,26.66304588317871,0.0,27.52494766428748,26.439591218894872,27.52494766428748,0.0,36773000
2020-11-04,26.519399642944336,0.0,27.245630457298297,25.9607598524393,26.551322612537067,0.0,35410100
2020-11-05,26.47150993347168,0.0,27.070051794975047,26.447569233200774,26.631121705407512,0.0,30824100
2020-11-06,26.16027069091797,0.0,26.862560715551254,26.032581872288425,26.41564832817706,0.0,33985600
2020-11-09,29.472198486328125,0.0,30.33409709558607,28.777890850489634,29.065188357348266,0.0,76879400
2020-11-10,30.126052856445312,0.87,30.59191939605708,29.40681904600629,30.281340663718964,0.0,49055400
2020-11-11,29.81547737121582,0.0,30.338555429305213,29.578456651834326,30.31403711964201,0.0,34124500
2020-11-12,28.79383659362793,0.0,29.66018648656424,28.499604436865,29.308742867963055,0.0,30933700
2020-11-13,29.488555908203125,0.0,29.627497156951105,28.916438098165823,28.932784677628746,0.0,29241500
2020-11-16,31.188549041748047,0.0,31.196720769806756,30.32219933138637,30.7226825976471,0.0,38596800
2020-11-17,31.60538101196289,0.0,31.63807416520654,30.551053321076058,30.902496923968567,0.0,26521100
2020-11-18,30.412107467651367,0.0,31.981344449680964,30.40393573864182,31.89143984162321,0.0,31068000
2020-11-19,30.567398071289062,0.0,30.649127831724122,29.88085748314682,30.126049882242512,0.0,26954400
2020-11-20,30.191442489624023,0.0,30.575579342695033,30.06067296144113,30.526539600454644,0.0,18351000
2020-11-23,32.1693229675293,0.0,32.22653441965099,30.469316625083945,30.649125827632286,0.0,29367600
2020-11-24,34.31067657470703,0.0,34.39240945288215,32.872212214520516,33.109229766752094,0.0,46979300
2020-11-25,33.35442352294922,0.0,34.09000068095647,33.22365404256191,34.05730753141206,0.0,28178200
2020-11-27,32.84769821166992,0.0,33.46068090638393,32.58615917801524,33.264528190038526,0.0,14971900
2020-11-30,31.164026260375977,0.0,32.594318534908915,31.033256805701697,32.52893224867691,0.0,45614300
2020-12-01,31.466434478759766,0.0,32.40634221030632,31.441916176858783,31.842396324262317,0.0,32472900
2020-12-02,32.643367767333984,0.0,33.035676283210954,31.33567271441075,31.3765376002288,0.0,29369500
2020-12-03,32.86404037475586,0.0,33.215483988588495,32.47173187699192,32.74961745263189,0.0,27038900
2020-12-04,34.065486907958984,0.0,34.13087009795258,33.22365846087535,33.32173480476112,0.0,28723600
2020-12-07,33.42798614501953,0.0,33.95106413846293,33.24000206819696,33.852984676349216,0.0,24899400
2020-12-08,34.5231819152832,0.0,34.80923921907147,33.05202115925561,33.12557919705699,0.0,32573800
2020-12-09,34.98087692260742,0.0,35.740975679459076,34.63760812546981,34.90731887782207,0.0,37824800
2020-12-10,35.969818115234375,0.0,36.34578315151403,34.94818043382497,35.30779889306718,0.0,38058700
2020-12-11,35.798187255859375,0.0,35.90443845816335,35.31597409806882,35.71645748042006,0.0,25478800
2020-12-14,34.506839752197266,0.0,36.33761296620789,34.47414659392785,36.239536609190836,0.0,30595000
2020-12-15,35.17703628540039,0.0,35.32415238976523,34.37607256040924,34.68664823158712,0.0,27138400
2020-12-16,35.716453552246094,0.0,36.05155058315831,35.111642680023905,35.75731843547134,0.0,34273000
2020-12-17,35.53664016723633,0.0,35.99433491206883,35.47125698528333,35.96164176219714,0.0,21204600
2020-12-18,34.92365264892578,0.0,35.78182744484389,34.67028545029513,35.36500075578307,0.0,46596800
2020-12-21,34.28616714477539,0.0,34.39241835500984,33.125584916607856,33.599626379352834,0.0,27869500
2020-12-22,33.70586395263672,0.0,34.245288398811006,33.69768910711541,33.98374946235014,0.0,21792900
2020-12-23,34.1390495300293,0.0,34.64578101224658,33.88568223002507,33.92654711898287,0.0,19085900
2020-12-24,34.000091552734375,0.0,34.2044190335027,33.82028548975539,34.04095954311998,0.0,8039000
2020-12-28,34.114524841308594,0.0,34.77654402489433,33.9347156221665,34.07365684220132,0.0,23877500
2020-12-29,33.73038864135742,0.0,34.42510098830802,33.67317718303399,34.3597178007058,0.0,20287700
2020-12-30,34.000091552734375,0.0,34.670285440231304,33.73038089937094,33.779420617159715,0.0,23807300
2020-12-31,33.689517974853516,0.0,34.065479812937454,33.485190482270056,33.893845467436975,0.0,22786500
2021-01-04,33.91836929321289,0.0,34.531351870801075,33.50971424148744,33.877504411598466,0.0,27764700
2021-01-05,35.55298614501953,0.0,36.61548855568044,34.188079897600666,34.196251626036144,0.0,44035100
2021-01-06,36.460201263427734,0.0,36.860681435749036,35.71644925418354,36.29673863240685,0.0,36484800
2021-01-07,36.74626922607422,0.0,37.244828992811165,36.39482555830199,36.778962385353324,0.0,29528100
2021-01-08,37.1549186706543,0.0,37.44915082350022,36.738091865983094,36.94241940348268,0.0,28628200
2021-01-11,38.28280258178711,0.0,38.527994971404155,36.57462446528882,36.811645126294465,0.0,38246200
2021-01-12,39.132816314697266,0.0,39.36983392174439,38.3400243608958,38.789544382553586,0.0,36915100
2021-01-13,39.574161529541016,0.0,39.81118225462966,38.97752541030465,39.66406615752576,0.0,29000300
2021-01-14,41.118873596191406,0.0,41.74820276787779,39.63954114447739,39.63954114447739,0.0,35474800
2021-01-15,39.14098358154297,0.0,40.11358468020045,38.65059872616958,39.97464032991043,0.0,42411300
2021-01-19,39.91742706298828,0.0,40.407811896194794,39.5169437255634,39.598676609624974,0.0,24932600
2021-01-20,40.48136520385742,0.0,40.6530026814404,40.04002015264648,40.138096484272204,0.0,22342400
2021-01-21,39.320796966552734,0.0,40.366953097910965,38.96935330658872,40.317916477873055,0.0,29044500
2021-01-22,38.765018463134766,0.0,38.93665283662086,38.119342733021625,38.42174659837197,0.0,23264800
2021-01-25,38.33185577392578,0.0,38.454450452910194,37.72704475711163,38.33185577392578,0.0,26395800
2021-01-26,37.49001693725586,0.0,39.11646556093413,37.473670359584766,38.626077584174084,0.0,23976800
2021-01-27,37.06501007080078,0.0,38.135687374604935,36.394816069271606,36.77895279616899,0.0,32410300
2021-01-28,37.64530563354492,0.0,38.078479003869795,37.342898641251416,37.54722617333533,0.0,24967200
2021-01-29,36.6481819152832,0.0,37.6289545760555,36.37846810850993,37.22847128903194,0.0,38961100
2021-02-01,36.713565826416016,0.0,37.25299345068693,36.198662741450796,37.25299345068693,0.0,24412400
2021-02-02,37.29385757446289,0.0,38.40539971508044,37.007797193038776,37.44097362941465,0.0,31940400
2021-02-03,38.7568359375,0.0,38.96116342291775,37.12221605415798,37.2938535114293,0.0,28459300
2021-02-04,39.50059509277344,0.0,39.541459970556396,38.61789876726795,39.13280495714615,0.0,25280300
2021-02-05,40.82464599609375,0.0,40.96358723655767,40.08089382272717,40.195316754354174,0.0,34980100
2021-02-08,42.58184814453125,0.0,42.79435048246738,41.44578778628765,41.61742213153523,0.0,36998700
2021-02-09,42.0831413269043,0.87,42.35743231775938,41.36831757689176,42.116386509827244,0.0,28977000
2021-02-10,42.49042892456055,0.0,42.73978527287989,41.88366064771288,42.083147628811155,0.0,25723800
2021-02-11,41.4265022277832,0.0,42.33249929060869,40.5454398458078,42.29925093565015,0.0,26972200
2021-02-12,41.991703033447266,0.0,42.14962793125475,41.069081980904,41.0857061550001,0.0,19756700
2021-02-16,43.2551155090332,0.0,43.66239671240856,42.90601416397419,43.18861880683633,0.0,28060100
2021-02-17,43.928382873535156,0.0,44.277484263843235,43.0556341538715,43.51278794314887,0.0,25509700
2021-02-18,43.238487243652344,0.0,44.00318022216209,43.10549702257513,43.89512784741852,0.0,20627600
2021-02-19,43.52941131591797,0.0,43.68733941581651,43.15537525133936,43.3133033512379,0.0,22607200
2021-02-22,45.13361358642578,0.0,45.55752223593396,43.71227953493181,43.71227953493181,0.0,36435100
2021-02-23,45.756996154785156,0.0,45.93154524531911,44.66813958653658,45.69881312460717,0.0,33527900
2021-02-24,47.12846755981445,0.0,47.37782389352756,45.6073885339102,45.87336904596923,0.0,28728600
2021-02-25,46.34714889526367,0.0,47.585623280572705,46.00636115231092,47.36120161998364,0.0,29670900
2021-02-26,45.191795349121094,0.0,45.765318426829644,44.15280794253364,45.225043707108995,0.0,35291000
2021-03-01,46.87910842895508,0.0,47.88484737833972,46.65468679078255,46.937291464325256,0.0,36998300
2021-03-02,46.60480880737305,0.0,47.34456717403972,46.56324995421799,47.08690038203601,0.0,30302600
2021-03-03,46.978851318359375,0.0,48.175763576584785,46.44689031470364,46.89573042982711,0.0,35358900
2021-03-04,48.799156188964844,0.0,49.430862261664586,47.460939999660674,47.47756417744095,0.0,52137500
2021-03-05,50.6443977355957,0.0,50.74413962963444,49.13163246460143,49.730090170309104,0.0,51429800
2021-03-08,50.59452438354492,0.0,51.20960625675062,49.72177569068539,51.1846715763293,0.0,38154600
2021-03-09,49.813209533691406,0.0,51.02674599195091,49.43086295162133,50.378418903159236,0.0,35645900
2021-03-10,51.34259796142578,0.0,51.46727453781012,49.8963262119086,50.30361063786788,0.0,31579100
2021-03-11,50.96025466918945,0.0,51.99092838492149,50.91869263698038,51.35091177190404,0.0,24802600
2021-03-12,51.50883865356445,0.0,51.8413127081263,51.11817838944802,51.159737249926025,0.0,20422700
2021-03-15,50.195560455322266,0.0,51.41741069358952,49.763341301848556,51.109871300618266,0.0,31243600
2021-03-16,49.13164138793945,0.0,49.5887952536115,48.574742439375235,49.48905334145754,0.0,30624800
2021-03-17,49.347747802734375,0.0,49.646976700293244,48.72435532306609,48.78253836750942,0.0,25575500
2021-03-18,47.21989440917969,0.0,49.015264278094996,46.97884860247769,48.882274034869326,0.0,38622800
2021-03-19,46.95393371582031,0.0,47.768499695294146,46.38872415116682,47.13679339562785,0.0,84439400
2021-03-22,46.47182083129883,0.0,47.26145176253488,46.463510328559195,46.96222293210965,0.0,29315100
2021-03-23,45.8983039855957,0.0,46.787676860856045,45.258287428221294,45.66556867426289,0.0,33493300
2021-03-24,46.829246520996094,0.0,47.610564009464916,46.61313850784118,46.61313850784118,0.0,29781800
2021-03-25,46.69623947143555,0.0,46.96221993243817,45.299840465803186,45.88998441548168,0.0,31495900
2021-03-26,47.96796798706055,0.0,48.026151025939434,46.978853155381735,47.627180257596606,0.0,34226500
2021-03-29,47.710304260253906,0.0,48.059402516289595,47.161719021670656,47.66043172193251,0.0,21144400
2021-03-30,47.120155334472656,0.0,47.677054228606146,46.953919887376486,47.261459269389896,0.0,20303400
2021-03-31,46.405330657958984,0.0,47.07028190109614,46.38039280645921,46.83754658794491,0.0,23686500
2021-04-01,47.701988220214844,0.0,47.75186075606368,46.663000837231465,46.8126152740401,0.0,23194500
2021-04-05,46.96222686767578,0.0,47.64380229599012,46.662998012174334,47.6271781183803,0.0,23264800
2021-04-06,46.829246520996094,0.0,47.82667519335818,46.76274979649406,47.24484153691877,0.0,18926300
2021-04-07,47.03702163696289,0.0,47.18663602513012,46.74610653260262,46.87078307558409,0.0,22385000
2021-04-08,46.54663848876953,0.0,46.61313520856493,45.98142905346114,46.48845544431762,0.0,21999300
2021-04-09,46.43857955932617,0.0,46.91235755615695,46.15597486202905,46.54663513584099,0.0,20020700
2021-04-12,46.13103485107422,0.0,47.20327047615728,45.9731099272838,47.178332625541664,0.0,20238800
2021-04-13,46.30559539794922,0.0,46.53001708453923,45.790258471745275,45.96480761551363,0.0,19370600
2021-04-14,47.64380645751953,0.0,48.21732636683394,46.75443348750514,46.887423749262304,0.0,28051100
2021-04-15,47.3612060546875,0.0,47.72692851503776,47.19496741971438,47.72692851503776,0.0,23250300
2021-04-16,47.09521484375,0.0,47.943028836486846,46.91235206960945,47.67704834904833,0.0,22752000
2021-04-19,46.94560241699219,0.0,47.49418759197461,46.513383313863976,47.17002405731286,0.0,21123300
2021-04-20,45.956485748291016,0.0,46.937289986124924,45.53257716595834,46.937289986124924,0.0,21782100
2021-04-21,46.54663848876953,0.0,46.65469407306799,45.13361490049855,45.29985352924892,0.0,16625600
2021-04-22,45.93986511230469,0.0,46.538322841377315,45.73206764201422,46.538322841377315,0.0,21600100
2021-04-23,46.1892204284668,0.0,46.49675978993839,45.86505688924841,45.93986410374017,0.0,15337900
2021-04-26,46.28065490722656,0.0,46.78768126473637,46.08116793169857,46.10610578535076,0.0,16083800
2021-04-27,46.887413024902344,0.0,47.07027578201975,46.38870045006589,46.55493586118656,0.0,19278600
2021-04-28,48.30044174194336,0.0,48.591356915433195,47.203271415156564,47.303013307390565,0.0,24729800
2021-04-29,48.990333557128906,0.0,49.43917688236189,48.3336959191821,48.973709377964205,0.0,27318400
2021-04-30,47.57730484008789,0.0,48.94876608726441,47.510808135122105,48.48330183545355,0.0,30518400
2021-05-03,48.890586853027344,0.0,49.03189077668574,47.99290346142974,48.1923872503458,0.0,20509600
2021-05-04,49.19813919067383,0.0,49.455809254304974,48.63292968839412,49.04021421855451,0.0,23522200
2021-05-05,50.677650451660156,0.0,50.74414399649563,49.37268253054262,49.68022191322475,0.0,31526200
2021-05-06,51.15973663330078,0.0,51.23454384955467,49.896327631422785,50.586216755846166,0.0,26836800
2021-05-07,51.89118957519531,0.0,51.92443793464853,50.57790791343602,50.760770719690626,0.0,33610600
2021-05-10,52.015869140625,0.0,53.21277836902343,51.97430710609697,52.564454386571484,0.0,31956600
2021-05-11,50.36178970336914,0.0,51.85793069717629,50.19555111056003,51.22622784938658,0.0,34563800
2021-05-12,50.63165283203125,0.87,52.01466213375077,50.38709544608766,50.60635168446283,0.0,34426500
2021-05-13,50.00761413574219,0.0,50.97740896376178,49.543800476792136,49.7546251596721,0.0,24268200
2021-05-14,51.24726104736328,0.0,51.34002441665063,50.53889002917618,50.53889002917618,0.0,20735400
2021-05-17,52.44474411010742,0.0,52.49534318934829,50.96053983859638,51.05330320874004,0.0,25282500
2021-05-18,50.960533142089844,0.0,52.53750057652198,50.9352352142583,52.28451164742022,0.0,25170800
2021-05-19,49.737754821777344,0.0,50.47985854691342,49.26550641179455,49.83894976072755,0.0,28889800
2021-05-20,49.619693756103516,0.0,49.88111750129015,49.11371584205165,49.712457124296485,0.0,20692500
2021-05-21,49.68714904785156,0.0,50.4545538170043,49.62811840667499,50.10879832307201,0.0,20792700
2021-05-24,50.26903533935547,0.0,50.42926093208603,49.493198873083486,49.8220880638397,0.0,18400300
2021-05-25,49.130577087402344,0.0,50.210001528323765,49.012515793144296,50.176268810841755,0.0,25616100
2021-05-26,49.70402526855469,0.0,49.85581929511156,48.826997046917484,49.12215031137289,0.0,21698700
2021-05-27,49.38357162475586,0.0,50.344931600689165,48.92818956765193,49.948580193551024,0.0,33556000
2021-05-28,49.22334671020508,0.0,49.585965426917085,49.00409045255404,49.526934772282985,0.0,19246800
2021-06-01,50.98583984375,0.0,51.188232952017216,50.13410955192184,50.13410955192184,0.0,28474200
2021-06-02,51.390621185302734,0.0,51.70264401785306,50.7412808057626,51.23039559175226,0.0,22978300
2021-06-03,51.59300994873047,0.0,51.786968245749286,50.89307054837963,51.061730916156975,0.0,20272800
2021-06-04,51.82069778442383,0.0,52.031522426982974,51.255686069562366,51.82912935467754,0.0,20427800
2021-06-07,51.483375549316406,0.0,52.0568188174985,51.45807762237353,51.7195013295217,0.0,15477900
2021-06-08,52.39414978027344,0.0,52.68930304215514,51.16293121816722,51.86287069195709,0.0,28953400
2021-06-09,52.83266830444336,0.0,53.48200551510342,52.44474843215273,52.84953144865084,0.0,29133000
2021-06-10,52.916988372802734,0.0,53.95424528874015,52.49533906305929,53.642225700270096,0.0,27488700
2021-06-11,52.427879333496094,0.0,53.28804440498964,52.40258140157635,53.136250379612584,0.0,17631700
2021-06-14,52.34354782104492,0.0,52.942289100466766,51.92189848901335,52.53750612774795,0.0,16997200
2021-06-15,54.24940490722656,0.0,54.308435556687364,52.57967071212966,52.68930043981219,0.0,30717100
2021-06-16,54.055450439453125,0.0,54.64576344498476,53.60007154372423,54.240977200224236,0.0,24803200
2021-06-17,52.276084899902344,0.0,54.359030384702244,51.668908840499455,53.85305247981921,0.0,28491800
2021-06-18,50.93524169921875,0.0,51.90503325373532,50.80031403872387,51.441219621842244,0.0,39590700
2021-06-21,52.78206253051758,0.0,52.87482589654756,51.35688897285696,51.382186902890936,0.0,33145400
2021-06-22,53.79402542114258,0.0,53.97955216654674,52.47847827695987,53.00132257581882,0.0,25140400
2021-06-23,54.19036865234375,0.0,54.56141565320575,53.616925359530576,54.013276722279656,0.0,20701600
2021-06-24,54.409629821777344,0.0,54.44336254216813,53.810891727951926,54.09761341741505,0.0,19568400
2021-06-25,54.52769088745117,0.0,54.75537867990334,54.27469873240853,54.48552338365815,0.0,18438300
2021-06-28,53.13624954223633,0.0,54.44336188066943,52.916993296218784,54.44336188066943,0.0,20570000
2021-06-29,52.80736541748047,0.0,53.77716024091707,52.78206748507182,53.30491179540309,0.0,19579300
2021-06-30,53.19529342651367,0.0,53.32178632486493,52.664014246034824,52.87483896021677,0.0,17875500
2021-07-01,53.347068786621094,0.0,54.325295047991375,52.93385426816745,54.249401261153245,0.0,22530300
2021-07-02,53.27116775512695,0.0,53.39766382415088,52.63869384386465,53.136240116068144,0.0,14555300
2021-07-06,51.75323486328125,0.0,52.92541941802007,51.35688670356967,52.91698784735765,0.0,22110800
2021-07-07,50.943668365478516,0.0,52.124287693829565,50.27746169852429,51.59300867437871,0.0,21671400
2021-07-08,50.71598434448242,0.0,51.19666435599637,50.016048081916054,50.13410938763115,0.0,18935900
2021-07-09,51.63518524169922,0.0,51.820712007489405,50.800321229502636,51.18823790621882,0.0,20086000
2021-07-12,51.58457565307617,0.0,51.86286574510263,50.73284545222324,50.95210168057492,0.0,21809400
2021-07-13,51.340023040771484,0.0,51.87129887747709,51.02800022208893,51.44121797867792,0.0,17147300
2021-07-14,50.201560974121094,0.0,52.05681840245196,50.05820176668289,51.58457006273525,0.0,21573600
2021-07-15,49.71244812011719,0.0,50.3449220065896,49.560654130009524,49.897971605971016,0.0,15851100
2021-07-16,48.3378791809082,0.0,49.97387743157557,48.19451995210144,49.90641521123389,0.0,27049500
2021-07-19,46.67658615112305,0.0,47.39339204374167,46.04411206659873,46.92114356920221,0.0,37969100
2021-07-20,47.19099044799805,0.0,47.73070105517717,46.40672246665058,46.803073851204175,0.0,26756100
2021-07-21,48.708927154541016,0.0,49.16430918401038,47.924662393026836,47.94996032235437,0.0,20908700
2021-07-22,48.16078567504883,0.0,48.69206471711296,47.78130064500302,48.683629929262494,0.0,13493800
2021-07-23,48.10175323486328,0.0,48.31257788626055,47.62107328703183,48.31257788626055,0.0,14088200
2021-07-26,49.31611251831055,0.0,49.4594749844405,48.068030703616614,48.20295838042327,0.0,18387600
2021-07-27,48.76796340942383,0.0,48.91975420976178,48.245115920202096,48.91975420976178,0.0,16861400
2021-07-28,49.09685134887695,0.0,49.44260368723823,48.59087019866314,48.91132460543896,0.0,16855300
2021-07-29,49.695587158203125,0.0,50.03290788770911,49.383567574413874,49.75461780332734,0.0,18607800
2021-07-30,48.548702239990234,0.0,49.653424611764045,48.33787758089112,49.653424611764045,0.0,28652800
2021-08-02,48.55714416503906,0.0,49.8052259443245,48.40535013082183,48.53184301471654,0.0,20873800
2021-08-03,49.079986572265625,0.0,49.25707853293565,48.00899680256267,48.54870747332619,0.0,18208200
2021-08-04,47.93309020996094,0.0,48.81012148315921,47.9077922826146,48.22824341876386,0.0,20868300
2021-08-05,48.23668670654297,0.0,48.65833606024189,47.924667085545956,48.17765605437946,0.0,15180200
2021-08-06,48.79325866699219,0.0,48.970350605125915,48.51496857827152,48.624598299609566,0.0,14888500
2021-08-09,48.23668670654297,0.0,48.50654203555594,47.924667085545956,48.17765605437946,0.0,17828200
2021-08-10,49.063114166259766,0.0,49.21490817582451,48.32101047693532,48.42220541100217,0.0,16340200
2021-08-11,49.206485748291016,0.0,49.33298186034585,48.6752097982921,49.07155806333307,0.0,18278600
2021-08-12,49.09519577026367,0.87,49.471865457708944,48.68428605583075,49.13800151883345,0.0,19225500
2021-08-13,48.598670959472656,0.0,48.855489069256635,48.19632051925212,48.82124578378692,0.0,20063000
2021-08-16,47.88814163208008,0.0,48.016552330912084,47.31458124603516,47.95662820895574,0.0,16959500
2021-08-17,47.562843322753906,0.0,48.19632787249624,47.083447049895426,47.51147838671266,0.0,16243700
2021-08-18,46.56123733520508,0.0,47.77684774371388,46.492754035558775,47.44298063647345,0.0,21890500
2021-08-19,45.14017868041992,0.0,45.97911960261439,44.600858349859365,45.773666415671,0.0,30923500
2021-08-20,45.14874267578125,0.0,45.49116575424723,44.60942232681328,44.7463922113236,0.0,16918300
2021-08-23,47.006404876708984,0.0,47.13481559383122,46.184585430863216,46.184585430863216,0.0,21632600
2021-08-24,47.39162826538086,0.0,47.81109713016722,47.09200438205651,47.33170414183995,0.0,17915600
2021-08-25,47.47723388671875,0.0,47.74261448440906,46.972156791514514,47.28890232393775,0.0,13270300
2021-08-26,46.83517837524414,0.0,47.54571181446436,46.766695073682016,47.254650435181986,0.0,11842600
2021-08-27,47.74260711669922,0.0,48.11927344975337,47.42586489877597,47.42586489877597,0.0,15822500
2021-08-30,47.22040939331055,0.0,48.23056344785676,47.1861661080942,48.144958500435315,0.0,14086100
2021-08-31,46.67253494262695,0.0,47.34882520354177,46.62117000924439,47.023520490025064,0.0,27104100
2021-09-01,46.030487060546875,0.0,46.87798721807445,45.88495471831686,46.64685318647217,0.0,21644100
2021-09-02,47.15193557739258,0.0,47.63132860441718,46.45852360750619,46.47564525355994,0.0,23293300
2021-09-03,46.97215270996094,0.0,47.3573815229345,46.741015422176794,47.18616835432185,0.0,13840000
2021-09-07,46.69821548461914,0.0,47.31458161887823,46.62973217282355,46.80094208512241,0.0,14354400
2021-09-08,46.27018356323242,0.0,47.2375352299553,46.23594027497575,46.90367133350202,0.0,18756700
2021-09-09,46.3044319152832,0.0,47.083448847406395,45.62814159354437,45.902081398316035,0.0,19110800
2021-09-10,46.21025085449219,0.0,47.28032892151624,46.184570025881726,47.24608563962288,0.0,15123700
2021-09-13,47.40018844604492,0.0,47.87958471001618,46.758141452721574,46.78382555307603,0.0,22052300
2021-09-14,46.72389221191406,0.0,47.7426053980877,46.57835989067827,47.67411883147809,0.0,19940300
2021-09-15,48.29904556274414,0.0,48.393212961959414,47.34881891354662,47.40018057448635,0.0,23240900
2021-09-16,47.78540802001953,0.0,48.333287492146255,47.51146828395617,48.333287492146255,0.0,17907200
2021-09-17,47.22040939331055,0.0,48.581548957275736,47.16904446548603,47.374500911164674,0.0,30000400
2021-09-20,45.96199035644531,0.0,46.372899927979354,45.33706517896944,46.039036105209135,0.0,27555100
2021-09-21,45.9192008972168,0.0,46.66397450251423,45.58533697986346,46.54412625173302,0.0,19696800
2021-09-22,47.263221740722656,0.0,47.86246629471844,46.54412892905174,46.59549386760684,0.0,25690600
2021-09-23,48.86405563354492,0.0,49.00102552132531,47.32314031399089,47.442988557596266,0.0,23069400
2021-09-24,49.3006477355957,0.0,49.497541751589765,48.52163086117581,48.53875250590831,0.0,22328600
2021-09-27,50.76451110839844,0.0,51.19254240486996,50.35360145566013,50.37928228845014,0.0,32972200
2021-09-28,51.29527282714844,0.0,51.774669090572026,50.944287268490775,51.2781544477582,0.0,37619300
2021-09-29,51.26103210449219,0.0,51.52640943448442,50.550498541540456,51.22678881493841,0.0,23422800
2021-09-30,50.35359573364258,0.0,51.509278796539796,50.34503654555842,51.4664763248805,0.0,31289600
2021-10-01,52.15990447998047,0.0,52.21126942145186,50.8586886866212,50.8586886866212,0.0,24407300
2021-10-04,52.83618927001953,0.0,53.1358098995907,52.17702061934303,52.493762894263966,0.0,33946700
2021-10-05,52.75057601928711,0.0,53.675125186400784,52.2369397701926,53.521033658548504,0.0,29641600
2021-10-06,51.78322982788086,0.0,52.32254693251717,51.14974204600327,51.76610818343879,0.0,25284900
2021-10-07,51.92875289916992,0.0,52.28830085961501,51.483599992038535,51.88595042582677,0.0,19513600
2021-10-08,53.229976654052734,0.0,53.43542986445439,52.43383811610152,52.43383811610152,0.0,22186900
2021-10-11,52.699214935302734,0.0,53.98330883782904,52.647850003578604,53.95762473915714,0.0,22121500
2021-10-12,52.42527770996094,0.0,53.05876223722437,52.091410535969864,52.7077766841136,0.0,20198600
2021-10-13,52.27974319458008,0.0,52.553682967813316,51.543528829408366,52.0314842545813,0.0,14991700
2021-10-14,53.07587814331055,0.0,53.26421294946246,52.3653446587334,52.827619219859294,0.0,18594500
2021-10-15,53.580955505371094,0.0,53.99186514033616,53.45254481573598,53.70080374070013,0.0,16092600
2021-10-18,53.55527877807617,0.0,54.051793400437006,53.307019834085885,54.00899092248483,0.0,18282800
2021-10-19,54.35997009277344,0.0,54.454137492598605,53.649436632724935,53.820649790078015,0.0,18933200
2021-10-20,54.65959548950195,0.0,54.6767171333092,53.69224710653984,53.83777618047197,0.0,14305200
2021-10-21,53.66655731201172,0.0,54.47981734563092,53.37549592942019,54.33428828714481,0.0,16564600
2021-10-22,54.03466796875,0.0,54.12027618427368,53.37549940450549,53.73504737846591,0.0,14266800
2021-10-25,55.08762741088867,0.0,55.14755153208198,54.428462077762276,54.54831032014889,0.0,17939800
2021-10-26,56.3631591796875,0.0,56.44877066578881,55.09619017275675,55.20747596095328,0.0,25585100
2021-10-27,54.8992919921875,0.0,55.85808445203564,54.77088456201438,55.78104195330356,0.0,21764500
2021-10-28,55.05337905883789,0.0,55.190352198245705,54.471259544451584,54.63391024906929,0.0,16626400
2021-10-29,55.19035720825195,0.0,55.95225240446377,55.07050896601005,55.68687508681946,0.0,23966300
2021-11-01,56.183387756347656,0.0,56.56861985653914,55.661189032330405,55.703994776098185,0.0,19656400
2021-11-02,55.48997116088867,0.0,56.02928818631584,55.35300455670783,55.66974350269773,0.0,16300000
2021-11-03,54.72808074951172,0.0,55.17323041532377,54.496943462098024,54.82224815537874,0.0,17372800
2021-11-04,55.13899612426758,0.0,55.54990252165397,54.64247824045622,55.37013015639249,0.0,17720100
2021-11-05,55.66118240356445,0.0,55.92656622708865,55.26739442650778,55.68686976550969,0.0,18565100
2021-11-08,56.260433197021484,0.0,56.82543109749558,55.96936852671008,56.11490412748533,0.0,17696000
2021-11-09,56.808319091796875,0.0,56.81688154721209,55.90945067915383,56.303238722136165,0.0,18781300
2021-11-10,55.68915557861328,0.88,56.955803235061786,55.32477553622665,56.669504393936066,0.0,20177200
2021-11-11,55.79325866699219,0.0,56.24439743207954,55.5416633208885,55.689154812752136,0.0,13319300
2021-11-12,55.36815643310547,0.0,55.84532119578223,55.15994209076224,55.4896153510569,0.0,18158900
2021-11-15,55.84531784057617,0.0,56.19233951729416,54.84761397247644,55.316097869355666,0.0,18849200
2021-11-16,56.40922546386719,0.0,56.71287932769814,55.81927940864466,55.81927940864466,0.0,17028700
2021-11-17,55.79325866699219,0.0,56.60009663242328,55.68047728522742,55.85398812163693,0.0,15497000
2021-11-18,55.18596267700195,0.0,55.98412309403022,54.752178978310866,55.66312739316774,0.0,16948200
2021-11-19,52.635311126708984,0.0,53.8152032878894,52.4097450650748,53.693744384739695,0.0,32035500
2021-11-22,53.364070892333984,0.0,54.25766759116448,52.331666847295224,52.331666847295224,0.0,21994400
2021-11-23,54.769527435302734,0.0,54.98641927162715,53.71976843226742,53.9540120126386,0.0,21185900
2021-11-24,55.073177337646484,0.0,55.394176344221336,54.29236867493684,54.29236867493684,0.0,15869700
2021-11-26,53.13850402832031,0.0,53.28598889991717,51.65496454687257,52.505180214184854,0.0,24979600
2021-11-29,53.4334716796875,0.0,54.778200371550184,53.173202144086126,54.28368726105556,0.0,18946400
2021-11-30,51.91523361206055,0.0,53.08644828420641,51.75907121450683,52.45312447613057,0.0,34979800
2021-12-01,51.87185287475586,0.0,53.815201893823115,51.837149386324384,52.83485316693503,0.0,30630600
2021-12-02,53.16453552246094,0.0,53.4248084209554,51.30794159564372,51.82848408312527,0.0,29216000
2021-12-03,52.826171875,0.0,53.98871217854233,52.35768474308595,53.719765126627244,0.0,22014700
2021-12-06,53.424800872802734,0.0,53.92798823248368,53.28598691481416,53.54625977653583,0.0,19210500
2021-12-07,54.02342224121094,0.0,54.68277200714916,53.87593406268754,54.08415169427734,0.0,19800400
2021-12-08,54.17958450317383,0.0,54.821582522428656,54.08415156016128,54.31839515405382,0.0,18214400
2021-12-09,54.31839370727539,0.0,54.457204354458135,53.62434047136166,53.83255478738234,0.0,16910300
2021-12-10,54.6654167175293,0.0,54.96038974594293,53.988715250377275,54.89098607958448,0.0,17942400
2021-12-13,53.46817398071289,0.0,54.41382247637266,53.2252528846353,54.196930649932405,0.0,17793700
2021-12-14,53.390098571777344,0.0,54.19693651825826,53.11247726863412,53.147177449396786,0.0,22551100
2021-12-15,53.155860900878906,0.0,53.35540102790743,52.06272400210498,53.08645391260428,0.0,19961900
2021-12-16,53.24261474609375,0.0,54.179589202941024,53.181885287910006,53.30334420427749,0.0,21187800
2021-12-17,52.08007049560547,0.0,53.16452975669675,51.78509744420836,52.8782342327123,0.0,44338100
2021-12-20,51.325286865234375,0.0,51.403368063026846,50.28420533117041,51.004287856312864,0.0,21819300
2021-12-21,52.48782730102539,0.0,52.643989696598915,51.811125793211424,51.837151755971355,0.0,19798900
2021-12-22,52.912940979003906,0.0,53.242614231814905,52.02802177036481,52.349020804736455,0.0,14058300
2021-12-23,52.93896484375,0.0,53.65036986981571,52.92161309805241,53.06909797222128,0.0,13543300
2021-12-27,53.69374084472656,0.0,53.74579607529026,52.41841582672265,52.860877012747416,0.0,12593700
2021-12-28,53.520233154296875,0.0,54.05812733961152,53.268641116754246,53.71109904647349,0.0,12781000
2021-12-29,53.0517463684082,0.0,53.44214904001892,52.85220295955384,53.33804188155652,0.0,12733600
2021-12-30,52.73942565917969,0.0,53.442153169990775,52.722073913177205,53.11247992446512,0.0,11940300
2021-12-31,53.086456298828125,0.0,53.32937745920122,52.66135005981334,52.69605355551057,0.0,14072000
2022-01-03,55.125240325927734,0.0,55.17729225839224,53.10380644103533,53.12983571677499,0.0,24282400
2022-01-04,57.1987190246582,0.0,57.424288402289314,55.61106909193266,55.63709505492587,0.0,38584000
2022-01-05,57.910125732421875,0.0,58.656234248907545,57.675885439578316,57.69323387574614,0.0,34033300
2022-01-06,59.27220916748047,0.0,59.411023139530705,58.18774983214233,58.99458784239449,0.0,30668500
2022-01-07,59.7580451965332,0.0,60.01831808620948,58.97723976553345,59.44572037652749,0.0,23985400
2022-01-10,59.40234375,0.0,60.009638311152436,58.9512049739888,59.836127470541534,0.0,22760300
2022-01-11,61.90092086791992,0.0,61.94430187725712,59.49776254032656,59.766706264981586,0.0,32936100
2022-01-12,61.71875762939453,0.0,62.30002632430671,61.28497383575582,61.71875762939453,0.0,23045100
2022-01-13,61.27629089355469,0.0,62.100484000070196,60.99866955491095,61.70140373945824,0.0,21043200
2022-01-14,62.352081298828125,0.0,62.59499915026959,61.25026681962791,61.29364784410604,0.0,23012900
2022-01-18,63.40182876586914,0.0,64.09587873181485,62.473531889418474,63.17625938290507,0.0,32841200
2022-01-19,63.4278564453125,0.0,64.07853202918398,62.942020794106384,63.98309908069501,0.0,26431600
2022-01-20,63.56665802001953,0.0,64.52098741821432,62.690419745697,62.8986340602969,0.0,26774600
2022-01-21,62.61234664916992,0.0,63.48859170216309,61.63199772941534,63.48859170216309,0.0,35995200
2022-01-24,63.15022659301758,0.0,63.40182191239376,60.56487304347303,61.49316981957865,0.0,41507000
2022-01-25,65.0068130493164,0.0,65.27575677352797,61.935624249465306,62.97670228171432,0.0,39278400
2022-01-26,64.34748077392578,0.0,65.93513090938642,63.757534601028574,65.44061769232661,0.0,35252400
2022-01-27,65.17166900634766,0.0,65.94380350471411,64.19131355499533,65.46663876122278,0.0,29174700
2022-01-28,65.31048583984375,0.0,65.60546225656726,64.1566193791292,65.04154201028445,0.0,30595700
2022-01-31,65.90042114257812,0.0,66.29950136581822,64.43423006881568,65.04153124080085,0.0,36085500
2022-02-01,70.12547302246094,0.0,70.71541910653426,66.16936126261068,66.32552365601283,0.0,61033100
2022-02-02,69.94328308105469,0.0,70.10811637884356,68.66795800035078,69.45744085758759,0.0,30299300
2022-02-03,69.12777709960938,0.0,69.67434222938905,68.55517938544672,69.48347632466817,0.0,28529400
2022-02-04,70.62866973876953,0.0,71.60034105288946,70.16018251845553,70.16018251845553,0.0,32197500
2022-02-07,71.4788818359375,0.0,72.07750549586171,69.9606387950399,70.39442252101064,0.0,34949200
2022-02-08,69.6309814453125,0.0,71.57433112807145,69.33600500241158,71.37478765619589,0.0,34356300
2022-02-09,69.29763793945312,0.88,70.2011377177543,69.04325340215789,69.8064070140436,0.0,40106100
2022-02-10,68.63096618652344,0.0,69.89411497950708,68.23623553491193,69.05201801498191,0.0,28527700
2022-02-11,70.35902404785156,0.0,70.4555149551866,68.62220110060467,68.96430279301366,0.0,42002100
2022-02-14,69.28009796142578,0.0,70.03447116267243,67.58713006417358,69.80640780312024,0.0,34652800
2022-02-15,68.41168212890625,0.0,68.5871232106397,67.03450142616526,67.45555332993258,0.0,25075100
2022-02-16,68.72747039794922,0.0,69.93799045640013,68.45554508274037,69.1134340910661,0.0,21733800
2022-02-17,68.62220001220703,0.0,69.40289429197769,68.3765825386368,68.84149630860085,0.0,23738800
2022-02-18,67.85904693603516,0.0,68.56956479944029,67.44676882533128,67.68361257472759,0.0,23394800
2022-02-22,67.06957244873047,0.0,69.99060045993382,66.06080823764445,69.88533583787911,0.0,35947800
2022-02-23,67.34151458740234,0.0,67.95554833153993,66.78011651369498,67.06958927768585,0.0,25385000
2022-02-24,66.49063873291016,0.0,69.32394309151286,64.93801723030221,69.29762860712827,0.0,46199900
2022-02-25,68.28009796142578,0.0,68.41167708993596,66.89415032597701,67.2713402584302,0.0,28310300
2022-02-28,68.78886413574219,0.0,69.23623047694657,66.84151185420893,67.11344382635664,0.0,32204600
2022-03-01,69.44676208496094,0.0,70.7449993388583,68.709929608279,69.0958866088487,0.0,40002300
2022-03-02,70.63972473144531,0.0,72.0607671978232,70.01692402801825,70.7011274291806,0.0,44321400
2022-03-03,71.08708190917969,0.0,71.72742328986418,69.85024769535619,70.05200321471715,0.0,30196600
2022-03-04,73.76250457763672,0.0,73.92917191696773,70.75376559004121,71.09586730269471,0.0,42802200
2022-03-07,76.42039489746094,0.0,76.51688582740823,73.59585682240798,74.49058299090868,0.0,55207900
2022-03-08,76.99931335449219,0.0,80.27121699185673,74.93792953804463,78.11334227106387,0.0,72082300
2022-03-09,72.62215423583984,0.0,75.93791279757093,71.57830183959446,73.70986187104889,0.0,65466700
2022-03-10,74.87653350830078,0.0,75.15723252072846,72.71865859543945,73.69233475875878,0.0,44644200
2022-03-11,74.49057006835938,0.0,75.63968730045843,73.65724675508072,73.7449639418902,0.0,35303400
2022-03-14,71.82392883300781,0.0,73.2011094648036,70.61341554717474,72.85900773853788,0.0,37462600
2022-03-15,67.73624420166016,0.0,69.44675271487696,66.99063809826801,69.13973922434987,0.0,47957900
2022-03-16,67.48185729980469,0.0,68.96430242049742,66.88537109967909,68.2537778619235,0.0,37812300
2022-03-17,69.28009796142578,0.0,69.42921785630054,67.60467082552654,68.57834704423801,0.0,34041900
2022-03-18,69.00816345214844,0.0,69.63973791611787,68.50816811690473,69.3502651713998,0.0,41461500
2022-03-21,72.10462188720703,0.0,72.38532088788766,69.94674706465122,70.28008172897901,0.0,33089300
2022-03-22,71.78884887695312,0.0,72.10463615174035,70.86780823581822,71.60464074872614,0.0,23132200
2022-03-23,72.92041015625,0.0,73.92040084333763,72.85024041983827,73.10461826256692,0.0,27716300
2022-03-24,73.13971710205078,0.0,74.25374632087977,72.5870927028197,73.20989354104972,0.0,19871600
2022-03-25,74.73616790771484,0.0,74.9905523900219,72.62215529492894,72.73618694876679,0.0,22398300
2022-03-28,72.63970947265625,0.0,73.07830210406684,71.94673231194042,72.95549670266327,0.0,21552400
2022-03-29,72.2537612915039,0.0,72.35901925270716,69.96430694182749,70.88534756432226,0.0,27036300
2022-03-30,73.49058532714844,0.0,73.69234089619286,72.55199729876172,72.85901082348767,0.0,22079000
2022-03-31,72.44672393798828,0.0,74.03443373330104,72.41164241857541,72.69234142062314,0.0,27861500
2022-04-01,72.91163635253906,0.0,73.8063623133503,71.92041279178663,71.92041279178663,0.0,18671100
2022-04-04,72.94672393798828,0.0,73.38531653494378,71.9730478373557,73.29759266163914,0.0,20869400
2022-04-05,72.56954956054688,0.0,74.6221601410325,72.42042295946389,73.24497935968975,0.0,21753100
2022-04-06,73.37654113769531,0.0,74.2975815548864,72.75374046729226,73.17478560303911,0.0,24768200
2022-04-07,74.60459899902344,0.0,74.94670066898904,72.55198228683832,73.53443205507298,0.0,26122000
2022-04-08,76.17475891113281,0.0,76.49931984164779,74.70986124570148,74.70986124570148,0.0,24866500
2022-04-11,73.55196380615234,0.0,75.3765102841309,73.24495038254794,75.24493119047453,0.0,21800100
2022-04-12,75.08705139160156,0.0,76.15721840082699,74.89406957782099,75.18354229849184,0.0,22444200
2022-04-13,76.14845275878906,0.0,76.41161102231572,74.72741687444456,75.97301837803306,0.0,19306800
2022-04-14,77.04318237304688,0.0,77.59580667314609,75.63968730680035,76.02564426727291,0.0,24566400
2022-04-18,77.67473602294922,0.0,77.97297571672978,76.97298533157408,77.63087409509181,0.0,19032300
2022-04-19,76.98178100585938,0.0,77.77124908566411,76.55195540594805,77.20107732289445,0.0,20382600
2022-04-20,77.15721893310547,0.0,77.63089980278588,76.57828010953573,77.16599266006051,0.0,20689400
2022-04-21,76.3414306640625,0.0,78.77123753607567,76.13090807951154,78.02562472525481,0.0,29010900
2022-04-22,74.67477416992188,0.0,77.2975627541173,74.5607425024146,76.01687315657463,0.0,23591600
2022-04-25,72.15727233886719,0.0,72.50814783472491,69.55203064954496,72.25376326753789,0.0,37698300
2022-04-26,72.1835708618164,0.0,74.31513116405714,72.0870799544909,72.56953449111839,0.0,28941500
2022-04-27,74.24496459960938,0.0,74.98180374498212,72.17480671877132,73.14848295477536,0.0,32773000
2022-04-28,76.49053955078125,0.0,77.3150957025996,73.74495254292265,74.45547034636277,0.0,33683800
2022-04-29,74.78004455566406,0.0,77.3151094603415,74.29758997834793,77.3151094603415,0.0,34656500
2022-05-02,75.7975845336914,0.0,76.35020886013709,74.23618908738544,74.56952378253054,0.0,36335200
2022-05-03,77.35897064208984,0.0,77.87650673595883,75.5431974117009,75.66600281337803,0.0,33908100
2022-05-04,80.43787384033203,0.0,80.5957674316167,77.99053321400689,78.50806922897853,0.0,46188400
2022-05-05,79.21858978271484,0.0,80.74489678203906,77.53439587903813,80.73612305655558,0.0,41013400
2022-05-06,80.42911529541016,0.0,80.54314696521976,78.3764983920922,79.80631458972603,0.0,29619300
2022-05-09,74.0870590209961,0.0,78.56070207161109,73.70109540272463,78.45544413382197,0.0,45851600
2022-05-10,74.57828521728516,0.0,76.21862400460826,73.26250737391999,75.12214246847061,0.0,34483200
2022-05-11,76.13091278076172,0.0,78.01686250905476,75.6835464051218,75.81512553823858,0.0,33020600
2022-05-12,76.47651672363281,0.88,76.54740522519391,73.90662092583746,76.16635164040758,0.0,29491500
2022-05-13,78.74510955810547,0.0,78.82486165621879,76.52081975559649,77.41585383532981,0.0,25798400
2022-05-16,80.5971908569336,0.0,81.50995199921718,78.84257734508054,78.85144094166982,0.0,26101200
2022-05-17,81.62516021728516,0.0,81.92645492328577,80.74785336993425,81.28841788217672,0.0,23120700
2022-05-18,80.33135986328125,0.0,82.34296399072906,79.60470029942124,81.97963758927135,0.0,25451200
2022-05-19,80.76558685302734,0.0,81.79354798040657,78.86918233549882,78.86918233549882,0.0,24387400
2022-05-20,81.40363311767578,0.0,82.93670449329112,80.10982483295037,81.46566479019874,0.0,28795000
2022-05-23,83.20254516601562,0.0,83.98237274828686,82.01507997749276,82.11255927039468,0.0,27239300
2022-05-24,83.65449523925781,0.0,84.0001011879581,81.81125900556019,82.2543442486061,0.0,24293300
2022-05-25,85.33822631835938,0.0,85.54204175789197,83.71653259590309,83.81401189687772,0.0,29947800
2022-05-26,85.63951873779297,0.0,86.33959426175271,85.24960154446234,85.60407110558613,0.0,24314800
2022-05-27,86.48135375976562,0.0,86.78265516849511,84.45202978274804,85.0280350518632,0.0,25588800
2022-05-31,85.07237243652344,0.0,88.42209601946038,84.81538216680806,87.34096687132842,0.0,44888100
2022-06-01,86.70291900634766,0.0,87.47388978001467,85.62179666891224,85.97625946233006,0.0,25815400
2022-06-02,86.5522689819336,0.0,86.93332255799193,85.77244139506863,86.21552663416232,0.0,19089100
2022-06-03,87.81061553955078,0.0,88.31573912267237,86.75607743486358,86.75607743486358,0.0,21038200
2022-06-06,87.58907318115234,0.0,88.422075464452,87.43842584594292,87.89037461251435,0.0,20682100
2022-06-07,91.60344696044922,0.0,91.65661502691307,88.16510109564028,88.35119608920813,0.0,37810200
2022-06-08,92.6845703125,0.0,93.55302038633647,91.2578420127488,91.70978410456335,0.0,31613200
2022-06-09,90.68183898925781,0.0,92.66685923731751,90.53119161010288,91.64776169660483,0.0,26607000
2022-06-10,89.0246810913086,0.0,91.58571310765562,88.4309485224683,90.33621630996105,0.0,30950500
2022-06-13,84.93943786621094,0.0,86.64088353935198,83.22912859534009,86.41934092271556,0.0,33421000
2022-06-14,85.1609878540039,0.0,87.43844587971509,84.42546468048083,86.32187586310201,0.0,31264000
2022-06-15,84.08871459960938,0.0,85.57748124623024,82.65311601720722,85.06350075563569,0.0,29620800
2022-06-16,80.98711395263672,0.0,82.52904858674952,80.00346424787242,81.89101156504142,0.0,35696700
2022-06-17,76.31700134277344,0.0,80.95166899525606,75.90936374839623,80.60606306174182,0.0,64610200
2022-06-21,81.0668716430664,0.0,81.9973465119666,78.44380129402604,78.49697611578009,0.0,35951500
2022-06-22,77.85894012451172,0.0,79.54266541488529,77.56650223893722,77.57536583693944,0.0,29727200
2022-06-23,75.51058959960938,0.0,78.91348793020423,74.01295924933962,78.56788196644113,0.0,35757200
2022-06-24,77.00822448730469,0.0,78.33748035269794,76.04229504276088,77.05252895958417,0.0,26639000
2022-06-27,78.895751953125,0.0,79.79078597654112,77.69055963276583,77.81462295154306,0.0,25478700
2022-06-28,81.08457946777344,0.0,82.62651383999831,80.06548230806645,80.74783720009798,0.0,33096900
2022-06-29,78.08936309814453,0.0,82.59110503397642,77.77034111106921,82.39615316271552,0.0,25400900
2022-06-30,75.89163970947266,0.0,77.6285330468128,75.03205325823491,76.33472495147609,0.0,39948100
2022-07-01,77.5842056274414,0.0,77.87663666233617,75.0674786816943,76.86640315030128,0.0,26327900
2022-07-05,75.15612030029297,0.0,76.83098205698342,73.56101740679685,76.51196012609527,0.0,34591100
2022-07-06,73.80028533935547,0.0,75.528322039068,71.78868108343266,74.22565019556095,0.0,33375700
2022-07-07,76.1574935913086,0.0,76.88415311806423,75.59034502217952,75.66123352261248,0.0,23817400
2022-07-08,76.28156280517578,0.0,77.36269196130787,75.2624653172999,77.05252685908212,0.0,17673800
2022-07-11,75.89163970947266,0.0,76.31700451661142,74.75734257169495,75.47513850023834,0.0,15603800
2022-07-12,74.88140106201172,0.0,75.3687975011124,73.42808210298546,74.24335727298676,0.0,21013000
2022-07-13,75.18269348144531,0.0,76.48536505103512,73.81799701524453,73.88888550891862,0.0,19928600
2022-07-14,73.67622375488281,0.0,73.82687113550686,71.50510847123337,72.53306286007735,0.0,26343000
2022-07-15,74.91683959960938,0.0,75.21813426289732,73.46352081693614,75.14724577567503,0.0,17243700
2022-07-18,76.29927062988281,0.0,77.92982769315785,75.989112339868,76.72463539972003,0.0,19395800
2022-07-19,78.22228240966797,0.0,78.44382507814107,76.43222062322138,76.58286801515612,0.0,18248900
2022-07-20,79.08184814453125,0.0,79.44518127005567,77.31837086262003,77.61080873034301,0.0,16584400
2022-07-21,77.76146697998047,0.0,77.80577821255213,75.51059293642605,77.03480738804123,0.0,21375700
2022-07-22,77.16773223876953,0.0,78.39950874838131,76.7689514392392,77.5842334742826,0.0,15479500
2022-07-25,79.73762512207031,0.0,79.87054528924375,77.46902402877379,78.12479507123665,0.0,17536400
2022-07-26,79.42745208740234,0.0,80.88963462848113,78.86916715831136,80.75670771366602,0.0,15141200
2022-07-27,81.1466293334961,0.0,81.5276829044656,79.22364104413691,80.00346862058758,0.0,18047000
2022-07-28,82.0948257446289,0.0,82.63539023233253,80.6503704190115,81.68718816980946,0.0,20353100
2022-07-29,85.8965072631836,0.0,86.41934461553392,83.38864311306834,83.69880143742398,0.0,29825800
2022-08-01,83.72539520263672,0.0,84.49635924182822,82.61768203281478,84.00010590525027,0.0,20793200
2022-08-02,83.36205291748047,0.0,84.36342307950481,83.14051030775389,83.9114810235422,0.0,16722500
2022-08-03,80.65924072265625,0.0,83.67222195367847,80.45542528168777,83.67222195367847,0.0,23580800
2022-08-04,77.26521301269531,0.0,80.05664485792454,76.59172149644708,80.0300608229711,0.0,31821500
2022-08-05,78.38177490234375,0.0,79.48063114650766,76.45878661647303,76.52968187627924,0.0,17408000
2022-08-08,78.82485961914062,0.0,79.40087176964632,78.17795897023649,78.52356490835109,0.0,14458500
2022-08-09,80.2781753540039,0.0,81.18207297136371,79.71102682430292,79.79964927533551,0.0,19083400
2022-08-10,81.040283203125,0.0,81.3415846653281,79.0375428971286,80.35793494613299,0.0,18302000
2022-08-11,83.3846206665039,0.88,84.3778278497739,81.81875434668991,82.17666118705337,0.0,18797900
2022-08-12,84.109375,0.0,84.12726760798313,82.41824024027967,82.7493115143573,0.0,15058200
2022-08-15,82.60617065429688,0.0,82.9730340922632,80.22605706087673,81.00451205823765,0.0,20755200
2022-08-16,81.83665466308594,0.0,83.11619153509807,81.68454355894647,82.34667946792233,0.0,14038200
2022-08-17,82.49878692626953,0.0,83.40251744459839,81.35346859596224,81.66664051024381,0.0,13678000
2022-08-18,84.44940948486328,0.0,85.2815559023076,83.29514143314142,83.34883292327817,0.0,17770400
2022-08-19,84.18096923828125,0.0,85.18311924542405,83.93043173649555,84.25255333211571,0.0,16128600
2022-08-22,84.11832427978516,0.0,84.54781513548721,82.19454466648574,83.59040018746853,0.0,16019900
2022-08-23,87.68851470947266,0.0,88.05537809881771,85.4068210348475,85.49630457239002,0.0,23764700
2022-08-24,88.20748138427734,0.0,88.55644530457884,87.11584785856091,87.69745666794171,0.0,17050300
2022-08-25,88.66380310058594,0.0,89.35278796003921,87.77797225078,88.51169204259952,0.0,15305700
2022-08-26,87.57219696044922,0.0,89.39755056176294,87.16954151547138,88.37749419713377,0.0,15531400
2022-08-29,89.58544921875,0.0,90.87392882889607,87.81378036817573,87.84957241660135,0.0,23059200
2022-08-30,86.17633056640625,0.0,88.2432787102797,85.73788991688441,88.01063380728158,0.0,17086800
2022-08-31,85.53208923339844,0.0,86.65056517897568,83.74252772047484,84.13623343784135,0.0,18340900
2022-09-01,83.9930648803711,0.0,85.06679896560443,82.57930976772714,84.48519015833853,0.0,16423000
2022-09-02,85.53208923339844,0.0,86.60583023713384,85.1025982932126,86.21212451976731,0.0,18206800
2022-09-06,84.95942687988281,0.0,86.42686671881025,84.56572800405226,86.0421175616635,0.0,19201500
2022-09-07,84.2346420288086,0.0,84.63729055329334,82.5882490623606,83.38460322083681,0.0,16274700
2022-09-08,84.92363739013672,0.0,85.3799706205482,83.85884619924029,84.69994222073056,0.0,18759200
2022-09-09,86.34634399414062,0.0,86.79373437752996,85.2905024162764,86.36423660575659,0.0,17158000
2022-09-12,87.33955383300781,0.0,88.75330912567007,86.68636084978375,87.37534588395775,0.0,16118900
2022-09-13,85.29945373535156,0.0,87.49166392442405,84.9236474446481,86.44477204604914,0.0,18229100
2022-09-14,87.39323425292969,0.0,88.18958857465262,86.03317051604508,86.06896256525721,0.0,22655700
2022-09-15,84.85205078125,0.0,86.38212487541762,84.15412296566139,86.09579534013423,0.0,21092300
2022-09-16,83.40250396728516,0.0,85.30838430333692,82.31982019478899,85.06679653039754,0.0,37874700
2022-09-19,83.39356994628906,0.0,83.65305720407243,81.42505486697266,81.43400458665786,0.0,15342100
2022-09-20,82.7135238647461,0.0,83.15196446327664,81.99769662798913,82.97301106740464,0.0,14712500
2022-09-21,81.38028717041016,0.0,84.00199441884787,81.30870991563822,83.72461463669303,0.0,17332400
2022-09-22,81.04029083251953,0.0,82.91038611705764,80.99554906515041,82.49878097184046,0.0,16139400
2022-09-23,76.72744750976562,0.0,78.29331378547512,75.92214348835941,78.29331378547512,0.0,27738800
2022-09-26,75.14368438720703,0.0,77.14799119567084,75.06315057628865,75.96688097306817,0.0,22043400
2022-09-27,76.71851348876953,0.0,77.81014729374749,75.88636696748607,76.60219442779061,0.0,17307300
2022-09-28,79.51022338867188,0.0,79.90392912992185,76.8795656205667,77.05852587869661,0.0,19543300
2022-09-29,79.34915161132812,0.0,79.95760275166933,77.9622388155602,78.90176126774297,0.0,17896000
2022-09-30,78.1233139038086,0.0,79.67128777951125,78.1233139038086,78.89282598167658,0.0,21357600
2022-10-03,82.24823760986328,0.0,82.6419432894825,80.27972286503675,80.56605240658669,0.0,23881300
2022-10-04,85.24576568603516,0.0,85.32629950965593,82.95512897220898,83.4293617143712,0.0,22133700
2022-10-05,88.690673828125,0.0,89.46912874168885,85.59473313257092,85.67526012640072,0.0,34857700
2022-10-06,91.3213119506836,0.0,91.4286880874434,87.98378391269053,88.10905265892629,0.0,29124700
2022-10-07,90.39971160888672,0.0,92.44876065223067,89.63914922289284,91.43766071100458,0.0,24507600
2022-10-10,88.44012451171875,0.0,91.29447723899119,88.33275519263681,90.81129482321673,0.0,16786100
2022-10-11,87.68851470947266,0.0,89.26333076265172,86.5700387565457,86.99058680710792,0.0,17804100
2022-10-12,88.07325744628906,0.0,88.50275515124918,86.99952342384044,87.24111118956934,0.0,12635800
2022-10-13,91.15131378173828,0.0,91.67028140755282,87.15164289838067,87.28586137079145,0.0,22019100
2022-10-14,88.75331115722656,0.0,91.48238854493034,88.61909266975093,90.48023840193548,0.0,15222000
2022-10-17,90.0328369140625,0.0,91.24078949940375,89.92546077197005,90.43548550029791,0.0,14283200
2022-10-18,90.19390106201172,0.0,91.58080710902266,88.78909557733674,90.8560368962404,0.0,14065400
2022-10-19,92.86930084228516,0.0,93.04825427315524,90.57866415929625,90.59655677172894,0.0,20921700
2022-10-20,92.99455261230469,0.0,93.95196762840496,92.52926968110226,93.34351651736515,0.0,17649000
2022-10-21,94.72148132324219,0.0,95.20466369939697,92.9766617648788,93.4598373143989,0.0,22814100
2022-10-24,95.38362121582031,0.0,96.34998600981908,94.05934960327532,94.5425320002747,0.0,17024200
2022-10-25,94.73936462402344,0.0,96.03680055102326,94.01459454432167,95.21360406214794,0.0,15719800
2022-10-26,95.86680603027344,0.0,96.48420691311401,94.84675655309735,95.07940145232693,0.0,17383800
2022-10-27,96.2336654663086,0.0,98.05006916580321,96.11733960813503,97.00317740205038,0.0,18214000
2022-10-28,99.05223083496094,0.0,99.50857094983775,96.74370158237942,97.94270456555748,0.0,28169400
2022-10-31,99.15064239501953,0.0,101.02968723559843,97.92479726425546,97.97848191914012,0.0,26401800
2022-11-01,100.13491821289062,0.0,100.72546996513857,99.00749254288124,100.54651654364172,0.0,22213100
2022-11-02,98.07691955566406,0.0,100.30492173446925,97.80848259726736,99.83963874343509,0.0,20654200
2022-11-03,99.4101333618164,0.0,100.0543765513196,96.91369441580898,97.15528902519013,0.0,17103700
2022-11-04,100.4928207397461,0.0,101.55761198383556,99.14170676421335,101.11022162267328,0.0,17541500
2022-11-07,101.68287658691406,0.0,101.99604846161319,100.33175583991515,100.58230016630931,0.0,16008000
2022-11-08,102.00499725341797,0.0,102.59555577745931,100.75230293936482,101.53971430475328,0.0,14661000
2022-11-09,97.4416275024414,0.0,101.3607648288798,97.14634820908792,101.19970401674478,0.0,19522800
2022-11-10,98.8732681274414,0.0,99.05222153819453,96.2515603827615,98.59588829278356,0.0,20146700
2022-11-11,101.96025085449219,0.0,102.45238293549114,100.6538719436812,100.73440575086035,0.0,20518900
2022-11-14,102.25791931152344,0.91,103.40343586004893,101.46416905907316,101.59044625712822,0.0,20858300
2022-11-15,102.94342041015625,0.0,103.30421534780814,101.80692564670076,102.64577095206518,0.0,19373800
2022-11-16,101.8429946899414,0.0,103.06067144994564,100.89590894238795,102.32104500536904,0.0,13591000
2022-11-17,101.97828674316406,0.0,102.10456392527738,99.89470635670423,100.38177843696569,0.0,12425900
2022-11-18,101.09435272216797,0.0,101.45514764263525,98.86645148599258,100.03001149166441,0.0,15415000
2022-11-21,100.09315490722656,0.0,100.30060735141264,96.94523300976331,99.20920765358936,0.0,20973000
2022-11-22,102.98853302001953,0.0,103.25010920485748,100.5080770290572,101.21162344543912,0.0,17719100
2022-11-23,102.47440338134766,0.0,102.78107463995171,101.1124056066493,101.31084318884808,0.0,11546700
2022-11-25,102.11358642578125,0.0,103.3763651376015,101.97828747780223,102.71791392761845,0.0,7136000
2022-11-28,99.04685974121094,0.0,100.53513470105062,98.87548746259085,99.8135516379953,0.0,23015500
2022-11-29,99.7052993774414,0.0,100.84180099828976,99.02881146434444,99.76843797406683,0.0,14453200
2022-11-30,100.42688751220703,0.0,100.9320031927364,99.0197947828273,100.60728842725013,0.0,23158100
2022-12-01,99.93981170654297,0.0,101.08532814950469,99.38057925126945,100.69747482505173,0.0,14398300
2022-12-02,99.09194946289062,0.0,100.7606182621402,98.49663679979473,98.77625648166895,0.0,15248400
2022-12-05,96.3769760131836,0.0,100.44492523087278,95.55617426241622,99.8496125680735,0.0,19287700
2022-12-06,93.6980972290039,0.0,96.5483700265091,93.03965275014191,95.5201087974324,0.0,21197000
2022-12-07,93.4906234741211,0.0,94.57300129569974,92.3360852960131,93.6078788922885,0.0,20061700
2022-12-08,94.18516540527344,0.0,96.33189167882091,93.54475760618062,95.8628561562006,0.0,21128800
2022-12-09,93.39142608642578,0.0,95.5652039922372,93.17495184886596,94.33850517674497,0.0,21298200
2022-12-12,95.69148254394531,0.0,95.82678152491134,93.43652246648492,93.65300358866737,0.0,20413200
2022-12-13,96.73777770996094,0.0,97.90133782009548,96.53031837554987,97.23387163034086,0.0,24305300
2022-12-14,96.02519226074219,0.0,97.68484599208301,95.38478460361512,97.40522634118689,0.0,17597300
2022-12-15,95.10518646240234,0.0,95.76363086848002,93.53572949122167,95.005967680951,0.0,15365100
2022-12-16,94.43771362304688,0.0,95.23146387645913,93.02159914463503,93.52671481905861,0.0,54596600
2022-12-19,94.86164855957031,0.0,95.79069090928577,94.14908042687806,94.94283069194857,0.0,13611100
2022-12-20,96.23265838623047,0.0,96.97228486203049,94.77144208358578,94.86163909154372,0.0,14680000
2022-12-21,97.46837615966797,0.0,97.94642651643076,96.65659617053389,97.67583548058303,0.0,13565400
2022-12-22,95.50203704833984,0.0,97.5856241919728,93.8965070731214,97.31502631412232,0.0,13213000
2022-12-23,98.02760314941406,0.0,98.08171997723194,96.42207302930561,96.46716809195699,0.0,11539400
2022-12-27,99.38961029052734,0.0,99.64216468692949,98.16291160949594,98.5597798545888,0.0,11962100
2022-12-28,97.75701904296875,0.0,99.2182355345782,97.32407059614546,99.13706028139563,0.0,10702100
2022-12-29,98.49665069580078,0.0,98.96568623258001,97.40525087440673,97.40525087440673,0.0,10534000
2022-12-30,99.48882293701172,0.0,99.66921695714854,97.96446800496982,97.96446800496982,0.0,11799600
2023-01-03,96.07032012939453,0.0,99.2362790925053,95.15029257307793,99.01980485402748,0.0,15146200
2023-01-04,96.34993743896484,0.0,96.65661559914567,94.4918524692778,94.52793265762803,0.0,18058400
2023-01-05,98.50566101074219,0.0,99.17312717069309,95.88990632130296,95.91696473728068,0.0,15946600
2023-01-06,99.6962661743164,0.0,101.01316166827627,98.92055957242921,99.29037622565944,0.0,16348100
2023-01-09,97.83819580078125,0.0,100.69748314337413,97.24288311712688,100.69748314337413,0.0,17964600
2023-01-10,99.29940795898438,0.0,99.51588905782053,97.42328660687669,99.02881690782611,0.0,15104600
2023-01-11,100.45394897460938,0.0,100.52610245628,98.39741991119872,100.11119068991209,0.0,16710400
2023-01-12,102.12261199951172,0.0,102.59164057086284,100.78767288143594,100.85983324059475,0.0,15357300
2023-01-13,102.05947875976562,0.0,102.36614997989292,101.16651663349919,102.02339857829342,0.0,12011400
2023-01-17,101.86103057861328,0.0,102.89831332258255,101.62651286429904,102.29398582953263,0.0,16542200
2023-01-18,99.7684326171875,0.0,102.93439780733615,99.57901683748159,102.15869115810781,0.0,16399700
2023-01-19,100.40885162353516,0.0,101.13945641062848,98.8394014995012,99.2813717019263,0.0,12928000
2023-01-20,102.23987579345703,0.0,102.32105792455563,99.76844178342401,100.44492972235062,0.0,16515600
2023-01-23,101.70771026611328,0.0,103.35833563437333,101.59946971672275,102.50145365020332,0.0,16584400
2023-01-24,102.65478515625,0.0,102.84420094890434,94.59105379334783,98.46056553880626,0.0,13583000
2023-01-25,102.11358642578125,0.0,102.51046150476228,100.47197616489204,102.1316299556933,0.0,11914700
2023-01-26,106.2176284790039,0.0,106.23566512952635,103.1328382387332,103.4755965329806,0.0,21019700
2023-01-27,104.27835083007812,0.0,106.13643531230335,104.07991328700737,105.48700585555926,0.0,15179200
2023-01-30,102.42928314208984,0.0,104.17011223660589,102.05947334440634,103.80931732261887,0.0,18672100
2023-01-31,104.63916015625,0.0,104.9909333468611,99.60608805453379,101.11239960218558,0.0,27861800
2023-02-01,103.49362182617188,0.0,105.87485856610975,102.23084309884958,104.47678777073791,0.0,19464900
2023-02-02,100.25552368164062,0.0,103.79129933493364,99.064905068528,103.5928617524829,0.0,24562100
2023-02-03,100.95004272460938,0.0,102.92538979076312,100.62532794985556,100.93200607338592,0.0,20226600
2023-02-06,100.77865600585938,0.0,102.00534767936094,99.50685550678685,101.34690333942491,0.0,13855200
2023-02-07,103.65599060058594,0.0,104.0077637794212,101.04023585208455,101.3739723803911,0.0,16013300
2023-02-08,102.7540054321289,0.0,104.47679800434011,102.69086683365782,103.77325165520776,0.0,18459700
2023-02-09,103.1418685913086,0.0,104.8466177936349,102.98853296353342,103.38540812397908,0.0,17439300
2023-02-10,107.48941802978516,0.0,107.90432979150309,104.77445148800537,105.09014447174826,0.0,24918600
2023-02-13,107.07131958007812,0.91,107.4167084281785,105.34436147048764,106.99860394851669,0.0,14536200
2023-02-14,105.81700897216797,0.0,107.0804137153315,105.45343771535188,106.3532781362443,0.0,12079000
2023-02-15,105.4988784790039,0.0,105.51705391987922,103.74465371639921,105.18075625460293,0.0,13663400
2023-02-16,105.18985748291016,0.0,106.14422424720944,104.34455724336219,104.80810384264538,0.0,11360600
2023-02-17,101.1451187133789,0.0,103.79009237521525,100.87244552016128,103.79009237521525,0.0,20758300
2023-02-21,101.04515838623047,0.0,102.14495645361846,100.71794493573789,100.71794493573789,0.0,14469400
2023-02-22,99.73628997802734,0.0,100.86335443377848,98.74555865174891,100.41798336356568,0.0,13973800
2023-02-23,100.65431213378906,0.0,101.64504359185858,99.89081876900416,100.6452278803116,0.0,11289400
2023-02-24,100.66340637207031,0.0,100.8542797190503,99.09096365474252,99.37273501560857,0.0,14351000
2023-02-27,100.48161315917969,0.0,101.12694876641574,99.9453440613365,100.70884429980693,0.0,11710500
2023-02-28,99.89991760253906,0.0,101.21785565027716,99.27275733736478,101.10878218929832,0.0,18107000
2023-03-01,100.79066467285156,0.0,101.67232278725562,99.29093745290463,99.35456190783351,0.0,13200000
2023-03-02,101.25419616699219,0.0,101.52686937102365,100.13621592028564,100.5452361281488,0.0,10339900
2023-03-03,102.5357894897461,0.0,103.0447920188784,99.9362643867406,100.02716240109825,0.0,13006700
2023-03-06,103.44470977783203,0.0,103.47197640716709,101.68140071356697,101.79046723090723,0.0,14347400
2023-03-07,101.445068359375,0.0,102.86298842125629,101.04513934313405,102.53577503243078,0.0,11525300
2023-03-08,99.96353149414062,0.0,102.18130282339288,99.13640677182337,101.09968725476689,0.0,13509800
2023-03-09,99.19094848632812,0.0,102.00862056055234,99.10005740463751,100.77248243283393,0.0,12961200
2023-03-10,97.96390533447266,0.0,100.92700186704755,97.3912852565935,99.58179022856686,0.0,15795700
2023-03-13,96.83683776855469,0.0,98.03661808771935,94.27367040785995,95.74612397460358,0.0,20745600
2023-03-14,97.20040130615234,0.0,99.08187499651223,95.40072750319986,96.6641321731517,0.0,18263500
2023-03-15,92.36492156982422,0.0,94.70994179857989,91.09242572608848,93.45562833042943,0.0,25733800
2023-03-16,91.82865142822266,0.0,92.41945380641667,89.09278643459905,90.08351785671721,0.0,27465200
2023-03-17,90.74701690673828,0.0,92.35581712237945,90.11077254348913,91.43780145436841,0.0,43199500
2023-03-20,93.11931610107422,0.0,93.14658966221845,90.43799148903594,90.55614918248531,0.0,32042100
2023-03-21,97.2912826538086,0.0,97.50942259962883,94.64630893938076,94.68266675277478,0.0,31592300
2023-03-22,95.06442260742188,0.0,97.41854097745663,95.03715597836901,97.07315211854625,0.0,14952700
2023-03-23,93.99189758300781,0.0,96.65504004261787,93.11023959864467,95.76429780499441,0.0,14385900
2023-03-24,94.10096740722656,0.0,94.39182301630629,91.71958927493148,92.22858485718483,0.0,13401600
2023-03-27,96.16423034667969,0.0,96.78229938350897,94.44636332003769,95.20076550616815,0.0,14805900
2023-03-28,97.36399841308594,0.0,97.84572730576042,95.60977378806477,95.83700492117867,0.0,11047600
2023-03-29,99.03642272949219,0.0,99.21821180865057,97.70030246949146,98.21838920964028,0.0,14219100
2023-03-30,99.51815032958984,0.0,99.59086596028561,98.6364923774002,99.57269051988378,0.0,11578200
2023-03-31,99.67266845703125,0.0,100.1362149798947,99.11822393246695,99.69084389664506,0.0,14418000
2023-04-03,105.55341339111328,0.0,106.20784022559549,102.81755528382581,103.06296187948439,0.0,28087700
2023-04-04,104.54449462890625,0.0,106.07148809097394,103.77191017832509,105.67156601999831,0.0,16365500
2023-04-05,106.33507537841797,0.0,106.34416656509575,103.89915743954514,104.844439752269,0.0,16479500
2023-04-06,104.57176971435547,0.0,106.50777646245118,104.31726502151292,106.21692089088923,0.0,15778000
2023-04-10,104.10823059082031,0.0,105.59886646703478,103.7719259727611,104.32637056587627,0.0,13006600
2023-04-11,104.84445190429688,0.0,105.61703643240772,103.96279392704137,104.48997186275726,0.0,11758500
2023-04-12,104.7353744506836,0.0,105.97150540582744,104.46269432357404,105.58067452327076,0.0,10919000
2023-04-13,105.22618865966797,0.0,105.3352620985353,103.73555300119988,104.16274863525057,0.0,12399700
2023-04-14,105.48069763183594,0.0,106.03514216646496,104.63539751629858,105.34435756135365,0.0,11530800
2023-04-17,104.2536392211914,0.0,105.89879731079593,103.99914146621445,104.97169042104422,0.0,13260400
2023-04-18,106.2896499633789,0.0,106.53505656577055,103.89008946080524,103.97188935008755,0.0,17436100
2023-04-19,105.95333862304688,0.0,106.25328540046387,105.22619618104402,105.50796751795586,0.0,10682600
2023-04-20,105.1080551147461,0.0,105.14441293605428,102.91755012365401,104.64450156124833,0.0,17038700
2023-04-21,105.44434356689453,0.0,106.23510352163113,104.7626501247868,105.88062348649866,0.0,14315300
2023-04-24,107.43487548828125,0.0,108.06203562612416,105.32617087930032,105.36252869224492,0.0,15831300
2023-04-25,105.90789794921875,0.0,107.01678713993807,105.09895555950608,106.84409617065272,0.0,12179800
2023-04-26,104.93534088134766,0.0,106.42597665048599,104.23547199998346,105.46251880653041,0.0,15566100
2023-04-27,106.18966674804688,0.0,106.35327345969277,104.41725954945889,105.08986877208349,0.0,16279200
2023-04-28,107.5621337890625,0.0,108.99823632073424,106.18966263652595,106.57140930407077,0.0,24381900
2023-05-01,104.22637939453125,0.0,106.61685546588886,104.02641487842058,105.42615955665106,0.0,17355000
2023-05-02,100.07259368896484,0.0,103.56286764089832,99.33636700691581,103.56286764089832,0.0,24324100
2023-05-03,98.1002197265625,0.0,99.80899525814927,97.94570422874452,99.14548426891044,0.0,16212300
2023-05-04,96.38236236572266,0.0,98.84554712161956,96.26420466789823,98.0729626229801,0.0,17177200
2023-05-05,98.78192901611328,0.0,99.46362248827052,97.73666430522992,98.66377131070874,0.0,14968200
2023-05-08,99.17277526855469,0.0,100.86337577719651,99.10915081648946,100.43618005566779,0.0,11187800
2023-05-09,99.20003509521484,0.0,100.19076656317623,98.35473489888051,98.47289260616897,0.0,11370800
2023-05-10,97.92754364013672,0.0,99.9908065588514,96.99135232392358,99.74539301050629,0.0,14884800
2023-05-11,96.1551284790039,0.0,97.09131965113171,95.37345281528587,96.7913728868935,0.0,17165900
2023-05-12,96.14604187011719,0.0,97.26402216526603,95.23711728154048,96.62777079253576,0.0,12613300
2023-05-15,96.32939910888672,0.91,97.1178576819243,95.8801633620641,96.73279847036207,0.0,13715600
2023-05-16,93.99153137207031,0.0,96.09103098133424,93.53312552711446,95.92600459736141,0.0,14795200
2023-05-17,96.10018920898438,0.0,96.47608531297027,94.29406928337204,94.78914837425441,0.0,14064700
2023-05-18,96.9711685180664,0.0,97.09952858867456,95.46759791930957,95.85266414169794,0.0,12005600
2023-05-19,97.42041778564453,0.0,98.14469990209929,97.0170183803486,97.70462718771113,0.0,13359600
2023-05-22,96.23771667480469,0.0,98.1355164445558,96.15519999191939,97.03533830596307,0.0,12882000
2023-05-23,97.54875946044922,0.0,99.21735635802837,96.95283049816003,97.17286333225901,0.0,14394400
2023-05-24,98.63976287841797,0.0,99.4832349193502,97.85131128806476,98.44723326969846,0.0,16340300
2023-05-25,96.87033081054688,0.0,97.57627276541737,95.99935546966483,97.12703697595433,0.0,14316500
2023-05-26,96.23771667480469,0.0,98.05299976167052,96.10936360784316,97.61293410200746,0.0,12370300
2023-05-30,95.38507080078125,0.0,95.45841740066776,94.07403005535605,94.6974621649579,0.0,11938000
2023-05-31,93.67980194091797,0.0,94.46826041230361,93.27640263145085,93.78065176828474,0.0,24926100
2023-06-01,94.76165771484375,0.0,96.79698080463227,92.83635454697179,93.28559032070768,0.0,13551900
2023-06-02,96.96200561523438,0.0,97.30122146154395,95.83432416674,96.41192000402266,0.0,14112000
2023-06-05,96.5311050415039,0.0,98.27304867602605,96.34773850408577,98.27304867602605,0.0,10628000
2023-06-06,97.3195571899414,0.0,97.42957011035381,95.33007760568293,95.48593390607898,0.0,12209800
2023-06-07,99.50157928466797,0.0,99.8316320781474,97.8513223119895,97.90632877932987,0.0,16027100
2023-06-08,99.18984985351562,0.0,100.06081808099555,97.09035043721246,99.72159526880701,0.0,13517100
2023-06-09,98.45640563964844,0.0,99.5749170070858,98.2455428705389,99.43739385630418,0.0,12251600
2023-06-12,97.56710052490234,0.0,98.15385945987785,96.77864189451934,97.0078448220791,0.0,14112000
2023-06-13,97.58544158935547,0.0,99.32737825933604,97.43874835687971,98.44723984863644,0.0,13533800
2023-06-14,96.41192626953125,0.0,99.11651811400402,95.70597731024573,98.511419006045,0.0,16627700
2023-06-15,97.08119201660156,0.0,98.1263568129297,96.66862954242087,96.72363600705343,0.0,16224100
2023-06-16,96.38441467285156,0.0,97.88798535072448,96.22855835745803,97.51209617861545,0.0,43128900
2023-06-20,94.17488098144531,0.0,96.05434041115042,93.62479546530521,95.97183073135197,0.0,17514100
2023-06-21,95.2292251586914,0.0,95.92599695128895,93.81733442940026,93.9731907255299,0.0,13285700
2023-06-22,94.70665740966797,0.0,95.24757298948232,94.11072836795893,94.28491784558936,0.0,12455300
2023-06-23,93.88150024414062,0.0,94.26655940051586,93.1663883838104,94.05568967504367,0.0,17933600
2023-06-26,95.61428833007812,0.0,96.18271407422162,93.69814833405998,93.69814833405998,0.0,14283400
2023-06-27,95.85265350341797,0.0,95.90765995991794,94.67912880525309,95.39424771333891,0.0,13227500
2023-06-28,96.6319580078125,0.0,97.01701725674351,94.61496799941114,95.63262958209909,0.0,13084100
2023-06-29,97.82379150390625,0.0,97.8513017265076,96.38439762199096,96.87031362857446,0.0,11364400
2023-06-30,98.32806396484375,0.0,98.90565287143356,97.92466454103693,98.39224051002039,0.0,13544700
2023-07-03,98.52058410644531,0.0,99.4373958033168,98.16302810424287,98.54808733819655,0.0,7397000
2023-07-05,98.0163345336914,0.0,98.9423092420274,97.27371235840077,98.67643303046873,0.0,12491200
2023-07-06,94.35824584960938,0.0,96.92532106373564,93.90901013528831,96.34772529346276,0.0,17961400
2023-07-07,94.57830047607422,0.0,95.3484189640886,93.11139612700589,93.44144890607443,0.0,21929200
2023-07-10,95.98101806640625,0.0,96.03602452949761,94.20240114945948,94.40410084041856,0.0,14877600
2023-07-11,97.154541015625,0.0,97.32873748419186,96.09103604185454,96.50360552087314,0.0,12576500
2023-07-12,97.63127899169922,0.0,98.69478395403075,97.30122620992174,98.09885493167039,0.0,13238200
2023-07-13,95.8434829711914,0.0,97.39289677256563,94.72497172958757,97.15452380434255,0.0,26826800
2023-07-14,92.54297637939453,0.0,95.39426136119087,92.16708022028676,95.39426136119087,0.0,28181900
2023-07-17,92.94635772705078,0.0,93.21223393109524,91.88285990559037,92.34126570675997,0.0,18051300
2023-07-18,92.5246353149414,0.0,93.69815317469951,91.99288284888908,92.5246353149414,0.0,24617800
2023-07-19,93.1664047241211,0.0,93.8815167098737,92.41461943208401,92.64382235032357,0.0,15556500
2023-07-20,94.80750274658203,0.0,95.03670567518931,93.84484764854412,94.0098740369301,0.0,15740200
2023-07-21,95.24755859375,0.0,95.69679432880046,94.66996979154226,95.49510164806586,0.0,17121500
2023-07-24,96.7419662475586,0.0,97.32873216306456,95.31174225247787,95.67846832664982,0.0,15090900
2023-07-25,96.88866424560547,0.0,97.2645534189687,95.84349942932155,96.32023845291556,0.0,14116100
2023-07-26,96.34772491455078,0.0,96.92532068255213,95.93516250430743,96.36606506306488,0.0,15159600
2023-07-27,96.65029907226562,0.0,98.08969333031662,96.02686676334882,97.1820515993721,0.0,17677900
2023-07-28,95.49512481689453,0.0,96.41193665886294,93.80818739041865,96.36609326887681,0.0,17566400
2023-07-31,98.31888580322266,0.0,98.88731158141337,96.43942599491024,96.43942599491024,0.0,24197000
2023-08-01,97.7504653930664,0.0,98.39223078137759,96.75113700873256,98.05300793628847,0.0,14177400
2023-08-02,96.5311050415039,0.0,97.53042644023947,95.87099949623503,97.42041351250678,0.0,13484100
2023-08-03,98.2088623046875,0.0,98.90563409296632,96.54026545217978,97.08118094529499,0.0,16280400
2023-08-04,98.4839096069336,0.0,100.15250659525054,98.40139991267876,98.97898875661683,0.0,14279600
2023-08-07,98.28221130371094,0.0,99.40072269529074,97.64961598801011,98.92398368963809,0.0,12410800
2023-08-08,98.76813507080078,0.0,98.7864682285266,96.11854262006383,97.21872094101785,0.0,14065600
2023-08-09,100.44589233398438,0.0,101.23435099261418,99.29987765512925,99.66660375130658,0.0,19919600
2023-08-10,100.95929718017578,0.0,102.34367767739488,100.33586500454425,101.02347371319443,0.0,15837200
2023-08-11,102.52705383300781,0.0,102.74708668193577,100.89513013024902,101.18850959372567,0.0,14047000
2023-08-14,102.60957336425781,0.0,102.66458682780188,101.56440848826519,102.38954049423799,0.0,12973400
2023-08-15,99.97522735595703,0.91,102.47090782582988,99.79960294180557,102.36923127574815,0.0,14909600
2023-08-16,98.29293060302734,0.0,101.05667343322646,98.23747323922917,100.08612725442597,0.0,13695100
2023-08-17,100.19707489013672,0.0,101.81464757085183,99.29123108603106,99.29123108603106,0.0,16709500
2023-08-18,101.71296691894531,0.0,101.86085560530746,99.4760967657835,99.49458020705741,0.0,16224000
2023-08-21,100.48359680175781,0.0,102.5818232388217,99.95673064414395,102.00873790602613,0.0,11092400
2023-08-22,99.91976928710938,0.0,101.41718189550743,99.78111879617414,100.90879911276389,0.0,10518800
2023-08-23,99.04165649414062,0.0,99.18030697839757,97.71986837473001,98.9399799424893,0.0,11435600
2023-08-24,98.30218505859375,0.0,99.61472783987544,98.04337460054452,98.36688767310605,0.0,10818500
2023-08-25,100.05841827392578,0.0,100.68696104493434,98.55176749362236,99.30047026053813,0.0,13579300
2023-08-28,100.89956665039062,0.0,101.71297209693356,100.23404989773853,100.24328809281731,0.0,10382100
2023-08-29,101.50037384033203,0.0,101.69448171806629,100.21555951719294,101.36173039341993,0.0,9665000
2023-08-30,102.48939514160156,0.0,102.72972218288821,101.65750632155586,102.08269597795116,0.0,11922100
2023-08-31,102.77593994140625,0.0,102.98853124063561,102.24907373837019,102.71123732180732,0.0,17479800
2023-09-01,104.92961883544922,0.0,105.20691981150014,103.70950723452738,103.70950723452738,0.0,14843500
2023-09-05,104.9388656616211,0.0,107.0648210378643,104.91113697400993,105.4657318824039,0.0,18304000
2023-09-06,105.8447036743164,0.0,105.91864448658109,104.66156605340373,104.892647840365,0.0,13325500
2023-09-07,105.32707977294922,0.0,107.0833028325766,105.09599797699974,105.97411303284181,0.0,13248500
2023-09-08,106.86146545410156,0.0,107.26817166847593,105.66908255000493,105.86319041084995,0.0,14283200
2023-09-11,105.52119445800781,0.0,107.85049585321087,104.97583775368285,107.38833226231642,0.0,14383600
2023-09-12,108.59918975830078,0.0,108.765568919538,106.54718245372713,106.61188506909404,0.0,20145800
2023-09-13,107.62866973876953,0.0,109.03364408839612,107.12953216596527,108.52526832035917,0.0,13472800
2023-09-14,109.55126190185547,0.0,109.68067420396231,108.45131727643371,108.65467039852804,0.0,15210700
2023-09-15,107.86896514892578,0.0,109.54200192397451,107.684102557632,108.97816185285592,0.0,34568400
2023-09-18,108.73785400390625,0.0,109.29244892757205,107.86898415719371,108.63617744516087,0.0,14045300
2023-09-19,108.45130920410156,0.0,109.84703816175693,107.78579250934995,109.64369210685544,0.0,12562900
2023-09-20,107.59169006347656,0.0,109.08909564997076,107.51774219321445,107.72109531040675,0.0,11879900
2023-09-21,106.07579040527344,0.0,108.48828493775551,105.92789466973797,108.12779789745882,0.0,14400600
2023-09-22,106.24217224121094,0.0,107.8504996191069,106.1220051900661,106.95390109313539,0.0,13197300
2023-09-25,107.43455505371094,0.0,107.82277079061878,106.14049554529448,106.38081554315725,0.0,11316000
2023-09-26,107.6009292602539,0.0,107.89671367261442,106.63962815706803,106.75978815044502,0.0,11805400
2023-09-27,111.10411834716797,0.0,111.3814193073449,108.51600661109418,108.96892493079724,0.0,23976200
2023-09-28,110.42936706542969,0.0,111.56628552443597,109.24622942754556,110.9007758921686,0.0,16808100
2023-09-29,108.6823959350586,0.0,110.1613180727685,107.89671921053055,110.08737020286875,0.0,18813600
2023-10-02,106.87995147705078,0.0,108.87650161179255,105.88168346173677,108.63617456548691,0.0,14395000
2023-10-03,107.0648193359375,0.0,107.62865948192454,106.32535476846233,106.70433229860897,0.0,13297100
2023-10-04,103.0624771118164,0.0,105.45648104270019,102.1381499628315,105.4195141625505,0.0,19622200
2023-10-05,100.74242401123047,0.0,102.50789242633894,100.4743682651223,101.49113387175922,0.0,20128800
2023-10-06,99.06014251708984,0.0,100.0769010080552,97.15603077662436,97.72911616886802,0.0,25367500
2023-10-09,102.52637481689453,0.0,103.58935254344188,101.23231528249154,102.0827016949637,0.0,22369900
2023-10-10,102.0919418334961,0.0,103.01626908251663,101.78691920088283,102.61880808335552,0.0,13892000
2023-10-11,98.43160247802734,0.0,99.06014526201375,96.89722297868394,98.86603739443724,0.0,57939000
2023-10-12,98.41311645507812,0.0,99.67944018443715,98.06186761167666,99.44835838832851,0.0,31183000
2023-10-13,101.55583190917969,0.0,101.86085452533544,99.67944177118058,99.85506619567698,0.0,30276500
2023-10-16,101.6297836303711,0.0,102.3045456610561,100.87183552782422,102.13816646527471,0.0,18452000
2023-10-17,102.96080780029297,0.0,103.33978534300927,101.3802091106459,101.42642829216734,0.0,19775400
2023-10-18,104.40275573730469,0.0,104.80946196709772,103.24734672271718,103.35826852685808,0.0,23380300
2023-10-19,104.46746063232422,0.0,105.34557573374491,102.90535240602304,104.19016669402595,0.0,20972500
2023-10-20,102.67427062988281,0.0,104.74476165512453,102.40621488633813,104.37502935188851,0.0,22445300
2023-10-23,101.16759490966797,0.0,102.56333075882598,100.45586616924248,102.25830113347682,0.0,18185000
2023-10-24,100.18782043457031,0.0,101.50960855711932,99.93825520396051,101.39868675903908,0.0,16786100
2023-10-25,100.37268829345703,0.0,101.21382943907965,99.94749862333877,100.30798567087506,0.0,22047300
2023-10-26,99.45760345458984,0.0,100.14160359525653,98.44084496396493,99.31895296676446,0.0,18768300
2023-10-27,97.56272888183594,0.0,101.54657645296544,97.01737222209977,100.64997803160772,0.0,23092000
2023-10-30,97.86775970458984,0.0,98.36689723020385,97.24846218379454,97.73835446299252,0.0,19379900
2023-10-31,97.84002685546875,0.0,98.12657306572234,96.62916055257743,97.59046162930616,0.0,22185200
2023-11-01,97.64592742919922,0.0,99.06014695431429,97.47954824671173,98.46857809481592,0.0,28984900
2023-11-02,100.85334014892578,0.0,100.92728801653426,97.51651843270379,97.86776022575887,0.0,25212700
2023-11-03,99.62398529052734,0.0,100.54831249797637,98.47782152786648,100.19707069788623,0.0,30555600
2023-11-06,97.8585205078125,0.0,100.07690008507498,97.76608214871266,99.98446877803183,0.0,19097300
2023-11-07,96.32413482666016,0.0,96.92494890560035,95.4737555113899,96.56446186864758,0.0,20272500
2023-11-08,95.1409912109375,0.0,96.9619167746094,95.10401727970915,95.88045573139165,0.0,19184100
2023-11-09,95.1687240600586,0.0,96.1022964712639,95.07629275397196,95.82499550094735,0.0,18380500
2023-11-10,95.8989486694336,0.0,96.50900801704097,95.12251719290458,96.06532785041223,0.0,17825500
2023-11-13,96.90645599365234,0.0,97.18375696225819,95.95440014792571,96.17624374363301,0.0,15308400
2023-11-14,97.27957916259766,0.95,97.77395118056754,96.88781346343772,97.28890895063759,0.0,18260500
2023-11-15,96.69193267822266,0.0,98.08177223103526,96.5426845325697,96.97176227650704,0.0,20137600
2023-11-16,95.57257843017578,0.0,96.32812748237838,94.3506396684077,95.98300365188692,0.0,22469100
2023-11-17,97.90453338623047,0.0,98.34294088056423,95.84309158900678,96.13225095057047,0.0,22984900
2023-11-20,97.4754638671875,0.0,98.76269709601392,97.41016958275159,98.29630731674509,0.0,17458800
2023-11-21,97.43814086914062,0.0,97.6620059453729,96.28149633930768,97.20494600574045,0.0,14989000
2023-11-22,97.01839447021484,0.0,97.12100078102978,95.08754125589955,95.68451954616324,0.0,18072000
2023-11-24,97.54074096679688,0.0,98.38024384488497,96.92511026722694,97.02770945337026,0.0,9480800
2023-11-27,96.97175598144531,0.0,97.38218123880432,96.24418910997639,97.10234454214267,0.0,18013500
2023-11-28,96.91580200195312,0.0,97.85791139193309,96.89714242466204,97.2329436504659,0.0,20629500
2023-11-29,95.46065521240234,0.0,97.55008651696114,94.8077123775672,97.26092001878287,0.0,26802100
2023-11-30,95.83377075195312,0.0,97.45681232296943,94.96628546970074,96.17890175381038,0.0,29254700
2023-12-01,96.06695556640625,0.0,97.21427744511305,95.34871850620561,95.60989561900585,0.0,17845300
2023-12-04,95.54460906982422,0.0,96.41209433125253,94.76107055149713,95.26477235973387,0.0,21523900
2023-12-05,93.68836975097656,0.0,95.46064500358094,93.54845141089137,95.39535072708017,0.0,22250300
2023-12-06,92.4477767944336,0.0,93.94955235843392,91.72953259432414,93.27794997993156,0.0,31154800
2023-12-07,91.80416107177734,0.0,94.06148586174429,91.49634211408826,93.1473658932983,0.0,29990700
2023-12-08,92.85819244384766,0.0,93.08205750800478,92.11196607460114,92.36381338221014,0.0,22074900
2023-12-11,92.92350006103516,0.0,93.14736515733883,91.9534084883284,93.09140066239868,0.0,22252300
2023-12-12,91.45904541015625,0.0,92.04669401408555,90.92736130663629,92.04669401408555,0.0,26084000
2023-12-13,92.27054595947266,0.0,92.37315227327059,91.09524891940269,91.44970256563197,0.0,19915400
2023-12-14,94.75173950195312,0.0,95.2740937236222,93.01676913250363,93.13802790066465,0.0,26165700
2023-12-15,94.11744689941406,0.0,94.21072342008587,93.56710332932836,93.82828043382638,0.0,55527000
2023-12-18,94.81703186035156,0.0,96.17888899395214,94.6957659781027,95.2647620079927,0.0,21610400
2023-12-19,96.06695556640625,0.0,96.25351573022255,94.94762304967882,95.143505884279,0.0,18904700
2023-12-20,94.46257019042969,0.0,96.95309668885038,94.33198163893704,96.54267146042075,0.0,20988900
2023-12-21,94.89166259765625,0.0,95.1528397215729,94.0335000406607,94.64913793264384,0.0,19250900
2023-12-22,95.05956268310547,0.0,96.02032443372542,94.97560882713036,95.4326687915282,0.0,12927800
2023-12-26,95.27410125732422,0.0,96.10427447521162,95.25544879787934,95.83376755573077,0.0,16835100
2023-12-27,94.82635498046875,0.0,95.65652805753956,94.52785874763782,95.18080858214263,0.0,14558800
2023-12-28,93.4551773071289,0.0,94.77972244557415,93.39920569972155,94.57450982367988,0.0,16329300
2023-12-29,93.25930786132812,0.0,93.8282968720729,92.92350663484503,93.62309133726087,0.0,17746400
2024-01-02,95.47930908203125,0.0,96.16956391139425,94.0708100607339,94.13610434031496,0.0,23483000
2024-01-03,96.28150177001953,0.0,96.65461499581356,94.82636801761996,95.39535696919084,0.0,23490800
2024-01-04,95.44200897216797,0.0,97.54076308502827,95.19016160990392,97.0837030708598,0.0,19395200
2024-01-05,95.73116302490234,0.0,96.44940726644523,95.26477324809801,96.23486483783621,0.0,15827400
2024-01-08,94.13611602783203,0.0,94.24805214238678,92.25190435702719,93.95889274213319,0.0,23370100
2024-01-09,92.97013092041016,0.0,94.481236270145,92.52240074633207,94.481236270145,0.0,19496600
2024-01-10,92.0560073852539,0.0,93.09139315743309,91.56163540902364,93.09139315743309,0.0,18206100
2024-01-11,92.037353515625,0.0,92.81156222507077,91.93474719911806,92.38248449992496,0.0,15833400
2024-01-12,93.23131561279297,0.0,93.88426558478591,92.5037486834225,93.4085460092193,0.0,18041700
2024-01-16,91.12323760986328,0.0,93.28728590716041,90.97398946413223,93.11005551324061,0.0,20235700
2024-01-17,90.4609603881836,0.0,91.37508032653027,90.08784715931962,90.1064996183185,0.0,18384000
2024-01-18,90.2930679321289,0.0,90.56356775298791,89.37894079481873,90.47962100510965,0.0,20940300
2024-01-19,90.43296813964844,0.0,90.49826241887573,89.92927348077657,90.21843284356277,0.0,20088400
2024-01-22,90.31170654296875,0.0,90.57288365170614,89.33228526866107,90.19977044642023,0.0,19955900
2024-01-23,91.32843780517578,0.0,91.87877425533341,90.22775778831821,90.3023747344712,0.0,15863400
2024-01-24,92.90483093261719,0.0,92.95147275130036,91.16986060243012,91.71087438636853,0.0,17330600
2024-01-25,95.26476287841797,0.0,95.31140469763868,92.92349157762142,93.567104560304,0.0,22089500
2024-01-26,96.07627868652344,0.0,96.15090274687142,94.38795024126732,95.11551703830493,0.0,20817200
2024-01-29,96.19754791259766,0.0,96.26284219337005,95.0129210710007,96.05763667990173,0.0,18317500
2024-01-30,97.80192565917969,0.0,97.82990790453358,95.23678212578109,95.52594859970405,0.0,19610900
2024-01-31,95.89906311035156,0.0,97.8299164912129,95.8617510744239,97.69932792373768,0.0,22415300
2024-02-01,95.5073013305664,0.0,97.01840682325575,94.78906417995361,96.60798152773786,0.0,19240700
2024-02-02,95.11553192138672,0.0,97.00907327061822,94.77973071381881,96.77587838294846,0.0,21973400
2024-02-05,94.7237777709961,0.0,95.49797948391186,93.74435627671133,94.63049411131635,0.0,17190900
2024-02-06,95.37671661376953,0.0,96.11361337117657,94.7424261843903,95.20881599668256,0.0,13347900
2024-02-07,95.34872436523438,0.0,95.82444391651991,94.3786328034068,95.37670661239065,0.0,13826800
2024-02-08,96.98108673095703,0.0,97.40083466356984,95.24611627414974,95.46065157604771,0.0,19636900
2024-02-09,94.92896270751953,0.0,97.79259537092808,94.86366842984738,97.10234056174501,0.0,20410500
2024-02-12,96.23486328125,0.0,96.44940570638882,95.14351292915067,95.29276107125474,0.0,18173100
2024-02-13,95.40637969970703,0.95,97.05391443927621,94.70970987812574,96.74324191865249,0.0,18917400
2024-02-14,94.93565368652344,0.0,96.61143788041699,94.54024708037521,95.90535157686028,0.0,17651300
2024-02-15,97.65644836425781,0.0,97.85415167174521,94.70971019471911,94.70971019471911,0.0,23196300
2024-02-16,97.65644836425781,0.0,98.50374620129485,97.45873787408894,97.92005277424101,0.0,20151400
2024-02-20,96.73383331298828,0.0,98.02362034292699,96.63968989958505,97.76000872964308,0.0,17650000
2024-02-21,98.71086883544922,0.0,98.83326173122441,96.95977413869932,96.98801644305307,0.0,20991300
2024-02-22,98.62614440917969,0.0,99.23808735544037,97.39284202074242,98.0612767598167,0.0,20470700
2024-02-23,97.760009765625,0.0,97.9953718929683,96.85622005854859,97.79766856792178,0.0,15975900
2024-02-26,98.14599609375,0.0,98.79559779081414,97.01626088229015,97.64702958897722,0.0,13360800
2024-02-27,97.93888092041016,0.0,98.99330576819608,97.76941991242103,98.5508238482977,0.0,16360000
2024-02-28,98.21190643310547,0.0,99.25691483421214,97.91064320286546,98.35312514349215,0.0,14810500
2024-02-29,98.40019226074219,0.0,98.91799179934898,98.1177620255146,98.55082746567577,0.0,17566100
2024-03-01,99.64289855957031,0.0,100.1606980700578,99.20983314292691,99.52992934468686,0.0,18460100
2024-03-04,98.24957275390625,0.0,99.65232910368982,97.93889300381515,99.47345876068067,0.0,18138000
2024-03-05,99.45462036132812,0.0,100.04773033888746,98.21190861119273,98.40961193704584,0.0,19952700
2024-03-06,100.51844787597656,0.0,101.27160950927293,99.93475443371945,100.37723635457995,0.0,20472800
2024-03-07,101.08332061767578,0.0,101.6576047351744,100.35840130353684,100.35840130353684,0.0,15195400
2024-03-08,102.0341796875,0.0,102.05301267866557,100.51844711934463,100.95151972397325,0.0,16281500
2024-03-11,102.63670349121094,0.0,102.73085407926727,101.05506985979552,101.91179136887452,0.0,17577300
2024-03-12,101.97769927978516,0.0,102.88148896055544,101.70467835809175,102.67436914529273,0.0,14957200
2024-03-13,103.1168441772461,0.0,103.88883159346946,102.72143756513492,102.74967986847409,0.0,17122200
2024-03-14,104.94326782226562,0.0,105.01858542781602,103.26749060352128,103.39929282189338,0.0,22121000
2024-03-15,104.75496673583984,0.0,105.72466468079699,104.35956010741948,104.35956010741948,0.0,38264400
2024-03-18,105.72466278076172,0.0,106.25187160918078,104.59492034213027,105.2445220647763,0.0,16770500
2024-03-19,106.46839904785156,0.0,106.84497985478502,105.49870831830789,105.64934351415387,0.0,14878800
2024-03-20,106.37427520751953,0.0,106.76027258086135,105.56462883763048,106.12008724612775,0.0,16119700
2024-03-21,106.84498596191406,0.0,107.24039978227037,105.97885508433716,106.30836061573251,0.0,14878000
2024-03-22,106.84498596191406,0.0,107.03327996748419,106.21421720428839,106.83557664864698,0.0,14701900
2024-03-25,107.93707275390625,0.0,109.00090698095036,107.16508526554634,107.16508526554634,0.0,14011700
2024-03-26,107.12742614746094,0.0,108.24775216584003,106.76967830165512,107.94648893182406,0.0,13152300
2024-03-27,108.23834228515625,0.0,108.32306920801952,106.76968482739959,106.83558593940964,0.0,12415700
2024-03-28,109.43397521972656,0.0,109.63167854929199,108.3230656659668,108.76554762471517,0.0,18482100
2024-04-01,110.14006042480469,0.0,110.37542255497812,108.62432773187327,109.5940257416408,0.0,13817000
2024-04-02,112.29597473144531,0.0,112.59723796092052,110.46015304912477,111.01560421050516,0.0,19919600
2024-04-03,112.31480407714844,0.0,112.7384530107969,111.7781787426089,112.48426508714417,0.0,16504300
2024-04-04,112.71021270751953,0.0,112.86084072870044,111.69344662949152,112.07944395237843,0.0,18467400
2024-04-05,114.26360321044922,0.0,114.99793186666837,112.63489419952376,112.95499041381625,0.0,21720600
2024-04-08,113.49161529541016,0.0,114.61193408420672,113.17151908240987,113.99058183248417,0.0,17513900
2024-04-09,114.08473205566406,0.0,114.5272140097383,113.29391156307385,113.91527103458633,0.0,14132300
2024-04-10,115.04500579833984,0.0,115.29920091999767,113.66108251307783,114.12239027483183,0.0,17409200
2024-04-11,114.65899658203125,0.0,115.50630154224015,113.29389215094999,115.50630154224015,0.0,17555900
2024-04-12,113.32215881347656,0.0,116.50425216564958,112.66314055222324,115.7510904906978,0.0,21556200
2024-04-15,112.67253875732422,0.0,114.56485195100106,112.45600247655607,113.99997719514704,0.0,15029500
2024-04-16,111.74051666259766,0.0,113.18093161394266,111.01559734785025,112.55957220130202,0.0,18082200
2024-04-17,111.68402099609375,0.0,112.36186499265428,110.2624390850262,111.60871058300579,0.0,14538600
2024-04-18,111.58047485351562,0.0,112.71021738128789,111.06268247980023,112.03237330116096,0.0,13821400
2024-04-19,112.86083984375,0.0,113.84936360897312,111.98529248053808,112.18300297972814,0.0,21572400
2024-04-22,113.50102996826172,0.0,114.45189497368433,111.49574722947423,112.2771512159372,0.0,16340700
2024-04-23,113.9435043334961,0.0,113.97174663766273,112.45601406414555,112.97381358280606,0.0,13929800
2024-04-24,113.96234130859375,0.0,114.16004462735312,112.39953338504552,113.25625494901803,0.0,12101200
2024-04-25,114.22593688964844,0.0,114.63075999176897,112.4089411777141,113.94349949461315,0.0,16041000
2024-04-26,111.05326843261719,0.0,112.12651918892642,109.41514999130554,112.03237577187308,0.0,27289500
2024-04-29,112.63489532470703,0.0,113.02089264834487,110.86497477196762,110.86497477196762,0.0,17309900
2024-04-30,111.34510803222656,0.0,113.16210387717085,111.0720942951033,112.13592848660718,0.0,21083300
2024-05-01,109.23626708984375,0.0,111.53340370273219,108.88793574563759,111.35452619126505,0.0,27777700
2024-05-02,109.43397521972656,0.0,110.3942567435384,109.1138861669108,109.45280821264647,0.0,25513600
2024-05-03,109.20801544189453,0.0,109.27391654321602,107.44750433133319,109.20801544189453,0.0,28023300
2024-05-06,109.91410827636719,0.0,111.4110078878613,109.58460275019067,109.83879067533205,0.0,31401300
2024-05-07,109.3680648803711,0.0,110.69551064459391,109.14211926317547,110.41307323608814,0.0,30122000
2024-05-08,109.3492431640625,0.0,110.10239764379489,108.6525732950725,108.93500353146642,0.0,18957200
2024-05-09,111.50515747070312,0.0,111.58988438408903,109.38689844387476,109.39630775690762,0.0,17564000
2024-05-10,111.05326843261719,0.0,111.71228671735524,110.69552057474154,111.59931030728183,0.0,13648100
2024-05-13,111.00617980957031,0.0,112.07001387285042,110.26243474167889,111.48631330265336,0.0,15060600
2024-05-14,111.6800537109375,0.95,111.74649009913641,110.55063511155589,110.84485236771921,0.0,15079100
2024-05-15,112.5437240600586,0.0,112.79048362813622,110.17098577530963,111.62310044701238,0.0,18244300
2024-05-16,111.86986541748047,0.0,113.22707198369147,111.55666223119582,112.50575752949659,0.0,15745200
2024-05-17,113.54976654052734,0.0,113.73009697327454,111.95528607066845,112.27798225342539,0.0,15104500
2024-05-20,112.6291275024414,0.0,113.78702482408866,112.51524071081829,113.63517335491723,0.0,11551300
2024-05-21,111.85087585449219,0.0,113.36942683466546,111.78443947539155,112.37288114815593,0.0,14495000
2024-05-22,109.60152435302734,0.0,111.48072892215099,109.1079907604135,111.48072892215099,0.0,17879300
2024-05-23,107.73181915283203,0.0,111.52820069191566,107.58945339691178,109.71542503131212,0.0,15979800
2024-05-24,107.6463851928711,0.0,109.22188683735912,107.2857315923241,108.9940987560451,0.0,12212900
2024-05-28,109.0130844116211,0.0,109.25035823155915,107.31420299194195,107.74129297142152,0.0,13978300
2024-05-29,107.845703125,0.0,108.71887635917477,107.06744521962156,108.69989039700633,0.0,13902000
2024-05-30,108.18737030029297,0.0,108.3202430618822,107.20980330816252,107.50402053153549,0.0,14683700
2024-05-31,111.29092407226562,0.0,111.50921195035008,108.18737818643461,108.31076521763474,0.0,29037400
2024-06-03,108.62395477294922,0.0,110.4367302813921,107.96908393632154,110.37978688021298,0.0,19589300
2024-06-04,106.93456268310547,0.0,107.333180959965,105.27364595516845,107.24776586107609,0.0,19412200
2024-06-05,107.3616714477539,0.0,107.42810783437598,105.80515561173151,107.1433763254111,0.0,14863500
2024-06-06,108.16838073730469,0.0,108.23481711143948,106.40306309198401,107.01048343865115,0.0,13154100
2024-06-07,107.01050567626953,0.0,109.05106222162698,106.93457630690199,107.99756575497786,0.0,13289200
2024-06-10,107.3237075805664,0.0,108.40567573722991,106.96304670099649,107.30472161794529,0.0,15239700
2024-06-11,106.46002197265625,0.0,106.93456964008293,105.64379940540053,106.76373219016841,0.0,12462400
2024-06-12,105.28314208984375,0.0,107.53250056126957,104.91299550152365,107.53250056126957,0.0,13606800
2024-06-13,104.43843841552734,0.0,105.21669620284227,104.1347282361123,105.19771024355403,0.0,14466900
2024-06-14,103.55580139160156,0.0,104.59980490072024,103.06226772043925,104.41947445460055,0.0,13313400
2024-06-17,102.84397888183594,0.0,103.88798238133162,102.67314141893495,103.61274384437874,0.0,21147900
2024-06-18,103.81204223632812,0.0,105.08383371504209,103.26157246057863,103.47986032655967,0.0,17762900
2024-06-20,106.05191040039062,0.0,106.88711892704299,104.01135398780505,104.31507144551335,0.0,17433200
2024-06-21,105.1218032836914,0.0,106.96304334387888,105.1218032836914,106.20377140639651,0.0,52212500
2024-06-24,108.24431610107422,0.0,108.69987776585843,105.95699307410571,105.95699307410571,0.0,16266700
2024-06-25,108.54804229736328,0.0,108.71887975710395,107.68436201727904,108.30127546862163,0.0,14188900
2024-06-26,108.58599853515625,0.0,108.97512384922648,107.38064342935306,108.5670125738713,0.0,15771800
2024-06-27,109.05105590820312,0.0,109.13647101302915,108.3012697214092,109.13647101302915,0.0,16812700
2024-06-28,109.25985717773438,0.0,110.60757081072606,108.8422529147139,109.96218569561384,0.0,24565900
2024-07-01,109.10800170898438,0.0,110.79739029110158,108.69989041457222,109.81982322893418,0.0,11972900
2024-07-02,108.36770629882812,0.0,110.03811612607076,107.7128281965691,110.0001514435172,0.0,13326700
2024-07-03,108.91817474365234,0.0,109.77236193117841,108.45311284981901,108.45311284981901,0.0,7732900
2024-07-05,107.59893798828125,0.0,108.79479286630983,106.95355288731963,108.77581414614446,0.0,12631000
2024-07-08,106.46951293945312,0.0,107.76977613037391,105.748198471123,106.66882208707936,0.0,13350500
2024-07-09,105.29264068603516,0.0,106.81119180129058,104.98893046298407,105.45398515805729,0.0,11727000
2024-07-10,106.2227554321289,0.0,106.2607201170524,104.79911233210244,105.27366003211127,0.0,10004100
2024-07-11,107.48504638671875,0.0,107.55148277034115,105.28314550534697,105.7576931715135,0.0,13082700
2024-07-12,107.50401306152344,0.0,108.33922149464622,106.89659269617337,108.18736278279775,0.0,11684900
2024-07-15,109.34526062011719,0.0,110.2469054335663,107.7982380014087,108.45310878645778,0.0,13032500
2024-07-16,110.13301849365234,0.0,110.4272357168877,107.92162472663065,108.52904513390372,0.0,13614100
2024-07-17,111.65158081054688,0.0,112.16409318873951,110.61707031382288,110.79739351355911,0.0,13602800
2024-07-18,112.75252532958984,0.0,113.81550743881321,111.46175513322785,111.94578852609669,0.0,13033600
2024-07-19,110.16149139404297,0.0,112.82844687506474,109.9716752300855,112.55320836861065,0.0,16157700
2024-07-22,109.40221405029297,0.0,110.03811341612611,108.74734320518448,109.3167989474181,0.0,12065900
2024-07-23,107.63690185546875,0.0,109.30730437624528,107.40911376907171,108.96562948767223,0.0,11251700
2024-07-24,109.15545654296875,0.0,109.33577973278462,107.31420927531511,107.97857311363201,0.0,14925200
2024-07-25,111.45226287841797,0.0,112.02171861792755,108.72835672375075,109.30730544387522,0.0,17021700
2024-07-26,111.35734558105469,0.0,112.02170934867254,110.54112310025448,110.82584732593843,0.0,11252500
2024-07-29,110.18997192382812,0.0,111.41430583021793,109.5066220931898,111.34786944340715,0.0,8861800
2024-07-30,112.15458679199219,0.0,112.56269804945765,110.3133468843067,110.43672666316006,0.0,12483900
2024-07-31,112.55320739746094,0.0,113.66365439420058,112.52473569721523,113.54976035219532,0.0,15137700
2024-08-01,110.99669647216797,0.0,113.40739949069469,110.43673370050993,112.32543138865817,0.0,15051500
2024-08-02,110.93026733398438,0.0,112.81897238651919,109.54458892404423,110.06659428851833,0.0,20403800
2024-08-05,108.92766571044922,0.0,110.12352783037772,107.48504402307684,109.65847315524763,0.0,18025900
2024-08-06,108.34872436523438,0.0,109.74388839233767,107.84569776708288,108.62395563379644,0.0,13647800
2024-08-07,109.79135131835938,0.0,111.15805095119691,109.39273300578941,109.57305619993892,0.0,13660700
2024-08-08,111.88883972167969,0.0,112.09764183762903,109.83879772358704,110.17097961667818,0.0,13851000
2024-08-09,112.79998016357422,0.0,113.23656315280392,111.3858301287842,111.88884950243968,0.0,12151900
2024-08-12,112.94234466552734,0.0,114.05278446767068,112.01222805282005,113.46434999526451,0.0,13228900
2024-08-13,111.86036682128906,0.0,112.47728018241818,111.51869195177208,112.25898508871818,0.0,11585100
2024-08-14,112.89488220214844,0.0,113.79652707508161,111.64207670507142,112.08815265133002,0.0,12194500
2024-08-15,113.59331512451172,0.95,114.45437203854335,113.00970534098043,113.1340784442847,0.0,11579400
2024-08-16,113.05752563476562,0.0,113.35411884819521,112.56959538238668,112.885312810597,0.0,10056000
2024-08-19,113.40196228027344,0.0,115.28673412219544,113.05753659853544,113.27758917827,0.0,12417500
2024-08-20,109.62285614013672,0.0,113.51677291362373,109.5558848855291,113.51677291362373,0.0,15632000
2024-08-21,108.92443084716797,0.0,110.57001851982926,108.83832808024263,110.03424850522103,0.0,11752400
2024-08-22,109.766357421875,0.0,110.03424241435053,108.72351107337401,108.85745356961178,0.0,10609500
2024-08-23,111.28755950927734,0.0,111.67025546639427,110.05336887971737,110.05336887971737,0.0,10381400
2024-08-26,113.66983795166016,0.0,113.79421834275422,111.86160692089928,112.66526921197007,0.0,13671000
2024-08-27,112.58873748779297,0.0,114.24389463685554,112.3208524692902,113.81335888627382,0.0,9991600
2024-08-28,111.47891235351562,0.0,112.4930578122389,111.23016616680962,111.93814899699846,0.0,10742900
2024-08-29,113.01925659179688,0.0,113.65070605403164,111.31626714417274,112.12949154003252,0.0,10753900
2024-08-30,112.83748626708984,0.0,112.91401962680179,111.25886984634205,111.7372380163069,0.0,13284700
2024-09-03,110.47434997558594,0.0,111.0675218543011,109.1062166724847,110.82833776144648,0.0,15725100
2024-09-04,109.1253433227539,0.0,111.12492604551127,109.04880996393537,110.30213221883086,0.0,12620600
2024-09-05,108.27384948730469,0.0,110.29256374196318,108.1781773134854,110.091649987147,0.0,17200800
2024-09-06,107.76677703857422,0.0,109.24015182730035,106.89615079483349,108.67567361051393,0.0,13467700
2024-09-09,110.03424835205078,0.0,111.1249271941673,107.78591941608494,107.98683317128335,0.0,21645300
2024-09-10,106.02552032470703,0.0,110.40737448968557,105.4036402472576,110.12035066953383,0.0,20913400
2024-09-11,104.97310638427734,0.0,106.14988792750249,103.10746624847079,105.98724451084838,0.0,19571900
2024-09-12,106.41778564453125,0.0,106.51345781806927,105.01138206563364,105.14532456845066,0.0,15919500
2024-09-13,106.34124755859375,0.0,107.60413925807688,106.13076439212671,106.64740290091332,0.0,10035400
2024-09-16,107.83375549316406,0.0,108.19731268636781,106.85788760650179,107.20231328398712,0.0,11729000
2024-09-17,109.24015808105469,0.0,109.42194032557674,107.26928351155122,107.46062786418138,0.0,12202600
2024-09-18,109.62285614013672,0.0,110.62742495925097,108.88616504013363,109.1731888737773,0.0,12569900
2024-09-19,110.98140716552734,0.0,112.49305222185974,110.2064531236879,111.13448847218713,0.0,12660600
2024-09-20,110.28299713134766,0.0,110.51261911351948,109.30712925473449,110.46477937573722,0.0,36206200
2024-09-23,112.28257751464844,0.0,112.69397443307146,110.13949015555409,110.34040391115803,0.0,16066300
2024-09-24,111.9859848022461,0.0,113.04796265991729,111.77550165217525,112.74180004212802,0.0,11984900
2024-09-25,109.80462646484375,0.0,111.98599145017535,109.10621302467746,111.45021413655684,0.0,13816000
2024-09-26,107.91986846923828,0.0,108.57044951097761,106.3316825470172,106.3316825470172,0.0,16887900
2024-09-27,110.80919647216797,0.0,111.06751205796664,108.35038450646637,108.83832205666232,0.0,15964000
2024-09-30,112.14863586425781,0.0,112.31127929155775,109.98640967428068,110.46477784821161,0.0,13247600
2024-10-01,114.74139404296875,0.0,115.38240566404271,110.91444853305477,111.01969011852294,0.0,23235900
2024-10-02,116.26260375976562,0.0,117.50636399567927,114.99971200761122,116.65486918623603,0.0,17129700
2024-10-03,117.27674865722656,0.0,117.84121962470826,115.69813215091226,116.62616761883785,0.0,16524300
2024-10-04,119.42939758300781,0.0,119.77382324505331,117.13322893581076,117.8699126967132,0.0,19752300
2024-10-07,119.94603729248047,0.0,120.87406540867782,119.45809971641455,119.83122630419466,0.0,15714400
2024-10-08,116.76009368896484,0.0,118.6544273903488,116.01384057633976,118.5204848983042,0.0,14818500
2024-10-09,116.80792999267578,0.0,117.27673602968417,115.57374660355843,115.66941877257204,0.0,11144900
2024-10-10,117.81250762939453,0.0,118.3482776226646,116.9992832326614,117.83164644305057,0.0,10243300
2024-10-11,118.26217651367188,0.0,118.66400401424605,117.62116493428182,117.7742389490782,0.0,8294800
2024-10-14,118.71183776855469,0.0,118.8840505885981,117.31500369456633,117.90817550857929,0.0,9808100
2024-10-15,115.14321899414062,0.0,116.67399570400183,114.59787956314884,115.5928862493884,0.0,15771300
2024-10-16,115.43981170654297,0.0,116.18606489302152,115.38240256190063,115.65985697982813,0.0,8426800
2024-10-17,115.14321899414062,0.0,116.32000792381714,114.53090831019614,115.53548440380584,0.0,11204900
2024-10-18,114.81792449951172,0.0,115.42066573599409,113.99513070406799,115.22932139723359,0.0,12898600
2024-10-21,114.88490295410156,0.0,116.22433530739619,114.54047728327383,115.7459671311709,0.0,10177800
2024-10-22,115.47806549072266,0.0,115.94687152105485,114.75095117711895,115.0571064931938,0.0,9201400
2024-10-23,115.06668090820312,0.0,115.52591758109556,114.2343249313571,114.77966437454974,0.0,8320300
2024-10-24,114.41609954833984,0.0,115.22933130630192,113.97600169188985,114.80836496564572,0.0,9905600
2024-10-25,114.32041931152344,0.0,115.21975377613641,114.15777589112454,114.99970121376475,0.0,10714600
2024-10-28,113.75595092773438,0.0,113.86119250782342,111.71809787630009,111.73723669049022,0.0,11844500
2024-10-29,112.2060317993164,0.0,114.01426281758802,112.00511805276608,113.44979190575405,0.0,14731000
2024-10-30,111.64157104492188,0.0,113.15320898497401,111.4406572800919,112.56960650579322,0.0,12303700
2024-10-31,111.7276611328125,0.0,113.53589211033584,111.63198896508526,112.08165618265365,0.0,20512000
2024-11-01,109.97684478759766,0.0,114.76052672354047,109.87160320106136,114.74139520749722,0.0,20939300
2024-11-04,113.4784927368164,0.0,113.56459549984741,110.91443916965865,111.04838166725267,0.0,14965400
2024-11-05,113.81334686279297,0.0,114.05253093251959,112.90445031755925,113.92815784401641,0.0,10436700
2024-11-06,115.76509857177734,0.0,116.63573215561843,114.1386496933891,115.9086104844161,0.0,20807700
2024-11-07,115.90861511230469,0.0,116.2434713889522,114.43524019573627,116.05212703067345,0.0,12184400
2024-11-08,115.8703384399414,0.0,116.16692436883903,114.48307367003814,115.7459653437983,0.0,12836000
2024-11-11,115.25802612304688,0.0,116.35827435553811,114.87533013357356,115.7650952068885,0.0,11969700
2024-11-12,115.14321899414062,0.0,116.06168502005734,114.65528140873141,115.8894721839905,0.0,11972800
2024-11-13,116.21476745605469,0.0,116.76967629974224,113.6602831126464,115.35370326745661,0.0,15127900
2024-11-14,116.29193115234375,0.99,117.56520020294245,116.07007773616972,117.35299482725819,0.0,13041800
2024-11-15,115.086181640625,0.0,116.94785602024972,114.91255371135902,116.1375972565408,0.0,19051700
2024-11-18,116.05078887939453,0.0,116.34981927880271,115.0476060256715,115.54920113218255,0.0,14239700
2024-11-19,114.43025207519531,0.0,115.51060442775005,114.0154746626277,115.51060442775005,0.0,11584400
2024-11-20,116.06043243408203,0.0,116.2051236076478,114.43990748060268,114.9511432491428,0.0,11360900
2024-11-21,117.61343383789062,0.0,118.2114872442051,116.01219763354798,116.79352701390856,0.0,14675400
2024-11-22,117.47837829589844,0.0,118.84810553801042,117.33368714005891,117.50731505520676,0.0,13323400
2024-11-25,115.72281646728516,0.0,117.56519471266405,115.37556061885698,117.13112858177797,0.0,26580300
2024-11-26,113.79362487792969,0.0,115.44308654061157,113.67787047098237,115.29839537175206,0.0,14827300
2024-11-27,113.49459838867188,0.0,114.52671790133839,113.27273762196486,113.90936844246187,0.0,11079100
2024-11-29,113.78398132324219,0.0,114.30486513609215,112.80973526443216,113.28239359196012,0.0,9426500
2024-12-02,113.67786407470703,0.0,114.01547187685078,112.68432938869907,113.8707880754307,0.0,12687300
2024-12-03,113.50424194335938,0.0,114.5170727607515,113.10876060047477,114.5170727607515,0.0,11756600
2024-12-04,110.2342529296875,0.0,113.38849235830149,109.82912355551821,113.34025951691538,0.0,19520600
2024-12-05,110.716552734375,0.0,111.5268188480717,110.02204102529167,110.64903117150848,0.0,15751200
2024-12-06,109.54939270019531,0.0,110.70690733676541,109.48187113571704,110.48505392175045,0.0,16171100
2024-12-09,108.90310668945312,0.0,110.870887330265,108.75841552952761,110.58150501041398,0.0,17412600
2024-12-10,108.6812515258789,0.0,109.84841418659421,107.79382315961084,109.56867989214697,0.0,20990900
2024-12-11,107.95780944824219,0.0,108.41117169855706,107.17648740111166,108.03497905665725,0.0,32392200
2024-12-12,107.86134338378906,0.0,108.4015158853667,106.85816062421746,107.63948261532774,0.0,14543300
2024-12-13,106.91603088378906,0.0,107.93850969252563,106.34692163832374,107.93850969252563,0.0,13106100
2024-12-16,104.62994384765625,0.0,106.49161823950607,104.33092082946176,106.29869422833337,0.0,20256100
2024-12-17,104.18623352050781,0.0,104.34056537586468,103.00942276630411,103.44348892875028,0.0,17554000
2024-12-18,102.65251922607422,0.0,104.97720398003229,102.54641285543637,103.76180841773433,0.0,17114500
2024-12-19,101.77472686767578,0.0,103.85825451258074,101.48534455288161,103.5881682770651,0.0,20565600
2024-12-20,102.12198638916016,0.0,102.38242459444051,101.12844433078396,101.71684966195993,0.0,40141200
2024-12-23,102.5367660522461,0.0,102.82614102455565,101.20561615800757,101.58180877351887,0.0,12285100
2024-12-24,102.63321685791016,0.0,103.39525007330954,101.95799392005479,102.74896389463552,0.0,7807000
2024-12-26,102.72003936767578,0.0,103.24092317286197,102.18951488114634,102.748976130303,0.0,9652400
2024-12-27,102.71039581298828,0.0,104.16693345933555,102.02552477324268,102.5367678827835,0.0,11943900
2024-12-30,102.01588439941406,0.0,102.78755836763834,101.7747349044755,102.53676819159719,0.0,11080800
2024-12-31,103.76180267333984,0.0,104.08012176763083,102.03517143499299,102.41136405213744,0.0,12387800
2025-01-02,103.5110092163086,0.0,105.14118219429668,103.09623178117016,104.44667045552545,0.0,12685400
2025-01-03,104.04153442382812,0.0,104.64922847683661,103.65569377586951,104.1765775467189,0.0,14237900
2025-01-06,103.92578125,0.0,105.89356195447863,103.7135685231496,104.40808022582422,0.0,15623700
2025-01-07,104.9000244140625,0.0,106.16364534168409,104.44666221152093,105.08330037491075,0.0,12625900
2025-01-08,103.14446258544922,0.0,103.8968478344745,102.25703420758856,103.51100716953117,0.0,17858100
2025-01-10,102.76826477050781,0.0,106.20223106054004,102.03516828007122,104.85179248109311,0.0,19304500
2025-01-13,105.42091369628906,0.0,105.74887347571597,103.33737853534691,103.33737853534691,0.0,17073400
2025-01-14,105.83568572998047,0.0,105.874270530177,104.01259623665896,104.93860936348115,0.0,11191200
2025-01-15,107.56232452392578,0.0,107.77453726039421,105.59454373026222,106.15401233380649,0.0,14521100
2025-01-16,107.37904357910156,0.0,107.7359474702131,106.63630639514311,107.25364849485615,0.0,10366600
2025-01-17,108.34364318847656,0.0,108.8741750132106,106.89674624025476,107.09931092989,0.0,19298500
2025-01-21,107.52374267578125,0.0,108.20860638819592,107.19577552150868,108.0832112946999,0.0,20416300
2025-01-22,105.65241241455078,0.0,107.62019311806061,105.52701733024561,107.26328922677901,0.0,15718000
2025-01-23,106.2504653930664,0.0,107.20541530052456,105.72958161828059,106.40479723783722,0.0,13726800
2025-01-24,104.81321716308594,0.0,106.79063855224442,104.5720676747033,106.33727633659736,0.0,14235900
2025-01-27,106.2697525024414,0.0,106.53983874616844,104.55276935934967,105.1508227271011,0.0,15926700
2025-01-28,104.21517181396484,0.0,106.94498599906277,103.97402230699787,106.50127178935941,0.0,15862000
2025-01-29,104.82286071777344,0.0,104.92896708431469,103.6653460855215,103.89684754011219,0.0,12345500
2025-01-30,105.69100952148438,0.0,105.9610958017718,104.85180655690627,105.3726903943031,0.0,14346300
2025-01-31,103.04800415039062,0.0,106.63630981977272,102.34384438566407,106.63630981977272,0.0,20376500
2025-02-03,103.29878997802734,0.0,103.50136202183707,101.59145486040312,102.86472384825966,0.0,14623200
2025-02-04,106.06719207763672,0.0,106.37586313418731,102.75862074056397,102.93224866982983,0.0,14835700
2025-02-05,105.99002838134766,0.0,106.11543083460066,105.2376430990253,105.8549852465359,0.0,13364400
2025-02-06,104.59136199951172,0.0,107.11861142251477,104.16693652224284,106.84851779924446,0.0,13411400
2025-02-07,105.03507232666016,0.0,105.84533844800303,104.48525177833046,104.92896596125456,0.0,10051600
2025-02-10,107.04143524169922,0.0,107.09930876348191,105.99001965375759,106.1154220966845,0.0,12142200
2025-02-11,107.71665954589844,0.0,108.52692571268362,106.89675269757096,107.64913797860791,0.0,12713100
2025-02-12,104.47581481933594,0.99,107.27871059103953,104.3103681731244,107.10352960530805,0.0,18244100
2025-02-13,105.23492431640625,0.0,105.50743383250001,103.6680298682113,104.2811669980159,0.0,15460000
2025-02-14,105.34198760986328,0.0,107.27871283290227,105.20573655423877,105.61448972111232,0.0,15733500
2025-02-18,107.19111633300781,0.0,108.01835698878502,105.41984522264791,105.72154292148859,0.0,20060300
2025-02-19,107.34683227539062,0.0,109.12783023727074,107.11325268602502,107.79451535065354,0.0,10964700
2025-02-20,109.00131225585938,0.0,109.4100653947888,107.00619598112617,107.60959877558759,0.0,16325800
2025-02-21,107.72639465332031,0.0,108.85533301866793,107.59987051379713,108.33952439634419,0.0,14710000
2025-02-24,108.29085540771484,0.0,108.86506261755424,107.36629366363685,107.9599621267186,0.0,13153500
2025-02-25,106.7920913696289,0.0,109.1278278103379,105.97457767528071,108.32005588006983,0.0,14497000
2025-02-26,106.52931213378906,0.0,106.92833833936338,105.61447736013068,106.80181421314481,0.0,10446400
2025-02-27,107.20084381103516,0.0,108.31032084073512,106.35413453042203,107.0645927670457,0.0,15293200
2025-02-28,108.34925079345703,0.0,108.59255728993469,106.41252573540493,107.1619139026261,0.0,18821700
2025-03-03,104.87483978271484,0.0,109.1570358287662,103.65830723696874,108.70934531782127,0.0,18706900
2025-03-04,104.66072845458984,0.0,106.0427076390864,103.10356828719051,103.51232143892183,0.0,19394900
2025-03-05,102.61695861816406,0.0,103.48312922156951,100.89434432590784,103.0062431038683,0.0,24822200
2025-03-06,104.73858642578125,0.0,105.21546509418013,101.56586753728773,102.60721907651602,0.0,17150200
2025-03-07,106.10108947753906,0.0,107.44414603651248,105.4003730327863,105.50742848096895,0.0,19625000
2025-03-10,108.80667114257812,0.0,109.55605190497604,106.15949520116564,106.35413743357088,0.0,22749100
2025-03-11,106.23735809326172,0.0,109.09863760185188,105.87726178540707,108.92345661764224,0.0,19904700
2025-03-12,106.20816040039062,0.0,107.18138648921528,105.51717076834021,106.13030795638025,0.0,14051500
2025-03-13,105.76046752929688,0.0,107.85290491217184,104.7483115993219,105.42957425369694,0.0,17767800
2025-03-14,108.90399169921875,0.0,109.17649379323602,105.41010647203251,106.02324360869656,0.0,15890100
2025-03-17,110.71420288085938,0.0,111.43438811365034,108.73855509184274,108.80668062163208,0.0,19908800
2025-03-18,110.59740447998047,0.0,111.47330938428212,109.55605293406776,111.03535321956865,0.0,15998700
2025-03-19,112.32002258300781,0.0,112.71904140453302,110.78232363392165,111.14241252222784,0.0,17315000
2025-03-20,112.7968978881836,0.0,113.35163642594821,111.15214352835284,111.64849088060285,0.0,16230800
2025-03-21,112.40760040283203,0.0,112.88447905277876,111.28838904366629,112.40760040283203,0.0,41102800
2025-03-24,112.69957733154297,0.0,113.77985881969165,112.48546641675668,112.58278753480717,0.0,14207500
2025-03-25,113.46841430664062,0.0,114.49030456345824,112.85528460762507,113.312702009722,0.0,12081800
2025-03-26,115.10343933105469,0.0,115.98907858264576,114.52923953726516,114.52923953726516,0.0,14110800
2025-03-27,114.73361206054688,0.0,115.88201903269292,114.1204823561861,114.93798862866713,0.0,12740800
2025-03-28,114.5779037475586,0.0,115.28835459119372,114.10101764689902,114.9379926264797,0.0,10233400
2025-03-31,115.74576568603516,0.0,116.69953041009215,114.63628866679791,114.63628866679791,0.0,21652300
2025-04-01,115.85282897949219,0.0,116.08640115063544,114.77254747840713,116.02800996413099,0.0,12425400
2025-04-02,115.49272155761719,0.0,115.65816818687688,114.50976869545687,115.22021947998364,0.0,12614600
2025-04-03,109.41980743408203,0.0,112.35894690076304,109.22516518997757,111.30786838742306,0.0,21204600
2025-04-04,101.54640197753906,0.0,107.86264435607121,101.05006204064861,106.92834824382831,0.0,30841300
2025-04-07,100.18388366699219,0.0,102.96731053351164,95.82382805698536,97.70215447494954,0.0,35068500
2025-04-08,98.07198333740234,0.0,102.77266682330787,96.35911087835369,102.63641577372731,0.0,27147800
2025-04-09,102.96731567382812,0.0,103.7264307798435,95.50266647271802,96.70947208112092,0.0,30063300
2025-04-10,97.25447845458984,0.0,101.00139722280905,95.1815096628531,100.9332716970278,0.0,33999300
2025-04-11,100.37853240966797,0.0,101.14738186644708,96.14500065282763,97.61457404110797,0.0,22884600
2025-04-14,100.62184143066406,0.0,102.27632275737315,99.96978175455963,102.2179315699983,0.0,18020000
2025-04-15,100.339599609375,0.0,102.58775672953735,100.2422784939205,100.8651425429795,0.0,13164900
2025-04-16,101.40042114257812,0.0,102.76293162702109,100.92353504789783,101.16684155228053,0.0,13607000
2025-04-17,104.05731964111328,0.0,105.64368273512856,101.6631846295756,101.88702987125949,0.0,17916500
2025-04-21,102.52935791015625,0.0,102.80186000292076,101.33229408477997,102.78239874991978,0.0,16926500
2025-04-22,105.40038299560547,0.0,106.0232470665664,103.29821118726827,103.29821118726827,0.0,13147000
2025-04-23,104.49527740478516,0.0,106.37360386582348,103.61937252720574,105.89671778378715,0.0,14235700
2025-04-24,105.7215347290039,0.0,105.96484122215047,104.09624913681478,105.0792094481619,0.0,9849600
2025-04-25,105.66314697265625,0.0,105.84806228948322,104.5439355828683,105.24465949387033,0.0,11245800
2025-04-28,105.7215347290039,0.0,106.32493750505238,104.79697302509689,105.83832451875922,0.0,13890900
2025-04-29,105.45877838134766,0.0,105.91619582592045,104.64126461495408,104.85537554008397,0.0,9483100
2025-04-30,102.80186462402344,0.0,104.54394013836286,101.36149423319982,104.54394013836286,0.0,20379300
2025-05-01,102.94784545898438,0.0,104.0573225089296,102.16926911128385,102.2860514796201,0.0,18610300
2025-05-02,103.3663330078125,0.0,106.08163445035495,101.75078170201895,104.8359063530864,0.0,16581900
2025-05-05,100.50505065917969,0.0,101.85784169633239,100.31040841972812,101.84810735682215,0.0,19624000
2025-05-06,101.906494140625,0.0,103.14249532562836,100.70943031198019,101.1084491131534,0.0,16303400
2025-05-07,101.8091812133789,0.0,102.47097524732277,101.2836382371477,102.1790044521524,0.0,12332200
2025-05-08,103.23008728027344,0.0,104.51474537491552,102.51962899359519,102.51962899359519,0.0,19196500
2025-05-09,104.43688201904297,0.0,104.86510384465753,103.53178152180101,104.2714353773738,0.0,10992100
2025-05-12,106.23735809326172,0.0,107.48308623647449,105.41984435857493,107.31763216657481,0.0,14244600
2025-05-13,106.52931213378906,0.0,107.55120235649788,106.10109033758731,106.39306109411119,0.0,13350800
2025-05-14,105.5755615234375,0.0,105.945384736615,105.04028424438104,105.945384736615,0.0,15494900
2025-05-15,106.64614868164062,0.99,106.71490165397442,104.0826332233906,104.59336851879702,0.0,15004300
2025-05-16,106.26309967041016,0.0,106.95062942178738,105.53627394065447,106.71490600610267,0.0,14042500
2025-05-19,104.57372283935547,0.0,105.65412984825561,103.83708067508107,105.65412984825561,0.0,16802700
2025-05-20,103.08079528808594,0.0,104.81927507249759,102.91382485490867,104.4951507067921,0.0,12429300
2025-05-21,101.81377410888672,0.0,103.1004400436923,101.79412612118078,102.66827423630221,0.0,16716100
2025-05-22,101.13606262207031,0.0,101.62715741386943,100.0752960733414,101.22445608770848,0.0,13417400
2025-05-23,101.19499206542969,0.0,101.62715788212795,100.2520909600523,100.77265024279599,0.0,12061600
2025-05-27,101.67626190185547,0.0,102.01021025527893,101.06730915883729,101.64679741345289,0.0,13043600
2025-05-28,100.2913818359375,0.0,102.57006143501769,99.97708145997858,102.43255548888017,0.0,14292400
2025-05-29,100.86105346679688,0.0,101.01819990779862,99.9377928353085,100.45835212973934,0.0,13825300
2025-05-30,100.4780044555664,0.0,100.56639792741198,99.38777334173,100.34049850368726,0.0,28645800
2025-06-02,101.21463775634766,0.0,102.00038491290589,100.39941861826465,101.90216745502507,0.0,17290500
2025-06-03,101.95128631591797,0.0,102.79596999491649,100.38960091181153,101.06731415260414,0.0,19194300
2025-06-04,100.4780044555664,0.0,103.05133654945831,100.4780044555664,102.06914689688585,0.0,15648500
2025-06-05,100.01637268066406,0.0,101.21464523852133,99.91815521552263,101.14589226357111,0.0,13924800
2025-06-06,102.41291046142578,0.0,102.63881737576185,100.85123253077616,100.92980950041586,0.0,15487800
2025-06-09,103.1004409790039,0.0,103.96476510811338,101.98074546198254,102.47184024992215,0.0,17087300
2025-06-10,105.31037139892578,0.0,105.73271323183158,104.04334590020841,104.19067584071267,0.0,17634800
2025-06-11,107.36314392089844,0.0,107.44172088817773,104.56390502980446,105.84075452080062,0.0,22648200
2025-06-12,107.77566528320312,0.0,108.22747158815183,106.29255692785271,106.98008663244602,0.0,17469400
2025-06-13,110.12310028076172,0.0,110.52579411878651,108.70874486357586,110.34899969163828,0.0,28540200
2025-06-16,110.47669219970703,0.0,111.14458144373754,109.15073021255682,109.82844345101029,0.0,22986100
2025-06-17,111.96961212158203,0.0,112.88304873073541,111.09546399485062,111.92049964517662,0.0,19451700
2025-06-18,111.17404174804688,0.0,113.18752590524616,110.92849435130219,112.56874916311384,0.0,17968900
2025-06-20,112.65714263916016,0.0,112.99109099538904,111.1642177639638,111.42940565532663,0.0,36273300
2025-06-23,109.74986267089844,0.0,114.8670695347602,109.1801984038584,114.6215221372994,0.0,26631100
2025-06-24,106.4104232788086,0.0,108.96412236829086,105.98808892230771,107.30421945882986,0.0,24828300
2025-06-25,106.43988800048828,0.0,107.29438814340104,105.78181528361534,106.18451661026165,0.0,17483200
2025-06-26,108.03103637695312,0.0,108.47302621094404,106.61668839131411,106.99974175133221,0.0,18304800
2025-06-27,107.43190002441406,0.0,108.13907776351039,106.43989388427663,107.98193131788469,0.0,22002100
2025-06-30,105.88004302978516,0.0,106.90151363061214,105.80146606248707,106.70507870587896,0.0,19199000
2025-07-01,107.29438781738281,0.0,107.6872651488042,105.24161518831157,106.20415678210657,0.0,15536900
2025-07-02,109.07215881347656,0.0,109.37663519360748,106.89169668779984,108.04085672911205,0.0,11892200
2025-07-03,110.20166778564453,0.0,110.46686316838746,108.64981394562244,108.88553734644032,0.0,11223600
2025-07-07,109.13108825683594,0.0,110.05434888892336,108.25694010269396,109.55343008922571,0.0,15415900
2025-07-08,112.1562271118164,0.0,112.42141499316988,108.87571011820815,108.91499859942932,0.0,17913400
2025-07-09,111.77318572998047,0.0,112.23480857325353,111.25261891830999,111.89104369272577,0.0,10652100
2025-07-10,112.88304901123047,0.0,113.21698987237932,111.05617578838425,111.68477652167415,0.0,14901700
2025-07-11,113.3741455078125,0.0,113.69826987334073,112.47053287680527,112.80447374297718,0.0,11683900
2025-07-14,111.89103698730469,0.0,113.17771045376121,111.20350726745153,113.17771045376121,0.0,13220300
2025-07-15,110.89903259277344,0.0,112.0285446507959,110.59454871772617,111.63567480114219,0.0,10959300
2025-07-16,110.23114013671875,0.0,111.47851760929873,110.10345069515128,110.86955737050879,0.0,11158900
2025-07-17,109.67129516601562,0.0,110.23114294252808,109.11143989599114,109.50431723767807,0.0,13151400
2025-07-18,105.85057067871094,0.0,109.74004811780425,105.42822884784289,109.13108786363041,0.0,32366600
2025-07-21,106.1255874633789,0.0,106.83275766874107,105.52645121813912,105.68359765482676,0.0,17010400
2025-07-22,106.60685729980469,0.0,107.4908294154273,105.69342069591329,106.05683353608919,0.0,13970900
2025-07-23,107.97209930419922,0.0,108.04085227408773,106.91133277433809,106.98990973807115,0.0,12002700
2025-07-24,108.81678771972656,0.0,108.97393416059721,107.18634937131053,107.70691615881908,0.0,15647200
2025-07-25,108.43373107910156,0.0,109.0034028336733,107.74619387732166,108.75785543879016,0.0,10548900
2025-07-28,109.45521545410156,0.0,110.1132807119009,108.86589567758227,109.02304961625735,0.0,12353000
2025-07-29,110.86956024169922,0.0,110.98742569231113,109.42574781264138,109.90701862232733,0.0,15928000
2025-07-30,109.90702056884766,0.0,110.60437430358333,109.27841980814192,110.40793937592984,0.0,12996900
2025-07-31,109.65164947509766,0.0,110.49633315469451,108.3944479501662,108.3944479501662,0.0,17233700
2025-08-01,107.68727111816406,0.0,110.53562256197023,106.92116440085675,110.00523925917771,0.0,19652000
2025-08-04,105.45770263671875,0.0,107.9622816820531,105.18268324742202,107.27475194259162,0.0,19129500
2025-08-05,105.33000946044922,0.0,105.89968122069743,104.18084943938815,105.31036896580805,0.0,21314300
2025-08-06,104.6130142211914,0.0,107.10777665259234,104.4755082795286,106.38095096836115,0.0,15321800
2025-08-07,104.06298828125,0.0,106.13540899963576,104.00405930138514,105.23179633865101,0.0,13468300
2025-08-08,104.89785766601562,0.0,105.59521141861731,104.06299046831887,104.60319777347414,0.0,14417700
2025-08-11,103.94512939453125,0.0,105.6148487529173,103.65046951081035,105.20233091051774,0.0,13570700
2025-08-12,104.23977661132812,0.0,105.36929611818407,103.89601175972285,104.44603552229128,0.0,14109400
2025-08-13,105.68360137939453,0.0,105.68360137939453,103.85672809075687,104.11209948957506,0.0,17958700
2025-08-14,105.46752166748047,0.0,105.67378059426645,104.54426849427358,105.6344996026511,0.0,13683500
2025-08-15,105.566650390625,0.99,106.62737239238601,105.03133168460887,105.26925615166627,0.0,19271900
2025-08-18,105.79466247558594,0.0,106.30024252850167,104.75376370133158,105.18003559629148,0.0,13040000
2025-08-19,106.48858642578125,0.0,106.52824050344698,105.22960160367272,105.2791635283234,0.0,16113600
2025-08-20,107.5889663696289,0.0,108.38203282498014,106.74633798784461,106.9446008200613,0.0,18959700
2025-08-21,108.28289794921875,0.0,108.61994626586683,107.0239055588168,107.47991610893938,0.0,12194900
2025-08-22,110.31511688232422,0.0,110.44399452430889,108.64968345259015,108.64968345259015,0.0,13586700
2025-08-25,110.77112579345703,0.0,110.94956535698553,109.58153374542819,109.9384128724852,0.0,9744900
2025-08-26,110.5232925415039,0.0,110.84051758914867,109.40309324646745,110.4043378756632,0.0,18143900
2025-08-27,111.77237701416016,0.0,112.00038607780276,110.4539072483937,110.4539072483937,0.0,15262600
2025-08-28,112.36717224121094,0.0,112.66457405015278,111.09827197444447,111.8913384227946,0.0,14189800
2025-08-29,113.29901885986328,0.0,113.79468347598137,112.59517601256461,112.73396150001832,0.0,14597900
2025-09-02,113.695556640625,0.0,114.24078320235026,112.34734822547124,113.1899765941318,0.0,15206700
2025-09-03,110.93965911865234,0.0,113.43780548102792,110.49355642174257,112.98179493723086,0.0,14920100
2025-09-04,111.42540740966797,0.0,112.14907351504279,110.41424735561411,111.13792102423076,0.0,12864400
2025-09-05,108.28289794921875,0.0,110.81078301380536,108.07471214982787,110.63234344521462,0.0,16826700
2025-09-08,108.89751434326172,0.0,109.0957847270983,107.41052049907542,108.77855967620157,0.0,15440500
2025-09-09,109.69058227539062,0.0,111.53445527284673,109.57162004343665,109.57162004343665,0.0,14899500
2025-09-10,111.52454376220703,0.0,111.58402109864272,109.87893353055956,110.19616616019566,0.0,15837600
2025-09-11,111.16766357421875,0.0,111.79219829066102,109.90867873094055,110.4340820331726,0.0,11534500
2025-09-12,111.18749237060547,0.0,112.23829895593744,110.9099138273318,111.8814198206847,0.0,11105700
2025-09-15,111.37583923339844,0.0,111.48488605547662,110.35477132052269,111.20731507682014,0.0,12880500
2025-09-16,113.68563842773438,0.0,114.32008854119726,111.80211134447308,111.98055091158713,0.0,17208000
2025-09-17,114.29035186767578,0.0,114.4886146953759,113.06110569680253,113.53693950857964,0.0,13302000
2025-09-18,112.942138671875,0.0,114.34982435326918,112.41673539383646,114.17138479061065,0.0,14628700
2025-09-19,111.84176635742188,0.0,112.9917119247178,111.66332678881534,112.91240376906111,0.0,38746500
2025-09-22,111.04869842529297,0.0,111.82194158762375,110.59268788129805,111.47497030212939,0.0,15611500
2025-09-23,112.96196746826172,0.0,113.75503391080163,111.50471979220099,111.74263669966611,0.0,25369100
2025-09-24,113.5666732788086,0.0,114.7562728834336,113.47745727916364,113.57658868873862,0.0,14756100
2025-09-25,114.5877456665039,0.0,114.89506288046641,113.41798439905384,113.64598589370385,0.0,15012600
2025-09-26,116.20361328125,0.0,117.33372799576999,114.91488225994176,114.95453633663882,0.0,18568900
2025-09-29,113.22962951660156,0.0,115.48985902385965,112.68439539720069,115.05367172833895,0.0,19189300
2025-09-30,111.77237701416016,0.0,112.50595856820823,110.9694027126108,112.36717307320569,0.0,18076200
2025-10-01,111.01895904541016,0.0,112.0400269485874,110.32503160536015,111.58401640751998,0.0,16614000
2025-10-02,110.32503509521484,0.0,112.10942323889171,110.06728736793941,110.99913929969067,0.0,13062600
2025-10-03,112.2779541015625,0.0,112.76370332123852,110.92974570294811,110.92974570294811,0.0,12950100
2025-10-06,113.20980072021484,0.0,113.77485810713299,112.19864818271373,112.30769500854373,0.0,12036800
2025-10-07,113.26927947998047,0.0,113.5171117864794,110.77112559505582,113.08092450680391,0.0,11945000
2025-10-08,113.03135681152344,0.0,114.01277820634681,112.42665293226514,113.38823594359705,0.0,12301000
2025-10-09,111.93099212646484,0.0,114.50844673010269,111.76246040156671,113.43780929739027,0.0,10976200
2025-10-10,109.76988983154297,0.0,111.64350148596185,109.75005901137115,111.2866223552876,0.0,13811600
2025-10-13,111.26679229736328,0.0,111.32627719504441,110.35477120749978,110.57286485143277,0.0,10296500
2025-10-14,111.31636047363281,0.0,111.98054924451986,109.75005847042067,109.79962795736405,0.0,11167200
2025-10-15,110.64225769042969,0.0,112.58526210393487,110.00780757839705,111.82194191276001,0.0,12182900
2025-10-16,109.68067169189453,0.0,111.2172351118071,109.43283937018232,110.90991788987924,0.0,11782200
2025-10-17,111.26679229736328,0.0,111.9309886393161,110.21598571831368,110.66208085309158,0.0,13460100
2025-10-20,111.7228012084961,0.0,112.16890389999226,111.00905051593749,111.02887377271335,0.0,9523600
2025-10-21,111.73271942138672,0.0,112.37708494977315,111.01896114768125,111.91115898981309,0.0,9202300
2025-10-22,113.71537780761719,0.0,114.18130376707029,112.09951384652251,112.46630082999172,0.0,12938800
2025-10-23,114.97437286376953,0.0,115.83682449420566,114.35974598931857,115.61873084316686,0.0,15001100
2025-10-24,114.38948059082031,0.0,115.46011798699801,114.1813023576594,115.34115575523097,0.0,9919400
2025-10-27,114.9347152709961,0.0,114.98427719538091,114.10199477096661,114.696790806278,0.0,10975400
2025-10-28,114.03260040283203,0.0,115.17263053284016,113.99294632594354,114.48861094218691,0.0,9535200
2025-10-29,115.4402847290039,0.0,116.0350883120368,113.81450541206193,113.92355223140184,0.0,12570600
2025-10-30,113.695556640625,0.0,115.50968346055566,113.53694032672827,115.42046745642034,0.0,16172900
2025-10-31,113.36841583251953,0.0,114.230875019504,111.64350502179272,112.99171343298488,0.0,20213400
2025-11-03,112.77362060546875,0.0,113.99295138007376,112.65465836952882,113.50720215232619,0.0,12290300
2025-11-04,113.15032196044922,0.0,113.3585001989856,111.53445797757611,112.39690959962081,0.0,16860700
2025-11-05,112.6943130493164,0.0,114.18130697190772,112.68439763879131,113.10075412193875,0.0,12400900
2025-11-06,113.5072021484375,0.0,113.94338945029344,112.65465836566933,112.65465836566933,0.0,14219700
2025-11-07,116.20361328125,0.0,116.49109966487235,113.90372977551294,114.21103941586294,0.0,17181100
2025-11-10,117.1949462890625,0.0,117.42294778337254,114.45887541464788,116.42171067663364,0.0,13048000
2025-11-11,118.74141693115234,0.0,119.76248485348903,117.79965716437862,117.79965716437862,0.0,16077100
2025-11-12,117.09581756591797,0.0,118.24575560067557,116.7686770875309,118.06731602730463,0.0,13790900
2025-11-13,117.76000213623047,0.0,118.72159271575553,117.25442210264927,117.60138582638463,0.0,17291900
2025-11-14,119.29000091552734,1.03,119.4800033569336,116.66000366210938,118.44999694824219,0.0,17064300
2025-11-17,117.68000030517578,0.0,119.5,117.11000061035156,118.97000122070312,0.0,16032500
